model,split,split_title,condition_index,condition_group,condition_label,aigc_recall,auroc,average_precision,balanced_accuracy,brier,ece_15,false_positive_rate,fn,fp,macro_f1,mean_forensic_gate_fraction,mean_semantic_gate_fraction,n,real_specificity,threshold,tn,tp,tpr_at_fpr_1pct,tpr_at_fpr_5pct,transform,transform_name,transform_params
b0,exact_seen_generator,Exact-seen generator,0,clean,Clean,0.575,0.6446675000000001,0.626787188440977,0.6134999999999999,0.49501731991767883,0.4959596930742263,0.348,425,348,0.6129262599488092,,,2000,0.652,0.998046875,652,575,0.038,0.038,clean,clean,{}
b0,exact_seen_generator,Exact-seen generator,1,legacy_single_stage,JPEG Q90,0.573,0.6460124999999999,0.6286279816961979,0.6134999999999999,0.4949662387371063,0.4960712719261647,0.346,427,346,0.612865001819234,,,2000,0.654,0.998046875,654,573,0.04,0.04,jpeg__quality=90,jpeg,"{""quality"":90}"
b0,exact_seen_generator,Exact-seen generator,2,legacy_single_stage,JPEG Q70,0.559,0.6500755,0.6325969514401741,0.6100000000000001,0.4945657551288605,0.4956681860387326,0.339,441,339,0.6089829646911618,,,2000,0.661,0.998046875,661,559,0.033,0.033,jpeg__quality=70,jpeg,"{""quality"":70}"
b0,exact_seen_generator,Exact-seen generator,3,legacy_single_stage,JPEG Q50,0.579,0.647454,0.6296098921924279,0.626,0.4945966601371765,0.4956108613312245,0.327,421,327,0.6251720049589543,,,2000,0.673,0.998046875,673,579,0.0,0.038,jpeg__quality=50,jpeg,"{""quality"":50}"
b0,exact_seen_generator,Exact-seen generator,4,legacy_single_stage,JPEG Q30,0.556,0.6486715000000001,0.6339112233557243,0.6075,0.494545042514801,0.49536865693330767,0.341,444,341,0.6064562235188278,,,2000,0.659,0.998046875,659,556,0.043,0.043,jpeg__quality=30,jpeg,"{""quality"":30}"
b0,exact_seen_generator,Exact-seen generator,5,legacy_single_stage,Gaussian blur sigma=0.5,0.544,0.648323,0.6309319886500863,0.6065,0.49453431367874146,0.49568826174736025,0.331,456,331,0.6049568627450981,,,2000,0.669,0.998046875,669,544,0.024,0.024,gaussian_blur__sigma=0.5,gaussian_blur,"{""sigma"":0.5}"
b0,exact_seen_generator,Exact-seen generator,6,legacy_single_stage,Gaussian blur sigma=1.0,0.559,0.631978,0.615172048695863,0.6005,0.4946901202201843,0.49532032459974296,0.358,441,358,0.5998107741057035,,,2000,0.642,0.998046875,642,559,0.031,0.031,gaussian_blur__sigma=1.0,gaussian_blur,"{""sigma"":1.0}"
b0,exact_seen_generator,Exact-seen generator,7,legacy_single_stage,Gaussian blur sigma=2.0,0.613,0.6016830000000001,0.5798793771210872,0.589,0.4957923889160156,0.4962763786315918,0.435,387,435,0.5887631275614754,,,2000,0.565,0.998046875,565,613,0.0,0.038,gaussian_blur__sigma=2.0,gaussian_blur,"{""sigma"":2.0}"
b0,exact_seen_generator,Exact-seen generator,8,legacy_single_stage,Resize 0.5 bicubic,0.586,0.6411074999999999,0.6199271732361874,0.614,0.49488958716392517,0.4958547531664371,0.358,414,358,0.6136971385566283,,,2000,0.642,0.998046875,642,586,0.034,0.034,resize__interpolation=bicubic_scale=0.5,resize,"{""interpolation"":""bicubic"",""scale"":0.5}"
b0,exact_seen_generator,Exact-seen generator,9,legacy_single_stage,Resize 0.25 bilinear,0.599,0.5995055,0.5788091989011724,0.5760000000000001,0.4958720803260803,0.49637866020202637,0.447,401,447,0.5757755852846156,,,2000,0.553,0.998046875,553,599,0.0,0.036,resize__interpolation=bilinear_scale=0.25,resize,"{""interpolation"":""bilinear"",""scale"":0.25}"
b0,exact_seen_generator,Exact-seen generator,10,legacy_single_stage,Gaussian noise sigma=0.02,0.596,0.6466985000000001,0.6265705621124503,0.619,0.49504441022872925,0.49604932805895807,0.358,404,358,0.6187983443241475,,,2000,0.642,0.998046875,642,596,0.037,0.037,gaussian_noise__sigma=0.02,gaussian_noise,"{""seed"":20260827,""sigma"":0.02}"
b0,exact_seen_generator,Exact-seen generator,11,legacy_single_stage,Gaussian noise sigma=0.05,0.649,0.6547229999999999,0.6325968402592206,0.62,0.49558115005493164,0.49644630050659183,0.409,351,409,0.6196801510069969,,,2000,0.591,0.998046875,591,649,0.0,0.046,gaussian_noise__sigma=0.05,gaussian_noise,"{""seed"":20260827,""sigma"":0.05}"
b0,exact_seen_generator,Exact-seen generator,12,legacy_single_stage,Gaussian noise sigma=0.10,0.637,0.4895960000000001,0.49244497907906537,0.491,0.49742594361305237,0.4974663257598877,0.655,363,655,0.47991384348778565,,,2000,0.345,0.998046875,345,637,0.0,0.0,gaussian_noise__sigma=0.1,gaussian_noise,"{""seed"":20260827,""sigma"":0.1}"
b0,exact_seen_generator,Exact-seen generator,13,legacy_single_stage,Color jitter 0.8/0.8/0.8,0.501,0.6528165,0.6373987053133088,0.61,0.4934855103492737,0.4945803440213204,0.281,499,281,0.6053106963837351,,,2000,0.719,0.998046875,719,501,0.028,0.028,color_jitter__brightness=0.8_contrast=0.8_saturation=0.8,color_jitter,"{""brightness"":0.8,""contrast"":0.8,""saturation"":0.8}"
b0,exact_seen_generator,Exact-seen generator,14,legacy_single_stage,Color jitter 1.2/1.2/1.2,0.628,0.6332955,0.6193837267240943,0.5940000000000001,0.4958009421825409,0.49642576918005943,0.44,372,440,0.5935301208196675,,,2000,0.56,0.998046875,560,628,0.05,0.05,color_jitter__brightness=1.2_contrast=1.2_saturation=1.2,color_jitter,"{""brightness"":1.2,""contrast"":1.2,""saturation"":1.2}"
b0,exact_seen_generator,Exact-seen generator,15,legacy_single_stage,Center crop ratio=0.8,0.565,0.6298539999999999,0.622664309533046,0.6025,0.4942193329334259,0.4948486304283143,0.36,435,360,0.6019402284462525,,,2000,0.64,0.998046875,640,565,0.051,0.051,center_crop__ratio=0.8,center_crop,"{""ratio"":0.8}"
b0,exact_seen_generator,Exact-seen generator,16,legacy_two_stage,2-stage resize 0.5 + JPEG Q70,0.548,0.6414175000000001,0.6221658761262074,0.6120000000000001,0.4944205582141876,0.49548779904842377,0.324,452,324,0.6104042156673736,,,2000,0.676,0.998046875,676,548,0.027,0.027,resize__interpolation=bicubic_scale=0.5__jpeg__quality=70,combo_resize_jpeg,"{""transforms"":[{""name"":""resize"",""params"":{""interpolation"":""bicubic"",""scale"":0.5}},{""name"":""jpeg"",""params"":{""quality"":70}}]}"
b0,exact_seen_generator,Exact-seen generator,17,legacy_two_stage,2-stage crop 0.8 + JPEG Q50,0.537,0.6291945000000001,0.6152325085493353,0.6040000000000001,0.49409687519073486,0.49459228307008746,0.329,463,329,0.6022143401730368,,,2000,0.671,0.998046875,671,537,0.04,0.04,center_crop__ratio=0.8__jpeg__quality=50,combo_crop_jpeg,"{""transforms"":[{""name"":""center_crop"",""params"":{""ratio"":0.8}},{""name"":""jpeg"",""params"":{""quality"":50}}]}"
b0,exact_seen_generator,Exact-seen generator,18,new_four_stage_a,4-stage A platform repost,0.535,0.6122970000000001,0.5914283686414182,0.5920000000000001,0.4946717321872711,0.49499119934439656,0.351,465,351,0.5906700871130302,,,2000,0.649,0.998046875,649,535,0.0,0.035,center_crop__ratio=0.85__resize__interpolation=bicubic_scale=0.5__gaussian_blur__sigma=1.0__jpeg__quality=50,combo_four_stage_platform_repost,"{""transforms"":[{""name"":""center_crop"",""params"":{""ratio"":0.85}},{""name"":""resize"",""params"":{""interpolation"":""bicubic"",""scale"":0.5}},{""name"":""gaussian_blur"",""params"":{""sigma"":1.0}},{""name"":""jpeg"",""params"":{""quality"":50}}]}"
b0,exact_seen_generator,Exact-seen generator,19,new_four_stage_b,4-stage B edit repost,0.623,0.64773,0.6226059608728557,0.6134999999999999,0.49548038840293884,0.49621485453844066,0.396,377,396,0.6134651152266493,,,2000,0.604,0.998046875,604,623,0.0,0.048,color_jitter__brightness=1.15_contrast=1.15_saturation=0.85__resize__interpolation=bilinear_scale=0.5__gaussian_noise__sigma=0.05__jpeg__quality=50,combo_four_stage_edit_repost,"{""transforms"":[{""name"":""color_jitter"",""params"":{""brightness"":1.15,""contrast"":1.15,""saturation"":0.85}},{""name"":""resize"",""params"":{""interpolation"":""bilinear"",""scale"":0.5}},{""name"":""gaussian_noise"",""params"":{""seed"":20260829,""sigma"":0.05}},{""name"":""jpeg"",""params"":{""quality"":50}}]}"
b0,exact_seen_generator,Exact-seen generator,20,new_six_stage,6-stage random composition,0.636,0.5962950000000001,0.5731381245600562,0.577,0.49588319659233093,0.49658885705471045,0.482,364,482,0.575522393451605,,,2000,0.518,0.998046875,518,636,0.0,0.048,strict_random_six__profile=full_training_range_v1,strict_random_six,"{""profile"":""full_training_range_v1"",""seed"":20260829}"
b0,hard_hourglass,Hard Hourglass,0,clean,Clean,0.144,0.23943200000000003,0.3674263427639666,0.386,0.4988558888435364,0.5147265620231628,0.372,214,93,0.3478048428145939,,,500,0.628,0.998046875,157,36,0.0,0.0,clean,clean,{}
b0,hard_hourglass,Hard Hourglass,1,legacy_single_stage,JPEG Q90,0.144,0.24033600000000002,0.36781188882566623,0.386,0.4988405704498291,0.5140517617464065,0.372,214,93,0.3478048428145939,,,500,0.628,0.998046875,157,36,0.0,0.0,jpeg__quality=90,jpeg,"{""quality"":90}"
b0,hard_hourglass,Hard Hourglass,2,legacy_single_stage,JPEG Q70,0.124,0.23948799999999998,0.36596050963778903,0.384,0.49844032526016235,0.5156484144926071,0.356,219,89,0.33933933933933935,,,500,0.644,0.998046875,161,31,0.0,0.0,jpeg__quality=70,jpeg,"{""quality"":70}"
b0,hard_hourglass,Hard Hourglass,3,legacy_single_stage,JPEG Q50,0.12,0.24003200000000002,0.36575825204919366,0.386,0.4980809986591339,0.5123798785209656,0.348,220,87,0.33924781865688663,,,500,0.652,0.998046875,163,30,0.0,0.0,jpeg__quality=50,jpeg,"{""quality"":50}"
b0,hard_hourglass,Hard Hourglass,4,legacy_single_stage,JPEG Q30,0.132,0.23603200000000002,0.36380676143390966,0.366,0.4977101683616638,0.5121435617208481,0.4,217,100,0.3292737113380249,,,500,0.6,0.998046875,150,33,0.0,0.0,jpeg__quality=30,jpeg,"{""quality"":30}"
b0,hard_hourglass,Hard Hourglass,5,legacy_single_stage,Gaussian blur sigma=0.5,0.112,0.237312,0.3648916155730205,0.374,0.49903520941734314,0.520408188343048,0.364,222,91,0.3278617413749415,,,500,0.636,0.998046875,159,28,0.0,0.0,gaussian_blur__sigma=0.5,gaussian_blur,"{""sigma"":0.5}"
b0,hard_hourglass,Hard Hourglass,6,legacy_single_stage,Gaussian blur sigma=1.0,0.152,0.237792,0.3634500745839653,0.374,0.49798116087913513,0.5093359578847885,0.404,212,101,0.3415488957796019,,,500,0.596,0.998046875,149,38,0.0,0.0,gaussian_blur__sigma=1.0,gaussian_blur,"{""sigma"":1.0}"
b0,hard_hourglass,Hard Hourglass,7,legacy_single_stage,Gaussian blur sigma=2.0,0.248,0.277568,0.380488131241272,0.388,0.4964272379875183,0.4960195237398148,0.472,188,118,0.37576499388004897,,,500,0.528,0.998046875,132,62,0.0,0.004,gaussian_blur__sigma=2.0,gaussian_blur,"{""sigma"":2.0}"
b0,hard_hourglass,Hard Hourglass,8,legacy_single_stage,Resize 0.5 bicubic,0.148,0.238208,0.36411662262725963,0.378,0.497914582490921,0.5075322232246399,0.392,213,98,0.34325836764861156,,,500,0.608,0.998046875,152,37,0.0,0.0,resize__interpolation=bicubic_scale=0.5,resize,"{""interpolation"":""bicubic"",""scale"":0.5}"
b0,hard_hourglass,Hard Hourglass,9,legacy_single_stage,Resize 0.25 bilinear,0.268,0.294232,0.3914939852567655,0.404,0.4964657127857208,0.49586227977275843,0.46,183,115,0.39276864893062075,,,500,0.54,0.998046875,135,67,0.0,0.008,resize__interpolation=bilinear_scale=0.25,resize,"{""interpolation"":""bilinear"",""scale"":0.25}"
b0,hard_hourglass,Hard Hourglass,10,legacy_single_stage,Gaussian noise sigma=0.02,0.156,0.233616,0.361904607852539,0.366,0.4983622431755066,0.5120722676515579,0.424,211,106,0.3367507061408097,,,500,0.576,0.998046875,144,39,0.0,0.0,gaussian_noise__sigma=0.02,gaussian_noise,"{""seed"":20260827,""sigma"":0.02}"
b0,hard_hourglass,Hard Hourglass,11,legacy_single_stage,Gaussian noise sigma=0.05,0.204,0.24216,0.367309722137377,0.38599999999999995,0.49762865900993347,0.507281240940094,0.432,199,108,0.3649651041084896,,,500,0.568,0.998046875,142,51,0.0,0.0,gaussian_noise__sigma=0.05,gaussian_noise,"{""seed"":20260827,""sigma"":0.05}"
b0,hard_hourglass,Hard Hourglass,12,legacy_single_stage,Gaussian noise sigma=0.10,0.628,0.45728,0.4701167434782184,0.474,0.49752622842788696,0.4973388910293579,0.68,93,170,0.46122234923444405,,,500,0.32,0.998046875,80,157,0.0,0.0,gaussian_noise__sigma=0.1,gaussian_noise,"{""seed"":20260827,""sigma"":0.1}"
b0,hard_hourglass,Hard Hourglass,13,legacy_single_stage,Color jitter 0.8/0.8/0.8,0.128,0.24773599999999996,0.3686692373150514,0.402,0.4970032274723053,0.5021445469856262,0.324,218,81,0.3534603924214314,,,500,0.676,0.998046875,169,32,0.0,0.0,color_jitter__brightness=0.8_contrast=0.8_saturation=0.8,color_jitter,"{""brightness"":0.8,""contrast"":0.8,""saturation"":0.8}"
b0,hard_hourglass,Hard Hourglass,14,legacy_single_stage,Color jitter 1.2/1.2/1.2,0.212,0.25207999999999997,0.373673066674365,0.38999999999999996,0.5003029108047485,0.5198447293043137,0.432,197,108,0.3700403587258705,,,500,0.568,0.998046875,142,53,0.0,0.0,color_jitter__brightness=1.2_contrast=1.2_saturation=1.2,color_jitter,"{""brightness"":1.2,""contrast"":1.2,""saturation"":1.2}"
b0,hard_hourglass,Hard Hourglass,15,legacy_single_stage,Center crop ratio=0.8,0.132,0.22908,0.3607704120591225,0.376,0.5014140605926514,0.5252597484588624,0.38,217,95,0.33649772878068696,,,500,0.62,0.998046875,155,33,0.0,0.0,center_crop__ratio=0.8,center_crop,"{""ratio"":0.8}"
b0,hard_hourglass,Hard Hourglass,16,legacy_two_stage,2-stage resize 0.5 + JPEG Q70,0.136,0.243584,0.3658747074081953,0.39,0.49757030606269836,0.5087704980373382,0.356,216,89,0.3479311244232932,,,500,0.644,0.998046875,161,34,0.0,0.0,resize__interpolation=bicubic_scale=0.5__jpeg__quality=70,combo_resize_jpeg,"{""transforms"":[{""name"":""resize"",""params"":{""interpolation"":""bicubic"",""scale"":0.5}},{""name"":""jpeg"",""params"":{""quality"":70}}]}"
b0,hard_hourglass,Hard Hourglass,17,legacy_two_stage,2-stage crop 0.8 + JPEG Q50,0.112,0.237064,0.3645949602965344,0.384,0.4999806582927704,0.5173144750595093,0.344,222,86,0.3347847121432027,,,500,0.656,0.998046875,164,28,0.0,0.0,center_crop__ratio=0.8__jpeg__quality=50,combo_crop_jpeg,"{""transforms"":[{""name"":""center_crop"",""params"":{""ratio"":0.8}},{""name"":""jpeg"",""params"":{""quality"":50}}]}"
b0,hard_hourglass,Hard Hourglass,18,new_four_stage_a,4-stage A platform repost,0.124,0.24532,0.3669819683808079,0.374,0.4975658059120178,0.5033476551771163,0.376,219,94,0.33226666666666665,,,500,0.624,0.998046875,156,31,0.004,0.004,center_crop__ratio=0.85__resize__interpolation=bicubic_scale=0.5__gaussian_blur__sigma=1.0__jpeg__quality=50,combo_four_stage_platform_repost,"{""transforms"":[{""name"":""center_crop"",""params"":{""ratio"":0.85}},{""name"":""resize"",""params"":{""interpolation"":""bicubic"",""scale"":0.5}},{""name"":""gaussian_blur"",""params"":{""sigma"":1.0}},{""name"":""jpeg"",""params"":{""quality"":50}}]}"
b0,hard_hourglass,Hard Hourglass,19,new_four_stage_b,4-stage B edit repost,0.188,0.245224,0.3703893216985349,0.374,0.49709436297416687,0.4995077896118164,0.44,203,110,0.35156680519243755,,,500,0.56,0.998046875,140,47,0.0,0.0,color_jitter__brightness=1.15_contrast=1.15_saturation=0.85__resize__interpolation=bilinear_scale=0.5__gaussian_noise__sigma=0.05__jpeg__quality=50,combo_four_stage_edit_repost,"{""transforms"":[{""name"":""color_jitter"",""params"":{""brightness"":1.15,""contrast"":1.15,""saturation"":0.85}},{""name"":""resize"",""params"":{""interpolation"":""bilinear"",""scale"":0.5}},{""name"":""gaussian_noise"",""params"":{""seed"":20260829,""sigma"":0.05}},{""name"":""jpeg"",""params"":{""quality"":50}}]}"
b0,hard_hourglass,Hard Hourglass,20,new_six_stage,6-stage random composition,0.292,0.28881599999999996,0.38726537375413356,0.39,0.49751538038253784,0.5031728276014329,0.512,177,128,0.38408474993840847,,,500,0.488,0.998046875,122,73,0.0,0.0,strict_random_six__profile=full_training_range_v1,strict_random_six,"{""profile"":""full_training_range_v1"",""seed"":20260829}"
b0,hard_dfgan,Hard DFGAN,0,clean,Clean,0.248,0.446528,0.44944538794282013,0.438,0.4939194619655609,0.4938310706615448,0.372,188,93,0.4169519659715738,,,500,0.628,0.998046875,157,62,0.0,0.0,clean,clean,{}
b0,hard_dfgan,Hard DFGAN,1,legacy_single_stage,JPEG Q90,0.232,0.447552,0.4509083512299803,0.43,0.49391910433769226,0.49380858254432675,0.372,192,93,0.40674190983309677,,,500,0.628,0.998046875,157,58,0.0,0.0,jpeg__quality=90,jpeg,"{""quality"":90}"
b0,hard_dfgan,Hard DFGAN,2,legacy_single_stage,JPEG Q70,0.212,0.446808,0.44834455038903426,0.428,0.49401435256004333,0.4939355254173279,0.356,197,89,0.4000067132116004,,,500,0.644,0.998046875,161,53,0.0,0.0,jpeg__quality=70,jpeg,"{""quality"":70}"
b0,hard_dfgan,Hard DFGAN,3,legacy_single_stage,JPEG Q50,0.22,0.44730400000000003,0.44942443101691076,0.436,0.4940524101257324,0.49423143625259397,0.348,195,87,0.4083982277121375,,,500,0.652,0.998046875,163,55,0.0,0.0,jpeg__quality=50,jpeg,"{""quality"":50}"
b0,hard_dfgan,Hard DFGAN,4,legacy_single_stage,JPEG Q30,0.244,0.44278399999999996,0.44550024710610514,0.422,0.4942448139190674,0.4943994035720825,0.4,189,100,0.4030874218746773,,,500,0.6,0.998046875,150,61,0.0,0.0,jpeg__quality=30,jpeg,"{""quality"":30}"
b0,hard_dfgan,Hard DFGAN,5,legacy_single_stage,Gaussian blur sigma=0.5,0.244,0.45541600000000004,0.4538554022506915,0.44,0.49386417865753174,0.49407227790355684,0.364,189,91,0.41762758115775633,,,500,0.636,0.998046875,159,61,0.0,0.0,gaussian_blur__sigma=0.5,gaussian_blur,"{""sigma"":0.5}"
b0,hard_dfgan,Hard DFGAN,6,legacy_single_stage,Gaussian blur sigma=1.0,0.36,0.471856,0.4741077965683032,0.478,0.4952118694782257,0.49535156702995303,0.404,160,101,0.47062903873535106,,,500,0.596,0.998046875,149,90,0.0,0.0,gaussian_blur__sigma=1.0,gaussian_blur,"{""sigma"":1.0}"
b0,hard_dfgan,Hard DFGAN,7,legacy_single_stage,Gaussian blur sigma=2.0,0.5,0.506048,0.4978340792604329,0.514,0.4957611560821533,0.4958837628364563,0.472,125,118,0.5139047253261639,,,500,0.528,0.998046875,132,125,0.0,0.012,gaussian_blur__sigma=2.0,gaussian_blur,"{""sigma"":2.0}"
b0,hard_dfgan,Hard DFGAN,8,legacy_single_stage,Resize 0.5 bicubic,0.324,0.45996800000000004,0.46531017858860085,0.46599999999999997,0.4952634871006012,0.4952636570930481,0.392,169,98,0.4550108385484918,,,500,0.608,0.998046875,152,81,0.0,0.0,resize__interpolation=bicubic_scale=0.5,resize,"{""interpolation"":""bicubic"",""scale"":0.5}"
b0,hard_dfgan,Hard DFGAN,9,legacy_single_stage,Resize 0.25 bilinear,0.48,0.500416,0.49580096745168567,0.51,0.49596789479255676,0.4960302710533142,0.46,130,115,0.5095586027424682,,,500,0.54,0.998046875,135,120,0.0,0.012,resize__interpolation=bilinear_scale=0.25,resize,"{""interpolation"":""bilinear"",""scale"":0.25}"
b0,hard_dfgan,Hard DFGAN,10,legacy_single_stage,Gaussian noise sigma=0.02,0.264,0.448656,0.4492435309908228,0.42,0.4941972494125366,0.494290011048317,0.424,184,106,0.40553305236228865,,,500,0.576,0.998046875,144,66,0.0,0.0,gaussian_noise__sigma=0.02,gaussian_noise,"{""seed"":20260827,""sigma"":0.02}"
b0,hard_dfgan,Hard DFGAN,11,legacy_single_stage,Gaussian noise sigma=0.05,0.444,0.5026800000000001,0.4857296650634577,0.506,0.4950562119483948,0.49568749713897703,0.432,139,108,0.5040937363224234,,,500,0.568,0.998046875,142,111,0.0,0.008,gaussian_noise__sigma=0.05,gaussian_noise,"{""seed"":20260827,""sigma"":0.05}"
b0,hard_dfgan,Hard DFGAN,12,legacy_single_stage,Gaussian noise sigma=0.10,0.776,0.5547759999999999,0.5317304056241945,0.548,0.49751564860343933,0.4979326128959656,0.68,56,170,0.52321479806248,,,500,0.32,0.998046875,80,194,0.0,0.0,gaussian_noise__sigma=0.1,gaussian_noise,"{""seed"":20260827,""sigma"":0.1}"
b0,hard_dfgan,Hard DFGAN,13,legacy_single_stage,Color jitter 0.8/0.8/0.8,0.14,0.434192,0.43942545768599695,0.40800000000000003,0.4926176965236664,0.49359277558326725,0.324,215,81,0.36218992949613005,,,500,0.676,0.998046875,169,35,0.0,0.0,color_jitter__brightness=0.8_contrast=0.8_saturation=0.8,color_jitter,"{""brightness"":0.8,""contrast"":0.8,""saturation"":0.8}"
b0,hard_dfgan,Hard DFGAN,14,legacy_single_stage,Color jitter 1.2/1.2/1.2,0.316,0.4552800000000001,0.4538359932257677,0.44199999999999995,0.49516576528549194,0.4951826333999634,0.432,171,108,0.4329982807044641,,,500,0.568,0.998046875,142,79,0.0,0.004,color_jitter__brightness=1.2_contrast=1.2_saturation=1.2,color_jitter,"{""brightness"":1.2,""contrast"":1.2,""saturation"":1.2}"
b0,hard_dfgan,Hard DFGAN,15,legacy_single_stage,Center crop ratio=0.8,0.304,0.46752,0.4624481785500849,0.46199999999999997,0.4945674538612366,0.4946015477180481,0.38,174,95,0.44822550141738354,,,500,0.62,0.998046875,155,76,0.0,0.004,center_crop__ratio=0.8,center_crop,"{""ratio"":0.8}"
b0,hard_dfgan,Hard DFGAN,16,legacy_two_stage,2-stage resize 0.5 + JPEG Q70,0.3,0.465296,0.4638055173864845,0.472,0.49470436573028564,0.4947587946653366,0.356,175,89,0.45590344759360935,,,500,0.644,0.998046875,161,75,0.0,0.0,resize__interpolation=bicubic_scale=0.5__jpeg__quality=70,combo_resize_jpeg,"{""transforms"":[{""name"":""resize"",""params"":{""interpolation"":""bicubic"",""scale"":0.5}},{""name"":""jpeg"",""params"":{""quality"":70}}]}"
b0,hard_dfgan,Hard DFGAN,17,legacy_two_stage,2-stage crop 0.8 + JPEG Q50,0.3,0.479096,0.47104052655189066,0.478,0.4941656291484833,0.49424709773063663,0.344,175,86,0.4609197823850892,,,500,0.656,0.998046875,164,75,0.0,0.0,center_crop__ratio=0.8__jpeg__quality=50,combo_crop_jpeg,"{""transforms"":[{""name"":""center_crop"",""params"":{""ratio"":0.8}},{""name"":""jpeg"",""params"":{""quality"":50}}]}"
b0,hard_dfgan,Hard DFGAN,18,new_four_stage_a,4-stage A platform repost,0.384,0.505664,0.49033651092259906,0.504,0.4946361184120178,0.4950917704105378,0.376,154,94,0.4967532467532467,,,500,0.624,0.998046875,156,96,0.0,0.0,center_crop__ratio=0.85__resize__interpolation=bicubic_scale=0.5__gaussian_blur__sigma=1.0__jpeg__quality=50,combo_four_stage_platform_repost,"{""transforms"":[{""name"":""center_crop"",""params"":{""ratio"":0.85}},{""name"":""resize"",""params"":{""interpolation"":""bicubic"",""scale"":0.5}},{""name"":""gaussian_blur"",""params"":{""sigma"":1.0}},{""name"":""jpeg"",""params"":{""quality"":50}}]}"
b0,hard_dfgan,Hard DFGAN,19,new_four_stage_b,4-stage B edit repost,0.42,0.48979200000000006,0.4901142441423394,0.49,0.4954318702220917,0.49566600799560545,0.44,145,110,0.48748869460355737,,,500,0.56,0.998046875,140,105,0.0,0.0,color_jitter__brightness=1.15_contrast=1.15_saturation=0.85__resize__interpolation=bilinear_scale=0.5__gaussian_noise__sigma=0.05__jpeg__quality=50,combo_four_stage_edit_repost,"{""transforms"":[{""name"":""color_jitter"",""params"":{""brightness"":1.15,""contrast"":1.15,""saturation"":0.85}},{""name"":""resize"",""params"":{""interpolation"":""bilinear"",""scale"":0.5}},{""name"":""gaussian_noise"",""params"":{""seed"":20260829,""sigma"":0.05}},{""name"":""jpeg"",""params"":{""quality"":50}}]}"
b0,hard_dfgan,Hard DFGAN,20,new_six_stage,6-stage random composition,0.576,0.525824,0.5061623532201106,0.532,0.4957085847854614,0.49602049589157104,0.512,106,128,0.5310921944885298,,,500,0.488,0.998046875,122,144,0.0,0.0,strict_random_six__profile=full_training_range_v1,strict_random_six,"{""profile"":""full_training_range_v1"",""seed"":20260829}"
b0,hard_galip,Hard GALIP,0,clean,Clean,0.228,0.41799200000000003,0.4413166876769961,0.428,0.4939252436161041,0.4932753782272339,0.372,193,93,0.4041666666666667,,,500,0.628,0.998046875,157,57,0.0,0.012,clean,clean,{}
b0,hard_galip,Hard GALIP,1,legacy_single_stage,JPEG Q90,0.216,0.419824,0.4410166158930368,0.422,0.49392402172088623,0.49326563596725465,0.372,196,93,0.3963849935878959,,,500,0.628,0.998046875,157,54,0.0,0.012,jpeg__quality=90,jpeg,"{""quality"":90}"
b0,hard_galip,Hard GALIP,2,legacy_single_stage,JPEG Q70,0.22,0.433784,0.4483090485028501,0.432,0.49403753876686096,0.493399441242218,0.356,195,89,0.40527047628620727,,,500,0.644,0.998046875,161,55,0.0,0.008,jpeg__quality=70,jpeg,"{""quality"":70}"
b0,hard_galip,Hard GALIP,3,legacy_single_stage,JPEG Q50,0.2,0.430808,0.4456809998840601,0.42600000000000005,0.4940890371799469,0.4940507574081421,0.348,200,87,0.3951043497687907,,,500,0.652,0.998046875,163,50,0.0,0.008,jpeg__quality=50,jpeg,"{""quality"":50}"
b0,hard_galip,Hard GALIP,4,legacy_single_stage,JPEG Q30,0.224,0.430992,0.44518032150398934,0.412,0.49426642060279846,0.4941034988164902,0.4,194,100,0.39045628700801116,,,500,0.6,0.998046875,150,56,0.0,0.008,jpeg__quality=30,jpeg,"{""quality"":30}"
b0,hard_galip,Hard GALIP,5,legacy_single_stage,Gaussian blur sigma=0.5,0.184,0.42019999999999996,0.4395645261082426,0.41000000000000003,0.4938940107822418,0.4934492180347443,0.364,204,91,0.3782431469748895,,,500,0.636,0.998046875,159,46,0.0,0.012,gaussian_blur__sigma=0.5,gaussian_blur,"{""sigma"":0.5}"
b0,hard_galip,Hard GALIP,6,legacy_single_stage,Gaussian blur sigma=1.0,0.3,0.43360799999999994,0.4504642810061295,0.44799999999999995,0.4952317774295807,0.49505954873561864,0.404,175,101,0.43563821956127,,,500,0.596,0.998046875,149,75,0.0,0.008,gaussian_blur__sigma=1.0,gaussian_blur,"{""sigma"":1.0}"
b0,hard_galip,Hard GALIP,7,legacy_single_stage,Gaussian blur sigma=2.0,0.368,0.44176,0.4545473800484494,0.448,0.4957873821258545,0.49598731338977814,0.472,158,118,0.4444444444444444,,,500,0.528,0.998046875,132,92,0.0,0.008,gaussian_blur__sigma=2.0,gaussian_blur,"{""sigma"":2.0}"
b0,hard_galip,Hard GALIP,8,legacy_single_stage,Resize 0.5 bicubic,0.296,0.43244800000000005,0.44876239894398023,0.45199999999999996,0.4952623248100281,0.4951747760772705,0.392,176,98,0.4383312287836796,,,500,0.608,0.998046875,152,74,0.0,0.004,resize__interpolation=bicubic_scale=0.5,resize,"{""interpolation"":""bicubic"",""scale"":0.5}"
b0,hard_galip,Hard GALIP,9,legacy_single_stage,Resize 0.25 bilinear,0.396,0.44404800000000005,0.4610794463944993,0.468,0.4959717392921448,0.49576956033706665,0.46,151,115,0.46522774060730826,,,500,0.54,0.998046875,135,99,0.0,0.012,resize__interpolation=bilinear_scale=0.25,resize,"{""interpolation"":""bilinear"",""scale"":0.25}"
b0,hard_galip,Hard GALIP,10,legacy_single_stage,Gaussian noise sigma=0.02,0.216,0.41306400000000004,0.4321996893836194,0.39599999999999996,0.4942150413990021,0.4936943238973618,0.424,196,106,0.37577511368334027,,,500,0.576,0.998046875,144,54,0.0,0.008,gaussian_noise__sigma=0.02,gaussian_noise,"{""seed"":20260827,""sigma"":0.02}"
b0,hard_galip,Hard GALIP,11,legacy_single_stage,Gaussian noise sigma=0.05,0.324,0.459552,0.4628546933419044,0.44599999999999995,0.4950532615184784,0.4952490047216416,0.432,169,108,0.4376296801594939,,,500,0.568,0.998046875,142,81,0.0,0.02,gaussian_noise__sigma=0.05,gaussian_noise,"{""seed"":20260827,""sigma"":0.05}"
b0,hard_galip,Hard GALIP,12,legacy_single_stage,Gaussian noise sigma=0.10,0.684,0.47773599999999994,0.4818197272219212,0.502,0.49752146005630493,0.4975302815437317,0.68,79,170,0.4849391235277326,,,500,0.32,0.998046875,80,171,0.0,0.0,gaussian_noise__sigma=0.1,gaussian_noise,"{""seed"":20260827,""sigma"":0.1}"
b0,hard_galip,Hard GALIP,13,legacy_single_stage,Color jitter 0.8/0.8/0.8,0.148,0.411912,0.4352278633989635,0.41200000000000003,0.49272021651268005,0.4927637000083923,0.324,213,81,0.3679485415520088,,,500,0.676,0.998046875,169,37,0.0,0.008,color_jitter__brightness=0.8_contrast=0.8_saturation=0.8,color_jitter,"{""brightness"":0.8,""contrast"":0.8,""saturation"":0.8}"
b0,hard_galip,Hard GALIP,14,legacy_single_stage,Color jitter 1.2/1.2/1.2,0.368,0.457008,0.45893549986103593,0.46799999999999997,0.4951767325401306,0.4949033260345459,0.432,158,108,0.4626262626262626,,,500,0.568,0.998046875,142,92,0.0,0.008,color_jitter__brightness=1.2_contrast=1.2_saturation=1.2,color_jitter,"{""brightness"":1.2,""contrast"":1.2,""saturation"":1.2}"
b0,hard_galip,Hard GALIP,15,legacy_single_stage,Center crop ratio=0.8,0.264,0.42045600000000005,0.4463457042739494,0.442,0.4946163296699524,0.4945087616443634,0.38,184,95,0.4237418363426815,,,500,0.62,0.998046875,155,66,0.0,0.016,center_crop__ratio=0.8,center_crop,"{""ratio"":0.8}"
b0,hard_galip,Hard GALIP,16,legacy_two_stage,2-stage resize 0.5 + JPEG Q70,0.244,0.42943200000000004,0.4461490686537484,0.444,0.4946995973587036,0.4946445132493973,0.356,189,89,0.4208333333333333,,,500,0.644,0.998046875,161,61,0.0,0.008,resize__interpolation=bicubic_scale=0.5__jpeg__quality=70,combo_resize_jpeg,"{""transforms"":[{""name"":""resize"",""params"":{""interpolation"":""bicubic"",""scale"":0.5}},{""name"":""jpeg"",""params"":{""quality"":70}}]}"
b0,hard_galip,Hard GALIP,17,legacy_two_stage,2-stage crop 0.8 + JPEG Q50,0.244,0.44089599999999995,0.45579486719230666,0.45,0.4941824972629547,0.49370704698562623,0.344,189,86,0.42562585895042004,,,500,0.656,0.998046875,164,61,0.0,0.012,center_crop__ratio=0.8__jpeg__quality=50,combo_crop_jpeg,"{""transforms"":[{""name"":""center_crop"",""params"":{""ratio"":0.8}},{""name"":""jpeg"",""params"":{""quality"":50}}]}"
b0,hard_galip,Hard GALIP,18,new_four_stage_a,4-stage A platform repost,0.336,0.456968,0.4670579420397135,0.48,0.4946419894695282,0.49469238519668585,0.376,166,94,0.4689889549702634,,,500,0.624,0.998046875,156,84,0.012,0.012,center_crop__ratio=0.85__resize__interpolation=bicubic_scale=0.5__gaussian_blur__sigma=1.0__jpeg__quality=50,combo_four_stage_platform_repost,"{""transforms"":[{""name"":""center_crop"",""params"":{""ratio"":0.85}},{""name"":""resize"",""params"":{""interpolation"":""bicubic"",""scale"":0.5}},{""name"":""gaussian_blur"",""params"":{""sigma"":1.0}},{""name"":""jpeg"",""params"":{""quality"":50}}]}"
b0,hard_galip,Hard GALIP,19,new_four_stage_b,4-stage B edit repost,0.364,0.460144,0.472238312839608,0.462,0.49537697434425354,0.4952880977392197,0.44,159,110,0.4567829433883013,,,500,0.56,0.998046875,140,91,0.0,0.012,color_jitter__brightness=1.15_contrast=1.15_saturation=0.85__resize__interpolation=bilinear_scale=0.5__gaussian_noise__sigma=0.05__jpeg__quality=50,combo_four_stage_edit_repost,"{""transforms"":[{""name"":""color_jitter"",""params"":{""brightness"":1.15,""contrast"":1.15,""saturation"":0.85}},{""name"":""resize"",""params"":{""interpolation"":""bilinear"",""scale"":0.5}},{""name"":""gaussian_noise"",""params"":{""seed"":20260829,""sigma"":0.05}},{""name"":""jpeg"",""params"":{""quality"":50}}]}"
b0,hard_galip,Hard GALIP,20,new_six_stage,6-stage random composition,0.46,0.470424,0.470842082023679,0.474,0.4957098662853241,0.495724618434906,0.512,135,128,0.4738968837892227,,,500,0.488,0.998046875,122,115,0.0,0.0,strict_random_six__profile=full_training_range_v1,strict_random_six,"{""profile"":""full_training_range_v1"",""seed"":20260829}"
b0,seen_family,Seen-family,0,clean,Clean,0.359,0.6160495,0.5708456729432517,0.5555,0.471493661403656,0.4796723636090755,0.248,641,248,0.5376475308739892,,,2000,0.752,0.998046875,752,359,0.0,0.016,clean,clean,{}
b0,seen_family,Seen-family,1,legacy_single_stage,JPEG Q90,0.357,0.6174424999999999,0.5727776856944136,0.5565,0.47146204113960266,0.4796655431091786,0.244,643,244,0.5381169386890592,,,2000,0.756,0.998046875,756,357,0.0,0.016,jpeg__quality=90,jpeg,"{""quality"":90}"
b0,seen_family,Seen-family,2,legacy_single_stage,JPEG Q70,0.339,0.6202319999999999,0.5737747420258572,0.555,0.4723636209964752,0.48038087958097453,0.229,661,229,0.5332220059076263,,,2000,0.771,0.998046875,771,339,0.0,0.012,jpeg__quality=70,jpeg,"{""quality"":70}"
b0,seen_family,Seen-family,3,legacy_single_stage,JPEG Q50,0.335,0.6141865,0.5674877531793094,0.554,0.4735746383666992,0.48051588785648336,0.227,665,227,0.5315317964915303,,,2000,0.773,0.998046875,773,335,0.0,0.009,jpeg__quality=50,jpeg,"{""quality"":50}"
b0,seen_family,Seen-family,4,legacy_single_stage,JPEG Q30,0.329,0.613278,0.566628362394115,0.544,0.47467854619026184,0.48139258137345314,0.241,671,241,0.5218998191397342,,,2000,0.759,0.998046875,759,329,0.0,0.016,jpeg__quality=30,jpeg,"{""quality"":30}"
b0,seen_family,Seen-family,5,legacy_single_stage,Gaussian blur sigma=0.5,0.339,0.6168045,0.5694101637794062,0.553,0.47071006894111633,0.4789096506237984,0.233,661,233,0.5315467132814367,,,2000,0.767,0.998046875,767,339,0.0,0.016,gaussian_blur__sigma=0.5,gaussian_blur,"{""sigma"":0.5}"
b0,seen_family,Seen-family,6,legacy_single_stage,Gaussian blur sigma=1.0,0.346,0.6018095,0.5553707099006682,0.5369999999999999,0.47705721855163574,0.4829086821675301,0.272,654,272,0.519469776932266,,,2000,0.728,0.998046875,728,346,0.0,0.014,gaussian_blur__sigma=1.0,gaussian_blur,"{""sigma"":1.0}"
b0,seen_family,Seen-family,7,legacy_single_stage,Gaussian blur sigma=2.0,0.402,0.575767,0.5394317814555927,0.5365,0.4883156418800354,0.49086473369598393,0.329,598,329,0.5279606908883429,,,2000,0.671,0.998046875,671,402,0.0,0.017,gaussian_blur__sigma=2.0,gaussian_blur,"{""sigma"":2.0}"
b0,seen_family,Seen-family,8,legacy_single_stage,Resize 0.5 bicubic,0.357,0.601829,0.5577942075439971,0.538,0.47743216156959534,0.4832019309997559,0.281,643,281,0.5223517662129009,,,2000,0.719,0.998046875,719,357,0.014,0.014,resize__interpolation=bicubic_scale=0.5,resize,"{""interpolation"":""bicubic"",""scale"":0.5}"
b0,seen_family,Seen-family,9,legacy_single_stage,Resize 0.25 bilinear,0.413,0.5680285,0.5366311148117915,0.535,0.4896289110183716,0.4918803867697715,0.343,587,343,0.5279743705309832,,,2000,0.657,0.998046875,657,413,0.0,0.021,resize__interpolation=bilinear_scale=0.25,resize,"{""interpolation"":""bilinear"",""scale"":0.25}"
b0,seen_family,Seen-family,10,legacy_single_stage,Gaussian noise sigma=0.02,0.384,0.6106010000000001,0.5648649087044282,0.5605,0.47442352771759033,0.48132689592242245,0.263,616,263,0.5463683535416168,,,2000,0.737,0.998046875,737,384,0.0,0.015,gaussian_noise__sigma=0.02,gaussian_noise,"{""seed"":20260827,""sigma"":0.02}"
b0,seen_family,Seen-family,11,legacy_single_stage,Gaussian noise sigma=0.05,0.4,0.607262,0.5635651206945255,0.5455,0.4797406792640686,0.4846894418001174,0.309,600,309,0.5356700182028591,,,2000,0.691,0.998046875,691,400,0.0,0.021,gaussian_noise__sigma=0.05,gaussian_noise,"{""seed"":20260827,""sigma"":0.05}"
b0,seen_family,Seen-family,12,legacy_single_stage,Gaussian noise sigma=0.10,0.67,0.5302024999999999,0.5215956947116305,0.515,0.4973405599594116,0.49757618126273157,0.64,330,640,0.50306104152258,,,2000,0.36,0.998046875,360,670,0.0,0.0,gaussian_noise__sigma=0.1,gaussian_noise,"{""seed"":20260827,""sigma"":0.1}"
b0,seen_family,Seen-family,13,legacy_single_stage,Color jitter 0.8/0.8/0.8,0.318,0.6203245000000001,0.577899359499062,0.557,0.47180309891700745,0.4793266723752021,0.204,682,204,0.5301624068411748,,,2000,0.796,0.998046875,796,318,0.016,0.016,color_jitter__brightness=0.8_contrast=0.8_saturation=0.8,color_jitter,"{""brightness"":0.8,""contrast"":0.8,""saturation"":0.8}"
b0,seen_family,Seen-family,14,legacy_single_stage,Color jitter 1.2/1.2/1.2,0.417,0.6051314999999999,0.5640212884293154,0.5555,0.4711167812347412,0.47916087982058525,0.306,583,306,0.54680673346297,,,2000,0.694,0.998046875,694,417,0.0,0.02,color_jitter__brightness=1.2_contrast=1.2_saturation=1.2,color_jitter,"{""brightness"":1.2,""contrast"":1.2,""saturation"":1.2}"
b0,seen_family,Seen-family,15,legacy_single_stage,Center crop ratio=0.8,0.356,0.612237,0.5662914441422372,0.548,0.4638133645057678,0.4735629642903805,0.26,644,260,0.5306997142667287,,,2000,0.74,0.998046875,740,356,0.0,0.015,center_crop__ratio=0.8,center_crop,"{""ratio"":0.8}"
b0,seen_family,Seen-family,16,legacy_two_stage,2-stage resize 0.5 + JPEG Q70,0.317,0.6070679999999999,0.563941304344272,0.5375,0.4768831729888916,0.48266771876811987,0.242,683,242,0.5138639433937919,,,2000,0.758,0.998046875,758,317,0.017,0.017,resize__interpolation=bicubic_scale=0.5__jpeg__quality=70,combo_resize_jpeg,"{""transforms"":[{""name"":""resize"",""params"":{""interpolation"":""bicubic"",""scale"":0.5}},{""name"":""jpeg"",""params"":{""quality"":70}}]}"
b0,seen_family,Seen-family,17,legacy_two_stage,2-stage crop 0.8 + JPEG Q50,0.33,0.6163185,0.569067996494077,0.545,0.4650922119617462,0.47478077986836437,0.24,670,240,0.5229482844486384,,,2000,0.76,0.998046875,760,330,0.0,0.015,center_crop__ratio=0.8__jpeg__quality=50,combo_crop_jpeg,"{""transforms"":[{""name"":""center_crop"",""params"":{""ratio"":0.8}},{""name"":""jpeg"",""params"":{""quality"":50}}]}"
b0,seen_family,Seen-family,18,new_four_stage_a,4-stage A platform repost,0.349,0.612792,0.5678255271928164,0.55,0.4754026532173157,0.4822810117602348,0.249,651,249,0.5310541173969543,,,2000,0.751,0.998046875,751,349,0.0,0.015,center_crop__ratio=0.85__resize__interpolation=bicubic_scale=0.5__gaussian_blur__sigma=1.0__jpeg__quality=50,combo_four_stage_platform_repost,"{""transforms"":[{""name"":""center_crop"",""params"":{""ratio"":0.85}},{""name"":""resize"",""params"":{""interpolation"":""bicubic"",""scale"":0.5}},{""name"":""gaussian_blur"",""params"":{""sigma"":1.0}},{""name"":""jpeg"",""params"":{""quality"":50}}]}"
b0,seen_family,Seen-family,19,new_four_stage_b,4-stage B edit repost,0.387,0.598433,0.5581388644795015,0.5485,0.481118768453598,0.48605372607707975,0.29,613,290,0.5364084903473625,,,2000,0.71,0.998046875,710,387,0.021,0.021,color_jitter__brightness=1.15_contrast=1.15_saturation=0.85__resize__interpolation=bilinear_scale=0.5__gaussian_noise__sigma=0.05__jpeg__quality=50,combo_four_stage_edit_repost,"{""transforms"":[{""name"":""color_jitter"",""params"":{""brightness"":1.15,""contrast"":1.15,""saturation"":0.85}},{""name"":""resize"",""params"":{""interpolation"":""bilinear"",""scale"":0.5}},{""name"":""gaussian_noise"",""params"":{""seed"":20260829,""sigma"":0.05}},{""name"":""jpeg"",""params"":{""quality"":50}}]}"
b0,seen_family,Seen-family,20,new_six_stage,6-stage random composition,0.483,0.6029945,0.5611642722845505,0.5609999999999999,0.48040181398391724,0.4860207631886006,0.361,517,361,0.5583127749226293,,,2000,0.639,0.998046875,639,483,0.0,0.028,strict_random_six__profile=full_training_range_v1,strict_random_six,"{""profile"":""full_training_range_v1"",""seed"":20260829}"
b0,unseen_generator,Unseen-generator,0,clean,Clean,0.664,0.7910400000000001,0.7478344647993455,0.712,0.47233352065086365,0.48374169045686727,0.24,336,240,0.7113349156456475,,,2000,0.76,0.998046875,760,664,0.068,0.068,clean,clean,{}
b0,unseen_generator,Unseen-generator,1,legacy_single_stage,JPEG Q90,0.666,0.7914705,0.7496333329361892,0.7145,0.4723987877368927,0.48376732304692266,0.237,334,237,0.7138268492060449,,,2000,0.763,0.998046875,763,666,0.066,0.066,jpeg__quality=90,jpeg,"{""quality"":90}"
b0,unseen_generator,Unseen-generator,2,legacy_single_stage,JPEG Q70,0.616,0.7735135,0.7263468395292979,0.6905,0.47387799620628357,0.4845063439011573,0.235,384,235,0.6887726101796496,,,2000,0.765,0.998046875,765,616,0.0,0.06,jpeg__quality=70,jpeg,"{""quality"":70}"
b0,unseen_generator,Unseen-generator,3,legacy_single_stage,JPEG Q50,0.594,0.765508,0.7188567809978734,0.675,0.47517871856689453,0.48520019567012784,0.244,406,244,0.6728535924198666,,,2000,0.756,0.998046875,756,594,0.058,0.058,jpeg__quality=50,jpeg,"{""quality"":50}"
b0,unseen_generator,Unseen-generator,4,legacy_single_stage,JPEG Q30,0.569,0.7517849999999999,0.6988236501050917,0.669,0.47648900747299194,0.485869379401207,0.231,431,231,0.6656565656565656,,,2000,0.769,0.998046875,769,569,0.0,0.053,jpeg__quality=30,jpeg,"{""quality"":30}"
b0,unseen_generator,Unseen-generator,5,legacy_single_stage,Gaussian blur sigma=0.5,0.61,0.7789985,0.733855395829025,0.69,0.4718244969844818,0.4832732163965703,0.23,390,230,0.6880032206119162,,,2000,0.77,0.998046875,770,610,0.057,0.057,gaussian_blur__sigma=0.5,gaussian_blur,"{""sigma"":0.5}"
b0,unseen_generator,Unseen-generator,6,legacy_single_stage,Gaussian blur sigma=1.0,0.571,0.729741,0.6803667324595322,0.6559999999999999,0.47919392585754395,0.48730882003903386,0.259,429,259,0.6534965123013774,,,2000,0.741,0.998046875,741,571,0.0,0.04,gaussian_blur__sigma=1.0,gaussian_blur,"{""sigma"":1.0}"
b0,unseen_generator,Unseen-generator,7,legacy_single_stage,Gaussian blur sigma=2.0,0.525,0.647521,0.5978035967997316,0.5955,0.48888877034187317,0.49239328175783154,0.334,475,334,0.5934794914423414,,,2000,0.666,0.998046875,666,525,0.0,0.031,gaussian_blur__sigma=2.0,gaussian_blur,"{""sigma"":2.0}"
b0,unseen_generator,Unseen-generator,8,legacy_single_stage,Resize 0.5 bicubic,0.592,0.7375905,0.6877213964551877,0.6655,0.4797824025154114,0.4877414462268352,0.261,408,261,0.6636831322009324,,,2000,0.739,0.998046875,739,592,0.0,0.047,resize__interpolation=bicubic_scale=0.5,resize,"{""interpolation"":""bicubic"",""scale"":0.5}"
b0,unseen_generator,Unseen-generator,9,legacy_single_stage,Resize 0.25 bilinear,0.5,0.6322795000000001,0.5834168199667129,0.581,0.4902835190296173,0.49307370263338085,0.338,500,338,0.578232785304382,,,2000,0.662,0.998046875,662,500,0.0,0.024,resize__interpolation=bilinear_scale=0.25,resize,"{""interpolation"":""bilinear"",""scale"":0.25}"
b0,unseen_generator,Unseen-generator,10,legacy_single_stage,Gaussian noise sigma=0.02,0.655,0.7759379999999999,0.7300236530894347,0.6990000000000001,0.4749058485031128,0.4852290191948414,0.257,345,257,0.6984161336347168,,,2000,0.743,0.998046875,743,655,0.0,0.072,gaussian_noise__sigma=0.02,gaussian_noise,"{""seed"":20260827,""sigma"":0.02}"
b0,unseen_generator,Unseen-generator,11,legacy_single_stage,Gaussian noise sigma=0.05,0.641,0.7424514999999999,0.6890595408522442,0.6775,0.4803559184074402,0.4882839248478412,0.286,359,286,0.6770697762093549,,,2000,0.714,0.998046875,714,641,0.0,0.053,gaussian_noise__sigma=0.05,gaussian_noise,"{""seed"":20260827,""sigma"":0.05}"
b0,unseen_generator,Unseen-generator,12,legacy_single_stage,Gaussian noise sigma=0.10,0.652,0.5024675000000001,0.49892405763024844,0.51,0.49748706817626953,0.49748390913009644,0.632,348,632,0.4999163125257696,,,2000,0.368,0.998046875,368,652,0.0,0.0,gaussian_noise__sigma=0.1,gaussian_noise,"{""seed"":20260827,""sigma"":0.1}"
b0,unseen_generator,Unseen-generator,13,legacy_single_stage,Color jitter 0.8/0.8/0.8,0.576,0.7864410000000001,0.7436756094346321,0.696,0.4720169007778168,0.48302000167965886,0.184,424,184,0.6915584415584415,,,2000,0.816,0.998046875,816,576,0.048,0.048,color_jitter__brightness=0.8_contrast=0.8_saturation=0.8,color_jitter,"{""brightness"":0.8,""contrast"":0.8,""saturation"":0.8}"
b0,unseen_generator,Unseen-generator,14,legacy_single_stage,Color jitter 1.2/1.2/1.2,0.715,0.781872,0.7360043955687231,0.709,0.47146958112716675,0.48333252108097075,0.297,285,297,0.7089895236228505,,,2000,0.703,0.998046875,703,715,0.0,0.095,color_jitter__brightness=1.2_contrast=1.2_saturation=1.2,color_jitter,"{""brightness"":1.2,""contrast"":1.2,""saturation"":1.2}"
b0,unseen_generator,Unseen-generator,15,legacy_single_stage,Center crop ratio=0.8,0.609,0.76102,0.7108735122758879,0.6819999999999999,0.4662974774837494,0.4796901731789112,0.245,391,245,0.6802962989772497,,,2000,0.755,0.998046875,755,609,0.0,0.055,center_crop__ratio=0.8,center_crop,"{""ratio"":0.8}"
b0,unseen_generator,Unseen-generator,16,legacy_two_stage,2-stage resize 0.5 + JPEG Q70,0.55,0.7399744999999999,0.6932831676988549,0.66,0.47904881834983826,0.4871633235812187,0.23,450,230,0.6558356108917907,,,2000,0.77,0.998046875,770,550,0.0,0.044,resize__interpolation=bicubic_scale=0.5__jpeg__quality=70,combo_resize_jpeg,"{""transforms"":[{""name"":""resize"",""params"":{""interpolation"":""bicubic"",""scale"":0.5}},{""name"":""jpeg"",""params"":{""quality"":70}}]}"
b0,unseen_generator,Unseen-generator,17,legacy_two_stage,2-stage crop 0.8 + JPEG Q50,0.561,0.7509215,0.7001478137618533,0.6675,0.46814194321632385,0.48069528612494467,0.226,439,226,0.6636854361380367,,,2000,0.774,0.998046875,774,561,0.0,0.053,center_crop__ratio=0.8__jpeg__quality=50,combo_crop_jpeg,"{""transforms"":[{""name"":""center_crop"",""params"":{""ratio"":0.8}},{""name"":""jpeg"",""params"":{""quality"":50}}]}"
b0,unseen_generator,Unseen-generator,18,new_four_stage_a,4-stage A platform repost,0.482,0.6956129999999999,0.645392549694887,0.6194999999999999,0.4778413772583008,0.48610305163264267,0.243,518,243,0.6121675426023252,,,2000,0.757,0.998046875,757,482,0.0,0.029,center_crop__ratio=0.85__resize__interpolation=bicubic_scale=0.5__gaussian_blur__sigma=1.0__jpeg__quality=50,combo_four_stage_platform_repost,"{""transforms"":[{""name"":""center_crop"",""params"":{""ratio"":0.85}},{""name"":""resize"",""params"":{""interpolation"":""bicubic"",""scale"":0.5}},{""name"":""gaussian_blur"",""params"":{""sigma"":1.0}},{""name"":""jpeg"",""params"":{""quality"":50}}]}"
b0,unseen_generator,Unseen-generator,19,new_four_stage_b,4-stage B edit repost,0.538,0.6997609999999999,0.6454779302950359,0.6245,0.4827632009983063,0.4892719868421554,0.289,462,289,0.6216692346308164,,,2000,0.711,0.998046875,711,538,0.0,0.04,color_jitter__brightness=1.15_contrast=1.15_saturation=0.85__resize__interpolation=bilinear_scale=0.5__gaussian_noise__sigma=0.05__jpeg__quality=50,combo_four_stage_edit_repost,"{""transforms"":[{""name"":""color_jitter"",""params"":{""brightness"":1.15,""contrast"":1.15,""saturation"":0.85}},{""name"":""resize"",""params"":{""interpolation"":""bilinear"",""scale"":0.5}},{""name"":""gaussian_noise"",""params"":{""seed"":20260829,""sigma"":0.05}},{""name"":""jpeg"",""params"":{""quality"":50}}]}"
b0,unseen_generator,Unseen-generator,20,new_six_stage,6-stage random composition,0.546,0.6514169999999999,0.5977579273938508,0.599,0.48348259925842285,0.489507065564394,0.348,454,348,0.5978704180041737,,,2000,0.652,0.998046875,652,546,0.0,0.037,strict_random_six__profile=full_training_range_v1,strict_random_six,"{""profile"":""full_training_range_v1"",""seed"":20260829}"
b1,exact_seen_generator,Exact-seen generator,0,clean,Clean,0.719,0.6419815000000001,0.6127115544312236,0.609,0.4949726164340973,0.4957741466760635,0.501,281,501,0.6042109525255592,,,2000,0.499,0.9970703125,499,719,0.0,0.017,clean,clean,{}
b1,exact_seen_generator,Exact-seen generator,1,legacy_single_stage,JPEG Q90,0.716,0.6407765,0.6118539618732634,0.607,0.49494093656539917,0.495749482512474,0.502,284,502,0.6022746248174562,,,2000,0.498,0.9970703125,498,716,0.0,0.018,jpeg__quality=90,jpeg,"{""quality"":90}"
b1,exact_seen_generator,Exact-seen generator,2,legacy_single_stage,JPEG Q70,0.72,0.642949,0.6120678113431892,0.613,0.49479371309280396,0.4956987485587596,0.494,280,494,0.6085179216853759,,,2000,0.506,0.9970703125,506,720,0.0,0.02,jpeg__quality=70,jpeg,"{""quality"":70}"
b1,exact_seen_generator,Exact-seen generator,3,legacy_single_stage,JPEG Q50,0.73,0.6419575,0.6099433061518715,0.6125,0.4949139356613159,0.49577953886985776,0.505,270,505,0.6070751817277285,,,2000,0.495,0.9970703125,495,730,0.0,0.021,jpeg__quality=50,jpeg,"{""quality"":50}"
b1,exact_seen_generator,Exact-seen generator,4,legacy_single_stage,JPEG Q30,0.722,0.6309079999999999,0.5986662008519591,0.594,0.49514394998550415,0.4959313684105873,0.534,278,534,0.5872372958552932,,,2000,0.466,0.9970703125,466,722,0.0,0.021,jpeg__quality=30,jpeg,"{""quality"":30}"
b1,exact_seen_generator,Exact-seen generator,5,legacy_single_stage,Gaussian blur sigma=0.5,0.722,0.6398539999999999,0.6090671936366208,0.619,0.49481847882270813,0.4956135321855545,0.484,278,484,0.6149146293022678,,,2000,0.516,0.9970703125,516,722,0.0,0.02,gaussian_blur__sigma=0.5,gaussian_blur,"{""sigma"":0.5}"
b1,exact_seen_generator,Exact-seen generator,6,legacy_single_stage,Gaussian blur sigma=1.0,0.754,0.6326055,0.5967413803646778,0.6035,0.495421826839447,0.4962561132907867,0.547,246,547,0.594311043717973,,,2000,0.453,0.9970703125,453,754,0.0,0.018,gaussian_blur__sigma=1.0,gaussian_blur,"{""sigma"":1.0}"
b1,exact_seen_generator,Exact-seen generator,7,legacy_single_stage,Gaussian blur sigma=2.0,0.814,0.6372669999999998,0.5977695699784061,0.591,0.4961053133010864,0.4969311574399471,0.632,186,632,0.5695964624828076,,,2000,0.368,0.9970703125,368,814,0.0,0.029,gaussian_blur__sigma=2.0,gaussian_blur,"{""sigma"":2.0}"
b1,exact_seen_generator,Exact-seen generator,8,legacy_single_stage,Resize 0.5 bicubic,0.76,0.6406215000000001,0.605045776623119,0.6125,0.4953990578651428,0.4961235094666481,0.535,240,535,0.6038819568231333,,,2000,0.465,0.9970703125,465,760,0.0,0.022,resize__interpolation=bicubic_scale=0.5,resize,"{""interpolation"":""bicubic"",""scale"":0.5}"
b1,exact_seen_generator,Exact-seen generator,9,legacy_single_stage,Resize 0.25 bilinear,0.799,0.6364335,0.5955842013958521,0.5975,0.49600985646247864,0.4967678189277649,0.604,201,604,0.5804659746179309,,,2000,0.396,0.9970703125,396,799,0.0,0.031,resize__interpolation=bilinear_scale=0.25,resize,"{""interpolation"":""bilinear"",""scale"":0.25}"
b1,exact_seen_generator,Exact-seen generator,10,legacy_single_stage,Gaussian noise sigma=0.02,0.71,0.6355525000000001,0.6022742389516662,0.6054999999999999,0.4948315918445587,0.4956958198845386,0.499,290,499,0.6011443971024582,,,2000,0.501,0.9970703125,501,710,0.0,0.018,gaussian_noise__sigma=0.02,gaussian_noise,"{""seed"":20260827,""sigma"":0.02}"
b1,exact_seen_generator,Exact-seen generator,11,legacy_single_stage,Gaussian noise sigma=0.05,0.752,0.6186410000000001,0.5841490541345774,0.594,0.49591174721717834,0.4964338541030884,0.564,248,564,0.5836051181699957,,,2000,0.436,0.9970703125,436,752,0.0,0.024,gaussian_noise__sigma=0.05,gaussian_noise,"{""seed"":20260827,""sigma"":0.05}"
b1,exact_seen_generator,Exact-seen generator,12,legacy_single_stage,Gaussian noise sigma=0.10,0.767,0.570638,0.5451263046587148,0.56,0.4965924918651581,0.49703294038772583,0.647,233,647,0.5403024183227099,,,2000,0.353,0.9970703125,353,767,0.0,0.024,gaussian_noise__sigma=0.1,gaussian_noise,"{""seed"":20260827,""sigma"":0.1}"
b1,exact_seen_generator,Exact-seen generator,13,legacy_single_stage,Color jitter 0.8/0.8/0.8,0.627,0.637755,0.6085643998591374,0.614,0.49313580989837646,0.49439525890350333,0.399,373,399,0.6139347549735905,,,2000,0.601,0.9970703125,601,627,0.02,0.02,color_jitter__brightness=0.8_contrast=0.8_saturation=0.8,color_jitter,"{""brightness"":0.8,""contrast"":0.8,""saturation"":0.8}"
b1,exact_seen_generator,Exact-seen generator,14,legacy_single_stage,Color jitter 1.2/1.2/1.2,0.763,0.6385035,0.610355507290681,0.5975,0.4957742989063263,0.49639257490634914,0.568,237,568,0.5861649546490768,,,2000,0.432,0.9970703125,432,763,0.0,0.029,color_jitter__brightness=1.2_contrast=1.2_saturation=1.2,color_jitter,"{""brightness"":1.2,""contrast"":1.2,""saturation"":1.2}"
b1,exact_seen_generator,Exact-seen generator,15,legacy_single_stage,Center crop ratio=0.8,0.707,0.6354055000000002,0.6055385452650855,0.608,0.494429349899292,0.4953000516891479,0.491,293,491,0.6041199799232275,,,2000,0.509,0.9970703125,509,707,0.0,0.031,center_crop__ratio=0.8,center_crop,"{""ratio"":0.8}"
b1,exact_seen_generator,Exact-seen generator,16,legacy_two_stage,2-stage resize 0.5 + JPEG Q70,0.737,0.636355,0.6022334107804785,0.612,0.4950697124004364,0.49588158002495764,0.513,263,513,0.6058412698412698,,,2000,0.487,0.9970703125,487,737,0.0,0.022,resize__interpolation=bicubic_scale=0.5__jpeg__quality=70,combo_resize_jpeg,"{""transforms"":[{""name"":""resize"",""params"":{""interpolation"":""bicubic"",""scale"":0.5}},{""name"":""jpeg"",""params"":{""quality"":70}}]}"
b1,exact_seen_generator,Exact-seen generator,17,legacy_two_stage,2-stage crop 0.8 + JPEG Q50,0.691,0.630825,0.6013992877292075,0.6005,0.4944673478603363,0.4953059120774269,0.49,309,490,0.5972009752878513,,,2000,0.51,0.9970703125,510,691,0.0,0.029,center_crop__ratio=0.8__jpeg__quality=50,combo_crop_jpeg,"{""transforms"":[{""name"":""center_crop"",""params"":{""ratio"":0.8}},{""name"":""jpeg"",""params"":{""quality"":50}}]}"
b1,exact_seen_generator,Exact-seen generator,18,new_four_stage_a,4-stage A platform repost,0.747,0.6143775000000001,0.5802685822623257,0.594,0.4954124093055725,0.49612208300828936,0.559,253,559,0.5842681327188148,,,2000,0.441,0.9970703125,441,747,0.0,0.025,center_crop__ratio=0.85__resize__interpolation=bicubic_scale=0.5__gaussian_blur__sigma=1.0__jpeg__quality=50,combo_four_stage_platform_repost,"{""transforms"":[{""name"":""center_crop"",""params"":{""ratio"":0.85}},{""name"":""resize"",""params"":{""interpolation"":""bicubic"",""scale"":0.5}},{""name"":""gaussian_blur"",""params"":{""sigma"":1.0}},{""name"":""jpeg"",""params"":{""quality"":50}}]}"
b1,exact_seen_generator,Exact-seen generator,19,new_four_stage_b,4-stage B edit repost,0.815,0.6124285,0.574857272472695,0.5765,0.49648332595825195,0.4970720410346985,0.662,185,662,0.5509574493746937,,,2000,0.338,0.9970703125,338,815,0.0,0.035,color_jitter__brightness=1.15_contrast=1.15_saturation=0.85__resize__interpolation=bilinear_scale=0.5__gaussian_noise__sigma=0.05__jpeg__quality=50,combo_four_stage_edit_repost,"{""transforms"":[{""name"":""color_jitter"",""params"":{""brightness"":1.15,""contrast"":1.15,""saturation"":0.85}},{""name"":""resize"",""params"":{""interpolation"":""bilinear"",""scale"":0.5}},{""name"":""gaussian_noise"",""params"":{""seed"":20260829,""sigma"":0.05}},{""name"":""jpeg"",""params"":{""quality"":50}}]}"
b1,exact_seen_generator,Exact-seen generator,20,new_six_stage,6-stage random composition,0.821,0.5908344999999999,0.5521619983617376,0.571,0.49678561091423035,0.49726855754852295,0.679,179,679,0.5424,,,2000,0.321,0.9970703125,321,821,0.0,0.0,strict_random_six__profile=full_training_range_v1,strict_random_six,"{""profile"":""full_training_range_v1"",""seed"":20260829}"
b1,hard_hourglass,Hard Hourglass,0,clean,Clean,0.232,0.255176,0.37334627929301073,0.36,0.4969956874847412,0.506174815773964,0.512,192,128,0.3493395796733685,,,500,0.488,0.9970703125,122,58,0.0,0.0,clean,clean,{}
b1,hard_hourglass,Hard Hourglass,1,legacy_single_stage,JPEG Q90,0.24,0.25793600000000005,0.3758172942819387,0.368,0.49686869978904724,0.5055127151012421,0.504,190,126,0.3574728349274514,,,500,0.496,0.9970703125,124,60,0.0,0.0,jpeg__quality=90,jpeg,"{""quality"":90}"
b1,hard_hourglass,Hard Hourglass,2,legacy_single_stage,JPEG Q70,0.24,0.271624,0.3784808625453755,0.392,0.4963459372520447,0.5027920016050339,0.456,190,114,0.3776205450733753,,,500,0.544,0.9970703125,136,60,0.0,0.0,jpeg__quality=70,jpeg,"{""quality"":70}"
b1,hard_hourglass,Hard Hourglass,3,legacy_single_stage,JPEG Q50,0.232,0.273928,0.3802620893509646,0.382,0.49606069922447205,0.5005019745826722,0.468,192,117,0.3677749360613811,,,500,0.532,0.9970703125,133,58,0.0,0.0,jpeg__quality=50,jpeg,"{""quality"":50}"
b1,hard_hourglass,Hard Hourglass,4,legacy_single_stage,JPEG Q30,0.264,0.278776,0.38334466894491925,0.384,0.49618056416511536,0.49937696218490596,0.496,184,124,0.375,,,500,0.504,0.9970703125,126,66,0.0,0.0,jpeg__quality=30,jpeg,"{""quality"":30}"
b1,hard_hourglass,Hard Hourglass,5,legacy_single_stage,Gaussian blur sigma=0.5,0.236,0.260352,0.3744992926096504,0.37,0.49648767709732056,0.5047714650630951,0.496,191,124,0.3584808827303053,,,500,0.504,0.9970703125,126,59,0.0,0.0,gaussian_blur__sigma=0.5,gaussian_blur,"{""sigma"":0.5}"
b1,hard_hourglass,Hard Hourglass,6,legacy_single_stage,Gaussian blur sigma=1.0,0.272,0.27370400000000006,0.37912796131719706,0.358,0.4961465895175934,0.499578100681305,0.556,182,139,0.35321638840867053,,,500,0.444,0.9970703125,111,68,0.0,0.0,gaussian_blur__sigma=1.0,gaussian_blur,"{""sigma"":1.0}"
b1,hard_hourglass,Hard Hourglass,7,legacy_single_stage,Gaussian blur sigma=2.0,0.372,0.31433600000000006,0.39869040142434614,0.372,0.496549516916275,0.4950839704275131,0.628,157,157,0.372,,,500,0.372,0.9970703125,93,93,0.0,0.004,gaussian_blur__sigma=2.0,gaussian_blur,"{""sigma"":2.0}"
b1,hard_hourglass,Hard Hourglass,8,legacy_single_stage,Resize 0.5 bicubic,0.284,0.27667200000000003,0.3815529522460367,0.368,0.49613282084465027,0.4983144614696502,0.548,179,137,0.3635089189319841,,,500,0.452,0.9970703125,113,71,0.0,0.0,resize__interpolation=bicubic_scale=0.5,resize,"{""interpolation"":""bicubic"",""scale"":0.5}"
b1,hard_hourglass,Hard Hourglass,9,legacy_single_stage,Resize 0.25 bilinear,0.4,0.31884,0.400742323632896,0.39,0.49659085273742676,0.49468361389637,0.62,150,155,0.3899389938993899,,,500,0.38,0.9970703125,95,100,0.0,0.004,resize__interpolation=bilinear_scale=0.25,resize,"{""interpolation"":""bilinear"",""scale"":0.25}"
b1,hard_hourglass,Hard Hourglass,10,legacy_single_stage,Gaussian noise sigma=0.02,0.272,0.273368,0.3802158608404871,0.39,0.49612951278686523,0.49958010017871857,0.492,182,123,0.3813864245757933,,,500,0.508,0.9970703125,127,68,0.0,0.0,gaussian_noise__sigma=0.02,gaussian_noise,"{""seed"":20260827,""sigma"":0.02}"
b1,hard_hourglass,Hard Hourglass,11,legacy_single_stage,Gaussian noise sigma=0.05,0.328,0.31292800000000004,0.39558219331965944,0.406,0.4956512153148651,0.4940712723731994,0.516,168,129,0.40236398246934346,,,500,0.484,0.9970703125,121,82,0.0,0.004,gaussian_noise__sigma=0.05,gaussian_noise,"{""seed"":20260827,""sigma"":0.05}"
b1,hard_hourglass,Hard Hourglass,12,legacy_single_stage,Gaussian noise sigma=0.10,0.496,0.39627999999999997,0.43246516090478415,0.424,0.49646008014678955,0.49589842557907104,0.648,126,162,0.42099845599588265,,,500,0.352,0.9970703125,88,124,0.0,0.004,gaussian_noise__sigma=0.1,gaussian_noise,"{""seed"":20260827,""sigma"":0.1}"
b1,hard_hourglass,Hard Hourglass,13,legacy_single_stage,Color jitter 0.8/0.8/0.8,0.172,0.24581599999999998,0.3659289096292337,0.362,0.4957520365715027,0.5000068349838257,0.448,207,112,0.33810561261541655,,,500,0.552,0.9970703125,138,43,0.0,0.0,color_jitter__brightness=0.8_contrast=0.8_saturation=0.8,color_jitter,"{""brightness"":0.8,""contrast"":0.8,""saturation"":0.8}"
b1,hard_hourglass,Hard Hourglass,14,legacy_single_stage,Color jitter 1.2/1.2/1.2,0.268,0.252056,0.37292704587559555,0.35,0.4977431297302246,0.5042851710319518,0.568,183,142,0.3455998131435774,,,500,0.432,0.9970703125,108,67,0.0,0.0,color_jitter__brightness=1.2_contrast=1.2_saturation=1.2,color_jitter,"{""brightness"":1.2,""contrast"":1.2,""saturation"":1.2}"
b1,hard_hourglass,Hard Hourglass,15,legacy_single_stage,Center crop ratio=0.8,0.256,0.245792,0.3671073978249615,0.358,0.4968022406101227,0.5002519507408143,0.54,186,135,0.3512504092579194,,,500,0.46,0.9970703125,115,64,0.0,0.0,center_crop__ratio=0.8,center_crop,"{""ratio"":0.8}"
b1,hard_hourglass,Hard Hourglass,16,legacy_two_stage,2-stage resize 0.5 + JPEG Q70,0.268,0.284032,0.38297329039653494,0.38,0.495726078748703,0.49806736588478084,0.508,183,127,0.37212392248363474,,,500,0.492,0.9970703125,123,67,0.0,0.0,resize__interpolation=bicubic_scale=0.5__jpeg__quality=70,combo_resize_jpeg,"{""transforms"":[{""name"":""resize"",""params"":{""interpolation"":""bicubic"",""scale"":0.5}},{""name"":""jpeg"",""params"":{""quality"":70}}]}"
b1,hard_hourglass,Hard Hourglass,17,legacy_two_stage,2-stage crop 0.8 + JPEG Q50,0.252,0.26140800000000003,0.3736735142958779,0.366,0.4963423013687134,0.4994970843791962,0.52,187,130,0.3576520459896819,,,500,0.48,0.9970703125,120,63,0.0,0.004,center_crop__ratio=0.8__jpeg__quality=50,combo_crop_jpeg,"{""transforms"":[{""name"":""center_crop"",""params"":{""ratio"":0.8}},{""name"":""jpeg"",""params"":{""quality"":50}}]}"
b1,hard_hourglass,Hard Hourglass,18,new_four_stage_a,4-stage A platform repost,0.308,0.283304,0.3810083305516288,0.37,0.49667614698410034,0.49786325991153707,0.568,173,142,0.36756893498608656,,,500,0.432,0.9970703125,108,77,0.0,0.004,center_crop__ratio=0.85__resize__interpolation=bicubic_scale=0.5__gaussian_blur__sigma=1.0__jpeg__quality=50,combo_four_stage_platform_repost,"{""transforms"":[{""name"":""center_crop"",""params"":{""ratio"":0.85}},{""name"":""resize"",""params"":{""interpolation"":""bicubic"",""scale"":0.5}},{""name"":""gaussian_blur"",""params"":{""sigma"":1.0}},{""name"":""jpeg"",""params"":{""quality"":50}}]}"
b1,hard_hourglass,Hard Hourglass,19,new_four_stage_b,4-stage B edit repost,0.424,0.32799200000000006,0.40282288875434985,0.374,0.4964176416397095,0.4943105583190918,0.676,144,169,0.37243107769423556,,,500,0.324,0.9970703125,81,106,0.0,0.008,color_jitter__brightness=1.15_contrast=1.15_saturation=0.85__resize__interpolation=bilinear_scale=0.5__gaussian_noise__sigma=0.05__jpeg__quality=50,combo_four_stage_edit_repost,"{""transforms"":[{""name"":""color_jitter"",""params"":{""brightness"":1.15,""contrast"":1.15,""saturation"":0.85}},{""name"":""resize"",""params"":{""interpolation"":""bilinear"",""scale"":0.5}},{""name"":""gaussian_noise"",""params"":{""seed"":20260829,""sigma"":0.05}},{""name"":""jpeg"",""params"":{""quality"":50}}]}"
b1,hard_hourglass,Hard Hourglass,20,new_six_stage,6-stage random composition,0.448,0.326848,0.4016975899778371,0.374,0.4973268508911133,0.4964872983694077,0.7,138,175,0.37055314904416586,,,500,0.3,0.9970703125,75,112,0.0,0.0,strict_random_six__profile=full_training_range_v1,strict_random_six,"{""profile"":""full_training_range_v1"",""seed"":20260829}"
b1,hard_dfgan,Hard DFGAN,0,clean,Clean,0.404,0.42547999999999997,0.43788759213238176,0.446,0.49496909976005554,0.4947265386581421,0.512,149,128,0.4450210170741188,,,500,0.488,0.9970703125,122,101,0.0,0.0,clean,clean,{}
b1,hard_dfgan,Hard DFGAN,1,legacy_single_stage,JPEG Q90,0.404,0.427128,0.43815421113494846,0.45,0.4948945641517639,0.4946611523628235,0.504,149,126,0.44883373217728717,,,500,0.496,0.9970703125,124,101,0.0,0.0,jpeg__quality=90,jpeg,"{""quality"":90}"
b1,hard_dfgan,Hard DFGAN,2,legacy_single_stage,JPEG Q70,0.376,0.45508000000000004,0.4540361073845709,0.46,0.4946904480457306,0.49461525678634644,0.456,156,114,0.4561626838975813,,,500,0.544,0.9970703125,136,94,0.0,0.0,jpeg__quality=70,jpeg,"{""quality"":70}"
b1,hard_dfgan,Hard DFGAN,3,legacy_single_stage,JPEG Q50,0.416,0.463904,0.45944843004033215,0.474,0.4946770966053009,0.49464160203933716,0.468,146,117,0.4722245634313832,,,500,0.532,0.9970703125,133,104,0.0,0.0,jpeg__quality=50,jpeg,"{""quality"":50}"
b1,hard_dfgan,Hard DFGAN,4,legacy_single_stage,JPEG Q30,0.44,0.45699999999999996,0.45431487142814064,0.472,0.4950873553752899,0.49498146772384644,0.496,140,124,0.4714587737843552,,,500,0.504,0.9970703125,126,110,0.0,0.0,jpeg__quality=30,jpeg,"{""quality"":30}"
b1,hard_dfgan,Hard DFGAN,5,legacy_single_stage,Gaussian blur sigma=0.5,0.396,0.429968,0.4394489382182052,0.45,0.4946698844432831,0.4945790767669678,0.496,151,124,0.4483915096421164,,,500,0.504,0.9970703125,126,99,0.0,0.0,gaussian_blur__sigma=0.5,gaussian_blur,"{""sigma"":0.5}"
b1,hard_dfgan,Hard DFGAN,6,legacy_single_stage,Gaussian blur sigma=1.0,0.46,0.44823999999999997,0.45192636362753985,0.452,0.4951256513595581,0.495248019695282,0.556,135,139,0.4519649257552483,,,500,0.444,0.9970703125,111,115,0.0,0.0,gaussian_blur__sigma=1.0,gaussian_blur,"{""sigma"":1.0}"
b1,hard_dfgan,Hard DFGAN,7,legacy_single_stage,Gaussian blur sigma=2.0,0.608,0.472152,0.4712771149122349,0.49,0.4961414635181427,0.4962460994720459,0.628,98,157,0.4827984861207453,,,500,0.372,0.9970703125,93,152,0.0,0.004,gaussian_blur__sigma=2.0,gaussian_blur,"{""sigma"":2.0}"
b1,hard_dfgan,Hard DFGAN,8,legacy_single_stage,Resize 0.5 bicubic,0.476,0.45756800000000003,0.45770093949444535,0.46399999999999997,0.49512314796447754,0.49528712034225464,0.548,131,137,0.46392280488390325,,,500,0.452,0.9970703125,113,119,0.0,0.0,resize__interpolation=bicubic_scale=0.5,resize,"{""interpolation"":""bicubic"",""scale"":0.5}"
b1,hard_dfgan,Hard DFGAN,9,legacy_single_stage,Resize 0.25 bilinear,0.6,0.46009599999999995,0.46616824175320504,0.49,0.49626243114471436,0.4961864948272705,0.62,100,155,0.483753416337686,,,500,0.38,0.9970703125,95,150,0.0,0.004,resize__interpolation=bilinear_scale=0.25,resize,"{""interpolation"":""bilinear"",""scale"":0.25}"
b1,hard_dfgan,Hard DFGAN,10,legacy_single_stage,Gaussian noise sigma=0.02,0.416,0.43484,0.4426373828329466,0.46199999999999997,0.49483922123908997,0.4947763681411743,0.492,146,123,0.46085917802069176,,,500,0.508,0.9970703125,127,104,0.0,0.0,gaussian_noise__sigma=0.02,gaussian_noise,"{""seed"":20260827,""sigma"":0.02}"
b1,hard_dfgan,Hard DFGAN,11,legacy_single_stage,Gaussian noise sigma=0.05,0.548,0.482456,0.4693270332852132,0.516,0.4954128861427307,0.4956660270690918,0.516,113,129,0.5155038759689923,,,500,0.484,0.9970703125,121,137,0.0,0.004,gaussian_noise__sigma=0.05,gaussian_noise,"{""seed"":20260827,""sigma"":0.05}"
b1,hard_dfgan,Hard DFGAN,12,legacy_single_stage,Gaussian noise sigma=0.10,0.66,0.48784,0.48091532073209414,0.506,0.49645039439201355,0.4966064691543579,0.648,85,162,0.4939996968095349,,,500,0.352,0.9970703125,88,165,0.0,0.008,gaussian_noise__sigma=0.1,gaussian_noise,"{""seed"":20260827,""sigma"":0.1}"
b1,hard_dfgan,Hard DFGAN,13,legacy_single_stage,Color jitter 0.8/0.8/0.8,0.248,0.40977600000000003,0.42735684562236104,0.4,0.493613600730896,0.49321875786781316,0.448,188,112,0.38580974842767296,,,500,0.552,0.9970703125,138,62,0.0,0.0,color_jitter__brightness=0.8_contrast=0.8_saturation=0.8,color_jitter,"{""brightness"":0.8,""contrast"":0.8,""saturation"":0.8}"
b1,hard_dfgan,Hard DFGAN,14,legacy_single_stage,Color jitter 1.2/1.2/1.2,0.484,0.4384640000000001,0.4467603156741058,0.45799999999999996,0.4957921802997589,0.49552053213119507,0.568,129,142,0.4576333601514624,,,500,0.432,0.9970703125,108,121,0.0,0.0,color_jitter__brightness=1.2_contrast=1.2_saturation=1.2,color_jitter,"{""brightness"":1.2,""contrast"":1.2,""saturation"":1.2}"
b1,hard_dfgan,Hard DFGAN,15,legacy_single_stage,Center crop ratio=0.8,0.516,0.449784,0.4524067932415377,0.488,0.4953373372554779,0.49525976181030273,0.54,121,135,0.48759827704920655,,,500,0.46,0.9970703125,115,129,0.0,0.0,center_crop__ratio=0.8,center_crop,"{""ratio"":0.8}"
b1,hard_dfgan,Hard DFGAN,16,legacy_two_stage,2-stage resize 0.5 + JPEG Q70,0.452,0.46566399999999997,0.46036226895384247,0.472,0.49487099051475525,0.49510055780410767,0.508,137,127,0.4717887154861945,,,500,0.492,0.9970703125,123,113,0.0,0.0,resize__interpolation=bicubic_scale=0.5__jpeg__quality=70,combo_resize_jpeg,"{""transforms"":[{""name"":""resize"",""params"":{""interpolation"":""bicubic"",""scale"":0.5}},{""name"":""jpeg"",""params"":{""quality"":70}}]}"
b1,hard_dfgan,Hard DFGAN,17,legacy_two_stage,2-stage crop 0.8 + JPEG Q50,0.52,0.473136,0.464265368045317,0.5,0.49526917934417725,0.4953964948654175,0.52,120,130,0.49979991996798717,,,500,0.48,0.9970703125,120,130,0.0,0.0,center_crop__ratio=0.8__jpeg__quality=50,combo_crop_jpeg,"{""transforms"":[{""name"":""center_crop"",""params"":{""ratio"":0.8}},{""name"":""jpeg"",""params"":{""quality"":50}}]}"
b1,hard_dfgan,Hard DFGAN,18,new_four_stage_a,4-stage A platform repost,0.648,0.511408,0.4883215476437283,0.54,0.4957793951034546,0.4961532950401306,0.568,88,142,0.5345712389308899,,,500,0.432,0.9970703125,108,162,0.0,0.0,center_crop__ratio=0.85__resize__interpolation=bicubic_scale=0.5__gaussian_blur__sigma=1.0__jpeg__quality=50,combo_four_stage_platform_repost,"{""transforms"":[{""name"":""center_crop"",""params"":{""ratio"":0.85}},{""name"":""resize"",""params"":{""interpolation"":""bicubic"",""scale"":0.5}},{""name"":""gaussian_blur"",""params"":{""sigma"":1.0}},{""name"":""jpeg"",""params"":{""quality"":50}}]}"
b1,hard_dfgan,Hard DFGAN,19,new_four_stage_b,4-stage B edit repost,0.688,0.478472,0.47273178093601426,0.506,0.4962741732597351,0.49644041061401367,0.676,78,169,0.48907615868012033,,,500,0.324,0.9970703125,81,172,0.0,0.012,color_jitter__brightness=1.15_contrast=1.15_saturation=0.85__resize__interpolation=bilinear_scale=0.5__gaussian_noise__sigma=0.05__jpeg__quality=50,combo_four_stage_edit_repost,"{""transforms"":[{""name"":""color_jitter"",""params"":{""brightness"":1.15,""contrast"":1.15,""saturation"":0.85}},{""name"":""resize"",""params"":{""interpolation"":""bilinear"",""scale"":0.5}},{""name"":""gaussian_noise"",""params"":{""seed"":20260829,""sigma"":0.05}},{""name"":""jpeg"",""params"":{""quality"":50}}]}"
b1,hard_dfgan,Hard DFGAN,20,new_six_stage,6-stage random composition,0.724,0.502832,0.4913792060331551,0.512,0.49694448709487915,0.49708205461502075,0.7,69,175,0.4890351979360372,,,500,0.3,0.9970703125,75,181,0.0,0.0,strict_random_six__profile=full_training_range_v1,strict_random_six,"{""profile"":""full_training_range_v1"",""seed"":20260829}"
b1,hard_galip,Hard GALIP,0,clean,Clean,0.372,0.406016,0.4315237578892415,0.43,0.49498453736305237,0.4942373037338257,0.512,157,128,0.42807604782488295,,,500,0.488,0.9970703125,122,93,0.0,0.004,clean,clean,{}
b1,hard_galip,Hard GALIP,1,legacy_single_stage,JPEG Q90,0.368,0.407848,0.43217078104779183,0.432,0.49490997195243835,0.4941787123680115,0.504,158,126,0.4296639033481139,,,500,0.496,0.9970703125,124,92,0.0,0.004,jpeg__quality=90,jpeg,"{""quality"":90}"
b1,hard_galip,Hard GALIP,2,legacy_single_stage,JPEG Q70,0.388,0.43063999999999997,0.44368944053407333,0.466,0.4947042167186737,0.4941445589065552,0.456,153,114,0.4627312569673896,,,500,0.544,0.9970703125,136,97,0.0,0.0,jpeg__quality=70,jpeg,"{""quality"":70}"
b1,hard_galip,Hard GALIP,3,legacy_single_stage,JPEG Q50,0.384,0.43984,0.44997699055128626,0.458,0.4946902096271515,0.49418652057647705,0.468,154,117,0.4550156657858433,,,500,0.532,0.9970703125,133,96,0.0,0.0,jpeg__quality=50,jpeg,"{""quality"":50}"
b1,hard_galip,Hard GALIP,4,legacy_single_stage,JPEG Q30,0.42,0.434328,0.44516169857786814,0.46199999999999997,0.49510428309440613,0.4948173577785492,0.496,145,124,0.4610492909492344,,,500,0.504,0.9970703125,126,105,0.0,0.004,jpeg__quality=30,jpeg,"{""quality"":30}"
b1,hard_galip,Hard GALIP,5,legacy_single_stage,Gaussian blur sigma=0.5,0.36,0.408856,0.43215555528978145,0.432,0.49468401074409485,0.4941045045852661,0.496,160,124,0.42904014410705094,,,500,0.504,0.9970703125,126,90,0.0,0.004,gaussian_blur__sigma=0.5,gaussian_blur,"{""sigma"":0.5}"
b1,hard_galip,Hard GALIP,6,legacy_single_stage,Gaussian blur sigma=1.0,0.416,0.421232,0.43886898016550513,0.43,0.4951288104057312,0.49498045444488525,0.556,146,139,0.42988825809858733,,,500,0.444,0.9970703125,111,104,0.0,0.004,gaussian_blur__sigma=1.0,gaussian_blur,"{""sigma"":1.0}"
b1,hard_galip,Hard GALIP,7,legacy_single_stage,Gaussian blur sigma=2.0,0.564,0.450672,0.4571980127986719,0.46799999999999997,0.4961375892162323,0.49626463651657104,0.628,109,157,0.4630514824623732,,,500,0.372,0.9970703125,93,141,0.0,0.008,gaussian_blur__sigma=2.0,gaussian_blur,"{""sigma"":2.0}"
b1,hard_galip,Hard GALIP,8,legacy_single_stage,Resize 0.5 bicubic,0.448,0.438288,0.44893723049817064,0.45,0.4951254725456238,0.4950859546661377,0.548,138,137,0.44999779999119993,,,500,0.452,0.9970703125,113,112,0.0,0.004,resize__interpolation=bicubic_scale=0.5,resize,"{""interpolation"":""bicubic"",""scale"":0.5}"
b1,hard_galip,Hard GALIP,9,legacy_single_stage,Resize 0.25 bilinear,0.592,0.45334399999999997,0.46408166060986955,0.486,0.4962559640407562,0.49631738662719727,0.62,102,155,0.4801590672799576,,,500,0.38,0.9970703125,95,148,0.0,0.016,resize__interpolation=bilinear_scale=0.25,resize,"{""interpolation"":""bilinear"",""scale"":0.25}"
b1,hard_galip,Hard GALIP,10,legacy_single_stage,Gaussian noise sigma=0.02,0.372,0.411312,0.4346260301133381,0.44,0.49485164880752563,0.4943320155143738,0.492,157,123,0.437398530806449,,,500,0.508,0.9970703125,127,93,0.0,0.0,gaussian_noise__sigma=0.02,gaussian_noise,"{""seed"":20260827,""sigma"":0.02}"
b1,hard_galip,Hard GALIP,11,legacy_single_stage,Gaussian noise sigma=0.05,0.468,0.43620000000000003,0.45023281838620327,0.476,0.49542000889778137,0.49521970748901367,0.516,133,129,0.4759664618535586,,,500,0.484,0.9970703125,121,117,0.0,0.012,gaussian_noise__sigma=0.05,gaussian_noise,"{""seed"":20260827,""sigma"":0.05}"
b1,hard_galip,Hard GALIP,12,legacy_single_stage,Gaussian noise sigma=0.10,0.588,0.474136,0.47686262715174466,0.47,0.4964519739151001,0.4964931607246399,0.648,103,162,0.46251607381175486,,,500,0.352,0.9970703125,88,147,0.0,0.008,gaussian_noise__sigma=0.1,gaussian_noise,"{""seed"":20260827,""sigma"":0.1}"
b1,hard_galip,Hard GALIP,13,legacy_single_stage,Color jitter 0.8/0.8/0.8,0.292,0.393824,0.42262131623343385,0.42200000000000004,0.4936288595199585,0.49266994524002083,0.448,177,112,0.41206387956464247,,,500,0.552,0.9970703125,138,73,0.0,0.0,color_jitter__brightness=0.8_contrast=0.8_saturation=0.8,color_jitter,"{""brightness"":0.8,""contrast"":0.8,""saturation"":0.8}"
b1,hard_galip,Hard GALIP,14,legacy_single_stage,Color jitter 1.2/1.2/1.2,0.452,0.4166,0.4376413504647582,0.442,0.4957931339740753,0.4952939748764038,0.568,137,142,0.44194419441944194,,,500,0.432,0.9970703125,108,113,0.0,0.004,color_jitter__brightness=1.2_contrast=1.2_saturation=1.2,color_jitter,"{""brightness"":1.2,""contrast"":1.2,""saturation"":1.2}"
b1,hard_galip,Hard GALIP,15,legacy_single_stage,Center crop ratio=0.8,0.392,0.383408,0.4213796112659389,0.42600000000000005,0.49537232518196106,0.4945107400417328,0.54,152,135,0.425335688055392,,,500,0.46,0.9970703125,115,98,0.0,0.008,center_crop__ratio=0.8,center_crop,"{""ratio"":0.8}"
b1,hard_galip,Hard GALIP,16,legacy_two_stage,2-stage resize 0.5 + JPEG Q70,0.412,0.435944,0.44683272527383366,0.45199999999999996,0.4948749244213104,0.49476855993270874,0.508,147,127,0.4511217948717948,,,500,0.492,0.9970703125,123,103,0.0,0.004,resize__interpolation=bicubic_scale=0.5__jpeg__quality=70,combo_resize_jpeg,"{""transforms"":[{""name"":""resize"",""params"":{""interpolation"":""bicubic"",""scale"":0.5}},{""name"":""jpeg"",""params"":{""quality"":70}}]}"
b1,hard_galip,Hard GALIP,17,legacy_two_stage,2-stage crop 0.8 + JPEG Q50,0.416,0.40485599999999994,0.43294611677245265,0.44799999999999995,0.49530184268951416,0.4943769574165344,0.52,146,130,0.447434172592735,,,500,0.48,0.9970703125,120,104,0.0,0.008,center_crop__ratio=0.8__jpeg__quality=50,combo_crop_jpeg,"{""transforms"":[{""name"":""center_crop"",""params"":{""ratio"":0.8}},{""name"":""jpeg"",""params"":{""quality"":50}}]}"
b1,hard_galip,Hard GALIP,18,new_four_stage_a,4-stage A platform repost,0.492,0.43212799999999996,0.44372362833071277,0.46199999999999997,0.49579697847366333,0.495370090007782,0.568,127,142,0.46151536382744474,,,500,0.432,0.9970703125,108,123,0.0,0.008,center_crop__ratio=0.85__resize__interpolation=bicubic_scale=0.5__gaussian_blur__sigma=1.0__jpeg__quality=50,combo_four_stage_platform_repost,"{""transforms"":[{""name"":""center_crop"",""params"":{""ratio"":0.85}},{""name"":""resize"",""params"":{""interpolation"":""bicubic"",""scale"":0.5}},{""name"":""gaussian_blur"",""params"":{""sigma"":1.0}},{""name"":""jpeg"",""params"":{""quality"":50}}]}"
b1,hard_galip,Hard GALIP,19,new_four_stage_b,4-stage B edit repost,0.572,0.45428799999999997,0.4631214706479922,0.44799999999999995,0.4962753653526306,0.49632519483566284,0.676,107,169,0.4393799054258275,,,500,0.324,0.9970703125,81,143,0.0,0.02,color_jitter__brightness=1.15_contrast=1.15_saturation=0.85__resize__interpolation=bilinear_scale=0.5__gaussian_noise__sigma=0.05__jpeg__quality=50,combo_four_stage_edit_repost,"{""transforms"":[{""name"":""color_jitter"",""params"":{""brightness"":1.15,""contrast"":1.15,""saturation"":0.85}},{""name"":""resize"",""params"":{""interpolation"":""bilinear"",""scale"":0.5}},{""name"":""gaussian_noise"",""params"":{""seed"":20260829,""sigma"":0.05}},{""name"":""jpeg"",""params"":{""quality"":50}}]}"
b1,hard_galip,Hard GALIP,20,new_six_stage,6-stage random composition,0.624,0.47104,0.485786457999993,0.46199999999999997,0.4969518482685089,0.49665915966033936,0.7,94,175,0.44750019512074896,,,500,0.3,0.9970703125,75,156,0.0,0.0,strict_random_six__profile=full_training_range_v1,strict_random_six,"{""profile"":""full_training_range_v1"",""seed"":20260829}"
b1,seen_family,Seen-family,0,clean,Clean,0.48,0.5950964999999999,0.55283149520764,0.5515,0.4797784090042114,0.48515846791863443,0.377,520,377,0.5491953740509922,,,2000,0.623,0.9970703125,623,480,0.0,0.012,clean,clean,{}
b1,seen_family,Seen-family,1,legacy_single_stage,JPEG Q90,0.477,0.5953695,0.553489793342598,0.55,0.47989621758461,0.4852185144722461,0.377,523,377,0.5475891023262969,,,2000,0.623,0.9970703125,623,477,0.0,0.013,jpeg__quality=90,jpeg,"{""quality"":90}"
b1,seen_family,Seen-family,2,legacy_single_stage,JPEG Q70,0.47,0.5861035,0.5437760538708801,0.55,0.4819525480270386,0.4866274583637714,0.37,530,370,0.5471014492753623,,,2000,0.63,0.9970703125,630,470,0.0,0.013,jpeg__quality=70,jpeg,"{""quality"":70}"
b1,seen_family,Seen-family,3,legacy_single_stage,JPEG Q50,0.474,0.5862814999999999,0.5429971333845922,0.5455,0.4830968976020813,0.48743114224076267,0.383,526,383,0.5431645429346175,,,2000,0.617,0.9970703125,617,474,0.0,0.014,jpeg__quality=50,jpeg,"{""quality"":50}"
b1,seen_family,Seen-family,4,legacy_single_stage,JPEG Q30,0.478,0.5814934999999999,0.5383612417601,0.5445,0.48419517278671265,0.48813209140300745,0.389,522,389,0.5424767176646927,,,2000,0.611,0.9970703125,611,478,0.0,0.01,jpeg__quality=30,jpeg,"{""quality"":30}"
b1,seen_family,Seen-family,5,legacy_single_stage,Gaussian blur sigma=0.5,0.463,0.587688,0.5428918155841873,0.5405,0.4801681935787201,0.485384523332119,0.382,537,382,0.5377234514804545,,,2000,0.618,0.9970703125,618,463,0.0,0.008,gaussian_blur__sigma=0.5,gaussian_blur,"{""sigma"":0.5}"
b1,seen_family,Seen-family,6,legacy_single_stage,Gaussian blur sigma=1.0,0.5,0.5759639999999999,0.5340045757360034,0.5425,0.48492956161499023,0.48867091810703284,0.415,500,415,0.5416721453124707,,,2000,0.585,0.9970703125,585,500,0.0,0.006,gaussian_blur__sigma=1.0,gaussian_blur,"{""sigma"":1.0}"
b1,seen_family,Seen-family,7,legacy_single_stage,Gaussian blur sigma=2.0,0.58,0.568078,0.5307634679828209,0.55,0.49017083644866943,0.4924919303059578,0.48,420,480,0.5495946351716545,,,2000,0.52,0.9970703125,520,580,0.0,0.011,gaussian_blur__sigma=2.0,gaussian_blur,"{""sigma"":2.0}"
b1,seen_family,Seen-family,8,legacy_single_stage,Resize 0.5 bicubic,0.531,0.5854545,0.542647001986909,0.5609999999999999,0.4851542115211487,0.48886353695392615,0.409,469,409,0.5606045440896807,,,2000,0.591,0.9970703125,591,531,0.0,0.008,resize__interpolation=bicubic_scale=0.5,resize,"{""interpolation"":""bicubic"",""scale"":0.5}"
b1,seen_family,Seen-family,9,legacy_single_stage,Resize 0.25 bilinear,0.583,0.5663965000000002,0.5295346240446763,0.5545,0.49086523056030273,0.49287229552865025,0.474,417,474,0.5541378484674178,,,2000,0.526,0.9970703125,526,583,0.0,0.016,resize__interpolation=bilinear_scale=0.25,resize,"{""interpolation"":""bilinear"",""scale"":0.25}"
b1,seen_family,Seen-family,10,legacy_single_stage,Gaussian noise sigma=0.02,0.452,0.5829155,0.541324158094393,0.5455,0.48334595561027527,0.48753076058626177,0.361,548,361,0.5414916049836684,,,2000,0.639,0.9970703125,639,452,0.012,0.012,gaussian_noise__sigma=0.02,gaussian_noise,"{""seed"":20260827,""sigma"":0.02}"
b1,seen_family,Seen-family,11,legacy_single_stage,Gaussian noise sigma=0.05,0.499,0.5633595000000001,0.5288574581057207,0.5415,0.4909784495830536,0.4925795679390431,0.416,501,416,0.5406703357940279,,,2000,0.584,0.9970703125,584,499,0.0,0.016,gaussian_noise__sigma=0.05,gaussian_noise,"{""seed"":20260827,""sigma"":0.05}"
b1,seen_family,Seen-family,12,legacy_single_stage,Gaussian noise sigma=0.10,0.64,0.530623,0.5154646525331193,0.526,0.4960951507091522,0.49632859230041504,0.588,360,588,0.5197587851720966,,,2000,0.412,0.9970703125,412,640,0.0,0.007,gaussian_noise__sigma=0.1,gaussian_noise,"{""seed"":20260827,""sigma"":0.1}"
b1,seen_family,Seen-family,13,legacy_single_stage,Color jitter 0.8/0.8/0.8,0.375,0.578686,0.5431315711746209,0.5295000000000001,0.47876402735710144,0.4836469525396823,0.316,625,316,0.5179944059690835,,,2000,0.684,0.9970703125,684,375,0.0,0.008,color_jitter__brightness=0.8_contrast=0.8_saturation=0.8,color_jitter,"{""brightness"":0.8,""contrast"":0.8,""saturation"":0.8}"
b1,seen_family,Seen-family,14,legacy_single_stage,Color jitter 1.2/1.2/1.2,0.532,0.591121,0.552756281039055,0.552,0.4805906414985657,0.48590820959210396,0.428,468,428,0.5518207282913166,,,2000,0.572,0.9970703125,572,532,0.0,0.013,color_jitter__brightness=1.2_contrast=1.2_saturation=1.2,color_jitter,"{""brightness"":1.2,""contrast"":1.2,""saturation"":1.2}"
b1,seen_family,Seen-family,15,legacy_single_stage,Center crop ratio=0.8,0.491,0.5918645,0.5473546961308109,0.5549999999999999,0.48197460174560547,0.4868984204828739,0.381,509,381,0.5531697834329413,,,2000,0.619,0.9970703125,619,491,0.0,0.009,center_crop__ratio=0.8,center_crop,"{""ratio"":0.8}"
b1,seen_family,Seen-family,16,legacy_two_stage,2-stage resize 0.5 + JPEG Q70,0.481,0.574745,0.535780928375276,0.5455,0.4855256676673889,0.4889179897010327,0.39,519,390,0.5436012671717513,,,2000,0.61,0.9970703125,610,481,0.0,0.01,resize__interpolation=bicubic_scale=0.5__jpeg__quality=70,combo_resize_jpeg,"{""transforms"":[{""name"":""resize"",""params"":{""interpolation"":""bicubic"",""scale"":0.5}},{""name"":""jpeg"",""params"":{""quality"":70}}]}"
b1,seen_family,Seen-family,17,legacy_two_stage,2-stage crop 0.8 + JPEG Q50,0.477,0.5870774999999999,0.5433376698730006,0.5485,0.4827130436897278,0.48731787300109863,0.38,523,380,0.5461799584928049,,,2000,0.62,0.9970703125,620,477,0.0,0.009,center_crop__ratio=0.8__jpeg__quality=50,combo_crop_jpeg,"{""transforms"":[{""name"":""center_crop"",""params"":{""ratio"":0.8}},{""name"":""jpeg"",""params"":{""quality"":50}}]}"
b1,seen_family,Seen-family,18,new_four_stage_a,4-stage A platform repost,0.523,0.582915,0.54189119112703,0.5609999999999999,0.4870370030403137,0.49038915276527406,0.401,477,401,0.5603651673015835,,,2000,0.599,0.9970703125,599,523,0.0,0.012,center_crop__ratio=0.85__resize__interpolation=bicubic_scale=0.5__gaussian_blur__sigma=1.0__jpeg__quality=50,combo_four_stage_platform_repost,"{""transforms"":[{""name"":""center_crop"",""params"":{""ratio"":0.85}},{""name"":""resize"",""params"":{""interpolation"":""bicubic"",""scale"":0.5}},{""name"":""gaussian_blur"",""params"":{""sigma"":1.0}},{""name"":""jpeg"",""params"":{""quality"":50}}]}"
b1,seen_family,Seen-family,19,new_four_stage_b,4-stage B edit repost,0.613,0.571474,0.543002135205214,0.5515,0.4921342730522156,0.49372898942232124,0.51,387,510,0.5497972205373776,,,2000,0.49,0.9970703125,490,613,0.0,0.021,color_jitter__brightness=1.15_contrast=1.15_saturation=0.85__resize__interpolation=bilinear_scale=0.5__gaussian_noise__sigma=0.05__jpeg__quality=50,combo_four_stage_edit_repost,"{""transforms"":[{""name"":""color_jitter"",""params"":{""brightness"":1.15,""contrast"":1.15,""saturation"":0.85}},{""name"":""resize"",""params"":{""interpolation"":""bilinear"",""scale"":0.5}},{""name"":""gaussian_noise"",""params"":{""seed"":20260829,""sigma"":0.05}},{""name"":""jpeg"",""params"":{""quality"":50}}]}"
b1,seen_family,Seen-family,20,new_six_stage,6-stage random composition,0.654,0.573991,0.5487338613206887,0.546,0.4937684237957001,0.4949477607607841,0.562,346,562,0.5406420488578783,,,2000,0.438,0.9970703125,438,654,0.0,0.057,strict_random_six__profile=full_training_range_v1,strict_random_six,"{""profile"":""full_training_range_v1"",""seed"":20260829}"
b1,unseen_generator,Unseen-generator,0,clean,Clean,0.76,0.7594545,0.707299772606551,0.704,0.4797551929950714,0.48781419968605044,0.352,240,352,0.7030688238315357,,,2000,0.648,0.9970703125,648,760,0.0,0.056,clean,clean,{}
b1,unseen_generator,Unseen-generator,1,legacy_single_stage,JPEG Q90,0.757,0.759617,0.7078207843035419,0.7030000000000001,0.47986307740211487,0.48786891922354697,0.351,243,351,0.7021314152067428,,,2000,0.649,0.9970703125,649,757,0.0,0.058,jpeg__quality=90,jpeg,"{""quality"":90}"
b1,unseen_generator,Unseen-generator,2,legacy_single_stage,JPEG Q70,0.707,0.7411544999999999,0.6876873453452518,0.6819999999999999,0.4822719097137451,0.48904104265570647,0.343,293,343,0.6818011257035648,,,2000,0.657,0.9970703125,657,707,0.0,0.048,jpeg__quality=70,jpeg,"{""quality"":70}"
b1,unseen_generator,Unseen-generator,3,legacy_single_stage,JPEG Q50,0.706,0.7378939999999998,0.6836846536936753,0.6799999999999999,0.483109712600708,0.48950733575224875,0.346,294,346,0.6797835336687601,,,2000,0.654,0.9970703125,654,706,0.0,0.045,jpeg__quality=50,jpeg,"{""quality"":50}"
b1,unseen_generator,Unseen-generator,4,legacy_single_stage,JPEG Q30,0.693,0.7218465000000001,0.6674870380575405,0.6695,0.48447707295417786,0.4902192388772965,0.354,307,354,0.6693173805233941,,,2000,0.646,0.9970703125,646,693,0.0,0.037,jpeg__quality=30,jpeg,"{""quality"":30}"
b1,unseen_generator,Unseen-generator,5,legacy_single_stage,Gaussian blur sigma=0.5,0.734,0.7485645,0.6947398794269202,0.6930000000000001,0.48006027936935425,0.4878723402619362,0.348,266,348,0.6924830640306354,,,2000,0.652,0.9970703125,652,734,0.0,0.051,gaussian_blur__sigma=0.5,gaussian_blur,"{""sigma"":0.5}"
b1,unseen_generator,Unseen-generator,6,legacy_single_stage,Gaussian blur sigma=1.0,0.708,0.7119794999999999,0.6577782256707059,0.6565,0.4844176173210144,0.49029221454262734,0.395,292,395,0.6555865293725283,,,2000,0.605,0.9970703125,605,708,0.0,0.05,gaussian_blur__sigma=1.0,gaussian_blur,"{""sigma"":1.0}"
b1,unseen_generator,Unseen-generator,7,legacy_single_stage,Gaussian blur sigma=2.0,0.695,0.6514289999999999,0.6030123208331278,0.611,0.4904835820198059,0.49355786067247387,0.473,305,473,0.6082357111780725,,,2000,0.527,0.9970703125,527,695,0.0,0.029,gaussian_blur__sigma=2.0,gaussian_blur,"{""sigma"":2.0}"
b1,unseen_generator,Unseen-generator,8,legacy_single_stage,Resize 0.5 bicubic,0.712,0.7170245,0.6652372919234747,0.6645,0.4847886860370636,0.4905317494273186,0.383,288,383,0.6637413163450034,,,2000,0.617,0.9970703125,617,712,0.0,0.049,resize__interpolation=bicubic_scale=0.5,resize,"{""interpolation"":""bicubic"",""scale"":0.5}"
b1,unseen_generator,Unseen-generator,9,legacy_single_stage,Resize 0.25 bilinear,0.645,0.618818,0.5749250173119937,0.5860000000000001,0.4910197854042053,0.49364646801352496,0.473,355,473,0.5845538318888049,,,2000,0.527,0.9970703125,527,645,0.0,0.02,resize__interpolation=bilinear_scale=0.25,resize,"{""interpolation"":""bilinear"",""scale"":0.25}"
b1,unseen_generator,Unseen-generator,10,legacy_single_stage,Gaussian noise sigma=0.02,0.696,0.7285085,0.6772616032481914,0.6725,0.4831050634384155,0.4894714180827141,0.351,304,351,0.6723190381888398,,,2000,0.649,0.9970703125,649,696,0.0,0.049,gaussian_noise__sigma=0.02,gaussian_noise,"{""seed"":20260827,""sigma"":0.02}"
b1,unseen_generator,Unseen-generator,11,legacy_single_stage,Gaussian noise sigma=0.05,0.661,0.6601055,0.6166653424298673,0.6234999999999999,0.49088966846466064,0.49351830047369005,0.414,339,414,0.6229698012830542,,,2000,0.586,0.9970703125,586,661,0.0,0.036,gaussian_noise__sigma=0.05,gaussian_noise,"{""seed"":20260827,""sigma"":0.05}"
b1,unseen_generator,Unseen-generator,12,legacy_single_stage,Gaussian noise sigma=0.10,0.647,0.5446440000000001,0.5319865050154825,0.5305,0.4959139823913574,0.49619436264038086,0.586,353,586,0.524040153979853,,,2000,0.414,0.9970703125,414,647,0.0,0.032,gaussian_noise__sigma=0.1,gaussian_noise,"{""seed"":20260827,""sigma"":0.1}"
b1,unseen_generator,Unseen-generator,13,legacy_single_stage,Color jitter 0.8/0.8/0.8,0.654,0.745008,0.695356301673487,0.6845,0.47813016176223755,0.48643382862210266,0.285,346,285,0.6842062328481069,,,2000,0.715,0.9970703125,715,654,0.0,0.041,color_jitter__brightness=0.8_contrast=0.8_saturation=0.8,color_jitter,"{""brightness"":0.8,""contrast"":0.8,""saturation"":0.8}"
b1,unseen_generator,Unseen-generator,14,legacy_single_stage,Color jitter 1.2/1.2/1.2,0.803,0.7544744999999999,0.6986586289171751,0.704,0.48016080260276794,0.4881694163382053,0.395,197,395,0.7010701889216209,,,2000,0.605,0.9970703125,605,803,0.0,0.064,color_jitter__brightness=1.2_contrast=1.2_saturation=1.2,color_jitter,"{""brightness"":1.2,""contrast"":1.2,""saturation"":1.2}"
b1,unseen_generator,Unseen-generator,15,legacy_single_stage,Center crop ratio=0.8,0.728,0.7344634999999999,0.6834036537561625,0.6890000000000001,0.48328858613967896,0.48942408633232115,0.35,272,350,0.6885262484238527,,,2000,0.65,0.9970703125,650,728,0.0,0.047,center_crop__ratio=0.8,center_crop,"{""ratio"":0.8}"
b1,unseen_generator,Unseen-generator,16,legacy_two_stage,2-stage resize 0.5 + JPEG Q70,0.678,0.7089924999999999,0.657230908169469,0.6495,0.4850426912307739,0.49049142971634874,0.379,322,379,0.6492150749446237,,,2000,0.621,0.9970703125,621,678,0.0,0.042,resize__interpolation=bicubic_scale=0.5__jpeg__quality=70,combo_resize_jpeg,"{""transforms"":[{""name"":""resize"",""params"":{""interpolation"":""bicubic"",""scale"":0.5}},{""name"":""jpeg"",""params"":{""quality"":70}}]}"
b1,unseen_generator,Unseen-generator,17,legacy_two_stage,2-stage crop 0.8 + JPEG Q50,0.702,0.7272789999999999,0.6729815597554569,0.6775,0.48362264037132263,0.4895234202444553,0.347,298,347,0.6773063031084409,,,2000,0.653,0.9970703125,653,702,0.0,0.033,center_crop__ratio=0.8__jpeg__quality=50,combo_crop_jpeg,"{""transforms"":[{""name"":""center_crop"",""params"":{""ratio"":0.8}},{""name"":""jpeg"",""params"":{""quality"":50}}]}"
b1,unseen_generator,Unseen-generator,18,new_four_stage_a,4-stage A platform repost,0.664,0.6774375,0.6240045595306539,0.6395,0.4874972403049469,0.4916467325389386,0.385,336,385,0.6392834799088153,,,2000,0.615,0.9970703125,615,664,0.0,0.032,center_crop__ratio=0.85__resize__interpolation=bicubic_scale=0.5__gaussian_blur__sigma=1.0__jpeg__quality=50,combo_four_stage_platform_repost,"{""transforms"":[{""name"":""center_crop"",""params"":{""ratio"":0.85}},{""name"":""resize"",""params"":{""interpolation"":""bicubic"",""scale"":0.5}},{""name"":""gaussian_blur"",""params"":{""sigma"":1.0}},{""name"":""jpeg"",""params"":{""quality"":50}}]}"
b1,unseen_generator,Unseen-generator,19,new_four_stage_b,4-stage B edit repost,0.656,0.6109834999999999,0.5758260940940692,0.5760000000000001,0.4925043284893036,0.4944475156068802,0.504,344,504,0.573268921095008,,,2000,0.496,0.9970703125,496,656,0.0,0.034,color_jitter__brightness=1.15_contrast=1.15_saturation=0.85__resize__interpolation=bilinear_scale=0.5__gaussian_noise__sigma=0.05__jpeg__quality=50,combo_four_stage_edit_repost,"{""transforms"":[{""name"":""color_jitter"",""params"":{""brightness"":1.15,""contrast"":1.15,""saturation"":0.85}},{""name"":""resize"",""params"":{""interpolation"":""bilinear"",""scale"":0.5}},{""name"":""gaussian_noise"",""params"":{""seed"":20260829,""sigma"":0.05}},{""name"":""jpeg"",""params"":{""quality"":50}}]}"
b1,unseen_generator,Unseen-generator,20,new_six_stage,6-stage random composition,0.671,0.5584045000000001,0.5361996298997205,0.5505,0.49492210149765015,0.4956471928954124,0.57,329,570,0.5438769797147024,,,2000,0.43,0.9970703125,430,671,0.0,0.048,strict_random_six__profile=full_training_range_v1,strict_random_six,"{""profile"":""full_training_range_v1"",""seed"":20260829}"
b2,exact_seen_generator,Exact-seen generator,0,clean,Clean,0.681,0.7832385,0.7723234553114912,0.7195,0.47677838802337646,0.48368992656469345,0.242,319,242,0.7190836116834178,,,2000,0.758,0.99267578125,758,681,0.127,0.254,clean,clean,{}
b2,exact_seen_generator,Exact-seen generator,1,legacy_single_stage,JPEG Q90,0.707,0.7889090000000001,0.7767374868149856,0.726,0.47676795721054077,0.48385643565654757,0.255,293,255,0.7259010502791508,,,2000,0.745,0.99267578125,745,707,0.122,0.276,jpeg__quality=90,jpeg,"{""quality"":90}"
b2,exact_seen_generator,Exact-seen generator,2,legacy_single_stage,JPEG Q70,0.703,0.7992585,0.7833769378418348,0.729,0.48013782501220703,0.4861113239824772,0.245,297,245,0.7288166800757312,,,2000,0.755,0.99267578125,755,703,0.079,0.273,jpeg__quality=70,jpeg,"{""quality"":70}"
b2,exact_seen_generator,Exact-seen generator,3,legacy_single_stage,JPEG Q50,0.571,0.7966515,0.7804544532150742,0.7104999999999999,0.4767894148826599,0.4833977261185646,0.15,429,150,0.7047544477416647,,,2000,0.85,0.99267578125,850,571,0.11,0.282,jpeg__quality=50,jpeg,"{""quality"":50}"
b2,exact_seen_generator,Exact-seen generator,4,legacy_single_stage,JPEG Q30,0.56,0.77805,0.7627187235133438,0.6885,0.4778389632701874,0.48387793764472015,0.183,440,183,0.6832700763176766,,,2000,0.817,0.99267578125,817,560,0.102,0.268,jpeg__quality=30,jpeg,"{""quality"":30}"
b2,exact_seen_generator,Exact-seen generator,5,legacy_single_stage,Gaussian blur sigma=0.5,0.55,0.7986264999999999,0.7846815909175846,0.7050000000000001,0.4704222083091736,0.47922364854812627,0.14,450,140,0.6977381592766208,,,2000,0.86,0.99267578125,860,550,0.114,0.267,gaussian_blur__sigma=0.5,gaussian_blur,"{""sigma"":0.5}"
b2,exact_seen_generator,Exact-seen generator,6,legacy_single_stage,Gaussian blur sigma=1.0,0.063,0.7789174999999999,0.7583559152018635,0.5275,0.4336435794830322,0.4487224383950233,0.008,937,8,0.39750567348824134,,,2000,0.992,0.99267578125,992,63,0.074,0.241,gaussian_blur__sigma=1.0,gaussian_blur,"{""sigma"":1.0}"
b2,exact_seen_generator,Exact-seen generator,7,legacy_single_stage,Gaussian blur sigma=2.0,0.013,0.7900544999999999,0.7732863718389744,0.506,0.42743098735809326,0.44226365196704864,0.001,987,1,0.34738179882185244,,,2000,0.999,0.99267578125,999,13,0.101,0.25,gaussian_blur__sigma=2.0,gaussian_blur,"{""sigma"":2.0}"
b2,exact_seen_generator,Exact-seen generator,8,legacy_single_stage,Resize 0.5 bicubic,0.002,0.802347,0.7877284903251178,0.501,0.41897961497306824,0.4351604116559028,0.0,998,0,0.33555171178656695,,,2000,1.0,0.99267578125,1000,2,0.109,0.293,resize__interpolation=bicubic_scale=0.5,resize,"{""interpolation"":""bicubic"",""scale"":0.5}"
b2,exact_seen_generator,Exact-seen generator,9,legacy_single_stage,Resize 0.25 bilinear,0.001,0.7551185,0.7357939869306249,0.5005,0.41707843542099,0.4296765030622482,0.0,999,0,0.3344434824928323,,,2000,1.0,0.99267578125,1000,1,0.085,0.212,resize__interpolation=bilinear_scale=0.25,resize,"{""interpolation"":""bilinear"",""scale"":0.25}"
b2,exact_seen_generator,Exact-seen generator,10,legacy_single_stage,Gaussian noise sigma=0.02,0.001,0.802964,0.7990952158017719,0.5,0.36486026644706726,0.38454626908898354,0.001,999,1,0.33422015209074846,,,2000,0.999,0.99267578125,999,1,0.144,0.339,gaussian_noise__sigma=0.02,gaussian_noise,"{""seed"":20260827,""sigma"":0.02}"
b2,exact_seen_generator,Exact-seen generator,11,legacy_single_stage,Gaussian noise sigma=0.05,0.0,0.79552,0.7971863920279969,0.5,0.371755987405777,0.38948083147406576,0.0,1000,0,0.3333333333333333,,,2000,1.0,0.99267578125,1000,0,0.106,0.358,gaussian_noise__sigma=0.05,gaussian_noise,"{""seed"":20260827,""sigma"":0.05}"
b2,exact_seen_generator,Exact-seen generator,12,legacy_single_stage,Gaussian noise sigma=0.10,0.0,0.781329,0.7756337373789339,0.5,0.3895978629589081,0.4048039665818215,0.0,1000,0,0.3333333333333333,,,2000,1.0,0.99267578125,1000,0,0.113,0.296,gaussian_noise__sigma=0.1,gaussian_noise,"{""seed"":20260827,""sigma"":0.1}"
b2,exact_seen_generator,Exact-seen generator,13,legacy_single_stage,Color jitter 0.8/0.8/0.8,0.487,0.7285415,0.7149377709176428,0.657,0.4727344214916229,0.478999051451683,0.173,513,173,0.6467922973947071,,,2000,0.827,0.99267578125,827,487,0.032,0.201,color_jitter__brightness=0.8_contrast=0.8_saturation=0.8,color_jitter,"{""brightness"":0.8,""contrast"":0.8,""saturation"":0.8}"
b2,exact_seen_generator,Exact-seen generator,14,legacy_single_stage,Color jitter 1.2/1.2/1.2,0.226,0.7614065,0.7252351944355098,0.5845,0.43725040555000305,0.45387278628349303,0.057,774,57,0.5232236279124739,,,2000,0.943,0.99267578125,943,226,0.038,0.193,color_jitter__brightness=1.2_contrast=1.2_saturation=1.2,color_jitter,"{""brightness"":1.2,""contrast"":1.2,""saturation"":1.2}"
b2,exact_seen_generator,Exact-seen generator,15,legacy_single_stage,Center crop ratio=0.8,0.0,0.744013,0.7018925129035287,0.5,0.400218665599823,0.41420104375481603,0.0,1000,0,0.3333333333333333,,,2000,1.0,0.99267578125,1000,0,0.034,0.182,center_crop__ratio=0.8,center_crop,"{""ratio"":0.8}"
b2,exact_seen_generator,Exact-seen generator,16,legacy_two_stage,2-stage resize 0.5 + JPEG Q70,0.193,0.7369245,0.7187145241956865,0.5755,0.456149697303772,0.46604248771071444,0.042,807,42,0.5027490830288964,,,2000,0.958,0.99267578125,958,193,0.051,0.209,resize__interpolation=bicubic_scale=0.5__jpeg__quality=70,combo_resize_jpeg,"{""transforms"":[{""name"":""resize"",""params"":{""interpolation"":""bicubic"",""scale"":0.5}},{""name"":""jpeg"",""params"":{""quality"":70}}]}"
b2,exact_seen_generator,Exact-seen generator,17,legacy_two_stage,2-stage crop 0.8 + JPEG Q50,0.402,0.7542359999999999,0.7355889994397262,0.642,0.47586363554000854,0.48158127227425573,0.118,598,118,0.6201188455008488,,,2000,0.882,0.99267578125,882,402,0.034,0.245,center_crop__ratio=0.8__jpeg__quality=50,combo_crop_jpeg,"{""transforms"":[{""name"":""center_crop"",""params"":{""ratio"":0.8}},{""name"":""jpeg"",""params"":{""quality"":50}}]}"
b2,exact_seen_generator,Exact-seen generator,18,new_four_stage_a,4-stage A platform repost,0.363,0.778314,0.768938640952623,0.651,0.46966442465782166,0.47698757448792456,0.061,637,61,0.6194343638774513,,,2000,0.939,0.99267578125,939,363,0.042,0.28,center_crop__ratio=0.85__resize__interpolation=bicubic_scale=0.5__gaussian_blur__sigma=1.0__jpeg__quality=50,combo_four_stage_platform_repost,"{""transforms"":[{""name"":""center_crop"",""params"":{""ratio"":0.85}},{""name"":""resize"",""params"":{""interpolation"":""bicubic"",""scale"":0.5}},{""name"":""gaussian_blur"",""params"":{""sigma"":1.0}},{""name"":""jpeg"",""params"":{""quality"":50}}]}"
b2,exact_seen_generator,Exact-seen generator,19,new_four_stage_b,4-stage B edit repost,0.196,0.7492099999999999,0.7416315428416812,0.5815,0.46630430221557617,0.47345262178778647,0.033,804,33,0.5084507418605874,,,2000,0.967,0.99267578125,967,196,0.085,0.224,color_jitter__brightness=1.15_contrast=1.15_saturation=0.85__resize__interpolation=bilinear_scale=0.5__gaussian_noise__sigma=0.05__jpeg__quality=50,combo_four_stage_edit_repost,"{""transforms"":[{""name"":""color_jitter"",""params"":{""brightness"":1.15,""contrast"":1.15,""saturation"":0.85}},{""name"":""resize"",""params"":{""interpolation"":""bilinear"",""scale"":0.5}},{""name"":""gaussian_noise"",""params"":{""seed"":20260829,""sigma"":0.05}},{""name"":""jpeg"",""params"":{""quality"":50}}]}"
b2,exact_seen_generator,Exact-seen generator,20,new_six_stage,6-stage random composition,0.313,0.719916,0.697285091406094,0.6075,0.47510194778442383,0.48029370003938676,0.098,687,98,0.5702255549359869,,,2000,0.902,0.99267578125,902,313,0.048,0.161,strict_random_six__profile=full_training_range_v1,strict_random_six,"{""profile"":""full_training_range_v1"",""seed"":20260829}"
b2,hard_hourglass,Hard Hourglass,0,clean,Clean,0.232,0.7270639999999999,0.65520324379627,0.562,0.4521945118904114,0.4667451006174087,0.108,192,27,0.5084726742228707,,,500,0.892,0.99267578125,223,58,0.012,0.084,clean,clean,{}
b2,hard_hourglass,Hard Hourglass,1,legacy_single_stage,JPEG Q90,0.224,0.721992,0.6503616755748421,0.558,0.45353925228118896,0.46774708616733546,0.108,194,27,0.5025010017513766,,,500,0.892,0.99267578125,223,56,0.016,0.092,jpeg__quality=90,jpeg,"{""quality"":90}"
b2,hard_hourglass,Hard Hourglass,2,legacy_single_stage,JPEG Q70,0.292,0.714352,0.6470729850070697,0.572,0.4616374373435974,0.47354392337799067,0.148,177,37,0.5355902777777778,,,500,0.852,0.99267578125,213,73,0.016,0.104,jpeg__quality=70,jpeg,"{""quality"":70}"
b2,hard_hourglass,Hard Hourglass,3,legacy_single_stage,JPEG Q50,0.136,0.732816,0.6615077172139905,0.538,0.45698073506355286,0.46895994162559507,0.06,216,15,0.44894775261332354,,,500,0.94,0.99267578125,235,34,0.012,0.1,jpeg__quality=50,jpeg,"{""quality"":50}"
b2,hard_hourglass,Hard Hourglass,4,legacy_single_stage,JPEG Q30,0.104,0.62792,0.5517482157822273,0.488,0.4617193937301636,0.471028341293335,0.128,224,32,0.3994444861496884,,,500,0.872,0.99267578125,218,26,0.008,0.028,jpeg__quality=30,jpeg,"{""quality"":30}"
b2,hard_hourglass,Hard Hourglass,5,legacy_single_stage,Gaussian blur sigma=0.5,0.16,0.794344,0.731428796317663,0.5559999999999999,0.4398385286331177,0.4589609361886978,0.048,210,12,0.47342454316021176,,,500,0.952,0.99267578125,238,40,0.036,0.16,gaussian_blur__sigma=0.5,gaussian_blur,"{""sigma"":0.5}"
b2,hard_hourglass,Hard Hourglass,6,legacy_single_stage,Gaussian blur sigma=1.0,0.0,0.769504,0.7124192515805197,0.5,0.3988783061504364,0.4229521689414978,0.0,250,0,0.3333333333333333,,,500,1.0,0.99267578125,250,0,0.02,0.136,gaussian_blur__sigma=1.0,gaussian_blur,"{""sigma"":1.0}"
b2,hard_hourglass,Hard Hourglass,7,legacy_single_stage,Gaussian blur sigma=2.0,0.0,0.550608,0.5563076954877867,0.5,0.4071522057056427,0.39950438880920414,0.0,250,0,0.3333333333333333,,,500,1.0,0.99267578125,250,0,0.012,0.104,gaussian_blur__sigma=2.0,gaussian_blur,"{""sigma"":2.0}"
b2,hard_hourglass,Hard Hourglass,8,legacy_single_stage,Resize 0.5 bicubic,0.0,0.6276879999999999,0.5624088418680588,0.5,0.395595908164978,0.4011679441928863,0.0,250,0,0.3333333333333333,,,500,1.0,0.99267578125,250,0,0.004,0.056,resize__interpolation=bicubic_scale=0.5,resize,"{""interpolation"":""bicubic"",""scale"":0.5}"
b2,hard_hourglass,Hard Hourglass,9,legacy_single_stage,Resize 0.25 bilinear,0.0,0.587168,0.5765351928499443,0.5,0.40174344182014465,0.3995166025161743,0.0,250,0,0.3333333333333333,,,500,1.0,0.99267578125,250,0,0.028,0.068,resize__interpolation=bilinear_scale=0.25,resize,"{""interpolation"":""bilinear"",""scale"":0.25}"
b2,hard_hourglass,Hard Hourglass,10,legacy_single_stage,Gaussian noise sigma=0.02,0.0,0.826976,0.8203729384747402,0.5,0.3298378884792328,0.3478901480436325,0.0,250,0,0.3333333333333333,,,500,1.0,0.99267578125,250,0,0.152,0.32,gaussian_noise__sigma=0.02,gaussian_noise,"{""seed"":20260827,""sigma"":0.02}"
b2,hard_hourglass,Hard Hourglass,11,legacy_single_stage,Gaussian noise sigma=0.05,0.0,0.836376,0.8329666527738251,0.5,0.3366035521030426,0.35440088081359866,0.0,250,0,0.3333333333333333,,,500,1.0,0.99267578125,250,0,0.208,0.388,gaussian_noise__sigma=0.05,gaussian_noise,"{""seed"":20260827,""sigma"":0.05}"
b2,hard_hourglass,Hard Hourglass,12,legacy_single_stage,Gaussian noise sigma=0.10,0.0,0.781384,0.7624729364945408,0.5,0.36595797538757324,0.3784111435413361,0.0,250,0,0.3333333333333333,,,500,1.0,0.99267578125,250,0,0.12,0.24,gaussian_noise__sigma=0.1,gaussian_noise,"{""seed"":20260827,""sigma"":0.1}"
b2,hard_hourglass,Hard Hourglass,13,legacy_single_stage,Color jitter 0.8/0.8/0.8,0.216,0.791048,0.730342184563775,0.578,0.4462372958660126,0.46247946727275846,0.06,196,15,0.51435976044817,,,500,0.94,0.99267578125,235,54,0.008,0.136,color_jitter__brightness=0.8_contrast=0.8_saturation=0.8,color_jitter,"{""brightness"":0.8,""contrast"":0.8,""saturation"":0.8}"
b2,hard_hourglass,Hard Hourglass,14,legacy_single_stage,Color jitter 1.2/1.2/1.2,0.036,0.729656,0.6688981035954488,0.506,0.4045340418815613,0.42214160740375517,0.024,241,6,0.36593505326658965,,,500,0.976,0.99267578125,244,9,0.012,0.108,color_jitter__brightness=1.2_contrast=1.2_saturation=1.2,color_jitter,"{""brightness"":1.2,""contrast"":1.2,""saturation"":1.2}"
b2,hard_hourglass,Hard Hourglass,15,legacy_single_stage,Center crop ratio=0.8,0.0,0.5933280000000001,0.5386202722566013,0.5,0.3806686997413635,0.3778515434265137,0.0,250,0,0.3333333333333333,,,500,1.0,0.99267578125,250,0,0.0,0.032,center_crop__ratio=0.8,center_crop,"{""ratio"":0.8}"
b2,hard_hourglass,Hard Hourglass,16,legacy_two_stage,2-stage resize 0.5 + JPEG Q70,0.044,0.791944,0.7399776233196216,0.518,0.4230588674545288,0.4442812458276749,0.008,239,2,0.3783244166309827,,,500,0.992,0.99267578125,248,11,0.044,0.148,resize__interpolation=bicubic_scale=0.5__jpeg__quality=70,combo_resize_jpeg,"{""transforms"":[{""name"":""resize"",""params"":{""interpolation"":""bicubic"",""scale"":0.5}},{""name"":""jpeg"",""params"":{""quality"":70}}]}"
b2,hard_hourglass,Hard Hourglass,17,legacy_two_stage,2-stage crop 0.8 + JPEG Q50,0.116,0.747696,0.7144234914511469,0.546,0.45441555976867676,0.4669306528568268,0.024,221,6,0.44301312722365355,,,500,0.976,0.99267578125,244,29,0.048,0.18,center_crop__ratio=0.8__jpeg__quality=50,combo_crop_jpeg,"{""transforms"":[{""name"":""center_crop"",""params"":{""ratio"":0.8}},{""name"":""jpeg"",""params"":{""quality"":50}}]}"
b2,hard_hourglass,Hard Hourglass,18,new_four_stage_a,4-stage A platform repost,0.064,0.7067599999999999,0.654915932784838,0.518,0.44566914439201355,0.45940332221984864,0.028,234,7,0.3928584024870132,,,500,0.972,0.99267578125,243,16,0.004,0.132,center_crop__ratio=0.85__resize__interpolation=bicubic_scale=0.5__gaussian_blur__sigma=1.0__jpeg__quality=50,combo_four_stage_platform_repost,"{""transforms"":[{""name"":""center_crop"",""params"":{""ratio"":0.85}},{""name"":""resize"",""params"":{""interpolation"":""bicubic"",""scale"":0.5}},{""name"":""gaussian_blur"",""params"":{""sigma"":1.0}},{""name"":""jpeg"",""params"":{""quality"":50}}]}"
b2,hard_hourglass,Hard Hourglass,19,new_four_stage_b,4-stage B edit repost,0.044,0.6886800000000001,0.6338322440352724,0.508,0.4520380198955536,0.46167284560203553,0.028,239,7,0.37301198923415707,,,500,0.972,0.99267578125,243,11,0.02,0.084,color_jitter__brightness=1.15_contrast=1.15_saturation=0.85__resize__interpolation=bilinear_scale=0.5__gaussian_noise__sigma=0.05__jpeg__quality=50,combo_four_stage_edit_repost,"{""transforms"":[{""name"":""color_jitter"",""params"":{""brightness"":1.15,""contrast"":1.15,""saturation"":0.85}},{""name"":""resize"",""params"":{""interpolation"":""bilinear"",""scale"":0.5}},{""name"":""gaussian_noise"",""params"":{""seed"":20260829,""sigma"":0.05}},{""name"":""jpeg"",""params"":{""quality"":50}}]}"
b2,hard_hourglass,Hard Hourglass,20,new_six_stage,6-stage random composition,0.068,0.5568,0.5498940814456738,0.516,0.4698863625526428,0.4729960794448852,0.036,233,9,0.3944671310753463,,,500,0.964,0.99267578125,241,17,0.02,0.08,strict_random_six__profile=full_training_range_v1,strict_random_six,"{""profile"":""full_training_range_v1"",""seed"":20260829}"
b2,hard_dfgan,Hard DFGAN,0,clean,Clean,0.216,0.686392,0.6300505230671105,0.554,0.4523082375526428,0.4651084022521973,0.108,196,27,0.49647532729103727,,,500,0.892,0.99267578125,223,54,0.012,0.108,clean,clean,{}
b2,hard_dfgan,Hard DFGAN,1,legacy_single_stage,JPEG Q90,0.228,0.69084,0.634345329033652,0.56,0.45363649725914,0.4664257818460464,0.108,193,27,0.5054935174695654,,,500,0.892,0.99267578125,223,57,0.012,0.104,jpeg__quality=90,jpeg,"{""quality"":90}"
b2,hard_dfgan,Hard DFGAN,2,legacy_single_stage,JPEG Q70,0.44,0.75948,0.7084079847948218,0.646,0.4616265892982483,0.47416310811042783,0.148,140,37,0.6303119164880886,,,500,0.852,0.99267578125,213,110,0.044,0.156,jpeg__quality=70,jpeg,"{""quality"":70}"
b2,hard_dfgan,Hard DFGAN,3,legacy_single_stage,JPEG Q50,0.18,0.7569199999999999,0.7000339279480016,0.5599999999999999,0.4569600224494934,0.4695253652334213,0.06,205,15,0.48574100046750823,,,500,0.94,0.99267578125,235,45,0.024,0.116,jpeg__quality=50,jpeg,"{""quality"":50}"
b2,hard_dfgan,Hard DFGAN,4,legacy_single_stage,JPEG Q30,0.188,0.6906959999999999,0.6235702697203496,0.53,0.46169188618659973,0.47226757895946503,0.128,203,32,0.4677453693847136,,,500,0.872,0.99267578125,218,47,0.024,0.06,jpeg__quality=30,jpeg,"{""quality"":30}"
b2,hard_dfgan,Hard DFGAN,5,legacy_single_stage,Gaussian blur sigma=0.5,0.14,0.774544,0.7201826951078837,0.546,0.43990853428840637,0.45806932330131533,0.048,215,12,0.45639419323629854,,,500,0.952,0.99267578125,238,35,0.024,0.14,gaussian_blur__sigma=0.5,gaussian_blur,"{""sigma"":0.5}"
b2,hard_dfgan,Hard DFGAN,6,legacy_single_stage,Gaussian blur sigma=1.0,0.02,0.766056,0.7270475255962806,0.51,0.3989846706390381,0.4224521436691284,0.0,245,0,0.3551783129359126,,,500,1.0,0.99267578125,250,5,0.048,0.152,gaussian_blur__sigma=1.0,gaussian_blur,"{""sigma"":1.0}"
b2,hard_dfgan,Hard DFGAN,7,legacy_single_stage,Gaussian blur sigma=2.0,0.0,0.6169840000000001,0.592614627479324,0.5,0.4050648510456085,0.40728369688987737,0.0,250,0,0.3333333333333333,,,500,1.0,0.99267578125,250,0,0.004,0.124,gaussian_blur__sigma=2.0,gaussian_blur,"{""sigma"":2.0}"
b2,hard_dfgan,Hard DFGAN,8,legacy_single_stage,Resize 0.5 bicubic,0.0,0.614024,0.5716280814330484,0.5,0.3965962529182434,0.3982128903865815,0.0,250,0,0.3333333333333333,,,500,1.0,0.99267578125,250,0,0.008,0.068,resize__interpolation=bicubic_scale=0.5,resize,"{""interpolation"":""bicubic"",""scale"":0.5}"
b2,hard_dfgan,Hard DFGAN,9,legacy_single_stage,Resize 0.25 bilinear,0.0,0.61012,0.5887372791605225,0.5,0.4015324115753174,0.4010839891433715,0.0,250,0,0.3333333333333333,,,500,1.0,0.99267578125,250,0,0.012,0.076,resize__interpolation=bilinear_scale=0.25,resize,"{""interpolation"":""bilinear"",""scale"":0.25}"
b2,hard_dfgan,Hard DFGAN,10,legacy_single_stage,Gaussian noise sigma=0.02,0.0,0.660216,0.6273863359699847,0.5,0.33748576045036316,0.32258742380142214,0.0,250,0,0.3333333333333333,,,500,1.0,0.99267578125,250,0,0.016,0.108,gaussian_noise__sigma=0.02,gaussian_noise,"{""seed"":20260827,""sigma"":0.02}"
b2,hard_dfgan,Hard DFGAN,11,legacy_single_stage,Gaussian noise sigma=0.05,0.0,0.706712,0.6864375651539463,0.5,0.34153929352760315,0.33641943538188934,0.0,250,0,0.3333333333333333,,,500,1.0,0.99267578125,250,0,0.036,0.16,gaussian_noise__sigma=0.05,gaussian_noise,"{""seed"":20260827,""sigma"":0.05}"
b2,hard_dfgan,Hard DFGAN,12,legacy_single_stage,Gaussian noise sigma=0.10,0.0,0.6590959999999999,0.6354197169876961,0.5,0.3695259392261505,0.36498243391513824,0.0,250,0,0.3333333333333333,,,500,1.0,0.99267578125,250,0,0.036,0.104,gaussian_noise__sigma=0.1,gaussian_noise,"{""seed"":20260827,""sigma"":0.1}"
b2,hard_dfgan,Hard DFGAN,13,legacy_single_stage,Color jitter 0.8/0.8/0.8,0.2,0.758576,0.7047123049858104,0.57,0.44633522629737854,0.4612919716835022,0.06,200,15,0.5017958521608157,,,500,0.94,0.99267578125,235,50,0.008,0.14,color_jitter__brightness=0.8_contrast=0.8_saturation=0.8,color_jitter,"{""brightness"":0.8,""contrast"":0.8,""saturation"":0.8}"
b2,hard_dfgan,Hard DFGAN,14,legacy_single_stage,Color jitter 1.2/1.2/1.2,0.028,0.736696,0.696273078676674,0.502,0.4051247537136078,0.42153320419788365,0.024,243,6,0.35768788274321445,,,500,0.976,0.99267578125,244,7,0.02,0.148,color_jitter__brightness=1.2_contrast=1.2_saturation=1.2,color_jitter,"{""brightness"":1.2,""contrast"":1.2,""saturation"":1.2}"
b2,hard_dfgan,Hard DFGAN,15,legacy_single_stage,Center crop ratio=0.8,0.0,0.569496,0.5586621616466245,0.5,0.382768452167511,0.3729140610694885,0.0,250,0,0.3333333333333333,,,500,1.0,0.99267578125,250,0,0.028,0.076,center_crop__ratio=0.8,center_crop,"{""ratio"":0.8}"
b2,hard_dfgan,Hard DFGAN,16,legacy_two_stage,2-stage resize 0.5 + JPEG Q70,0.048,0.7971679999999999,0.7574609178868097,0.52,0.4230683147907257,0.44432326495647423,0.008,238,2,0.3824110671936759,,,500,0.992,0.99267578125,248,12,0.048,0.152,resize__interpolation=bicubic_scale=0.5__jpeg__quality=70,combo_resize_jpeg,"{""transforms"":[{""name"":""resize"",""params"":{""interpolation"":""bicubic"",""scale"":0.5}},{""name"":""jpeg"",""params"":{""quality"":70}}]}"
b2,hard_dfgan,Hard DFGAN,17,legacy_two_stage,2-stage crop 0.8 + JPEG Q50,0.096,0.7270559999999999,0.690080589986723,0.536,0.4545179605484009,0.46595118725299833,0.024,226,6,0.42460317460317465,,,500,0.976,0.99267578125,244,24,0.02,0.136,center_crop__ratio=0.8__jpeg__quality=50,combo_crop_jpeg,"{""transforms"":[{""name"":""center_crop"",""params"":{""ratio"":0.8}},{""name"":""jpeg"",""params"":{""quality"":50}}]}"
b2,hard_dfgan,Hard DFGAN,18,new_four_stage_a,4-stage A platform repost,0.052,0.6450319999999999,0.5990120259889262,0.512,0.44584575295448303,0.4569033299684524,0.028,237,7,0.3810248604769153,,,500,0.972,0.99267578125,243,13,0.012,0.092,center_crop__ratio=0.85__resize__interpolation=bicubic_scale=0.5__gaussian_blur__sigma=1.0__jpeg__quality=50,combo_four_stage_platform_repost,"{""transforms"":[{""name"":""center_crop"",""params"":{""ratio"":0.85}},{""name"":""resize"",""params"":{""interpolation"":""bicubic"",""scale"":0.5}},{""name"":""gaussian_blur"",""params"":{""sigma"":1.0}},{""name"":""jpeg"",""params"":{""quality"":50}}]}"
b2,hard_dfgan,Hard DFGAN,19,new_four_stage_b,4-stage B edit repost,0.036,0.648976,0.5992339221744528,0.504,0.45216625928878784,0.4600888743400574,0.028,241,7,0.3648972567658929,,,500,0.972,0.99267578125,243,9,0.012,0.076,color_jitter__brightness=1.15_contrast=1.15_saturation=0.85__resize__interpolation=bilinear_scale=0.5__gaussian_noise__sigma=0.05__jpeg__quality=50,combo_four_stage_edit_repost,"{""transforms"":[{""name"":""color_jitter"",""params"":{""brightness"":1.15,""contrast"":1.15,""saturation"":0.85}},{""name"":""resize"",""params"":{""interpolation"":""bilinear"",""scale"":0.5}},{""name"":""gaussian_noise"",""params"":{""seed"":20260829,""sigma"":0.05}},{""name"":""jpeg"",""params"":{""quality"":50}}]}"
b2,hard_dfgan,Hard DFGAN,20,new_six_stage,6-stage random composition,0.08,0.541048,0.5521886649878357,0.522,0.46997255086898804,0.4723300846815109,0.036,230,9,0.40594256284829416,,,500,0.964,0.99267578125,241,20,0.036,0.108,strict_random_six__profile=full_training_range_v1,strict_random_six,"{""profile"":""full_training_range_v1"",""seed"":20260829}"
b2,hard_galip,Hard GALIP,0,clean,Clean,0.244,0.748808,0.6804588342813654,0.5680000000000001,0.45217835903167725,0.4673007935285568,0.108,189,27,0.5173313788233612,,,500,0.892,0.99267578125,223,61,0.016,0.088,clean,clean,{}
b2,hard_galip,Hard GALIP,1,legacy_single_stage,JPEG Q90,0.252,0.74584,0.6748677802972024,0.5720000000000001,0.45351892709732056,0.46835450637340537,0.108,187,27,0.5231729055258467,,,500,0.892,0.99267578125,223,63,0.012,0.108,jpeg__quality=90,jpeg,"{""quality"":90}"
b2,hard_galip,Hard GALIP,2,legacy_single_stage,JPEG Q70,0.34,0.733832,0.6684315493353152,0.596,0.46164625883102417,0.47375295150279995,0.148,165,37,0.567666598178207,,,500,0.852,0.99267578125,213,85,0.044,0.096,jpeg__quality=70,jpeg,"{""quality"":70}"
b2,hard_galip,Hard GALIP,3,legacy_single_stage,JPEG Q50,0.216,0.776272,0.7288866689007198,0.578,0.4569474458694458,0.4699931454658509,0.06,196,15,0.51435976044817,,,500,0.94,0.99267578125,235,54,0.064,0.136,jpeg__quality=50,jpeg,"{""quality"":50}"
b2,hard_galip,Hard GALIP,4,legacy_single_stage,JPEG Q30,0.296,0.7554239999999999,0.704003315747836,0.584,0.46162348985671997,0.47378127574920653,0.128,176,32,0.5463744853095122,,,500,0.872,0.99267578125,218,74,0.048,0.12,jpeg__quality=30,jpeg,"{""quality"":30}"
b2,hard_galip,Hard GALIP,5,legacy_single_stage,Gaussian blur sigma=0.5,0.212,0.827256,0.7745251485338652,0.582,0.43979552388191223,0.4600429708957672,0.048,197,12,0.5156992237284208,,,500,0.952,0.99267578125,238,53,0.048,0.212,gaussian_blur__sigma=0.5,gaussian_blur,"{""sigma"":0.5}"
b2,hard_galip,Hard GALIP,6,legacy_single_stage,Gaussian blur sigma=1.0,0.012,0.704688,0.6550630544524008,0.506,0.399430513381958,0.418156255364418,0.0,247,0,0.3465297289288908,,,500,1.0,0.99267578125,250,3,0.02,0.092,gaussian_blur__sigma=1.0,gaussian_blur,"{""sigma"":1.0}"
b2,hard_galip,Hard GALIP,7,legacy_single_stage,Gaussian blur sigma=2.0,0.0,0.624544,0.6164028423136282,0.5,0.4053325057029724,0.40723484110832214,0.0,250,0,0.3333333333333333,,,500,1.0,0.99267578125,250,0,0.02,0.164,gaussian_blur__sigma=2.0,gaussian_blur,"{""sigma"":2.0}"
b2,hard_galip,Hard GALIP,8,legacy_single_stage,Resize 0.5 bicubic,0.0,0.6801919999999999,0.6432988391720342,0.5,0.395187646150589,0.4046894462108612,0.0,250,0,0.3333333333333333,,,500,1.0,0.99267578125,250,0,0.036,0.116,resize__interpolation=bicubic_scale=0.5,resize,"{""interpolation"":""bicubic"",""scale"":0.5}"
b2,hard_galip,Hard GALIP,9,legacy_single_stage,Resize 0.25 bilinear,0.0,0.701816,0.6749924511832448,0.5,0.3996908962726593,0.40928027784824367,0.0,250,0,0.3333333333333333,,,500,1.0,0.99267578125,250,0,0.024,0.144,resize__interpolation=bilinear_scale=0.25,resize,"{""interpolation"":""bilinear"",""scale"":0.25}"
b2,hard_galip,Hard GALIP,10,legacy_single_stage,Gaussian noise sigma=0.02,0.0,0.735016,0.720359610954267,0.5,0.33350059390068054,0.33452002453804014,0.0,250,0,0.3333333333333333,,,500,1.0,0.99267578125,250,0,0.072,0.2,gaussian_noise__sigma=0.02,gaussian_noise,"{""seed"":20260827,""sigma"":0.02}"
b2,hard_galip,Hard GALIP,11,legacy_single_stage,Gaussian noise sigma=0.05,0.0,0.7504959999999999,0.7437707832708513,0.5,0.3397558331489563,0.3427338925600052,0.0,250,0,0.3333333333333333,,,500,1.0,0.99267578125,250,0,0.1,0.244,gaussian_noise__sigma=0.05,gaussian_noise,"{""seed"":20260827,""sigma"":0.05}"
b2,hard_galip,Hard GALIP,12,legacy_single_stage,Gaussian noise sigma=0.10,0.0,0.7349039999999999,0.7124050150312822,0.5,0.36722683906555176,0.37337012302875516,0.0,250,0,0.3333333333333333,,,500,1.0,0.99267578125,250,0,0.064,0.168,gaussian_noise__sigma=0.1,gaussian_noise,"{""seed"":20260827,""sigma"":0.1}"
b2,hard_galip,Hard GALIP,13,legacy_single_stage,Color jitter 0.8/0.8/0.8,0.296,0.84612,0.7911761875266814,0.618,0.4461115002632141,0.4644501872062683,0.06,176,15,0.5738110220056319,,,500,0.94,0.99267578125,235,74,0.02,0.208,color_jitter__brightness=0.8_contrast=0.8_saturation=0.8,color_jitter,"{""brightness"":0.8,""contrast"":0.8,""saturation"":0.8}"
b2,hard_galip,Hard GALIP,14,legacy_single_stage,Color jitter 1.2/1.2/1.2,0.044,0.717216,0.6793320346858702,0.51,0.40506502985954285,0.4204814481735229,0.024,239,6,0.37407708304591974,,,500,0.976,0.99267578125,244,11,0.02,0.144,color_jitter__brightness=1.2_contrast=1.2_saturation=1.2,color_jitter,"{""brightness"":1.2,""contrast"":1.2,""saturation"":1.2}"
b2,hard_galip,Hard GALIP,15,legacy_single_stage,Center crop ratio=0.8,0.0,0.7621920000000001,0.7435148350406614,0.5,0.3773195445537567,0.39468262767791745,0.0,250,0,0.3333333333333333,,,500,1.0,0.99267578125,250,0,0.076,0.236,center_crop__ratio=0.8,center_crop,"{""ratio"":0.8}"
b2,hard_galip,Hard GALIP,16,legacy_two_stage,2-stage resize 0.5 + JPEG Q70,0.104,0.840672,0.8112534055906829,0.548,0.4228266477584839,0.4468906331062317,0.008,224,2,0.4370154845652564,,,500,0.992,0.99267578125,248,26,0.104,0.256,resize__interpolation=bicubic_scale=0.5__jpeg__quality=70,combo_resize_jpeg,"{""transforms"":[{""name"":""resize"",""params"":{""interpolation"":""bicubic"",""scale"":0.5}},{""name"":""jpeg"",""params"":{""quality"":70}}]}"
b2,hard_galip,Hard GALIP,17,legacy_two_stage,2-stage crop 0.8 + JPEG Q50,0.172,0.794536,0.7746323096357064,0.574,0.45437365770339966,0.46801758396625515,0.024,207,6,0.4918868887733243,,,500,0.976,0.99267578125,244,43,0.076,0.256,center_crop__ratio=0.8__jpeg__quality=50,combo_crop_jpeg,"{""transforms"":[{""name"":""center_crop"",""params"":{""ratio"":0.8}},{""name"":""jpeg"",""params"":{""quality"":50}}]}"
b2,hard_galip,Hard GALIP,18,new_four_stage_a,4-stage A platform repost,0.08,0.729224,0.6813884847835969,0.526,0.4456140398979187,0.4600830245018005,0.028,230,7,0.40830175112722267,,,500,0.972,0.99267578125,243,20,0.02,0.152,center_crop__ratio=0.85__resize__interpolation=bicubic_scale=0.5__gaussian_blur__sigma=1.0__jpeg__quality=50,combo_four_stage_platform_repost,"{""transforms"":[{""name"":""center_crop"",""params"":{""ratio"":0.85}},{""name"":""resize"",""params"":{""interpolation"":""bicubic"",""scale"":0.5}},{""name"":""gaussian_blur"",""params"":{""sigma"":1.0}},{""name"":""jpeg"",""params"":{""quality"":50}}]}"
b2,hard_galip,Hard GALIP,19,new_four_stage_b,4-stage B edit repost,0.048,0.7233120000000001,0.6670959864465031,0.51,0.45198187232017517,0.4626874794960022,0.028,238,7,0.37703100605678425,,,500,0.972,0.99267578125,243,12,0.008,0.112,color_jitter__brightness=1.15_contrast=1.15_saturation=0.85__resize__interpolation=bilinear_scale=0.5__gaussian_noise__sigma=0.05__jpeg__quality=50,combo_four_stage_edit_repost,"{""transforms"":[{""name"":""color_jitter"",""params"":{""brightness"":1.15,""contrast"":1.15,""saturation"":0.85}},{""name"":""resize"",""params"":{""interpolation"":""bilinear"",""scale"":0.5}},{""name"":""gaussian_noise"",""params"":{""seed"":20260829,""sigma"":0.05}},{""name"":""jpeg"",""params"":{""quality"":50}}]}"
b2,hard_galip,Hard GALIP,20,new_six_stage,6-stage random composition,0.092,0.6303839999999999,0.6149042772063994,0.528,0.46982961893081665,0.474489243030548,0.036,227,9,0.4172148797882218,,,500,0.964,0.99267578125,241,23,0.024,0.116,strict_random_six__profile=full_training_range_v1,strict_random_six,"{""profile"":""full_training_range_v1"",""seed"":20260829}"
b2,seen_family,Seen-family,0,clean,Clean,0.396,0.7209429999999999,0.6979916607447083,0.6145,0.4657796025276184,0.4756816492378712,0.167,604,167,0.5951726305194156,,,2000,0.833,0.99267578125,833,396,0.052,0.185,clean,clean,{}
b2,seen_family,Seen-family,1,legacy_single_stage,JPEG Q90,0.414,0.728979,0.7088171292095662,0.6244999999999999,0.466078519821167,0.47607033717632297,0.165,586,165,0.6070900624391964,,,2000,0.835,0.99267578125,835,414,0.062,0.158,jpeg__quality=90,jpeg,"{""quality"":90}"
b2,seen_family,Seen-family,2,legacy_single_stage,JPEG Q70,0.562,0.767543,0.7499900053168157,0.6795,0.4743334650993347,0.48216994237899785,0.203,438,203,0.675013150306418,,,2000,0.797,0.99267578125,797,562,0.084,0.223,jpeg__quality=70,jpeg,"{""quality"":70}"
b2,seen_family,Seen-family,3,legacy_single_stage,JPEG Q50,0.361,0.774728,0.7637346315646065,0.6345000000000001,0.47046539187431335,0.4786123115420341,0.092,639,92,0.6049493202939588,,,2000,0.908,0.99267578125,908,361,0.111,0.25,jpeg__quality=50,jpeg,"{""quality"":50}"
b2,seen_family,Seen-family,4,legacy_single_stage,JPEG Q30,0.409,0.771195,0.7664785771440487,0.6525,0.47185462713241577,0.47967556157708174,0.104,591,104,0.6305972816743564,,,2000,0.896,0.99267578125,896,409,0.143,0.246,jpeg__quality=30,jpeg,"{""quality"":30}"
b2,seen_family,Seen-family,5,legacy_single_stage,Gaussian blur sigma=0.5,0.301,0.7801929999999999,0.7570730412725593,0.61,0.4576881527900696,0.47052062457799915,0.081,699,81,0.5688316110551574,,,2000,0.919,0.99267578125,919,301,0.102,0.211,gaussian_blur__sigma=0.5,gaussian_blur,"{""sigma"":0.5}"
b2,seen_family,Seen-family,6,legacy_single_stage,Gaussian blur sigma=1.0,0.071,0.772366,0.759098749311027,0.5335,0.4277220070362091,0.4449882815480233,0.004,929,4,0.4065593321407275,,,2000,0.996,0.99267578125,996,71,0.089,0.262,gaussian_blur__sigma=1.0,gaussian_blur,"{""sigma"":1.0}"
b2,seen_family,Seen-family,7,legacy_single_stage,Gaussian blur sigma=2.0,0.003,0.7240595000000001,0.7190236198482616,0.5015,0.4105880856513977,0.42134205353260035,0.0,997,0,0.3366580272529093,,,2000,1.0,0.99267578125,1000,3,0.101,0.216,gaussian_blur__sigma=2.0,gaussian_blur,"{""sigma"":2.0}"
b2,seen_family,Seen-family,8,legacy_single_stage,Resize 0.5 bicubic,0.005,0.7549305,0.7705589230386931,0.5025,0.4109809994697571,0.42275145900249483,0.0,995,0,0.33886494073871043,,,2000,1.0,0.99267578125,1000,5,0.136,0.324,resize__interpolation=bicubic_scale=0.5,resize,"{""interpolation"":""bicubic"",""scale"":0.5}"
b2,seen_family,Seen-family,9,legacy_single_stage,Resize 0.25 bilinear,0.001,0.7466029999999999,0.7556775560666634,0.5005,0.40808427333831787,0.4196957976520061,0.0,999,0,0.3344434824928323,,,2000,1.0,0.99267578125,1000,1,0.156,0.268,resize__interpolation=bilinear_scale=0.25,resize,"{""interpolation"":""bilinear"",""scale"":0.25}"
b2,seen_family,Seen-family,10,legacy_single_stage,Gaussian noise sigma=0.02,0.0,0.6906634999999999,0.6708633790658387,0.5,0.3587936758995056,0.36053393496572966,0.0,1000,0,0.3333333333333333,,,2000,1.0,0.99267578125,1000,0,0.063,0.163,gaussian_noise__sigma=0.02,gaussian_noise,"{""seed"":20260827,""sigma"":0.02}"
b2,seen_family,Seen-family,11,legacy_single_stage,Gaussian noise sigma=0.05,0.0,0.7037964999999999,0.6806205736091822,0.5,0.36643511056900024,0.37119054919481276,0.0,1000,0,0.3333333333333333,,,2000,1.0,0.99267578125,1000,0,0.037,0.159,gaussian_noise__sigma=0.05,gaussian_noise,"{""seed"":20260827,""sigma"":0.05}"
b2,seen_family,Seen-family,12,legacy_single_stage,Gaussian noise sigma=0.10,0.0,0.6768095,0.6609622274046161,0.5,0.38843318819999695,0.3920343082845211,0.0,1000,0,0.3333333333333333,,,2000,1.0,0.99267578125,1000,0,0.042,0.148,gaussian_noise__sigma=0.1,gaussian_noise,"{""seed"":20260827,""sigma"":0.1}"
b2,seen_family,Seen-family,13,legacy_single_stage,Color jitter 0.8/0.8/0.8,0.356,0.7419955,0.7205811320791466,0.617,0.4616692364215851,0.47247546990215783,0.122,644,122,0.5890024348654708,,,2000,0.878,0.99267578125,878,356,0.079,0.18,color_jitter__brightness=0.8_contrast=0.8_saturation=0.8,color_jitter,"{""brightness"":0.8,""contrast"":0.8,""saturation"":0.8}"
b2,seen_family,Seen-family,14,legacy_single_stage,Color jitter 1.2/1.2/1.2,0.126,0.716006,0.7036706004057671,0.5515,0.4292312264442444,0.4423551259487867,0.023,874,23,0.45234735098215734,,,2000,0.977,0.99267578125,977,126,0.068,0.18,color_jitter__brightness=1.2_contrast=1.2_saturation=1.2,color_jitter,"{""brightness"":1.2,""contrast"":1.2,""saturation"":1.2}"
b2,seen_family,Seen-family,15,legacy_single_stage,Center crop ratio=0.8,0.001,0.706559,0.7086548189194205,0.5005,0.39749106764793396,0.4046622384786606,0.0,999,0,0.3344434824928323,,,2000,1.0,0.99267578125,1000,1,0.073,0.209,center_crop__ratio=0.8,center_crop,"{""ratio"":0.8}"
b2,seen_family,Seen-family,16,legacy_two_stage,2-stage resize 0.5 + JPEG Q70,0.159,0.7488395,0.7325408207585946,0.5685,0.44747886061668396,0.46095509803295137,0.022,841,22,0.4815632040835759,,,2000,0.978,0.99267578125,978,159,0.096,0.206,resize__interpolation=bicubic_scale=0.5__jpeg__quality=70,combo_resize_jpeg,"{""transforms"":[{""name"":""resize"",""params"":{""interpolation"":""bicubic"",""scale"":0.5}},{""name"":""jpeg"",""params"":{""quality"":70}}]}"
b2,seen_family,Seen-family,17,legacy_two_stage,2-stage crop 0.8 + JPEG Q50,0.275,0.7488125,0.7394417985945401,0.6094999999999999,0.4688185453414917,0.4765683746039867,0.056,725,56,0.5603020910422388,,,2000,0.944,0.99267578125,944,275,0.103,0.247,center_crop__ratio=0.8__jpeg__quality=50,combo_crop_jpeg,"{""transforms"":[{""name"":""center_crop"",""params"":{""ratio"":0.8}},{""name"":""jpeg"",""params"":{""quality"":50}}]}"
b2,seen_family,Seen-family,18,new_four_stage_a,4-stage A platform repost,0.156,0.718266,0.7180147757771738,0.5655,0.46237897872924805,0.47043750482797625,0.025,844,25,0.4779587767655011,,,2000,0.975,0.99267578125,975,156,0.083,0.211,center_crop__ratio=0.85__resize__interpolation=bicubic_scale=0.5__gaussian_blur__sigma=1.0__jpeg__quality=50,combo_four_stage_platform_repost,"{""transforms"":[{""name"":""center_crop"",""params"":{""ratio"":0.85}},{""name"":""resize"",""params"":{""interpolation"":""bicubic"",""scale"":0.5}},{""name"":""gaussian_blur"",""params"":{""sigma"":1.0}},{""name"":""jpeg"",""params"":{""quality"":50}}]}"
b2,seen_family,Seen-family,19,new_four_stage_b,4-stage B edit repost,0.113,0.7021760000000001,0.7002961490095042,0.55,0.46344634890556335,0.4704038009345532,0.013,887,13,0.44377903936931956,,,2000,0.987,0.99267578125,987,113,0.072,0.2,color_jitter__brightness=1.15_contrast=1.15_saturation=0.85__resize__interpolation=bilinear_scale=0.5__gaussian_noise__sigma=0.05__jpeg__quality=50,combo_four_stage_edit_repost,"{""transforms"":[{""name"":""color_jitter"",""params"":{""brightness"":1.15,""contrast"":1.15,""saturation"":0.85}},{""name"":""resize"",""params"":{""interpolation"":""bilinear"",""scale"":0.5}},{""name"":""gaussian_noise"",""params"":{""seed"":20260829,""sigma"":0.05}},{""name"":""jpeg"",""params"":{""quality"":50}}]}"
b2,seen_family,Seen-family,20,new_six_stage,6-stage random composition,0.185,0.6668864999999999,0.6598563867579416,0.567,0.47393497824668884,0.47784988155961033,0.051,815,51,0.49301935659121665,,,2000,0.949,0.99267578125,949,185,0.034,0.164,strict_random_six__profile=full_training_range_v1,strict_random_six,"{""profile"":""full_training_range_v1"",""seed"":20260829}"
b2,unseen_generator,Unseen-generator,0,clean,Clean,0.483,0.7227830000000001,0.7121665731729562,0.6519999999999999,0.46864572167396545,0.4769359107315541,0.179,517,179,0.6417685516023137,,,2000,0.821,0.99267578125,821,483,0.068,0.207,clean,clean,{}
b2,unseen_generator,Unseen-generator,1,legacy_single_stage,JPEG Q90,0.503,0.73484,0.7250437678285134,0.6585,0.4691394567489624,0.4779808138310909,0.186,497,186,0.650037827170438,,,2000,0.814,0.99267578125,814,503,0.082,0.222,jpeg__quality=90,jpeg,"{""quality"":90}"
b2,unseen_generator,Unseen-generator,2,legacy_single_stage,JPEG Q70,0.515,0.7153240000000001,0.7014579248712999,0.6405000000000001,0.47468939423561096,0.4812452416718006,0.234,485,234,0.6347471767201364,,,2000,0.766,0.99267578125,766,515,0.069,0.199,jpeg__quality=70,jpeg,"{""quality"":70}"
b2,unseen_generator,Unseen-generator,3,legacy_single_stage,JPEG Q50,0.399,0.7526645,0.7462668639341897,0.645,0.4703410565853119,0.47769923007488246,0.109,601,109,0.622133000668452,,,2000,0.891,0.99267578125,891,399,0.099,0.206,jpeg__quality=50,jpeg,"{""quality"":50}"
b2,unseen_generator,Unseen-generator,4,legacy_single_stage,JPEG Q30,0.395,0.719514,0.7173351371873762,0.636,0.47269460558891296,0.47887437254190446,0.123,605,123,0.6135548810460347,,,2000,0.877,0.99267578125,877,395,0.086,0.209,jpeg__quality=30,jpeg,"{""quality"":30}"
b2,unseen_generator,Unseen-generator,5,legacy_single_stage,Gaussian blur sigma=0.5,0.361,0.758545,0.7484876359149737,0.6345000000000001,0.45988065004348755,0.4708513087630272,0.092,639,92,0.6049493202939588,,,2000,0.908,0.99267578125,908,361,0.084,0.224,gaussian_blur__sigma=0.5,gaussian_blur,"{""sigma"":0.5}"
b2,unseen_generator,Unseen-generator,6,legacy_single_stage,Gaussian blur sigma=1.0,0.069,0.7488554999999999,0.7392948672136201,0.5325,0.4296467900276184,0.4455215925723315,0.004,931,4,0.40458583531990455,,,2000,0.996,0.99267578125,996,69,0.095,0.223,gaussian_blur__sigma=1.0,gaussian_blur,"{""sigma"":1.0}"
b2,unseen_generator,Unseen-generator,7,legacy_single_stage,Gaussian blur sigma=2.0,0.001,0.7665805,0.7514317105764794,0.5005,0.41238388419151306,0.42685474383831024,0.0,999,0,0.3344434824928323,,,2000,1.0,0.99267578125,1000,1,0.071,0.229,gaussian_blur__sigma=2.0,gaussian_blur,"{""sigma"":2.0}"
b2,unseen_generator,Unseen-generator,8,legacy_single_stage,Resize 0.5 bicubic,0.002,0.739684,0.7408576538748443,0.501,0.41403672099113464,0.42531005513668063,0.0,998,0,0.33555171178656695,,,2000,1.0,0.99267578125,1000,2,0.127,0.267,resize__interpolation=bicubic_scale=0.5,resize,"{""interpolation"":""bicubic"",""scale"":0.5}"
b2,unseen_generator,Unseen-generator,9,legacy_single_stage,Resize 0.25 bilinear,0.0,0.7495710000000001,0.7434389102063458,0.5,0.41084837913513184,0.42260179030895234,0.0,1000,0,0.3333333333333333,,,2000,1.0,0.99267578125,1000,0,0.094,0.237,resize__interpolation=bilinear_scale=0.25,resize,"{""interpolation"":""bilinear"",""scale"":0.25}"
b2,unseen_generator,Unseen-generator,10,legacy_single_stage,Gaussian noise sigma=0.02,0.001,0.744269,0.7309714587469072,0.5005,0.3580886125564575,0.370203962624073,0.0,999,0,0.3344434824928323,,,2000,1.0,0.99267578125,1000,1,0.088,0.219,gaussian_noise__sigma=0.02,gaussian_noise,"{""seed"":20260827,""sigma"":0.02}"
b2,unseen_generator,Unseen-generator,11,legacy_single_stage,Gaussian noise sigma=0.05,0.0,0.7594574999999999,0.747293371782489,0.5,0.36577746272087097,0.38006627288460737,0.0,1000,0,0.3333333333333333,,,2000,1.0,0.99267578125,1000,0,0.099,0.228,gaussian_noise__sigma=0.05,gaussian_noise,"{""seed"":20260827,""sigma"":0.05}"
b2,unseen_generator,Unseen-generator,12,legacy_single_stage,Gaussian noise sigma=0.10,0.0,0.7459580000000001,0.7427108600392951,0.5,0.38626721501350403,0.3983654845654964,0.0,1000,0,0.3333333333333333,,,2000,1.0,0.99267578125,1000,0,0.127,0.258,gaussian_noise__sigma=0.1,gaussian_noise,"{""seed"":20260827,""sigma"":0.1}"
b2,unseen_generator,Unseen-generator,13,legacy_single_stage,Color jitter 0.8/0.8/0.8,0.434,0.7384229999999999,0.7333229661090045,0.6525,0.4635744094848633,0.4726684782803059,0.129,566,129,0.6350777927509648,,,2000,0.871,0.99267578125,871,434,0.077,0.24,color_jitter__brightness=0.8_contrast=0.8_saturation=0.8,color_jitter,"{""brightness"":0.8,""contrast"":0.8,""saturation"":0.8}"
b2,unseen_generator,Unseen-generator,14,legacy_single_stage,Color jitter 1.2/1.2/1.2,0.177,0.740154,0.7313907360506241,0.5715,0.42894500494003296,0.44369505998492237,0.034,823,34,0.4925209009441658,,,2000,0.966,0.99267578125,966,177,0.069,0.242,color_jitter__brightness=1.2_contrast=1.2_saturation=1.2,color_jitter,"{""brightness"":1.2,""contrast"":1.2,""saturation"":1.2}"
b2,unseen_generator,Unseen-generator,15,legacy_single_stage,Center crop ratio=0.8,0.0,0.712019,0.7031615211366862,0.5,0.3981166481971741,0.4064990201294422,0.0,1000,0,0.3333333333333333,,,2000,1.0,0.99267578125,1000,0,0.057,0.188,center_crop__ratio=0.8,center_crop,"{""ratio"":0.8}"
b2,unseen_generator,Unseen-generator,16,legacy_two_stage,2-stage resize 0.5 + JPEG Q70,0.151,0.69557,0.6778757822916217,0.5569999999999999,0.4482233226299286,0.4578874336183071,0.037,849,37,0.46956525903894325,,,2000,0.963,0.99267578125,963,151,0.042,0.177,resize__interpolation=bicubic_scale=0.5__jpeg__quality=70,combo_resize_jpeg,"{""transforms"":[{""name"":""resize"",""params"":{""interpolation"":""bicubic"",""scale"":0.5}},{""name"":""jpeg"",""params"":{""quality"":70}}]}"
b2,unseen_generator,Unseen-generator,17,legacy_two_stage,2-stage crop 0.8 + JPEG Q50,0.31,0.7348594999999999,0.7362014451027399,0.6185,0.46967774629592896,0.47610596391558646,0.073,690,73,0.5783727897381574,,,2000,0.927,0.99267578125,927,310,0.087,0.231,center_crop__ratio=0.8__jpeg__quality=50,combo_crop_jpeg,"{""transforms"":[{""name"":""center_crop"",""params"":{""ratio"":0.8}},{""name"":""jpeg"",""params"":{""quality"":50}}]}"
b2,unseen_generator,Unseen-generator,18,new_four_stage_a,4-stage A platform repost,0.23,0.7405725,0.7411167644050192,0.59,0.4628343880176544,0.4702493945956231,0.05,770,50,0.5289522058823529,,,2000,0.95,0.99267578125,950,230,0.084,0.23,center_crop__ratio=0.85__resize__interpolation=bicubic_scale=0.5__gaussian_blur__sigma=1.0__jpeg__quality=50,combo_four_stage_platform_repost,"{""transforms"":[{""name"":""center_crop"",""params"":{""ratio"":0.85}},{""name"":""resize"",""params"":{""interpolation"":""bicubic"",""scale"":0.5}},{""name"":""gaussian_blur"",""params"":{""sigma"":1.0}},{""name"":""jpeg"",""params"":{""quality"":50}}]}"
b2,unseen_generator,Unseen-generator,19,new_four_stage_b,4-stage B edit repost,0.066,0.6420870000000001,0.6377779919497957,0.524,0.46393078565597534,0.4686059530377389,0.018,934,18,0.397648297470629,,,2000,0.982,0.99267578125,982,66,0.042,0.124,color_jitter__brightness=1.15_contrast=1.15_saturation=0.85__resize__interpolation=bilinear_scale=0.5__gaussian_noise__sigma=0.05__jpeg__quality=50,combo_four_stage_edit_repost,"{""transforms"":[{""name"":""color_jitter"",""params"":{""brightness"":1.15,""contrast"":1.15,""saturation"":0.85}},{""name"":""resize"",""params"":{""interpolation"":""bilinear"",""scale"":0.5}},{""name"":""gaussian_noise"",""params"":{""seed"":20260829,""sigma"":0.05}},{""name"":""jpeg"",""params"":{""quality"":50}}]}"
b2,unseen_generator,Unseen-generator,20,new_six_stage,6-stage random composition,0.151,0.6217415000000001,0.6117825284069096,0.54,0.47401466965675354,0.47658372280001643,0.071,849,71,0.4579811683805066,,,2000,0.929,0.99267578125,929,151,0.035,0.108,strict_random_six__profile=full_training_range_v1,strict_random_six,"{""profile"":""full_training_range_v1"",""seed"":20260829}"
m2,exact_seen_generator,Exact-seen generator,0,clean,Clean,0.818,0.7249565,0.6746945614682144,0.675,0.4972502887248993,0.498111845344305,0.468,182,468,0.6682153353934609,,,2000,0.532,0.9990234375,532,818,0.0,0.0,clean,clean,{}
m2,exact_seen_generator,Exact-seen generator,1,legacy_single_stage,JPEG Q90,0.818,0.7266859999999999,0.676033248144718,0.6765,0.4972645938396454,0.498121835231781,0.465,182,465,0.6698904643498284,,,2000,0.535,0.9990234375,535,818,0.0,0.0,jpeg__quality=90,jpeg,"{""quality"":90}"
m2,exact_seen_generator,Exact-seen generator,2,legacy_single_stage,JPEG Q70,0.809,0.7398465000000002,0.6931271960769461,0.6890000000000001,0.49682435393333435,0.49784961807727807,0.431,191,431,0.6844561688311688,,,2000,0.569,0.9990234375,569,809,0.0,0.0,jpeg__quality=70,jpeg,"{""quality"":70}"
m2,exact_seen_generator,Exact-seen generator,3,legacy_single_stage,JPEG Q50,0.789,0.731251,0.6865661792479686,0.674,0.4968890845775604,0.49785744833946227,0.441,211,441,0.669630868232373,,,2000,0.559,0.9990234375,559,789,0.0,0.199,jpeg__quality=50,jpeg,"{""quality"":50}"
m2,exact_seen_generator,Exact-seen generator,4,legacy_single_stage,JPEG Q30,0.804,0.7270115000000001,0.6778074123741196,0.673,0.4970979392528534,0.49801438093185424,0.458,196,458,0.6672903700402609,,,2000,0.542,0.9990234375,542,804,0.0,0.0,jpeg__quality=30,jpeg,"{""quality"":30}"
m2,exact_seen_generator,Exact-seen generator,5,legacy_single_stage,Gaussian blur sigma=0.5,0.77,0.73903,0.6934707928272327,0.683,0.4967258870601654,0.4977702502012253,0.404,230,404,0.6805823276378913,,,2000,0.596,0.9990234375,596,770,0.0,0.21,gaussian_blur__sigma=0.5,gaussian_blur,"{""sigma"":0.5}"
m2,exact_seen_generator,Exact-seen generator,6,legacy_single_stage,Gaussian blur sigma=1.0,0.823,0.7429570000000001,0.6917670461552153,0.687,0.4972988963127136,0.49817824363708496,0.449,177,449,0.6811016562336984,,,2000,0.551,0.9990234375,551,823,0.0,0.197,gaussian_blur__sigma=1.0,gaussian_blur,"{""sigma"":1.0}"
m2,exact_seen_generator,Exact-seen generator,7,legacy_single_stage,Gaussian blur sigma=2.0,0.89,0.7336575,0.6800225231027396,0.6525,0.4981546700000763,0.4987529516220093,0.585,110,585,0.6317271071369432,,,2000,0.415,0.9990234375,415,890,0.0,0.0,gaussian_blur__sigma=2.0,gaussian_blur,"{""sigma"":2.0}"
m2,exact_seen_generator,Exact-seen generator,8,legacy_single_stage,Resize 0.5 bicubic,0.787,0.7433095,0.6990506038186395,0.6855,0.49695897102355957,0.49791455268859863,0.416,213,416,0.6822262150237282,,,2000,0.584,0.9990234375,584,787,0.0,0.172,resize__interpolation=bicubic_scale=0.5,resize,"{""interpolation"":""bicubic"",""scale"":0.5}"
m2,exact_seen_generator,Exact-seen generator,9,legacy_single_stage,Resize 0.25 bilinear,0.808,0.709681,0.6580402140513263,0.655,0.4975949227809906,0.4983298182487488,0.498,192,498,0.6467303098226381,,,2000,0.502,0.9990234375,502,808,0.0,0.169,resize__interpolation=bilinear_scale=0.25,resize,"{""interpolation"":""bilinear"",""scale"":0.25}"
m2,exact_seen_generator,Exact-seen generator,10,legacy_single_stage,Gaussian noise sigma=0.02,0.767,0.7333005,0.6897329775931664,0.6825,0.4970846176147461,0.49794483184814453,0.402,233,402,0.6802166670569534,,,2000,0.598,0.9990234375,598,767,0.0,0.149,gaussian_noise__sigma=0.02,gaussian_noise,"{""seed"":20260827,""sigma"":0.02}"
m2,exact_seen_generator,Exact-seen generator,11,legacy_single_stage,Gaussian noise sigma=0.05,0.762,0.7222259999999999,0.6782787771081398,0.6675,0.4973565638065338,0.49809765815734863,0.427,238,427,0.6645039362769372,,,2000,0.573,0.9990234375,573,762,0.0,0.138,gaussian_noise__sigma=0.05,gaussian_noise,"{""seed"":20260827,""sigma"":0.05}"
m2,exact_seen_generator,Exact-seen generator,12,legacy_single_stage,Gaussian noise sigma=0.10,0.82,0.7168545,0.6667008546916625,0.6579999999999999,0.4980114996433258,0.49854689836502075,0.504,180,504,0.6487826519169073,,,2000,0.496,0.9990234375,496,820,0.0,0.162,gaussian_noise__sigma=0.1,gaussian_noise,"{""seed"":20260827,""sigma"":0.1}"
m2,exact_seen_generator,Exact-seen generator,13,legacy_single_stage,Color jitter 0.8/0.8/0.8,0.764,0.7076100000000001,0.6653221827955011,0.6615,0.497050017118454,0.49787671744823453,0.441,236,441,0.6579058735843455,,,2000,0.559,0.9990234375,559,764,0.0,0.0,color_jitter__brightness=0.8_contrast=0.8_saturation=0.8,color_jitter,"{""brightness"":0.8,""contrast"":0.8,""saturation"":0.8}"
m2,exact_seen_generator,Exact-seen generator,14,legacy_single_stage,Color jitter 1.2/1.2/1.2,0.822,0.7280905000000002,0.6813886094354468,0.665,0.497450590133667,0.498253908008337,0.492,178,492,0.6565339042047427,,,2000,0.508,0.9990234375,508,822,0.0,0.0,color_jitter__brightness=1.2_contrast=1.2_saturation=1.2,color_jitter,"{""brightness"":1.2,""contrast"":1.2,""saturation"":1.2}"
m2,exact_seen_generator,Exact-seen generator,15,legacy_single_stage,Center crop ratio=0.8,0.808,0.7446125000000001,0.6963671821078152,0.684,0.49708646535873413,0.4980195164680481,0.44,192,440,0.6790653081785534,,,2000,0.56,0.9990234375,560,808,0.0,0.177,center_crop__ratio=0.8,center_crop,"{""ratio"":0.8}"
m2,exact_seen_generator,Exact-seen generator,16,legacy_two_stage,2-stage resize 0.5 + JPEG Q70,0.735,0.7400525,0.6947151056271694,0.6925,0.49597835540771484,0.4972502342760563,0.35,265,350,0.6919435730788737,,,2000,0.65,0.9990234375,650,735,0.0,0.109,resize__interpolation=bicubic_scale=0.5__jpeg__quality=70,combo_resize_jpeg,"{""transforms"":[{""name"":""resize"",""params"":{""interpolation"":""bicubic"",""scale"":0.5}},{""name"":""jpeg"",""params"":{""quality"":70}}]}"
m2,exact_seen_generator,Exact-seen generator,17,legacy_two_stage,2-stage crop 0.8 + JPEG Q50,0.765,0.7252395,0.6810371387480318,0.6795,0.4966835081577301,0.49767746758460996,0.406,235,406,0.6771398113055968,,,2000,0.594,0.9990234375,594,765,0.0,0.144,center_crop__ratio=0.8__jpeg__quality=50,combo_crop_jpeg,"{""transforms"":[{""name"":""center_crop"",""params"":{""ratio"":0.8}},{""name"":""jpeg"",""params"":{""quality"":50}}]}"
m2,exact_seen_generator,Exact-seen generator,18,new_four_stage_a,4-stage A platform repost,0.728,0.7255445,0.6797136544856941,0.6885,0.4964870810508728,0.4975131819844246,0.351,272,351,0.6880132226306095,,,2000,0.649,0.9990234375,649,728,0.0,0.103,center_crop__ratio=0.85__resize__interpolation=bicubic_scale=0.5__gaussian_blur__sigma=1.0__jpeg__quality=50,combo_four_stage_platform_repost,"{""transforms"":[{""name"":""center_crop"",""params"":{""ratio"":0.85}},{""name"":""resize"",""params"":{""interpolation"":""bicubic"",""scale"":0.5}},{""name"":""gaussian_blur"",""params"":{""sigma"":1.0}},{""name"":""jpeg"",""params"":{""quality"":50}}]}"
m2,exact_seen_generator,Exact-seen generator,19,new_four_stage_b,4-stage B edit repost,0.662,0.7098749999999999,0.6650396987608554,0.6655,0.49636006355285645,0.4973625636696815,0.331,338,331,0.6654959023248035,,,2000,0.669,0.9990234375,669,662,0.0,0.047,color_jitter__brightness=1.15_contrast=1.15_saturation=0.85__resize__interpolation=bilinear_scale=0.5__gaussian_noise__sigma=0.05__jpeg__quality=50,combo_four_stage_edit_repost,"{""transforms"":[{""name"":""color_jitter"",""params"":{""brightness"":1.15,""contrast"":1.15,""saturation"":0.85}},{""name"":""resize"",""params"":{""interpolation"":""bilinear"",""scale"":0.5}},{""name"":""gaussian_noise"",""params"":{""seed"":20260829,""sigma"":0.05}},{""name"":""jpeg"",""params"":{""quality"":50}}]}"
m2,exact_seen_generator,Exact-seen generator,20,new_six_stage,6-stage random composition,0.681,0.7301995,0.6864535247438421,0.678,0.49655160307884216,0.49754273891448975,0.325,319,325,0.6779971019739177,,,2000,0.675,0.9990234375,675,681,0.0,0.057,strict_random_six__profile=full_training_range_v1,strict_random_six,"{""profile"":""full_training_range_v1"",""seed"":20260829}"
m2,hard_hourglass,Hard Hourglass,0,clean,Clean,0.248,0.36326400000000003,0.4278547718241711,0.43,0.4887966811656952,0.4812363252639771,0.388,188,97,0.41047249078475423,,,500,0.612,0.9990234375,153,62,0.0,0.0,clean,clean,{}
m2,hard_hourglass,Hard Hourglass,1,legacy_single_stage,JPEG Q90,0.256,0.36388800000000004,0.4293356097219998,0.436,0.48887428641319275,0.481292005777359,0.384,186,96,0.41711451012815215,,,500,0.616,0.9990234375,154,64,0.0,0.024,jpeg__quality=90,jpeg,"{""quality"":90}"
m2,hard_hourglass,Hard Hourglass,2,legacy_single_stage,JPEG Q70,0.224,0.35572799999999993,0.42343761537629987,0.444,0.4887470602989197,0.4762226420640945,0.336,194,84,0.4157208911307272,,,500,0.664,0.9990234375,166,56,0.0,0.012,jpeg__quality=70,jpeg,"{""quality"":70}"
m2,hard_hourglass,Hard Hourglass,3,legacy_single_stage,JPEG Q50,0.22,0.354816,0.42222403882149795,0.446,0.48893532156944275,0.47910744023323054,0.328,195,82,0.4161808532611674,,,500,0.672,0.9990234375,168,55,0.0,0.02,jpeg__quality=50,jpeg,"{""quality"":50}"
m2,hard_hourglass,Hard Hourglass,4,legacy_single_stage,JPEG Q30,0.236,0.34644800000000003,0.41686221015238334,0.43,0.4908287823200226,0.482081038236618,0.376,191,94,0.40770851777497913,,,500,0.624,0.9990234375,156,59,0.0,0.024,jpeg__quality=30,jpeg,"{""quality"":30}"
m2,hard_hourglass,Hard Hourglass,5,legacy_single_stage,Gaussian blur sigma=0.5,0.212,0.3620399999999999,0.42828505041743026,0.44999999999999996,0.48843178153038025,0.4809248007535934,0.312,197,78,0.4169751398199619,,,500,0.688,0.9990234375,172,53,0.0,0.02,gaussian_blur__sigma=0.5,gaussian_blur,"{""sigma"":0.5}"
m2,hard_hourglass,Hard Hourglass,6,legacy_single_stage,Gaussian blur sigma=1.0,0.256,0.364536,0.42994813711658936,0.448,0.4920116662979126,0.48734275972843166,0.36,186,90,0.42687221742308457,,,500,0.64,0.9990234375,160,64,0.0,0.02,gaussian_blur__sigma=1.0,gaussian_blur,"{""sigma"":1.0}"
m2,hard_hourglass,Hard Hourglass,7,legacy_single_stage,Gaussian blur sigma=2.0,0.32,0.355408,0.42001518953223416,0.406,0.4942830204963684,0.49090719819068906,0.508,170,127,0.4015740416117606,,,500,0.492,0.9990234375,123,80,0.0,0.02,gaussian_blur__sigma=2.0,gaussian_blur,"{""sigma"":2.0}"
m2,hard_hourglass,Hard Hourglass,8,legacy_single_stage,Resize 0.5 bicubic,0.212,0.355672,0.42150703047940585,0.434,0.49009793996810913,0.4839707223176956,0.344,197,86,0.40465922525759535,,,500,0.656,0.9990234375,164,53,0.0,0.016,resize__interpolation=bicubic_scale=0.5,resize,"{""interpolation"":""bicubic"",""scale"":0.5}"
m2,hard_hourglass,Hard Hourglass,9,legacy_single_stage,Resize 0.25 bilinear,0.24,0.33035200000000003,0.4060925768815274,0.392,0.49369680881500244,0.48870798408985133,0.456,190,114,0.3776205450733753,,,500,0.544,0.9990234375,136,60,0.0,0.016,resize__interpolation=bilinear_scale=0.25,resize,"{""interpolation"":""bilinear"",""scale"":0.25}"
m2,hard_hourglass,Hard Hourglass,10,legacy_single_stage,Gaussian noise sigma=0.02,0.224,0.35233600000000004,0.4141282393126155,0.424,0.48983725905418396,0.4830918000936509,0.376,194,94,0.4,,,500,0.624,0.9990234375,156,56,0.0,0.012,gaussian_noise__sigma=0.02,gaussian_noise,"{""seed"":20260827,""sigma"":0.02}"
m2,hard_hourglass,Hard Hourglass,11,legacy_single_stage,Gaussian noise sigma=0.05,0.224,0.346272,0.4131220759895944,0.418,0.49151527881622314,0.4866835719347,0.388,194,97,0.3952392234123471,,,500,0.612,0.9990234375,153,56,0.0,0.004,gaussian_noise__sigma=0.05,gaussian_noise,"{""seed"":20260827,""sigma"":0.05}"
m2,hard_hourglass,Hard Hourglass,12,legacy_single_stage,Gaussian noise sigma=0.10,0.252,0.34475999999999996,0.41188011259101925,0.412,0.49466797709465027,0.4926181769371033,0.428,187,107,0.39655172413793105,,,500,0.572,0.9990234375,143,63,0.0,0.0,gaussian_noise__sigma=0.1,gaussian_noise,"{""seed"":20260827,""sigma"":0.1}"
m2,hard_hourglass,Hard Hourglass,13,legacy_single_stage,Color jitter 0.8/0.8/0.8,0.272,0.391296,0.44477279334316133,0.46,0.48875853419303894,0.4837626690864564,0.352,182,88,0.44021495745633676,,,500,0.648,0.9990234375,162,68,0.0,0.028,color_jitter__brightness=0.8_contrast=0.8_saturation=0.8,color_jitter,"{""brightness"":0.8,""contrast"":0.8,""saturation"":0.8}"
m2,hard_hourglass,Hard Hourglass,14,legacy_single_stage,Color jitter 1.2/1.2/1.2,0.276,0.359384,0.42612190607955924,0.444,0.4921931028366089,0.48617576837539667,0.388,181,97,0.4278516859852476,,,500,0.612,0.9990234375,153,69,0.0,0.0,color_jitter__brightness=1.2_contrast=1.2_saturation=1.2,color_jitter,"{""brightness"":1.2,""contrast"":1.2,""saturation"":1.2}"
m2,hard_hourglass,Hard Hourglass,15,legacy_single_stage,Center crop ratio=0.8,0.196,0.34492799999999996,0.4144809171932804,0.41800000000000004,0.4902951121330261,0.48249904084205625,0.36,201,90,0.3878298040634638,,,500,0.64,0.9990234375,160,49,0.0,0.016,center_crop__ratio=0.8,center_crop,"{""ratio"":0.8}"
m2,hard_hourglass,Hard Hourglass,16,legacy_two_stage,2-stage resize 0.5 + JPEG Q70,0.18,0.35568800000000006,0.42322075752058896,0.45399999999999996,0.48828309774398804,0.47891013658046716,0.272,205,68,0.40968122786304606,,,500,0.728,0.9990234375,182,45,0.0,0.012,resize__interpolation=bicubic_scale=0.5__jpeg__quality=70,combo_resize_jpeg,"{""transforms"":[{""name"":""resize"",""params"":{""interpolation"":""bicubic"",""scale"":0.5}},{""name"":""jpeg"",""params"":{""quality"":70}}]}"
m2,hard_hourglass,Hard Hourglass,17,legacy_two_stage,2-stage crop 0.8 + JPEG Q50,0.184,0.34276,0.41334937509091063,0.43599999999999994,0.4900551438331604,0.4782021366357803,0.312,204,78,0.3977550357929986,,,500,0.688,0.9990234375,172,46,0.0,0.016,center_crop__ratio=0.8__jpeg__quality=50,combo_crop_jpeg,"{""transforms"":[{""name"":""center_crop"",""params"":{""ratio"":0.8}},{""name"":""jpeg"",""params"":{""quality"":50}}]}"
m2,hard_hourglass,Hard Hourglass,18,new_four_stage_a,4-stage A platform repost,0.16,0.329272,0.4059780573697849,0.43,0.49128249287605286,0.4810254071950913,0.3,210,75,0.3851795922769928,,,500,0.7,0.9990234375,175,40,0.0,0.004,center_crop__ratio=0.85__resize__interpolation=bicubic_scale=0.5__gaussian_blur__sigma=1.0__jpeg__quality=50,combo_four_stage_platform_repost,"{""transforms"":[{""name"":""center_crop"",""params"":{""ratio"":0.85}},{""name"":""resize"",""params"":{""interpolation"":""bicubic"",""scale"":0.5}},{""name"":""gaussian_blur"",""params"":{""sigma"":1.0}},{""name"":""jpeg"",""params"":{""quality"":50}}]}"
m2,hard_hourglass,Hard Hourglass,19,new_four_stage_b,4-stage B edit repost,0.168,0.337128,0.41410194108237786,0.446,0.4916943609714508,0.4842949085235595,0.276,208,69,0.3995985763766966,,,500,0.724,0.9990234375,181,42,0.0,0.008,color_jitter__brightness=1.15_contrast=1.15_saturation=0.85__resize__interpolation=bilinear_scale=0.5__gaussian_noise__sigma=0.05__jpeg__quality=50,combo_four_stage_edit_repost,"{""transforms"":[{""name"":""color_jitter"",""params"":{""brightness"":1.15,""contrast"":1.15,""saturation"":0.85}},{""name"":""resize"",""params"":{""interpolation"":""bilinear"",""scale"":0.5}},{""name"":""gaussian_noise"",""params"":{""seed"":20260829,""sigma"":0.05}},{""name"":""jpeg"",""params"":{""quality"":50}}]}"
m2,hard_hourglass,Hard Hourglass,20,new_six_stage,6-stage random composition,0.096,0.29752,0.3896470257805323,0.388,0.494536817073822,0.48981053638458255,0.32,226,80,0.3309545049063336,,,500,0.68,0.9990234375,170,24,0.0,0.008,strict_random_six__profile=full_training_range_v1,strict_random_six,"{""profile"":""full_training_range_v1"",""seed"":20260829}"
m2,hard_dfgan,Hard DFGAN,0,clean,Clean,0.196,0.40532799999999997,0.4280370040946102,0.404,0.4877927601337433,0.49066110718250266,0.388,201,97,0.37704863201551947,,,500,0.612,0.9990234375,153,49,0.0,0.0,clean,clean,{}
m2,hard_dfgan,Hard DFGAN,1,legacy_single_stage,JPEG Q90,0.184,0.406552,0.427577747904941,0.4,0.48787006735801697,0.4907695372104644,0.384,204,96,0.37063641245972073,,,500,0.616,0.9990234375,154,46,0.0,0.004,jpeg__quality=90,jpeg,"{""quality"":90}"
m2,hard_dfgan,Hard DFGAN,2,legacy_single_stage,JPEG Q70,0.144,0.402,0.42290222127430416,0.404,0.48711392283439636,0.48989451396465306,0.336,214,84,0.3607893607893608,,,500,0.664,0.9990234375,166,36,0.0,0.004,jpeg__quality=70,jpeg,"{""quality"":70}"
m2,hard_dfgan,Hard DFGAN,3,legacy_single_stage,JPEG Q50,0.16,0.423176,0.4360821782643718,0.41600000000000004,0.48763900995254517,0.4905869331359863,0.328,210,82,0.3750428052873091,,,500,0.672,0.9990234375,168,40,0.0,0.0,jpeg__quality=50,jpeg,"{""quality"":50}"
m2,hard_dfgan,Hard DFGAN,4,legacy_single_stage,JPEG Q30,0.204,0.41968,0.4349992010826489,0.414,0.48965445160865784,0.4920283401012421,0.376,199,94,0.3869651637200544,,,500,0.624,0.9990234375,156,51,0.0,0.004,jpeg__quality=30,jpeg,"{""quality"":30}"
m2,hard_dfgan,Hard DFGAN,5,legacy_single_stage,Gaussian blur sigma=0.5,0.172,0.429976,0.4391453824618617,0.42999999999999994,0.487447589635849,0.49057717490196234,0.312,207,78,0.3893528854683128,,,500,0.688,0.9990234375,172,43,0.0,0.0,gaussian_blur__sigma=0.5,gaussian_blur,"{""sigma"":0.5}"
m2,hard_dfgan,Hard DFGAN,6,legacy_single_stage,Gaussian blur sigma=1.0,0.232,0.458088,0.45996543149165814,0.436,0.49163389205932617,0.4938672052621841,0.36,192,90,0.4115093741130904,,,500,0.64,0.9990234375,160,58,0.0,0.0,gaussian_blur__sigma=1.0,gaussian_blur,"{""sigma"":1.0}"
m2,hard_dfgan,Hard DFGAN,7,legacy_single_stage,Gaussian blur sigma=2.0,0.416,0.472008,0.4707651594258555,0.45399999999999996,0.4940650463104248,0.49567480802536007,0.508,146,127,0.4532104358693954,,,500,0.492,0.9990234375,123,104,0.0,0.012,gaussian_blur__sigma=2.0,gaussian_blur,"{""sigma"":2.0}"
m2,hard_dfgan,Hard DFGAN,8,legacy_single_stage,Resize 0.5 bicubic,0.204,0.448424,0.4514080941771519,0.43,0.48950818181037903,0.49205273044109343,0.344,199,86,0.3993196504672661,,,500,0.656,0.9990234375,164,51,0.0,0.0,resize__interpolation=bicubic_scale=0.5,resize,"{""interpolation"":""bicubic"",""scale"":0.5}"
m2,hard_dfgan,Hard DFGAN,9,legacy_single_stage,Resize 0.25 bilinear,0.316,0.451392,0.4604530026139137,0.43000000000000005,0.49335458874702454,0.4949091763496399,0.456,171,114,0.4224947416626478,,,500,0.544,0.9990234375,136,79,0.0,0.0,resize__interpolation=bilinear_scale=0.25,resize,"{""interpolation"":""bilinear"",""scale"":0.25}"
m2,hard_dfgan,Hard DFGAN,10,legacy_single_stage,Gaussian noise sigma=0.02,0.164,0.413824,0.4296046868913214,0.394,0.4890943467617035,0.4917431519031525,0.376,209,94,0.36015204307887233,,,500,0.624,0.9990234375,156,41,0.0,0.0,gaussian_noise__sigma=0.02,gaussian_noise,"{""seed"":20260827,""sigma"":0.02}"
m2,hard_dfgan,Hard DFGAN,11,legacy_single_stage,Gaussian noise sigma=0.05,0.184,0.41408,0.4298023273187801,0.398,0.49101173877716064,0.49318263626098635,0.388,204,97,0.3691076541284673,,,500,0.612,0.9990234375,153,46,0.0,0.008,gaussian_noise__sigma=0.05,gaussian_noise,"{""seed"":20260827,""sigma"":0.05}"
m2,hard_dfgan,Hard DFGAN,12,legacy_single_stage,Gaussian noise sigma=0.10,0.252,0.44765600000000005,0.45206445314760396,0.412,0.4945194125175476,0.49584275484085083,0.428,187,107,0.39655172413793105,,,500,0.572,0.9990234375,143,63,0.0,0.0,gaussian_noise__sigma=0.1,gaussian_noise,"{""seed"":20260827,""sigma"":0.1}"
m2,hard_dfgan,Hard DFGAN,13,legacy_single_stage,Color jitter 0.8/0.8/0.8,0.228,0.464792,0.4585985120565407,0.438,0.4881466031074524,0.49150586891174314,0.352,193,88,0.41207239250967675,,,500,0.648,0.9990234375,162,57,0.0,0.008,color_jitter__brightness=0.8_contrast=0.8_saturation=0.8,color_jitter,"{""brightness"":0.8,""contrast"":0.8,""saturation"":0.8}"
m2,hard_dfgan,Hard DFGAN,14,legacy_single_stage,Color jitter 1.2/1.2/1.2,0.22,0.416736,0.4343956771609836,0.416,0.4917011559009552,0.4933046820163727,0.388,195,97,0.3926687632073745,,,500,0.612,0.9990234375,153,55,0.0,0.0,color_jitter__brightness=1.2_contrast=1.2_saturation=1.2,color_jitter,"{""brightness"":1.2,""contrast"":1.2,""saturation"":1.2}"
m2,hard_dfgan,Hard DFGAN,15,legacy_single_stage,Center crop ratio=0.8,0.164,0.418272,0.434142372523329,0.402,0.4895132780075073,0.4919511765241623,0.36,209,90,0.3660929702042495,,,500,0.64,0.9990234375,160,41,0.0,0.0,center_crop__ratio=0.8,center_crop,"{""ratio"":0.8}"
m2,hard_dfgan,Hard DFGAN,16,legacy_two_stage,2-stage resize 0.5 + JPEG Q70,0.124,0.452464,0.4478244188288886,0.426,0.4870810806751251,0.4903525557518006,0.272,219,68,0.3683951073728317,,,500,0.728,0.9990234375,182,31,0.0,0.0,resize__interpolation=bicubic_scale=0.5__jpeg__quality=70,combo_resize_jpeg,"{""transforms"":[{""name"":""resize"",""params"":{""interpolation"":""bicubic"",""scale"":0.5}},{""name"":""jpeg"",""params"":{""quality"":70}}]}"
m2,hard_dfgan,Hard DFGAN,17,legacy_two_stage,2-stage crop 0.8 + JPEG Q50,0.176,0.438608,0.44389385857952707,0.43199999999999994,0.48872485756874084,0.4912089632749558,0.312,206,78,0.39216492021094446,,,500,0.688,0.9990234375,172,44,0.0,0.004,center_crop__ratio=0.8__jpeg__quality=50,combo_crop_jpeg,"{""transforms"":[{""name"":""center_crop"",""params"":{""ratio"":0.8}},{""name"":""jpeg"",""params"":{""quality"":50}}]}"
m2,hard_dfgan,Hard DFGAN,18,new_four_stage_a,4-stage A platform repost,0.116,0.45128,0.44971732927966324,0.408,0.4903024733066559,0.49237208485603323,0.3,221,75,0.3528187367721397,,,500,0.7,0.9990234375,175,29,0.0,0.0,center_crop__ratio=0.85__resize__interpolation=bicubic_scale=0.5__gaussian_blur__sigma=1.0__jpeg__quality=50,combo_four_stage_platform_repost,"{""transforms"":[{""name"":""center_crop"",""params"":{""ratio"":0.85}},{""name"":""resize"",""params"":{""interpolation"":""bicubic"",""scale"":0.5}},{""name"":""gaussian_blur"",""params"":{""sigma"":1.0}},{""name"":""jpeg"",""params"":{""quality"":50}}]}"
m2,hard_dfgan,Hard DFGAN,19,new_four_stage_b,4-stage B edit repost,0.088,0.414888,0.42947745765546746,0.40599999999999997,0.49100351333618164,0.49274025344848627,0.276,228,69,0.33917470262861615,,,500,0.724,0.9990234375,181,22,0.0,0.004,color_jitter__brightness=1.15_contrast=1.15_saturation=0.85__resize__interpolation=bilinear_scale=0.5__gaussian_noise__sigma=0.05__jpeg__quality=50,combo_four_stage_edit_repost,"{""transforms"":[{""name"":""color_jitter"",""params"":{""brightness"":1.15,""contrast"":1.15,""saturation"":0.85}},{""name"":""resize"",""params"":{""interpolation"":""bilinear"",""scale"":0.5}},{""name"":""gaussian_noise"",""params"":{""seed"":20260829,""sigma"":0.05}},{""name"":""jpeg"",""params"":{""quality"":50}}]}"
m2,hard_dfgan,Hard DFGAN,20,new_six_stage,6-stage random composition,0.116,0.435208,0.4419179144467434,0.398,0.49389341473579407,0.4945185346603394,0.32,221,80,0.34599055271403056,,,500,0.68,0.9990234375,170,29,0.0,0.0,strict_random_six__profile=full_training_range_v1,strict_random_six,"{""profile"":""full_training_range_v1"",""seed"":20260829}"
m2,hard_galip,Hard GALIP,0,clean,Clean,0.22,0.40004000000000006,0.4262768820982942,0.416,0.4878978133201599,0.48940725326538087,0.388,195,97,0.3926687632073745,,,500,0.612,0.9990234375,153,55,0.0,0.0,clean,clean,{}
m2,hard_galip,Hard GALIP,1,legacy_single_stage,JPEG Q90,0.22,0.402288,0.4280820542672388,0.418,0.4879757761955261,0.48949123561382296,0.384,195,96,0.394252265829583,,,500,0.616,0.9990234375,154,55,0.0,0.012,jpeg__quality=90,jpeg,"{""quality"":90}"
m2,hard_galip,Hard GALIP,2,legacy_single_stage,JPEG Q70,0.18,0.394504,0.4235322539909095,0.42200000000000004,0.4872525632381439,0.4881728579998016,0.336,205,84,0.386044298284748,,,500,0.664,0.9990234375,166,45,0.0,0.008,jpeg__quality=70,jpeg,"{""quality"":70}"
m2,hard_galip,Hard GALIP,3,legacy_single_stage,JPEG Q50,0.168,0.4058,0.430269295395519,0.42000000000000004,0.48774659633636475,0.48890626919269553,0.328,208,82,0.3806700722693957,,,500,0.672,0.9990234375,168,42,0.0,0.012,jpeg__quality=50,jpeg,"{""quality"":50}"
m2,hard_galip,Hard GALIP,4,legacy_single_stage,JPEG Q30,0.196,0.396328,0.4252906178217697,0.41000000000000003,0.4897165298461914,0.4907509477138519,0.376,201,94,0.38168358128869717,,,500,0.624,0.9990234375,156,49,0.0,0.008,jpeg__quality=30,jpeg,"{""quality"":30}"
m2,hard_galip,Hard GALIP,5,legacy_single_stage,Gaussian blur sigma=0.5,0.224,0.429152,0.444367439984666,0.45599999999999996,0.4875195622444153,0.48960937142372135,0.312,194,78,0.4250541125541125,,,500,0.688,0.9990234375,172,56,0.0,0.004,gaussian_blur__sigma=0.5,gaussian_blur,"{""sigma"":0.5}"
m2,hard_galip,Hard GALIP,6,legacy_single_stage,Gaussian blur sigma=1.0,0.24,0.424232,0.44892656130281433,0.44,0.4916689693927765,0.49293264400959014,0.36,190,90,0.41666666666666663,,,500,0.64,0.9990234375,160,60,0.0,0.016,gaussian_blur__sigma=1.0,gaussian_blur,"{""sigma"":1.0}"
m2,hard_galip,Hard GALIP,7,legacy_single_stage,Gaussian blur sigma=2.0,0.34,0.42616800000000005,0.45076286900094137,0.41600000000000004,0.4940861463546753,0.49487111091613767,0.508,165,127,0.41260721929866906,,,500,0.492,0.9990234375,123,85,0.0,0.032,gaussian_blur__sigma=2.0,gaussian_blur,"{""sigma"":2.0}"
m2,hard_galip,Hard GALIP,8,legacy_single_stage,Resize 0.5 bicubic,0.232,0.44389600000000007,0.46060609416110754,0.444,0.4895399510860443,0.4913887001276016,0.344,192,86,0.4178351845336818,,,500,0.656,0.9990234375,164,58,0.0,0.012,resize__interpolation=bicubic_scale=0.5,resize,"{""interpolation"":""bicubic"",""scale"":0.5}"
m2,hard_galip,Hard GALIP,9,legacy_single_stage,Resize 0.25 bilinear,0.28,0.42846400000000007,0.4491279242564123,0.41200000000000003,0.49338075518608093,0.4942021503448486,0.456,180,114,0.40157300809301266,,,500,0.544,0.9990234375,136,70,0.0,0.016,resize__interpolation=bilinear_scale=0.25,resize,"{""interpolation"":""bilinear"",""scale"":0.25}"
m2,hard_galip,Hard GALIP,10,legacy_single_stage,Gaussian noise sigma=0.02,0.208,0.40996,0.4308142261478223,0.416,0.48914021253585815,0.4907978276014328,0.376,198,94,0.38959127700849555,,,500,0.624,0.9990234375,156,52,0.0,0.004,gaussian_noise__sigma=0.02,gaussian_noise,"{""seed"":20260827,""sigma"":0.02}"
m2,hard_galip,Hard GALIP,11,legacy_single_stage,Gaussian noise sigma=0.05,0.208,0.396312,0.42543901556123453,0.41,0.49105238914489746,0.4921249723434449,0.388,198,97,0.38490152169108294,,,500,0.612,0.9990234375,153,52,0.0,0.004,gaussian_noise__sigma=0.05,gaussian_noise,"{""seed"":20260827,""sigma"":0.05}"
m2,hard_galip,Hard GALIP,12,legacy_single_stage,Gaussian noise sigma=0.10,0.26,0.41271199999999997,0.4379315055575978,0.416,0.49453407526016235,0.4951454997062683,0.428,185,107,0.4014332803096148,,,500,0.572,0.9990234375,143,65,0.0,0.0,gaussian_noise__sigma=0.1,gaussian_noise,"{""seed"":20260827,""sigma"":0.1}"
m2,hard_galip,Hard GALIP,13,legacy_single_stage,Color jitter 0.8/0.8/0.8,0.22,0.418744,0.4415496600803505,0.434,0.4882538318634033,0.489573219537735,0.352,195,88,0.4068354356091569,,,500,0.648,0.9990234375,162,55,0.0,0.024,color_jitter__brightness=0.8_contrast=0.8_saturation=0.8,color_jitter,"{""brightness"":0.8,""contrast"":0.8,""saturation"":0.8}"
m2,hard_galip,Hard GALIP,14,legacy_single_stage,Color jitter 1.2/1.2/1.2,0.228,0.39128799999999997,0.4249120181017143,0.42,0.49177104234695435,0.4919072017669678,0.388,193,97,0.39780051830686425,,,500,0.612,0.9990234375,153,57,0.0,0.0,color_jitter__brightness=1.2_contrast=1.2_saturation=1.2,color_jitter,"{""brightness"":1.2,""contrast"":1.2,""saturation"":1.2}"
m2,hard_galip,Hard GALIP,15,legacy_single_stage,Center crop ratio=0.8,0.124,0.36408799999999997,0.4077779195054049,0.382,0.48961886763572693,0.4900927511453628,0.36,219,90,0.3379299705603812,,,500,0.64,0.9990234375,160,31,0.0,0.0,center_crop__ratio=0.8,center_crop,"{""ratio"":0.8}"
m2,hard_galip,Hard GALIP,16,legacy_two_stage,2-stage resize 0.5 + JPEG Q70,0.176,0.449296,0.45750695577362144,0.45199999999999996,0.48714107275009155,0.48940626573562623,0.272,206,68,0.4068134190062176,,,500,0.728,0.9990234375,182,44,0.0,0.008,resize__interpolation=bicubic_scale=0.5__jpeg__quality=70,combo_resize_jpeg,"{""transforms"":[{""name"":""resize"",""params"":{""interpolation"":""bicubic"",""scale"":0.5}},{""name"":""jpeg"",""params"":{""quality"":70}}]}"
m2,hard_galip,Hard GALIP,17,legacy_two_stage,2-stage crop 0.8 + JPEG Q50,0.156,0.40638399999999997,0.4284821138632329,0.422,0.48880735039711,0.4898329998254776,0.312,211,78,0.37798898889850246,,,500,0.688,0.9990234375,172,39,0.0,0.008,center_crop__ratio=0.8__jpeg__quality=50,combo_crop_jpeg,"{""transforms"":[{""name"":""center_crop"",""params"":{""ratio"":0.8}},{""name"":""jpeg"",""params"":{""quality"":50}}]}"
m2,hard_galip,Hard GALIP,18,new_four_stage_a,4-stage A platform repost,0.164,0.42772,0.4385594475508569,0.432,0.4903442859649658,0.4915058337450028,0.3,209,75,0.3880470945165572,,,500,0.7,0.9990234375,175,41,0.0,0.008,center_crop__ratio=0.85__resize__interpolation=bicubic_scale=0.5__gaussian_blur__sigma=1.0__jpeg__quality=50,combo_four_stage_platform_repost,"{""transforms"":[{""name"":""center_crop"",""params"":{""ratio"":0.85}},{""name"":""resize"",""params"":{""interpolation"":""bicubic"",""scale"":0.5}},{""name"":""gaussian_blur"",""params"":{""sigma"":1.0}},{""name"":""jpeg"",""params"":{""quality"":50}}]}"
m2,hard_galip,Hard GALIP,19,new_four_stage_b,4-stage B edit repost,0.124,0.40852000000000005,0.4336068689358498,0.424,0.49105778336524963,0.49159960937499997,0.276,219,69,0.36703296703296706,,,500,0.724,0.9990234375,181,31,0.0,0.004,color_jitter__brightness=1.15_contrast=1.15_saturation=0.85__resize__interpolation=bilinear_scale=0.5__gaussian_noise__sigma=0.05__jpeg__quality=50,combo_four_stage_edit_repost,"{""transforms"":[{""name"":""color_jitter"",""params"":{""brightness"":1.15,""contrast"":1.15,""saturation"":0.85}},{""name"":""resize"",""params"":{""interpolation"":""bilinear"",""scale"":0.5}},{""name"":""gaussian_noise"",""params"":{""seed"":20260829,""sigma"":0.05}},{""name"":""jpeg"",""params"":{""quality"":50}}]}"
m2,hard_galip,Hard GALIP,20,new_six_stage,6-stage random composition,0.152,0.42712800000000006,0.4419569628360044,0.41600000000000004,0.4939251244068146,0.4937822239398957,0.32,212,80,0.3722482113373693,,,500,0.68,0.9990234375,170,38,0.0,0.008,strict_random_six__profile=full_training_range_v1,strict_random_six,"{""profile"":""full_training_range_v1"",""seed"":20260829}"
m2,seen_family,Seen-family,0,clean,Clean,0.441,0.6753945,0.6239242074254691,0.603,0.48218438029289246,0.48743897080421444,0.235,559,235,0.5923003298567608,,,2000,0.765,0.9990234375,765,441,0.0,0.066,clean,clean,{}
m2,seen_family,Seen-family,1,legacy_single_stage,JPEG Q90,0.444,0.6767974999999999,0.6262757847948094,0.604,0.48211488127708435,0.48741259911656387,0.236,556,236,0.5935960591133005,,,2000,0.764,0.9990234375,764,444,0.0,0.065,jpeg__quality=90,jpeg,"{""quality"":90}"
m2,seen_family,Seen-family,2,legacy_single_stage,JPEG Q70,0.391,0.661852,0.6091776928462364,0.5825,0.47855401039123535,0.4846657837927341,0.226,609,226,0.5666064846569612,,,2000,0.774,0.9990234375,774,391,0.0,0.036,jpeg__quality=70,jpeg,"{""quality"":70}"
m2,seen_family,Seen-family,3,legacy_single_stage,JPEG Q50,0.372,0.658035,0.6060499883322171,0.5720000000000001,0.48006191849708557,0.48577025571465493,0.228,628,228,0.5541666666666667,,,2000,0.772,0.9990234375,772,372,0.0,0.041,jpeg__quality=50,jpeg,"{""quality"":50}"
m2,seen_family,Seen-family,4,legacy_single_stage,JPEG Q30,0.409,0.6617395,0.6091084741045336,0.582,0.4819864332675934,0.4873649736046791,0.245,591,245,0.5691037047803718,,,2000,0.755,0.9990234375,755,409,0.0,0.044,jpeg__quality=30,jpeg,"{""quality"":30}"
m2,seen_family,Seen-family,5,legacy_single_stage,Gaussian blur sigma=0.5,0.419,0.697069,0.6469247408192746,0.6025,0.48154953122138977,0.4872236438691616,0.214,581,214,0.5886488823279679,,,2000,0.786,0.9990234375,786,419,0.0,0.056,gaussian_blur__sigma=0.5,gaussian_blur,"{""sigma"":0.5}"
m2,seen_family,Seen-family,6,legacy_single_stage,Gaussian blur sigma=1.0,0.492,0.7028349999999999,0.6563637430828816,0.624,0.48850104212760925,0.49212402215600015,0.244,508,244,0.6173323997329468,,,2000,0.756,0.9990234375,756,492,0.0,0.06,gaussian_blur__sigma=1.0,gaussian_blur,"{""sigma"":1.0}"
m2,seen_family,Seen-family,7,legacy_single_stage,Gaussian blur sigma=2.0,0.535,0.6559645000000001,0.6060360311404109,0.599,0.4920118749141693,0.4943432906866074,0.337,465,337,0.5973507486665381,,,2000,0.663,0.9990234375,663,535,0.0,0.063,gaussian_blur__sigma=2.0,gaussian_blur,"{""sigma"":2.0}"
m2,seen_family,Seen-family,8,legacy_single_stage,Resize 0.5 bicubic,0.436,0.6854224999999999,0.6391123385101285,0.6105,0.4859488606452942,0.49022365602850915,0.215,564,215,0.5982671337907106,,,2000,0.785,0.9990234375,785,436,0.0,0.047,resize__interpolation=bicubic_scale=0.5,resize,"{""interpolation"":""bicubic"",""scale"":0.5}"
m2,seen_family,Seen-family,9,legacy_single_stage,Resize 0.25 bilinear,0.453,0.647143,0.5964277206719931,0.5855,0.4900045394897461,0.4928286131024361,0.282,547,282,0.5780928933590346,,,2000,0.718,0.9990234375,718,453,0.0,0.034,resize__interpolation=bilinear_scale=0.25,resize,"{""interpolation"":""bilinear"",""scale"":0.25}"
m2,seen_family,Seen-family,10,legacy_single_stage,Gaussian noise sigma=0.02,0.372,0.663688,0.6064932864443415,0.5760000000000001,0.48402419686317444,0.488875485599041,0.22,628,220,0.5575886074892736,,,2000,0.78,0.9990234375,780,372,0.0,0.028,gaussian_noise__sigma=0.02,gaussian_noise,"{""seed"":20260827,""sigma"":0.02}"
m2,seen_family,Seen-family,11,legacy_single_stage,Gaussian noise sigma=0.05,0.364,0.652757,0.594504073395624,0.5635,0.4865226447582245,0.4905429482460023,0.237,636,237,0.5454070884729973,,,2000,0.763,0.9990234375,763,364,0.0,0.024,gaussian_noise__sigma=0.05,gaussian_noise,"{""seed"":20260827,""sigma"":0.05}"
m2,seen_family,Seen-family,12,legacy_single_stage,Gaussian noise sigma=0.10,0.435,0.6401640000000001,0.583644043142008,0.5775,0.4919377863407135,0.49423460918664935,0.28,565,280,0.5687427831401395,,,2000,0.72,0.9990234375,720,435,0.0,0.016,gaussian_noise__sigma=0.1,gaussian_noise,"{""seed"":20260827,""sigma"":0.1}"
m2,seen_family,Seen-family,13,legacy_single_stage,Color jitter 0.8/0.8/0.8,0.406,0.6662220000000001,0.6135427840391537,0.587,0.4841051697731018,0.4888464237451554,0.232,594,232,0.5730114273721386,,,2000,0.768,0.9990234375,768,406,0.0,0.035,color_jitter__brightness=0.8_contrast=0.8_saturation=0.8,color_jitter,"{""brightness"":0.8,""contrast"":0.8,""saturation"":0.8}"
m2,seen_family,Seen-family,14,legacy_single_stage,Color jitter 1.2/1.2/1.2,0.442,0.6556089999999999,0.6060108942330736,0.591,0.48622626066207886,0.4901345051229,0.26,558,260,0.5817136241702027,,,2000,0.74,0.9990234375,740,442,0.0,0.056,color_jitter__brightness=1.2_contrast=1.2_saturation=1.2,color_jitter,"{""brightness"":1.2,""contrast"":1.2,""saturation"":1.2}"
m2,seen_family,Seen-family,15,legacy_single_stage,Center crop ratio=0.8,0.417,0.6691714999999998,0.6193300302137941,0.597,0.4835582673549652,0.4884028165638447,0.223,583,223,0.5835055808185201,,,2000,0.777,0.9990234375,777,417,0.0,0.038,center_crop__ratio=0.8,center_crop,"{""ratio"":0.8}"
m2,seen_family,Seen-family,16,legacy_two_stage,2-stage resize 0.5 + JPEG Q70,0.346,0.6808035,0.6273311587572032,0.5794999999999999,0.4801841974258423,0.4860478657782077,0.187,654,187,0.5552513002024637,,,2000,0.813,0.9990234375,813,346,0.0,0.027,resize__interpolation=bicubic_scale=0.5__jpeg__quality=70,combo_resize_jpeg,"{""transforms"":[{""name"":""resize"",""params"":{""interpolation"":""bicubic"",""scale"":0.5}},{""name"":""jpeg"",""params"":{""quality"":70}}]}"
m2,seen_family,Seen-family,17,legacy_two_stage,2-stage crop 0.8 + JPEG Q50,0.365,0.6567695,0.602020320509293,0.573,0.4797351062297821,0.48565818506479264,0.219,635,219,0.5536908823332665,,,2000,0.781,0.9990234375,781,365,0.0,0.027,center_crop__ratio=0.8__jpeg__quality=50,combo_crop_jpeg,"{""transforms"":[{""name"":""center_crop"",""params"":{""ratio"":0.8}},{""name"":""jpeg"",""params"":{""quality"":50}}]}"
m2,seen_family,Seen-family,18,new_four_stage_a,4-stage A platform repost,0.322,0.6569375,0.5983107312925777,0.5595,0.4809984266757965,0.486624238550663,0.203,678,203,0.5331677430038086,,,2000,0.797,0.9990234375,797,322,0.0,0.02,center_crop__ratio=0.85__resize__interpolation=bicubic_scale=0.5__gaussian_blur__sigma=1.0__jpeg__quality=50,combo_four_stage_platform_repost,"{""transforms"":[{""name"":""center_crop"",""params"":{""ratio"":0.85}},{""name"":""resize"",""params"":{""interpolation"":""bicubic"",""scale"":0.5}},{""name"":""gaussian_blur"",""params"":{""sigma"":1.0}},{""name"":""jpeg"",""params"":{""quality"":50}}]}"
m2,seen_family,Seen-family,19,new_four_stage_b,4-stage B edit repost,0.269,0.633941,0.5786311364980196,0.538,0.4847332239151001,0.48860960850119595,0.193,731,193,0.5019614311170617,,,2000,0.807,0.9990234375,807,269,0.0,0.006,color_jitter__brightness=1.15_contrast=1.15_saturation=0.85__resize__interpolation=bilinear_scale=0.5__gaussian_noise__sigma=0.05__jpeg__quality=50,combo_four_stage_edit_repost,"{""transforms"":[{""name"":""color_jitter"",""params"":{""brightness"":1.15,""contrast"":1.15,""saturation"":0.85}},{""name"":""resize"",""params"":{""interpolation"":""bilinear"",""scale"":0.5}},{""name"":""gaussian_noise"",""params"":{""seed"":20260829,""sigma"":0.05}},{""name"":""jpeg"",""params"":{""quality"":50}}]}"
m2,seen_family,Seen-family,20,new_six_stage,6-stage random composition,0.275,0.6231610000000001,0.5702121349269252,0.533,0.48593226075172424,0.4894494670331478,0.209,725,209,0.49969789037491597,,,2000,0.791,0.9990234375,791,275,0.0,0.01,strict_random_six__profile=full_training_range_v1,strict_random_six,"{""profile"":""full_training_range_v1"",""seed"":20260829}"
m2,unseen_generator,Unseen-generator,0,clean,Clean,0.805,0.8564349999999998,0.8164288320243727,0.7885,0.4829377233982086,0.49051414629817014,0.228,195,228,0.7884424034443377,,,2000,0.772,0.9990234375,772,805,0.0,0.363,clean,clean,{}
m2,unseen_generator,Unseen-generator,1,legacy_single_stage,JPEG Q90,0.804,0.859347,0.8209558986419465,0.7895000000000001,0.48293307423591614,0.49051634284853934,0.225,196,225,0.7894557330678775,,,2000,0.775,0.9990234375,775,804,0.0,0.364,jpeg__quality=90,jpeg,"{""quality"":90}"
m2,unseen_generator,Unseen-generator,2,legacy_single_stage,JPEG Q70,0.755,0.8465725000000001,0.8049917458390342,0.7685,0.47910112142562866,0.488286358833313,0.218,245,218,0.7684578014343113,,,2000,0.782,0.9990234375,782,755,0.0,0.265,jpeg__quality=70,jpeg,"{""quality"":70}"
m2,unseen_generator,Unseen-generator,3,legacy_single_stage,JPEG Q50,0.75,0.839471,0.7950535784641255,0.7655000000000001,0.48097285628318787,0.489293951869011,0.219,250,219,0.7654436478363926,,,2000,0.781,0.9990234375,781,750,0.0,0.253,jpeg__quality=50,jpeg,"{""quality"":50}"
m2,unseen_generator,Unseen-generator,4,legacy_single_stage,JPEG Q30,0.778,0.8429905,0.7973704520066429,0.773,0.48317456245422363,0.4905781458318234,0.232,222,232,0.7729943248581215,,,2000,0.768,0.9990234375,768,778,0.0,0.268,jpeg__quality=30,jpeg,"{""quality"":30}"
m2,unseen_generator,Unseen-generator,5,legacy_single_stage,Gaussian blur sigma=0.5,0.794,0.8664445,0.8280522113982964,0.7985,0.4825463891029358,0.49033495518565184,0.197,206,197,0.7984959195423706,,,2000,0.803,0.9990234375,803,794,0.0,0.3,gaussian_blur__sigma=0.5,gaussian_blur,"{""sigma"":0.5}"
m2,unseen_generator,Unseen-generator,6,legacy_single_stage,Gaussian blur sigma=1.0,0.802,0.861668,0.818367935242561,0.788,0.48900696635246277,0.49388697323203085,0.226,198,226,0.7879584398542114,,,2000,0.774,0.9990234375,774,802,0.0,0.283,gaussian_blur__sigma=1.0,gaussian_blur,"{""sigma"":1.0}"
m2,unseen_generator,Unseen-generator,7,legacy_single_stage,Gaussian blur sigma=2.0,0.815,0.815776,0.7616952381560838,0.752,0.4920653700828552,0.495485566854477,0.311,185,311,0.7510117656980556,,,2000,0.689,0.9990234375,689,815,0.0,0.253,gaussian_blur__sigma=2.0,gaussian_blur,"{""sigma"":2.0}"
m2,unseen_generator,Unseen-generator,8,legacy_single_stage,Resize 0.5 bicubic,0.774,0.8469505,0.8020375179157323,0.7765,0.48615536093711853,0.49223118948936456,0.221,226,221,0.7764986031162695,,,2000,0.779,0.9990234375,779,774,0.0,0.226,resize__interpolation=bicubic_scale=0.5,resize,"{""interpolation"":""bicubic"",""scale"":0.5}"
m2,unseen_generator,Unseen-generator,9,legacy_single_stage,Resize 0.25 bilinear,0.734,0.807119,0.7526662715943254,0.7364999999999999,0.4902679920196533,0.49438528054952624,0.261,266,261,0.7364983531147069,,,2000,0.739,0.9990234375,739,734,0.0,0.148,resize__interpolation=bilinear_scale=0.25,resize,"{""interpolation"":""bilinear"",""scale"":0.25}"
m2,unseen_generator,Unseen-generator,10,legacy_single_stage,Gaussian noise sigma=0.02,0.767,0.8504769999999999,0.8075153157004027,0.7785,0.4846685230731964,0.49137400570511824,0.21,233,210,0.7784707027504387,,,2000,0.79,0.9990234375,790,767,0.0,0.231,gaussian_noise__sigma=0.02,gaussian_noise,"{""seed"":20260827,""sigma"":0.02}"
m2,unseen_generator,Unseen-generator,11,legacy_single_stage,Gaussian noise sigma=0.05,0.762,0.8384005,0.7884606825748618,0.7685,0.4872394800186157,0.4927734570503235,0.225,238,225,0.7684902187117406,,,2000,0.775,0.9990234375,775,762,0.0,0.209,gaussian_noise__sigma=0.05,gaussian_noise,"{""seed"":20260827,""sigma"":0.05}"
m2,unseen_generator,Unseen-generator,12,legacy_single_stage,Gaussian noise sigma=0.10,0.777,0.8179789999999999,0.7677789043073983,0.7565,0.49215084314346313,0.49540867739915845,0.264,223,264,0.7563976261023695,,,2000,0.736,0.9990234375,736,777,0.0,0.209,gaussian_noise__sigma=0.1,gaussian_noise,"{""seed"":20260827,""sigma"":0.1}"
m2,unseen_generator,Unseen-generator,13,legacy_single_stage,Color jitter 0.8/0.8/0.8,0.766,0.848126,0.8066239048070435,0.776,0.48492053151130676,0.4914936444461345,0.214,234,214,0.775977597759776,,,2000,0.786,0.9990234375,786,766,0.0,0.265,color_jitter__brightness=0.8_contrast=0.8_saturation=0.8,color_jitter,"{""brightness"":0.8,""contrast"":0.8,""saturation"":0.8}"
m2,unseen_generator,Unseen-generator,14,legacy_single_stage,Color jitter 1.2/1.2/1.2,0.783,0.8429304999999999,0.7998776957905094,0.7675000000000001,0.4868641495704651,0.4926115491390228,0.248,217,248,0.7674441284518605,,,2000,0.752,0.9990234375,752,783,0.0,0.302,color_jitter__brightness=1.2_contrast=1.2_saturation=1.2,color_jitter,"{""brightness"":1.2,""contrast"":1.2,""saturation"":1.2}"
m2,unseen_generator,Unseen-generator,15,legacy_single_stage,Center crop ratio=0.8,0.777,0.844801,0.7984322893015816,0.7755000000000001,0.484318345785141,0.4912177748084068,0.226,223,226,0.7754994948738634,,,2000,0.774,0.9990234375,774,777,0.0,0.243,center_crop__ratio=0.8,center_crop,"{""ratio"":0.8}"
m2,unseen_generator,Unseen-generator,16,legacy_two_stage,2-stage resize 0.5 + JPEG Q70,0.724,0.8516999999999999,0.8085981602600423,0.7765,0.4809715151786804,0.48928856739401816,0.171,276,171,0.7758822755219072,,,2000,0.829,0.9990234375,829,724,0.0,0.168,resize__interpolation=bicubic_scale=0.5__jpeg__quality=70,combo_resize_jpeg,"{""transforms"":[{""name"":""resize"",""params"":{""interpolation"":""bicubic"",""scale"":0.5}},{""name"":""jpeg"",""params"":{""quality"":70}}]}"
m2,unseen_generator,Unseen-generator,17,legacy_two_stage,2-stage crop 0.8 + JPEG Q50,0.738,0.840349,0.7974407810929082,0.759,0.48074641823768616,0.489153340101242,0.22,262,220,0.7588936721094002,,,2000,0.78,0.9990234375,780,738,0.0,0.222,center_crop__ratio=0.8__jpeg__quality=50,combo_crop_jpeg,"{""transforms"":[{""name"":""center_crop"",""params"":{""ratio"":0.8}},{""name"":""jpeg"",""params"":{""quality"":50}}]}"
m2,unseen_generator,Unseen-generator,18,new_four_stage_a,4-stage A platform repost,0.697,0.8345525,0.7910494074270078,0.7575,0.48235884308815,0.4899582499861717,0.182,303,182,0.756609128562822,,,2000,0.818,0.9990234375,818,697,0.0,0.152,center_crop__ratio=0.85__resize__interpolation=bicubic_scale=0.5__gaussian_blur__sigma=1.0__jpeg__quality=50,combo_four_stage_platform_repost,"{""transforms"":[{""name"":""center_crop"",""params"":{""ratio"":0.85}},{""name"":""resize"",""params"":{""interpolation"":""bicubic"",""scale"":0.5}},{""name"":""gaussian_blur"",""params"":{""sigma"":1.0}},{""name"":""jpeg"",""params"":{""quality"":50}}]}"
m2,unseen_generator,Unseen-generator,19,new_four_stage_b,4-stage B edit repost,0.607,0.808302,0.7622091075113678,0.7175,0.4846380054950714,0.49093750622868537,0.172,393,172,0.7140079657639695,,,2000,0.828,0.9990234375,828,607,0.0,0.083,color_jitter__brightness=1.15_contrast=1.15_saturation=0.85__resize__interpolation=bilinear_scale=0.5__gaussian_noise__sigma=0.05__jpeg__quality=50,combo_four_stage_edit_repost,"{""transforms"":[{""name"":""color_jitter"",""params"":{""brightness"":1.15,""contrast"":1.15,""saturation"":0.85}},{""name"":""resize"",""params"":{""interpolation"":""bilinear"",""scale"":0.5}},{""name"":""gaussian_noise"",""params"":{""seed"":20260829,""sigma"":0.05}},{""name"":""jpeg"",""params"":{""quality"":50}}]}"
m2,unseen_generator,Unseen-generator,20,new_six_stage,6-stage random composition,0.577,0.7847615,0.7356428661857727,0.6995,0.4863801598548889,0.4918286168575286,0.178,423,178,0.6949219220934143,,,2000,0.822,0.9990234375,822,577,0.0,0.078,strict_random_six__profile=full_training_range_v1,strict_random_six,"{""profile"":""full_training_range_v1"",""seed"":20260829}"
m3,exact_seen_generator,Exact-seen generator,0,clean,Clean,0.834,0.7299155,0.6812991724974151,0.6625,0.49707210063934326,0.4980466438829899,0.509,166,509,0.6522725534090039,0.47981893314421176,0.5201810689866543,2000,0.491,0.9990234375,491,834,0.0,0.0,clean,clean,{}
m3,exact_seen_generator,Exact-seen generator,1,legacy_single_stage,JPEG Q90,0.832,0.7312535,0.6815198643878269,0.6625,0.49708157777786255,0.49805641752481455,0.507,168,507,0.6525167184502554,0.47981451223790644,0.5201854894757271,2000,0.493,0.9990234375,493,832,0.0,0.0,jpeg__quality=90,jpeg,"{""quality"":90}"
m3,exact_seen_generator,Exact-seen generator,2,legacy_single_stage,JPEG Q70,0.82,0.7340679999999999,0.6868625227578654,0.6725,0.49655240774154663,0.4977170459330082,0.475,180,475,0.6652163635085837,0.4804374244958162,0.5195625796318054,2000,0.525,0.9990234375,525,820,0.0,0.0,jpeg__quality=70,jpeg,"{""quality"":70}"
m3,exact_seen_generator,Exact-seen generator,3,legacy_single_stage,JPEG Q50,0.806,0.7290139999999999,0.6840541438147913,0.673,0.4965985119342804,0.4977104369401931,0.46,194,460,0.6671115359595892,0.4810044365078211,0.5189955670237542,2000,0.54,0.9990234375,540,806,0.0,0.0,jpeg__quality=50,jpeg,"{""quality"":50}"
m3,exact_seen_generator,Exact-seen generator,4,legacy_single_stage,JPEG Q30,0.815,0.7257474999999999,0.6764690407884043,0.6645,0.49685898423194885,0.4979069609642029,0.486,185,486,0.6567247292998233,0.4818959740400314,0.5181040319204331,2000,0.514,0.9990234375,514,815,0.0,0.0,jpeg__quality=30,jpeg,"{""quality"":30}"
m3,exact_seen_generator,Exact-seen generator,5,legacy_single_stage,Gaussian blur sigma=0.5,0.802,0.7360035,0.6853011276766701,0.682,0.4965893626213074,0.4977365593910217,0.438,198,438,0.6773538961038961,0.4805236274003983,0.5194763761460781,2000,0.562,0.9990234375,562,802,0.0,0.0,gaussian_blur__sigma=0.5,gaussian_blur,"{""sigma"":0.5}"
m3,exact_seen_generator,Exact-seen generator,6,legacy_single_stage,Gaussian blur sigma=1.0,0.849,0.7478485,0.6966646496738564,0.6819999999999999,0.49734002351760864,0.4982568621635437,0.485,151,485,0.6728768628273931,0.4873742856681347,0.5126257164329291,2000,0.515,0.9990234375,515,849,0.0,0.0,gaussian_blur__sigma=1.0,gaussian_blur,"{""sigma"":1.0}"
m3,exact_seen_generator,Exact-seen generator,7,legacy_single_stage,Gaussian blur sigma=2.0,0.908,0.7290025,0.67420919424073,0.642,0.49828460812568665,0.49886178970336914,0.624,92,624,0.6147405848194877,0.4985914352834225,0.5014085663557053,2000,0.376,0.9990234375,376,908,0.0,0.0,gaussian_blur__sigma=2.0,gaussian_blur,"{""sigma"":2.0}"
m3,exact_seen_generator,Exact-seen generator,8,legacy_single_stage,Resize 0.5 bicubic,0.807,0.741228,0.694343695909335,0.6775,0.4968922436237335,0.4979177294969559,0.452,193,452,0.671999347049863,0.4862392825484276,0.5137607211470604,2000,0.548,0.9990234375,548,807,0.0,0.0,resize__interpolation=bicubic_scale=0.5,resize,"{""interpolation"":""bicubic"",""scale"":0.5}"
m3,exact_seen_generator,Exact-seen generator,9,legacy_single_stage,Resize 0.25 bilinear,0.838,0.7076175,0.6542923494976302,0.6455,0.49768006801605225,0.4984242916107178,0.547,162,547,0.6318580394753068,0.4996330077946186,0.5003669952154159,2000,0.453,0.9990234375,453,838,0.0,0.0,resize__interpolation=bilinear_scale=0.25,resize,"{""interpolation"":""bilinear"",""scale"":0.25}"
m3,exact_seen_generator,Exact-seen generator,10,legacy_single_stage,Gaussian noise sigma=0.02,0.783,0.728538,0.6825203473673277,0.6775,0.4967503845691681,0.4977651653885841,0.428,217,428,0.6738700925981405,0.47909097757935526,0.5209090218245983,2000,0.572,0.9990234375,572,783,0.0,0.0,gaussian_noise__sigma=0.02,gaussian_noise,"{""seed"":20260827,""sigma"":0.02}"
m3,exact_seen_generator,Exact-seen generator,11,legacy_single_stage,Gaussian noise sigma=0.05,0.78,0.7190354999999999,0.6724650246420936,0.6645000000000001,0.49705198407173157,0.497933808863163,0.451,220,451,0.6599638325167314,0.4792725574970245,0.520727442830801,2000,0.549,0.9990234375,549,780,0.0,0.0,gaussian_noise__sigma=0.05,gaussian_noise,"{""seed"":20260827,""sigma"":0.05}"
m3,exact_seen_generator,Exact-seen generator,12,legacy_single_stage,Gaussian noise sigma=0.10,0.813,0.7084845,0.6547930852375284,0.6595,0.4975832998752594,0.4982963800430298,0.494,187,494,0.6512834535534908,0.4798883110433817,0.5201116927266121,2000,0.506,0.9990234375,506,813,0.0,0.0,gaussian_noise__sigma=0.1,gaussian_noise,"{""seed"":20260827,""sigma"":0.1}"
m3,exact_seen_generator,Exact-seen generator,13,legacy_single_stage,Color jitter 0.8/0.8/0.8,0.765,0.7097490000000001,0.6668420290169207,0.6545000000000001,0.49664589762687683,0.49764479127526284,0.456,235,456,0.6502292112263769,0.47968825049698355,0.520311748534441,2000,0.544,0.9990234375,544,765,0.0,0.0,color_jitter__brightness=0.8_contrast=0.8_saturation=0.8,color_jitter,"{""brightness"":0.8,""contrast"":0.8,""saturation"":0.8}"
m3,exact_seen_generator,Exact-seen generator,14,legacy_single_stage,Color jitter 1.2/1.2/1.2,0.869,0.7326435000000001,0.6844237625552894,0.65,0.49753907322883606,0.4983774375915528,0.569,131,569,0.6323680017310216,0.4801210332512856,0.519878970503807,2000,0.431,0.9990234375,431,869,0.0,0.0,color_jitter__brightness=1.2_contrast=1.2_saturation=1.2,color_jitter,"{""brightness"":1.2,""contrast"":1.2,""saturation"":1.2}"
m3,exact_seen_generator,Exact-seen generator,15,legacy_single_stage,Center crop ratio=0.8,0.833,0.7403175,0.6909118558547601,0.6785,0.49680063128471375,0.49788816756010046,0.476,167,476,0.6706380478619773,0.4810277254879475,0.5189722788631916,2000,0.524,0.9990234375,524,833,0.0,0.0,center_crop__ratio=0.8,center_crop,"{""ratio"":0.8}"
m3,exact_seen_generator,Exact-seen generator,16,legacy_two_stage,2-stage resize 0.5 + JPEG Q70,0.757,0.7382185,0.6907422567331355,0.6895,0.4956393837928772,0.497078830897808,0.378,243,378,0.6880788090738428,0.48648431903123857,0.5135156836956739,2000,0.622,0.9990234375,622,757,0.0,0.155,resize__interpolation=bicubic_scale=0.5__jpeg__quality=70,combo_resize_jpeg,"{""transforms"":[{""name"":""resize"",""params"":{""interpolation"":""bicubic"",""scale"":0.5}},{""name"":""jpeg"",""params"":{""quality"":70}}]}"
m3,exact_seen_generator,Exact-seen generator,17,legacy_two_stage,2-stage crop 0.8 + JPEG Q50,0.786,0.721982,0.6753319905783516,0.668,0.49635690450668335,0.49752588462829594,0.45,214,450,0.6633119556707596,0.4823639033436775,0.5176361028254032,2000,0.55,0.9990234375,550,786,0.0,0.0,center_crop__ratio=0.8__jpeg__quality=50,combo_crop_jpeg,"{""transforms"":[{""name"":""center_crop"",""params"":{""ratio"":0.8}},{""name"":""jpeg"",""params"":{""quality"":50}}]}"
m3,exact_seen_generator,Exact-seen generator,18,new_four_stage_a,4-stage A platform repost,0.763,0.7277144999999999,0.6821487769185698,0.677,0.49651217460632324,0.4975808050632477,0.409,237,409,0.6745932919875399,0.491375132933259,0.5086248668879271,2000,0.591,0.9990234375,591,763,0.0,0.164,center_crop__ratio=0.85__resize__interpolation=bicubic_scale=0.5__gaussian_blur__sigma=1.0__jpeg__quality=50,combo_four_stage_platform_repost,"{""transforms"":[{""name"":""center_crop"",""params"":{""ratio"":0.85}},{""name"":""resize"",""params"":{""interpolation"":""bicubic"",""scale"":0.5}},{""name"":""gaussian_blur"",""params"":{""sigma"":1.0}},{""name"":""jpeg"",""params"":{""quality"":50}}]}"
m3,exact_seen_generator,Exact-seen generator,19,new_four_stage_b,4-stage B edit repost,0.704,0.7088574999999999,0.660187593972433,0.6665,0.496181845664978,0.49730588716268537,0.371,296,371,0.6660303551869817,0.48335700821876526,0.5166429963409901,2000,0.629,0.9990234375,629,704,0.0,0.093,color_jitter__brightness=1.15_contrast=1.15_saturation=0.85__resize__interpolation=bilinear_scale=0.5__gaussian_noise__sigma=0.05__jpeg__quality=50,combo_four_stage_edit_repost,"{""transforms"":[{""name"":""color_jitter"",""params"":{""brightness"":1.15,""contrast"":1.15,""saturation"":0.85}},{""name"":""resize"",""params"":{""interpolation"":""bilinear"",""scale"":0.5}},{""name"":""gaussian_noise"",""params"":{""seed"":20260829,""sigma"":0.05}},{""name"":""jpeg"",""params"":{""quality"":50}}]}"
m3,exact_seen_generator,Exact-seen generator,20,new_six_stage,6-stage random composition,0.721,0.724981,0.6761157049970964,0.675,0.49642646312713623,0.4975314736366272,0.371,279,371,0.6743108417411242,0.4835493159741163,0.5164506864100694,2000,0.629,0.9990234375,629,721,0.0,0.098,strict_random_six__profile=full_training_range_v1,strict_random_six,"{""profile"":""full_training_range_v1"",""seed"":20260829}"
m3,hard_hourglass,Hard Hourglass,0,clean,Clean,0.3,0.370592,0.435943144040538,0.43999999999999995,0.48799240589141846,0.4758974833488464,0.42,175,105,0.4288045695634435,0.4804353501200676,0.5195646498203278,500,0.58,0.9990234375,145,75,0.0,0.0,clean,clean,{}
m3,hard_hourglass,Hard Hourglass,1,legacy_single_stage,JPEG Q90,0.296,0.369288,0.4357724033238467,0.43799999999999994,0.48799774050712585,0.47591211092472074,0.42,176,105,0.4264346278356786,0.48043109810352325,0.5195689004659653,500,0.58,0.9990234375,145,74,0.0,0.0,jpeg__quality=90,jpeg,"{""quality"":90}"
m3,hard_hourglass,Hard Hourglass,2,legacy_single_stage,JPEG Q70,0.248,0.357864,0.42891030589848866,0.434,0.48833203315734863,0.4722089912891388,0.38,188,95,0.4137169516596161,0.4812569854259491,0.5187430155277252,500,0.62,0.9990234375,155,62,0.0,0.0,jpeg__quality=70,jpeg,"{""quality"":70}"
m3,hard_hourglass,Hard Hourglass,3,legacy_single_stage,JPEG Q50,0.236,0.35675200000000007,0.4279667144221167,0.434,0.4882465898990631,0.4746474525928498,0.368,191,92,0.41090512450093464,0.48195802175998687,0.5180419846773148,500,0.632,0.9990234375,158,59,0.0,0.032,jpeg__quality=50,jpeg,"{""quality"":50}"
m3,hard_hourglass,Hard Hourglass,4,legacy_single_stage,JPEG Q30,0.252,0.346088,0.41841297198946187,0.428,0.4906077980995178,0.4800507618188858,0.396,187,99,0.40971534244765867,0.4829738821387291,0.5170261229276657,500,0.604,0.9990234375,151,63,0.0,0.0,jpeg__quality=30,jpeg,"{""quality"":30}"
m3,hard_hourglass,Hard Hourglass,5,legacy_single_stage,Gaussian blur sigma=0.5,0.248,0.366072,0.4359848974181235,0.43,0.4877714514732361,0.4764775359630584,0.388,188,97,0.41047249078475423,0.481588818192482,0.5184111859798431,500,0.612,0.9990234375,153,62,0.0,0.0,gaussian_blur__sigma=0.5,gaussian_blur,"{""sigma"":0.5}"
m3,hard_hourglass,Hard Hourglass,6,legacy_single_stage,Gaussian blur sigma=1.0,0.288,0.360224,0.4253543084736206,0.42599999999999993,0.4925388693809509,0.48700487875938414,0.436,178,109,0.41485652771378123,0.4895196263790131,0.5104803742170334,500,0.564,0.9990234375,141,72,0.0,0.0,gaussian_blur__sigma=1.0,gaussian_blur,"{""sigma"":1.0}"
m3,hard_hourglass,Hard Hourglass,7,legacy_single_stage,Gaussian blur sigma=2.0,0.36,0.360656,0.4290706653873102,0.4,0.4951435327529907,0.49114255988597866,0.56,160,140,0.39903846153846156,0.49937524676322936,0.5006247546672821,500,0.44,0.9990234375,110,90,0.0,0.0,gaussian_blur__sigma=2.0,gaussian_blur,"{""sigma"":2.0}"
m3,hard_hourglass,Hard Hourglass,8,legacy_single_stage,Resize 0.5 bicubic,0.248,0.346368,0.4150943184411621,0.428,0.49030354619026184,0.4822802840471268,0.392,188,98,0.4088466308391897,0.48818570697307584,0.5118142939805984,500,0.608,0.9990234375,152,62,0.0,0.02,resize__interpolation=bicubic_scale=0.5,resize,"{""interpolation"":""bicubic"",""scale"":0.5}"
m3,hard_hourglass,Hard Hourglass,9,legacy_single_stage,Resize 0.25 bilinear,0.316,0.334024,0.41049301813314554,0.40800000000000003,0.49456918239593506,0.4888632798194885,0.5,171,125,0.40294653951041615,0.5001788417696953,0.4998211612701416,500,0.5,0.9990234375,125,79,0.0,0.0,resize__interpolation=bilinear_scale=0.25,resize,"{""interpolation"":""bilinear"",""scale"":0.25}"
m3,hard_hourglass,Hard Hourglass,10,legacy_single_stage,Gaussian noise sigma=0.02,0.232,0.35988000000000003,0.4229963626799204,0.426,0.4880572259426117,0.4780839681625366,0.38,192,95,0.40355208632076844,0.4789961727261543,0.5210038245916366,500,0.62,0.9990234375,155,58,0.0,0.0,gaussian_noise__sigma=0.02,gaussian_noise,"{""seed"":20260827,""sigma"":0.02}"
m3,hard_hourglass,Hard Hourglass,11,legacy_single_stage,Gaussian noise sigma=0.05,0.244,0.35004799999999997,0.4191812879286921,0.428,0.48973339796066284,0.4817294752597809,0.388,189,97,0.4079557498675146,0.47902086180448533,0.5209791350364685,500,0.612,0.9990234375,153,61,0.0,0.0,gaussian_noise__sigma=0.05,gaussian_noise,"{""seed"":20260827,""sigma"":0.05}"
m3,hard_hourglass,Hard Hourglass,12,legacy_single_stage,Gaussian noise sigma=0.10,0.264,0.342112,0.4109745483805999,0.434,0.4932178854942322,0.48900586760044096,0.396,184,99,0.41715580269797137,0.47969112092256544,0.520308883190155,500,0.604,0.9990234375,151,66,0.0,0.0,gaussian_noise__sigma=0.1,gaussian_noise,"{""seed"":20260827,""sigma"":0.1}"
m3,hard_hourglass,Hard Hourglass,13,legacy_single_stage,Color jitter 0.8/0.8/0.8,0.28,0.39150399999999996,0.44568797537807026,0.448,0.4872431755065918,0.4804277105331421,0.384,180,96,0.4319678609062171,0.48064295250177386,0.5193570474386215,500,0.616,0.9990234375,154,70,0.0,0.032,color_jitter__brightness=0.8_contrast=0.8_saturation=0.8,color_jitter,"{""brightness"":0.8,""contrast"":0.8,""saturation"":0.8}"
m3,hard_hourglass,Hard Hourglass,14,legacy_single_stage,Color jitter 1.2/1.2/1.2,0.344,0.371664,0.43882804080657467,0.46399999999999997,0.49244681000709534,0.48347850680351256,0.416,164,104,0.4561688311688312,0.4806524582505226,0.5193475459814072,500,0.584,0.9990234375,146,86,0.0,0.0,color_jitter__brightness=1.2_contrast=1.2_saturation=1.2,color_jitter,"{""brightness"":1.2,""contrast"":1.2,""saturation"":1.2}"
m3,hard_hourglass,Hard Hourglass,15,legacy_single_stage,Center crop ratio=0.8,0.268,0.344032,0.4163726632655764,0.424,0.48975443840026855,0.4786152455806732,0.42,183,105,0.4096328244149625,0.482329529941082,0.5176704747676849,500,0.58,0.9990234375,145,67,0.0,0.028,center_crop__ratio=0.8,center_crop,"{""ratio"":0.8}"
m3,hard_hourglass,Hard Hourglass,16,legacy_two_stage,2-stage resize 0.5 + JPEG Q70,0.2,0.355648,0.42534028856986317,0.45199999999999996,0.488078773021698,0.4781191164255142,0.296,200,74,0.4148399993166014,0.4882447302341461,0.5117552690505981,500,0.704,0.9990234375,176,50,0.0,0.012,resize__interpolation=bicubic_scale=0.5__jpeg__quality=70,combo_resize_jpeg,"{""transforms"":[{""name"":""resize"",""params"":{""interpolation"":""bicubic"",""scale"":0.5}},{""name"":""jpeg"",""params"":{""quality"":70}}]}"
m3,hard_hourglass,Hard Hourglass,17,legacy_two_stage,2-stage crop 0.8 + JPEG Q50,0.244,0.34463199999999994,0.4181223798359831,0.438,0.49011462926864624,0.4793720690011978,0.368,189,92,0.41602138068340044,0.48392665457725526,0.5160733510255814,500,0.632,0.9990234375,158,61,0.0,0.0,center_crop__ratio=0.8__jpeg__quality=50,combo_crop_jpeg,"{""transforms"":[{""name"":""center_crop"",""params"":{""ratio"":0.8}},{""name"":""jpeg"",""params"":{""quality"":50}}]}"
m3,hard_hourglass,Hard Hourglass,18,new_four_stage_a,4-stage A platform repost,0.216,0.333224,0.4132284763798955,0.434,0.4922582805156708,0.4796904387474061,0.348,196,87,0.4057593052213389,0.49306258219480514,0.5069374186992646,500,0.652,0.9990234375,163,54,0.0,0.012,center_crop__ratio=0.85__resize__interpolation=bicubic_scale=0.5__gaussian_blur__sigma=1.0__jpeg__quality=50,combo_four_stage_platform_repost,"{""transforms"":[{""name"":""center_crop"",""params"":{""ratio"":0.85}},{""name"":""resize"",""params"":{""interpolation"":""bicubic"",""scale"":0.5}},{""name"":""gaussian_blur"",""params"":{""sigma"":1.0}},{""name"":""jpeg"",""params"":{""quality"":50}}]}"
m3,hard_hourglass,Hard Hourglass,19,new_four_stage_b,4-stage B edit repost,0.2,0.331728,0.4110804089940788,0.43600000000000005,0.49175187945365906,0.48095995867252356,0.328,200,82,0.40273471255019566,0.4841414262652397,0.5158585752248764,500,0.672,0.9990234375,168,50,0.0,0.008,color_jitter__brightness=1.15_contrast=1.15_saturation=0.85__resize__interpolation=bilinear_scale=0.5__gaussian_noise__sigma=0.05__jpeg__quality=50,combo_four_stage_edit_repost,"{""transforms"":[{""name"":""color_jitter"",""params"":{""brightness"":1.15,""contrast"":1.15,""saturation"":0.85}},{""name"":""resize"",""params"":{""interpolation"":""bilinear"",""scale"":0.5}},{""name"":""gaussian_noise"",""params"":{""seed"":20260829,""sigma"":0.05}},{""name"":""jpeg"",""params"":{""quality"":50}}]}"
m3,hard_hourglass,Hard Hourglass,20,new_six_stage,6-stage random composition,0.156,0.302976,0.3954543245120945,0.4,0.49469590187072754,0.48593360960483556,0.356,211,89,0.36201704690450676,0.48388610368967055,0.5161138976812363,500,0.644,0.9990234375,161,39,0.0,0.012,strict_random_six__profile=full_training_range_v1,strict_random_six,"{""profile"":""full_training_range_v1"",""seed"":20260829}"
m3,hard_dfgan,Hard DFGAN,0,clean,Clean,0.192,0.393024,0.420951442789864,0.386,0.4863765835762024,0.4893183345794677,0.42,202,105,0.3619877717786617,0.4800575271844864,0.5199424716234207,500,0.58,0.9990234375,145,48,0.0,0.0,clean,clean,{}
m3,hard_dfgan,Hard DFGAN,1,legacy_single_stage,JPEG Q90,0.184,0.392088,0.42111424448115603,0.382,0.4863835573196411,0.4894013689756393,0.42,204,105,0.3567833338190417,0.48005460846424103,0.5199453890323639,500,0.58,0.9990234375,145,46,0.0,0.0,jpeg__quality=90,jpeg,"{""quality"":90}"
m3,hard_dfgan,Hard DFGAN,2,legacy_single_stage,JPEG Q70,0.144,0.38168,0.41591872988068723,0.382,0.48562803864479065,0.4884130871295928,0.38,214,95,0.3448920661977027,0.4808705477118492,0.5191294522285461,500,0.62,0.9990234375,155,36,0.0,0.0,jpeg__quality=70,jpeg,"{""quality"":70}"
m3,hard_dfgan,Hard DFGAN,3,legacy_single_stage,JPEG Q50,0.16,0.40548,0.42575411154025805,0.396,0.48609787225723267,0.4892265870571136,0.368,210,92,0.36037547230552874,0.4815591884255409,0.518440816283226,500,0.632,0.9990234375,158,40,0.0,0.004,jpeg__quality=50,jpeg,"{""quality"":50}"
m3,hard_dfgan,Hard DFGAN,4,legacy_single_stage,JPEG Q30,0.192,0.3990560000000001,0.4245245876098285,0.398,0.48870179057121277,0.49107421696186065,0.396,202,99,0.3713213947057325,0.4826006237268448,0.5173993819952011,500,0.604,0.9990234375,151,48,0.0,0.0,jpeg__quality=30,jpeg,"{""quality"":30}"
m3,hard_dfgan,Hard DFGAN,5,legacy_single_stage,Gaussian blur sigma=0.5,0.204,0.417936,0.43388364390358114,0.408,0.4863033890724182,0.48959959101676936,0.388,199,97,0.3822935274378537,0.48093131762742997,0.5190686841011047,500,0.612,0.9990234375,153,51,0.0,0.0,gaussian_blur__sigma=0.5,gaussian_blur,"{""sigma"":0.5}"
m3,hard_dfgan,Hard DFGAN,6,legacy_single_stage,Gaussian blur sigma=1.0,0.248,0.42796,0.44163710585674,0.40599999999999997,0.4920923113822937,0.4940497988462448,0.436,188,109,0.3907917246132451,0.4885909759402275,0.5114090272188186,500,0.564,0.9990234375,141,62,0.0,0.0,gaussian_blur__sigma=1.0,gaussian_blur,"{""sigma"":1.0}"
m3,hard_dfgan,Hard DFGAN,7,legacy_single_stage,Gaussian blur sigma=2.0,0.436,0.44419999999999993,0.455081565090002,0.438,0.4948959946632385,0.49613181114196775,0.56,141,140,0.437997751991008,0.49939051961898806,0.5006094833016396,500,0.44,0.9990234375,110,109,0.0,0.0,gaussian_blur__sigma=2.0,gaussian_blur,"{""sigma"":2.0}"
m3,hard_dfgan,Hard DFGAN,8,legacy_single_stage,Resize 0.5 bicubic,0.2,0.412208,0.43075222881151826,0.404,0.48949167132377625,0.491821266412735,0.392,200,98,0.37811983505567703,0.487452807366848,0.5125471966266633,500,0.608,0.9990234375,152,50,0.0,0.008,resize__interpolation=bicubic_scale=0.5,resize,"{""interpolation"":""bicubic"",""scale"":0.5}"
m3,hard_dfgan,Hard DFGAN,9,legacy_single_stage,Resize 0.25 bilinear,0.324,0.41684799999999994,0.4388044473186481,0.41200000000000003,0.49418386816978455,0.4953222370147705,0.5,169,125,0.4074109907120743,0.5002557897567749,0.49974421435594557,500,0.5,0.9990234375,125,81,0.0,0.0,resize__interpolation=bilinear_scale=0.25,resize,"{""interpolation"":""bilinear"",""scale"":0.25}"
m3,hard_dfgan,Hard DFGAN,10,legacy_single_stage,Gaussian noise sigma=0.02,0.156,0.397304,0.4200606284289904,0.388,0.4867693781852722,0.48978713512420646,0.38,211,95,0.35318587662337664,0.4788996356129646,0.5211003611087799,500,0.62,0.9990234375,155,39,0.0,0.0,gaussian_noise__sigma=0.02,gaussian_noise,"{""seed"":20260827,""sigma"":0.02}"
m3,hard_dfgan,Hard DFGAN,11,legacy_single_stage,Gaussian noise sigma=0.05,0.172,0.39383999999999997,0.4196204028657995,0.392,0.4888381361961365,0.491416010260582,0.388,207,97,0.3610760823875578,0.4790656117796898,0.5209343852996826,500,0.612,0.9990234375,153,43,0.0,0.0,gaussian_noise__sigma=0.05,gaussian_noise,"{""seed"":20260827,""sigma"":0.05}"
m3,hard_dfgan,Hard DFGAN,12,legacy_single_stage,Gaussian noise sigma=0.10,0.228,0.412752,0.43226398681386147,0.416,0.49286314845085144,0.49443163204193114,0.396,193,99,0.39460284287870495,0.47976201808452607,0.5202379846572875,500,0.604,0.9990234375,151,57,0.0,0.0,gaussian_noise__sigma=0.1,gaussian_noise,"{""seed"":20260827,""sigma"":0.1}"
m3,hard_dfgan,Hard DFGAN,13,legacy_single_stage,Color jitter 0.8/0.8/0.8,0.248,0.45991199999999993,0.4570016734296698,0.432,0.4863070845603943,0.49010549390316005,0.384,188,96,0.4120959194488606,0.4803442620635033,0.5196557365655899,500,0.616,0.9990234375,154,62,0.0,0.012,color_jitter__brightness=0.8_contrast=0.8_saturation=0.8,color_jitter,"{""brightness"":0.8,""contrast"":0.8,""saturation"":0.8}"
m3,hard_dfgan,Hard DFGAN,14,legacy_single_stage,Color jitter 1.2/1.2/1.2,0.248,0.39747200000000005,0.42911195387799844,0.416,0.49160006642341614,0.4928281536102295,0.416,188,104,0.39903846153846156,0.48023012006282806,0.5197698841094971,500,0.584,0.9990234375,146,62,0.0,0.0,color_jitter__brightness=1.2_contrast=1.2_saturation=1.2,color_jitter,"{""brightness"":1.2,""contrast"":1.2,""saturation"":1.2}"
m3,hard_dfgan,Hard DFGAN,15,legacy_single_stage,Center crop ratio=0.8,0.172,0.38576,0.41787096015059283,0.376,0.48845401406288147,0.49090724515914924,0.42,207,105,0.3489039883804404,0.4813980369567871,0.5186019670963288,500,0.58,0.9990234375,145,43,0.0,0.004,center_crop__ratio=0.8,center_crop,"{""ratio"":0.8}"
m3,hard_dfgan,Hard DFGAN,16,legacy_two_stage,2-stage resize 0.5 + JPEG Q70,0.136,0.431712,0.43746172871038763,0.42,0.4863665997982025,0.48959667026996606,0.296,216,74,0.3691153692197915,0.487818708717823,0.5121812911629677,500,0.704,0.9990234375,176,34,0.0,0.0,resize__interpolation=bicubic_scale=0.5__jpeg__quality=70,combo_resize_jpeg,"{""transforms"":[{""name"":""resize"",""params"":{""interpolation"":""bicubic"",""scale"":0.5}},{""name"":""jpeg"",""params"":{""quality"":70}}]}"
m3,hard_dfgan,Hard DFGAN,17,legacy_two_stage,2-stage crop 0.8 + JPEG Q50,0.184,0.40804,0.4277136572650722,0.40800000000000003,0.4879857003688812,0.49031056165695186,0.368,204,92,0.3767266356714507,0.4831429829001427,0.5168570204973221,500,0.632,0.9990234375,158,46,0.0,0.0,center_crop__ratio=0.8__jpeg__quality=50,combo_crop_jpeg,"{""transforms"":[{""name"":""center_crop"",""params"":{""ratio"":0.8}},{""name"":""jpeg"",""params"":{""quality"":50}}]}"
m3,hard_dfgan,Hard DFGAN,18,new_four_stage_a,4-stage A platform repost,0.124,0.41654399999999997,0.432453684378559,0.388,0.4909919500350952,0.49259177792072295,0.348,219,87,0.34215052283984587,0.49280413210392,0.5071958696842194,500,0.652,0.9990234375,163,31,0.0,0.0,center_crop__ratio=0.85__resize__interpolation=bicubic_scale=0.5__gaussian_blur__sigma=1.0__jpeg__quality=50,combo_four_stage_platform_repost,"{""transforms"":[{""name"":""center_crop"",""params"":{""ratio"":0.85}},{""name"":""resize"",""params"":{""interpolation"":""bicubic"",""scale"":0.5}},{""name"":""gaussian_blur"",""params"":{""sigma"":1.0}},{""name"":""jpeg"",""params"":{""quality"":50}}]}"
m3,hard_dfgan,Hard DFGAN,19,new_four_stage_b,4-stage B edit repost,0.112,0.38651199999999997,0.41574717523287924,0.392,0.49073389172554016,0.49227247929573065,0.328,222,82,0.3402777777777778,0.4836515511274338,0.5163484510183335,500,0.672,0.9990234375,168,28,0.0,0.008,color_jitter__brightness=1.15_contrast=1.15_saturation=0.85__resize__interpolation=bilinear_scale=0.5__gaussian_noise__sigma=0.05__jpeg__quality=50,combo_four_stage_edit_repost,"{""transforms"":[{""name"":""color_jitter"",""params"":{""brightness"":1.15,""contrast"":1.15,""saturation"":0.85}},{""name"":""resize"",""params"":{""interpolation"":""bilinear"",""scale"":0.5}},{""name"":""gaussian_noise"",""params"":{""seed"":20260829,""sigma"":0.05}},{""name"":""jpeg"",""params"":{""quality"":50}}]}"
m3,hard_dfgan,Hard DFGAN,20,new_six_stage,6-stage random composition,0.132,0.39876,0.42385946138781666,0.388,0.49367520213127136,0.4940800756216049,0.356,217,89,0.3450791041709472,0.48367077893018723,0.5163292225599289,500,0.644,0.9990234375,161,33,0.0,0.004,strict_random_six__profile=full_training_range_v1,strict_random_six,"{""profile"":""full_training_range_v1"",""seed"":20260829}"
m3,hard_galip,Hard GALIP,0,clean,Clean,0.244,0.408256,0.43407311484291955,0.412,0.48650747537612915,0.4882246376276016,0.42,189,105,0.39492228661749207,0.4800895282626152,0.5199104708433151,500,0.58,0.9990234375,145,61,0.0,0.0,clean,clean,{}
m3,hard_galip,Hard GALIP,1,legacy_single_stage,JPEG Q90,0.244,0.410664,0.43622098698102174,0.412,0.48651501536369324,0.4882939511537551,0.42,189,105,0.39492228661749207,0.48008510065078736,0.5199148962497712,500,0.58,0.9990234375,145,61,0.0,0.0,jpeg__quality=90,jpeg,"{""quality"":90}"
m3,hard_galip,Hard GALIP,2,legacy_single_stage,JPEG Q70,0.216,0.39918400000000004,0.42961018065338397,0.418,0.4857831299304962,0.4869491983652115,0.38,196,95,0.39324184004103435,0.4806877415776253,0.5193122600317002,500,0.62,0.9990234375,155,54,0.0,0.0,jpeg__quality=70,jpeg,"{""quality"":70}"
m3,hard_galip,Hard GALIP,3,legacy_single_stage,JPEG Q50,0.2,0.40982399999999997,0.4333913124684492,0.41600000000000004,0.4862220883369446,0.48771093726158143,0.368,200,92,0.3874194414607949,0.4812187700271606,0.5187812353372574,500,0.632,0.9990234375,158,50,0.0,0.012,jpeg__quality=50,jpeg,"{""quality"":50}"
m3,hard_galip,Hard GALIP,4,legacy_single_stage,JPEG Q30,0.236,0.401608,0.4289103307762331,0.42,0.48876065015792847,0.49009081280231476,0.396,191,99,0.3996754107048225,0.4820763796567917,0.5179236248731613,500,0.604,0.9990234375,151,59,0.0,0.0,jpeg__quality=30,jpeg,"{""quality"":30}"
m3,hard_galip,Hard GALIP,5,legacy_single_stage,Gaussian blur sigma=0.5,0.256,0.439832,0.4530852831089873,0.434,0.4863818883895874,0.4889238265752792,0.388,186,97,0.41548007055547986,0.4808480030298233,0.5191520006656647,500,0.612,0.9990234375,153,64,0.0,0.0,gaussian_blur__sigma=0.5,gaussian_blur,"{""sigma"":0.5}"
m3,hard_galip,Hard GALIP,6,legacy_single_stage,Gaussian blur sigma=1.0,0.296,0.4298,0.45079616810076373,0.42999999999999994,0.49212101101875305,0.4934355285167694,0.436,176,109,0.4195779415178953,0.48793153059482575,0.5120684707164764,500,0.564,0.9990234375,141,74,0.0,0.0,gaussian_blur__sigma=1.0,gaussian_blur,"{""sigma"":1.0}"
m3,hard_galip,Hard GALIP,7,legacy_single_stage,Gaussian blur sigma=2.0,0.376,0.43755199999999994,0.4599024257889469,0.40800000000000003,0.4949077069759369,0.49566405105590816,0.56,156,140,0.4073931706067012,0.4989883871078491,0.501011615216732,500,0.44,0.9990234375,110,94,0.0,0.0,gaussian_blur__sigma=2.0,gaussian_blur,"{""sigma"":2.0}"
m3,hard_galip,Hard GALIP,8,legacy_single_stage,Resize 0.5 bicubic,0.272,0.43997600000000003,0.45453822820951634,0.44,0.4895208775997162,0.49148825311660765,0.392,182,98,0.4237355110642782,0.48681583887338636,0.513184164404869,500,0.608,0.9990234375,152,68,0.0,0.024,resize__interpolation=bicubic_scale=0.5,resize,"{""interpolation"":""bicubic"",""scale"":0.5}"
m3,hard_galip,Hard GALIP,9,legacy_single_stage,Resize 0.25 bilinear,0.336,0.43538400000000005,0.4532883609699329,0.41800000000000004,0.4941976070404053,0.4950156002044678,0.5,166,125,0.4140601403839416,0.4999066264629364,0.5000933769345284,500,0.5,0.9990234375,125,84,0.0,0.0,resize__interpolation=bilinear_scale=0.25,resize,"{""interpolation"":""bilinear"",""scale"":0.25}"
m3,hard_galip,Hard GALIP,10,legacy_single_stage,Gaussian noise sigma=0.02,0.224,0.418968,0.43757162496653584,0.422,0.4868239164352417,0.48899509489536275,0.38,194,95,0.3984154804974209,0.47903477209806444,0.5209652278423309,500,0.62,0.9990234375,155,56,0.0,0.0,gaussian_noise__sigma=0.02,gaussian_noise,"{""seed"":20260827,""sigma"":0.02}"
m3,hard_galip,Hard GALIP,11,legacy_single_stage,Gaussian noise sigma=0.05,0.24,0.406912,0.43340058563645845,0.426,0.4888908863067627,0.4904267489910125,0.388,190,97,0.4054302654639923,0.4791808938384056,0.5208191075325013,500,0.612,0.9990234375,153,60,0.0,0.0,gaussian_noise__sigma=0.05,gaussian_noise,"{""seed"":20260827,""sigma"":0.05}"
m3,hard_galip,Hard GALIP,12,legacy_single_stage,Gaussian noise sigma=0.10,0.256,0.41431199999999996,0.4369900940900915,0.43,0.49288642406463623,0.4937636501789093,0.396,186,99,0.4122038848167107,0.4798095192909241,0.5201904839277267,500,0.604,0.9990234375,151,64,0.0,0.0,gaussian_noise__sigma=0.1,gaussian_noise,"{""seed"":20260827,""sigma"":0.1}"
m3,hard_galip,Hard GALIP,13,legacy_single_stage,Color jitter 0.8/0.8/0.8,0.22,0.429568,0.4487091173856347,0.418,0.486424058675766,0.4883720889091491,0.384,195,96,0.394252265829583,0.47996608090400694,0.5200339171886444,500,0.616,0.9990234375,154,55,0.0,0.028,color_jitter__brightness=0.8_contrast=0.8_saturation=0.8,color_jitter,"{""brightness"":0.8,""contrast"":0.8,""saturation"":0.8}"
m3,hard_galip,Hard GALIP,14,legacy_single_stage,Color jitter 1.2/1.2/1.2,0.28,0.406888,0.4381753623699127,0.432,0.4916638731956482,0.4918417801856994,0.416,180,104,0.41856656184486374,0.4804810165762901,0.5195189864635468,500,0.584,0.9990234375,146,70,0.0,0.0,color_jitter__brightness=1.2_contrast=1.2_saturation=1.2,color_jitter,"{""brightness"":1.2,""contrast"":1.2,""saturation"":1.2}"
m3,hard_galip,Hard GALIP,15,legacy_single_stage,Center crop ratio=0.8,0.176,0.36148800000000003,0.4074279992237007,0.378,0.4885857403278351,0.4891367257833481,0.42,206,105,0.3515402482912773,0.48139374244213107,0.5186062633991242,500,0.58,0.9990234375,145,44,0.0,0.012,center_crop__ratio=0.8,center_crop,"{""ratio"":0.8}"
m3,hard_galip,Hard GALIP,16,legacy_two_stage,2-stage resize 0.5 + JPEG Q70,0.228,0.45751200000000003,0.46262913595654653,0.46599999999999997,0.486432284116745,0.48900002193450925,0.296,193,74,0.43393586302519943,0.4870195595622063,0.512980440735817,500,0.704,0.9990234375,176,57,0.0,0.004,resize__interpolation=bicubic_scale=0.5__jpeg__quality=70,combo_resize_jpeg,"{""transforms"":[{""name"":""resize"",""params"":{""interpolation"":""bicubic"",""scale"":0.5}},{""name"":""jpeg"",""params"":{""quality"":70}}]}"
m3,hard_galip,Hard GALIP,17,legacy_two_stage,2-stage crop 0.8 + JPEG Q50,0.2,0.402192,0.4283026651155949,0.41600000000000004,0.4880741834640503,0.489172856092453,0.368,200,92,0.3874194414607949,0.48268420302867887,0.5173158040046691,500,0.632,0.9990234375,158,50,0.0,0.0,center_crop__ratio=0.8__jpeg__quality=50,combo_crop_jpeg,"{""transforms"":[{""name"":""center_crop"",""params"":{""ratio"":0.8}},{""name"":""jpeg"",""params"":{""quality"":50}}]}"
m3,hard_galip,Hard GALIP,18,new_four_stage_a,4-stage A platform repost,0.208,0.433784,0.4443859061403681,0.43,0.4910183250904083,0.4922382973432541,0.348,198,87,0.4004518699590624,0.4919451024532318,0.5080548978447914,500,0.652,0.9990234375,163,52,0.0,0.008,center_crop__ratio=0.85__resize__interpolation=bicubic_scale=0.5__gaussian_blur__sigma=1.0__jpeg__quality=50,combo_four_stage_platform_repost,"{""transforms"":[{""name"":""center_crop"",""params"":{""ratio"":0.85}},{""name"":""resize"",""params"":{""interpolation"":""bicubic"",""scale"":0.5}},{""name"":""gaussian_blur"",""params"":{""sigma"":1.0}},{""name"":""jpeg"",""params"":{""quality"":50}}]}"
m3,hard_galip,Hard GALIP,19,new_four_stage_b,4-stage B edit repost,0.18,0.41029600000000005,0.4341229743035207,0.42600000000000005,0.4907797873020172,0.491514621257782,0.328,205,82,0.3890263165737788,0.48384482580423355,0.5161551775932312,500,0.672,0.9990234375,168,45,0.0,0.004,color_jitter__brightness=1.15_contrast=1.15_saturation=0.85__resize__interpolation=bilinear_scale=0.5__gaussian_noise__sigma=0.05__jpeg__quality=50,combo_four_stage_edit_repost,"{""transforms"":[{""name"":""color_jitter"",""params"":{""brightness"":1.15,""contrast"":1.15,""saturation"":0.85}},{""name"":""resize"",""params"":{""interpolation"":""bilinear"",""scale"":0.5}},{""name"":""gaussian_noise"",""params"":{""seed"":20260829,""sigma"":0.05}},{""name"":""jpeg"",""params"":{""quality"":50}}]}"
m3,hard_galip,Hard GALIP,20,new_six_stage,6-stage random composition,0.192,0.423456,0.4435539161913924,0.41800000000000004,0.4936927258968353,0.4938281089067459,0.356,202,89,0.3866737483718401,0.48369666838645936,0.516303332388401,500,0.644,0.9990234375,161,48,0.0,0.012,strict_random_six__profile=full_training_range_v1,strict_random_six,"{""profile"":""full_training_range_v1"",""seed"":20260829}"
m3,seen_family,Seen-family,0,clean,Clean,0.501,0.6840474999999999,0.6355481456636584,0.622,0.4786265194416046,0.48498218855261804,0.257,499,257,0.6163834703899798,0.4800541854202747,0.5199458154141903,2000,0.743,0.9990234375,743,501,0.0,0.106,clean,clean,{}
m3,seen_family,Seen-family,1,legacy_single_stage,JPEG Q90,0.505,0.6833535,0.6350761668977553,0.621,0.4785412847995758,0.4849477428793907,0.263,495,263,0.6158306167793834,0.48005063489079475,0.5199493660628796,2000,0.737,0.9990234375,737,505,0.0,0.109,jpeg__quality=90,jpeg,"{""quality"":90}"
m3,seen_family,Seen-family,2,legacy_single_stage,JPEG Q70,0.44,0.668818,0.6169188121727142,0.5965,0.47403645515441895,0.481473378866911,0.247,560,247,0.5863692523201379,0.4808767314404249,0.5191232721507549,2000,0.753,0.9990234375,753,440,0.0,0.058,jpeg__quality=70,jpeg,"{""quality"":70}"
m3,seen_family,Seen-family,3,legacy_single_stage,JPEG Q50,0.427,0.6639879999999999,0.6105629533856245,0.5895,0.47575244307518005,0.4827641797065735,0.248,573,248,0.5783662333493821,0.48159159326553347,0.5184084110856056,2000,0.752,0.9990234375,752,427,0.0,0.061,jpeg__quality=50,jpeg,"{""quality"":50}"
m3,seen_family,Seen-family,4,legacy_single_stage,JPEG Q30,0.468,0.6667015,0.6147347494899089,0.5955,0.4782245457172394,0.48478786545991903,0.277,532,277,0.5888156849789389,0.48265057238936426,0.5173494331538677,2000,0.723,0.9990234375,723,468,0.0,0.076,jpeg__quality=30,jpeg,"{""quality"":30}"
m3,seen_family,Seen-family,5,legacy_single_stage,Gaussian blur sigma=0.5,0.496,0.7017194999999999,0.6537064674111177,0.6275,0.4787508249282837,0.4853557180762291,0.241,504,241,0.62094529121196,0.48107477693259715,0.5189252240359783,2000,0.759,0.9990234375,759,496,0.0,0.098,gaussian_blur__sigma=0.5,gaussian_blur,"{""sigma"":0.5}"
m3,seen_family,Seen-family,6,legacy_single_stage,Gaussian blur sigma=1.0,0.577,0.703163,0.6541033939248442,0.6475,0.48820412158966064,0.49229078537225723,0.282,423,282,0.6457392354349205,0.48896156512200833,0.5110384358763694,2000,0.718,0.9990234375,718,577,0.0,0.094,gaussian_blur__sigma=1.0,gaussian_blur,"{""sigma"":1.0}"
m3,seen_family,Seen-family,7,legacy_single_stage,Gaussian blur sigma=2.0,0.6,0.6487354999999999,0.5952776257002449,0.6065,0.49227455258369446,0.49457057172060015,0.387,400,387,0.6064833739225481,0.4992937567681074,0.5007062459886074,2000,0.613,0.9990234375,613,600,0.0,0.0,gaussian_blur__sigma=2.0,gaussian_blur,"{""sigma"":2.0}"
m3,seen_family,Seen-family,8,legacy_single_stage,Resize 0.5 bicubic,0.497,0.685226,0.637564856690551,0.619,0.4847680926322937,0.489444309592247,0.259,503,259,0.6132435164995798,0.48772438979148863,0.5122756126672029,2000,0.741,0.9990234375,741,497,0.0,0.07,resize__interpolation=bicubic_scale=0.5,resize,"{""interpolation"":""bicubic"",""scale"":0.5}"
m3,seen_family,Seen-family,9,legacy_single_stage,Resize 0.25 bilinear,0.509,0.644138,0.5923604471537343,0.5880000000000001,0.4901329278945923,0.49298949602246295,0.333,491,333,0.5854125597856221,0.5001338819563389,0.4998661210387945,2000,0.667,0.9990234375,667,509,0.0,0.053,resize__interpolation=bilinear_scale=0.25,resize,"{""interpolation"":""bilinear"",""scale"":0.25}"
m3,seen_family,Seen-family,10,legacy_single_stage,Gaussian noise sigma=0.02,0.413,0.6682524999999999,0.6114067593824074,0.588,0.47957843542099,0.48587693047523495,0.237,587,237,0.5749838813668601,0.4788846587985754,0.5211153394281864,2000,0.763,0.9990234375,763,413,0.0,0.051,gaussian_noise__sigma=0.02,gaussian_noise,"{""seed"":20260827,""sigma"":0.02}"
m3,seen_family,Seen-family,11,legacy_single_stage,Gaussian noise sigma=0.05,0.403,0.653691,0.5945050740448948,0.5700000000000001,0.48240378499031067,0.48777367144823064,0.263,597,263,0.5576636824395568,0.479052514180541,0.5209474842548371,2000,0.737,0.9990234375,737,403,0.0,0.039,gaussian_noise__sigma=0.05,gaussian_noise,"{""seed"":20260827,""sigma"":0.05}"
m3,seen_family,Seen-family,12,legacy_single_stage,Gaussian noise sigma=0.10,0.432,0.6414340000000001,0.5828972095773436,0.5735,0.48835861682891846,0.49184522283077237,0.285,568,285,0.5647860372340086,0.4797638621777296,0.520236142039299,2000,0.715,0.9990234375,715,432,0.0,0.03,gaussian_noise__sigma=0.1,gaussian_noise,"{""seed"":20260827,""sigma"":0.1}"
m3,seen_family,Seen-family,13,legacy_single_stage,Color jitter 0.8/0.8/0.8,0.434,0.68051,0.6278827103655747,0.5955,0.48095861077308655,0.48691745758056637,0.243,566,243,0.584667185704337,0.4802970293313265,0.5197029702961445,2000,0.757,0.9990234375,757,434,0.0,0.059,color_jitter__brightness=0.8_contrast=0.8_saturation=0.8,color_jitter,"{""brightness"":0.8,""contrast"":0.8,""saturation"":0.8}"
m3,seen_family,Seen-family,14,legacy_single_stage,Color jitter 1.2/1.2/1.2,0.521,0.6626045,0.615537506852525,0.6065,0.4838048219680786,0.4885925549268723,0.308,479,308,0.6036022332254363,0.48037287859618666,0.5196271251142025,2000,0.692,0.9990234375,692,521,0.0,0.0,color_jitter__brightness=1.2_contrast=1.2_saturation=1.2,color_jitter,"{""brightness"":1.2,""contrast"":1.2,""saturation"":1.2}"
m3,seen_family,Seen-family,15,legacy_single_stage,Center crop ratio=0.8,0.46,0.670769,0.6192277857671162,0.5975,0.480040967464447,0.4862534104883671,0.265,540,265,0.5897435897435898,0.48164443342387675,0.5183555696308613,2000,0.735,0.9990234375,735,460,0.0,0.066,center_crop__ratio=0.8,center_crop,"{""ratio"":0.8}"
m3,seen_family,Seen-family,16,legacy_two_stage,2-stage resize 0.5 + JPEG Q70,0.4,0.6810649999999999,0.6264763505339602,0.595,0.4774808883666992,0.4842024119496346,0.21,600,210,0.5789911380233373,0.4878770878314972,0.5121229130923748,2000,0.79,0.9990234375,790,400,0.0,0.043,resize__interpolation=bicubic_scale=0.5__jpeg__quality=70,combo_resize_jpeg,"{""transforms"":[{""name"":""resize"",""params"":{""interpolation"":""bicubic"",""scale"":0.5}},{""name"":""jpeg"",""params"":{""quality"":70}}]}"
m3,seen_family,Seen-family,17,legacy_two_stage,2-stage crop 0.8 + JPEG Q50,0.415,0.6613550000000001,0.6049552987204712,0.5835,0.47567421197891235,0.4828776694536209,0.248,585,248,0.57132906772306,0.4833286359459162,0.5166713677346706,2000,0.752,0.9990234375,752,415,0.0,0.041,center_crop__ratio=0.8__jpeg__quality=50,combo_crop_jpeg,"{""transforms"":[{""name"":""center_crop"",""params"":{""ratio"":0.8}},{""name"":""jpeg"",""params"":{""quality"":50}}]}"
m3,seen_family,Seen-family,18,new_four_stage_a,4-stage A platform repost,0.381,0.657959,0.6002384688293274,0.5700000000000001,0.4796929657459259,0.48584546127915385,0.241,619,241,0.5540709690867478,0.49277827039361,0.5072217310667038,2000,0.759,0.9990234375,759,381,0.0,0.031,center_crop__ratio=0.85__resize__interpolation=bicubic_scale=0.5__gaussian_blur__sigma=1.0__jpeg__quality=50,combo_four_stage_platform_repost,"{""transforms"":[{""name"":""center_crop"",""params"":{""ratio"":0.85}},{""name"":""resize"",""params"":{""interpolation"":""bicubic"",""scale"":0.5}},{""name"":""gaussian_blur"",""params"":{""sigma"":1.0}},{""name"":""jpeg"",""params"":{""quality"":50}}]}"
m3,seen_family,Seen-family,19,new_four_stage_b,4-stage B edit repost,0.308,0.6326930000000001,0.576754959334489,0.5385,0.4821087419986725,0.4868156934976578,0.231,692,231,0.512604558335505,0.48363301932811736,0.516366985052824,2000,0.769,0.9990234375,769,308,0.0,0.022,color_jitter__brightness=1.15_contrast=1.15_saturation=0.85__resize__interpolation=bilinear_scale=0.5__gaussian_noise__sigma=0.05__jpeg__quality=50,combo_four_stage_edit_repost,"{""transforms"":[{""name"":""color_jitter"",""params"":{""brightness"":1.15,""contrast"":1.15,""saturation"":0.85}},{""name"":""resize"",""params"":{""interpolation"":""bilinear"",""scale"":0.5}},{""name"":""gaussian_noise"",""params"":{""seed"":20260829,""sigma"":0.05}},{""name"":""jpeg"",""params"":{""quality"":50}}]}"
m3,seen_family,Seen-family,20,new_six_stage,6-stage random composition,0.316,0.61832,0.5645964638135959,0.5375,0.483328253030777,0.48768382906913754,0.241,684,241,0.5136379852414104,0.48376665972173216,0.5162333425879478,2000,0.759,0.9990234375,759,316,0.0,0.021,strict_random_six__profile=full_training_range_v1,strict_random_six,"{""profile"":""full_training_range_v1"",""seed"":20260829}"
m3,unseen_generator,Unseen-generator,0,clean,Clean,0.834,0.8630659999999999,0.8205731070740675,0.7929999999999999,0.47949787974357605,0.48872656831145284,0.248,166,248,0.7926514470825458,0.4799291594028473,0.5200708416104317,2000,0.752,0.9990234375,752,834,0.0,0.0,clean,clean,{}
m3,unseen_generator,Unseen-generator,1,legacy_single_stage,JPEG Q90,0.835,0.8636214999999999,0.8217499388357083,0.7935,0.4794744849205017,0.4887138652205467,0.248,165,248,0.7931437418093311,0.47992476740479467,0.5200752332508564,2000,0.752,0.9990234375,752,835,0.0,0.0,jpeg__quality=90,jpeg,"{""quality"":90}"
m3,unseen_generator,Unseen-generator,2,legacy_single_stage,JPEG Q70,0.793,0.8515705,0.8082496655004364,0.777,0.47449520230293274,0.4858134851157666,0.239,207,239,0.7769428973817296,0.480625655695796,0.519374346345663,2000,0.761,0.9990234375,761,793,0.0,0.356,jpeg__quality=70,jpeg,"{""quality"":70}"
m3,unseen_generator,Unseen-generator,3,legacy_single_stage,JPEG Q50,0.777,0.8465010000000001,0.803130611379388,0.771,0.4766542613506317,0.4870002609193326,0.235,223,235,0.7709917557032053,0.4812796135097742,0.5187203906327486,2000,0.765,0.9990234375,765,777,0.0,0.338,jpeg__quality=50,jpeg,"{""quality"":50}"
m3,unseen_generator,Unseen-generator,4,legacy_single_stage,JPEG Q30,0.804,0.844941,0.7965933140391792,0.774,0.4796154797077179,0.4887290151119231,0.256,196,256,0.7737964167750977,0.4823224494755268,0.5176775552779436,2000,0.744,0.9990234375,744,804,0.0,0.0,jpeg__quality=30,jpeg,"{""quality"":30}"
m3,unseen_generator,Unseen-generator,5,legacy_single_stage,Gaussian blur sigma=0.5,0.827,0.8723935,0.8319420149712617,0.8,0.4799651503562927,0.489051538258791,0.227,173,227,0.7998540936342594,0.4810452805310488,0.5189547213017941,2000,0.773,0.9990234375,773,827,0.0,0.41,gaussian_blur__sigma=0.5,gaussian_blur,"{""sigma"":0.5}"
m3,unseen_generator,Unseen-generator,6,legacy_single_stage,Gaussian blur sigma=1.0,0.849,0.8700085,0.8251506097707997,0.7949999999999999,0.48889389634132385,0.4939521422088146,0.259,151,259,0.794400471775698,0.48895225405693055,0.5110477464795112,2000,0.741,0.9990234375,741,849,0.0,0.386,gaussian_blur__sigma=1.0,gaussian_blur,"{""sigma"":1.0}"
m3,unseen_generator,Unseen-generator,7,legacy_single_stage,Gaussian blur sigma=2.0,0.865,0.8237065,0.7695674606374585,0.752,0.4924083352088928,0.4957849031686783,0.361,135,361,0.7487923292522216,0.4991912532150745,0.5008087490946055,2000,0.639,0.9990234375,639,865,0.0,0.0,gaussian_blur__sigma=2.0,gaussian_blur,"{""sigma"":2.0}"
m3,unseen_generator,Unseen-generator,8,legacy_single_stage,Resize 0.5 bicubic,0.814,0.8506075,0.8035139459446037,0.7809999999999999,0.4850861132144928,0.49177636301517486,0.252,186,252,0.7807612490001612,0.4876126829087734,0.5123873181641102,2000,0.748,0.9990234375,748,814,0.0,0.304,resize__interpolation=bicubic_scale=0.5,resize,"{""interpolation"":""bicubic"",""scale"":0.5}"
m3,unseen_generator,Unseen-generator,9,legacy_single_stage,Resize 0.25 bilinear,0.791,0.809555,0.7524917444811903,0.7395,0.4904746115207672,0.4946364832818508,0.312,209,312,0.7388072515328781,0.5000614679604769,0.4999385342597961,2000,0.688,0.9990234375,688,791,0.0,0.226,resize__interpolation=bilinear_scale=0.25,resize,"{""interpolation"":""bilinear"",""scale"":0.25}"
m3,unseen_generator,Unseen-generator,10,legacy_single_stage,Gaussian noise sigma=0.02,0.788,0.8543140000000001,0.8089614950805056,0.7885,0.48038727045059204,0.48910496801137926,0.211,212,211,0.7884999471249867,0.47885788083076475,0.5211421175897122,2000,0.789,0.9990234375,789,788,0.0,0.319,gaussian_noise__sigma=0.02,gaussian_noise,"{""seed"":20260827,""sigma"":0.02}"
m3,unseen_generator,Unseen-generator,11,legacy_single_stage,Gaussian noise sigma=0.05,0.784,0.8420989999999999,0.7917306083790603,0.774,0.4833666682243347,0.4907265594899654,0.236,216,236,0.7739773977397739,0.4790534739047289,0.520946525990963,2000,0.764,0.9990234375,764,784,0.0,0.292,gaussian_noise__sigma=0.05,gaussian_noise,"{""seed"":20260827,""sigma"":0.05}"
m3,unseen_generator,Unseen-generator,12,legacy_single_stage,Gaussian noise sigma=0.10,0.775,0.8185355,0.7656694540683402,0.7565,0.48886361718177795,0.4936355068683624,0.262,225,262,0.756416633592847,0.4797452391833067,0.5202547660171986,2000,0.738,0.9990234375,738,775,0.0,0.242,gaussian_noise__sigma=0.1,gaussian_noise,"{""seed"":20260827,""sigma"":0.1}"
m3,unseen_generator,Unseen-generator,13,legacy_single_stage,Color jitter 0.8/0.8/0.8,0.788,0.8552985,0.8129190215002176,0.782,0.48210829496383667,0.4900432272553443,0.224,212,224,0.7819921517174618,0.48014649663865566,0.5198535013496876,2000,0.776,0.9990234375,776,788,0.0,0.326,color_jitter__brightness=0.8_contrast=0.8_saturation=0.8,color_jitter,"{""brightness"":0.8,""contrast"":0.8,""saturation"":0.8}"
m3,unseen_generator,Unseen-generator,14,legacy_single_stage,Color jitter 1.2/1.2/1.2,0.83,0.8508269999999999,0.8060706297759312,0.7665,0.48476719856262207,0.49160157138109206,0.297,170,297,0.7655546577687882,0.4802094924002886,0.5197905101776124,2000,0.703,0.9990234375,703,830,0.0,0.0,color_jitter__brightness=1.2_contrast=1.2_saturation=1.2,color_jitter,"{""brightness"":1.2,""contrast"":1.2,""saturation"":1.2}"
m3,unseen_generator,Unseen-generator,15,legacy_single_stage,Center crop ratio=0.8,0.82,0.8521059999999998,0.8070176331595996,0.7815,0.48106512427330017,0.4895381014943123,0.257,180,257,0.7811756476036605,0.481409075692296,0.5185909279882908,2000,0.743,0.9990234375,743,820,0.0,0.337,center_crop__ratio=0.8,center_crop,"{""ratio"":0.8}"
m3,unseen_generator,Unseen-generator,16,legacy_two_stage,2-stage resize 0.5 + JPEG Q70,0.755,0.852969,0.8058788217472164,0.7795000000000001,0.4784047603607178,0.48800853869318955,0.196,245,196,0.7793675653811201,0.4876983509808779,0.5123016502708196,2000,0.804,0.9990234375,804,755,0.0,0.236,resize__interpolation=bicubic_scale=0.5__jpeg__quality=70,combo_resize_jpeg,"{""transforms"":[{""name"":""resize"",""params"":{""interpolation"":""bicubic"",""scale"":0.5}},{""name"":""jpeg"",""params"":{""quality"":70}}]}"
m3,unseen_generator,Unseen-generator,17,legacy_two_stage,2-stage crop 0.8 + JPEG Q50,0.777,0.8431655,0.7979130945720531,0.7655000000000001,0.47709062695503235,0.48721267250180245,0.246,223,246,0.7654689832730379,0.48287031619250775,0.5171296892762184,2000,0.754,0.9990234375,754,777,0.0,0.304,center_crop__ratio=0.8__jpeg__quality=50,combo_crop_jpeg,"{""transforms"":[{""name"":""center_crop"",""params"":{""ratio"":0.8}},{""name"":""jpeg"",""params"":{""quality"":50}}]}"
m3,unseen_generator,Unseen-generator,18,new_four_stage_a,4-stage A platform repost,0.751,0.8376885,0.7894937136279094,0.7635000000000001,0.4812798798084259,0.48953050261735914,0.224,249,224,0.7634630411001719,0.4924011515080929,0.5075988487601281,2000,0.776,0.9990234375,776,751,0.0,0.205,center_crop__ratio=0.85__resize__interpolation=bicubic_scale=0.5__gaussian_blur__sigma=1.0__jpeg__quality=50,combo_four_stage_platform_repost,"{""transforms"":[{""name"":""center_crop"",""params"":{""ratio"":0.85}},{""name"":""resize"",""params"":{""interpolation"":""bicubic"",""scale"":0.5}},{""name"":""gaussian_blur"",""params"":{""sigma"":1.0}},{""name"":""jpeg"",""params"":{""quality"":50}}]}"
m3,unseen_generator,Unseen-generator,19,new_four_stage_b,4-stage B edit repost,0.663,0.8117544999999998,0.7641104422176955,0.7285,0.4820951223373413,0.4896777495741844,0.206,337,206,0.7273301782974406,0.4838318292349577,0.5161681749522686,2000,0.794,0.9990234375,794,663,0.0,0.129,color_jitter__brightness=1.15_contrast=1.15_saturation=0.85__resize__interpolation=bilinear_scale=0.5__gaussian_noise__sigma=0.05__jpeg__quality=50,combo_four_stage_edit_repost,"{""transforms"":[{""name"":""color_jitter"",""params"":{""brightness"":1.15,""contrast"":1.15,""saturation"":0.85}},{""name"":""resize"",""params"":{""interpolation"":""bilinear"",""scale"":0.5}},{""name"":""gaussian_noise"",""params"":{""seed"":20260829,""sigma"":0.05}},{""name"":""jpeg"",""params"":{""quality"":50}}]}"
m3,unseen_generator,Unseen-generator,20,new_six_stage,6-stage random composition,0.64,0.790205,0.7453163530443545,0.7105,0.4840391278266907,0.49067042341828354,0.219,360,219,0.7090539252720836,0.48369743290543554,0.5163025703281164,2000,0.781,0.9990234375,781,640,0.0,0.125,strict_random_six__profile=full_training_range_v1,strict_random_six,"{""profile"":""full_training_range_v1"",""seed"":20260829}"
