sample_id,addition_group,source_file,row_group,row_index,image_name,source_format,model_name_raw,canonical_generator_id,official_split,label,architecture,relative_path,status
cf_train_v3_gan_aigi_006e4369b0d21660,gan_aigi,data/HFCF_small_92.parquet,0,178,036683.png,PNG,GigaGAN,gigagan,train,1,GAN,train_v3_additions/aigi/cf_train_v3_gan_aigi_006e4369b0d21660_036683.png.png,complete
cf_train_v3_gan_aigi_00ecd438b3b5f9d5,gan_aigi,data/HFCF_small_74.parquet,0,2226,005855.png,PNG,CIPS,cips,train,1,GAN,train_v3_additions/aigi/cf_train_v3_gan_aigi_00ecd438b3b5f9d5_005855.png.png,complete
cf_train_v3_gan_aigi_01218b1c32c01bad,gan_aigi,data/HFCF_small_74.parquet,0,2911,000665.png,PNG,CIPS,cips,train,1,GAN,train_v3_additions/aigi/cf_train_v3_gan_aigi_01218b1c32c01bad_000665.png.png,complete
cf_train_v3_gan_aigi_0138edd17b34b6a0,gan_aigi,data/HFCF_small_76.parquet,0,2649,019431.png,PNG,ProGAN,progan,train,1,GAN,train_v3_additions/aigi/cf_train_v3_gan_aigi_0138edd17b34b6a0_019431.png.png,complete
cf_train_v3_gan_aigi_017bcb8b2f69602a,gan_aigi,data/HFCF_small_80.parquet,0,165,057755.png,PNG,StyleGANXL,styleganxl,train,1,GAN,train_v3_additions/aigi/cf_train_v3_gan_aigi_017bcb8b2f69602a_057755.png.png,complete
cf_train_v3_gan_aigi_017ed47d7b8a74a5,gan_aigi,data/HFCF_small_84.parquet,0,628,061736.png,PNG,BigGAN,biggan,train,1,GAN,train_v3_additions/aigi/cf_train_v3_gan_aigi_017ed47d7b8a74a5_061736.png.png,complete
cf_train_v3_gan_aigi_018f1e0efb6348c0,gan_aigi,data/HFCF_small_80.parquet,0,75,006823.png,PNG,StyleGANXL,styleganxl,train,1,GAN,train_v3_additions/aigi/cf_train_v3_gan_aigi_018f1e0efb6348c0_006823.png.png,complete
cf_train_v3_gan_aigi_01c43ba6ebfdc713,gan_aigi,data/HFCF_small_73.parquet,0,1068,008821.png,PNG,StyleSANXL,stylesanxl,train,1,GAN,train_v3_additions/aigi/cf_train_v3_gan_aigi_01c43ba6ebfdc713_008821.png.png,complete
cf_train_v3_gan_aigi_01e71e5636bc5ba3,gan_aigi,data/HFCF_small_69.parquet,0,2007,002476.png,PNG,StyleGAN2,stylegan2,train,1,GAN,train_v3_additions/aigi/cf_train_v3_gan_aigi_01e71e5636bc5ba3_002476.png.png,complete
cf_train_v3_gan_aigi_01ecc14116353d9a,gan_aigi,data/HFCF_small_75.parquet,0,2122,010057.png,PNG,StyleSwin,styleswin,train,1,GAN,train_v3_additions/aigi/cf_train_v3_gan_aigi_01ecc14116353d9a_010057.png.png,complete
cf_train_v3_gan_aigi_01fdbc9752a72b3f,gan_aigi,data/HFCF_small_66.parquet,0,862,003664.png,PNG,Gansformer,gansformer,train,1,GAN,train_v3_additions/aigi/cf_train_v3_gan_aigi_01fdbc9752a72b3f_003664.png.png,complete
cf_train_v3_gan_aigi_021d863c244e0de2,gan_aigi,data/HFCF_small_74.parquet,0,1709,006958.png,PNG,StyleGAN2-ADA,stylegan2-ada,train,1,GAN,train_v3_additions/aigi/cf_train_v3_gan_aigi_021d863c244e0de2_006958.png.png,complete
cf_train_v3_gan_aigi_02311f682fb834be,gan_aigi,data/HFCF_small_76.parquet,0,1502,010881.png,PNG,ProGAN,progan,train,1,GAN,train_v3_additions/aigi/cf_train_v3_gan_aigi_02311f682fb834be_010881.png.png,complete
cf_train_v3_gan_aigi_02a7b928f528d44a,gan_aigi,data/HFCF_small_76.parquet,0,2646,003796.png,PNG,ProGAN,progan,train,1,GAN,train_v3_additions/aigi/cf_train_v3_gan_aigi_02a7b928f528d44a_003796.png.png,complete
cf_train_v3_gan_aigi_02e12eb03dde60b9,gan_aigi,data/HFCF_small_75.parquet,0,2289,012834.png,PNG,StyleSwin,styleswin,train,1,GAN,train_v3_additions/aigi/cf_train_v3_gan_aigi_02e12eb03dde60b9_012834.png.png,complete
cf_train_v3_gan_aigi_02f2ab076726c7aa,gan_aigi,data/HFCF_small_73.parquet,0,730,031646.png,PNG,StyleSANXL,stylesanxl,train,1,GAN,train_v3_additions/aigi/cf_train_v3_gan_aigi_02f2ab076726c7aa_031646.png.png,complete
cf_train_v3_gan_aigi_03222aa3126541ba,gan_aigi,data/HFCF_small_66.parquet,0,2482,005932.png,PNG,StyleGAN3,stylegan3,train,1,GAN,train_v3_additions/aigi/cf_train_v3_gan_aigi_03222aa3126541ba_005932.png.png,complete
cf_train_v3_gan_aigi_035d74a2b19a9927,gan_aigi,data/HFCF_small_92.parquet,0,2329,168657.png,PNG,GigaGAN,gigagan,train,1,GAN,train_v3_additions/aigi/cf_train_v3_gan_aigi_035d74a2b19a9927_168657.png.png,complete
cf_train_v3_gan_aigi_037ca276f5cc2b91,gan_aigi,data/HFCF_small_69.parquet,0,2323,001661.png,PNG,StyleGAN2,stylegan2,train,1,GAN,train_v3_additions/aigi/cf_train_v3_gan_aigi_037ca276f5cc2b91_001661.png.png,complete
cf_train_v3_gan_aigi_03f5e9d364a02366,gan_aigi,data/HFCF_small_69.parquet,0,200,008288.png,PNG,StyleGAN2,stylegan2,train,1,GAN,train_v3_additions/aigi/cf_train_v3_gan_aigi_03f5e9d364a02366_008288.png.png,complete
cf_train_v3_gan_aigi_0409bdd3f9dd7d9c,gan_aigi,data/HFCF_small_76.parquet,0,2977,007204.png,PNG,ProGAN,progan,train,1,GAN,train_v3_additions/aigi/cf_train_v3_gan_aigi_0409bdd3f9dd7d9c_007204.png.png,complete
cf_train_v3_gan_aigi_04303e63ed686af8,gan_aigi,data/HFCF_small_67.parquet,0,2231,009278.png,PNG,ProjectedGAN,projectedgan,train,1,GAN,train_v3_additions/aigi/cf_train_v3_gan_aigi_04303e63ed686af8_009278.png.png,complete
cf_train_v3_gan_aigi_0454ea42d222f50b,gan_aigi,data/HFCF_small_76.parquet,0,1647,001619.png,PNG,ProGAN,progan,train,1,GAN,train_v3_additions/aigi/cf_train_v3_gan_aigi_0454ea42d222f50b_001619.png.png,complete
cf_train_v3_gan_aigi_0551fc421656881d,gan_aigi,data/HFCF_small_75.parquet,0,2455,007724.png,PNG,StyleSwin,styleswin,train,1,GAN,train_v3_additions/aigi/cf_train_v3_gan_aigi_0551fc421656881d_007724.png.png,complete
cf_train_v3_gan_aigi_05732d0a5ac8ba0c,gan_aigi,data/HFCF_small_74.parquet,0,2298,002973.png,PNG,CIPS,cips,train,1,GAN,train_v3_additions/aigi/cf_train_v3_gan_aigi_05732d0a5ac8ba0c_002973.png.png,complete
cf_train_v3_gan_aigi_0577190b3ebb77eb,gan_aigi,data/HFCF_small_76.parquet,0,1493,008573.png,PNG,ProGAN,progan,train,1,GAN,train_v3_additions/aigi/cf_train_v3_gan_aigi_0577190b3ebb77eb_008573.png.png,complete
cf_train_v3_gan_aigi_05e098cf8b88a635,gan_aigi,data/HFCF_small_66.parquet,0,2225,002395.png,PNG,StyleGAN3,stylegan3,train,1,GAN,train_v3_additions/aigi/cf_train_v3_gan_aigi_05e098cf8b88a635_002395.png.png,complete
cf_train_v3_gan_aigi_0621e3806091673f,gan_aigi,data/HFCF_small_73.parquet,0,2902,048153.png,PNG,StyleSANXL,stylesanxl,train,1,GAN,train_v3_additions/aigi/cf_train_v3_gan_aigi_0621e3806091673f_048153.png.png,complete
cf_train_v3_gan_aigi_063eceac75073fb8,gan_aigi,data/HFCF_small_84.parquet,0,2306,011734.png,PNG,BigGAN,biggan,train,1,GAN,train_v3_additions/aigi/cf_train_v3_gan_aigi_063eceac75073fb8_011734.png.png,complete
cf_train_v3_gan_aigi_067c206a14c4112f,gan_aigi,data/HFCF_small_84.parquet,0,2399,030335.png,PNG,BigGAN,biggan,train,1,GAN,train_v3_additions/aigi/cf_train_v3_gan_aigi_067c206a14c4112f_030335.png.png,complete
cf_train_v3_gan_aigi_0700dc0506255d23,gan_aigi,data/HFCF_small_66.parquet,0,1334,001623.png,PNG,Gansformer,gansformer,train,1,GAN,train_v3_additions/aigi/cf_train_v3_gan_aigi_0700dc0506255d23_001623.png.png,complete
cf_train_v3_gan_aigi_07413740e8b88f04,gan_aigi,data/HFCF_small_66.parquet,0,2275,000144.png,PNG,StyleGAN3,stylegan3,train,1,GAN,train_v3_additions/aigi/cf_train_v3_gan_aigi_07413740e8b88f04_000144.png.png,complete
cf_train_v3_gan_aigi_074ebf8fee145a9e,gan_aigi,data/HFCF_small_75.parquet,0,2733,004427.png,PNG,StyleSwin,styleswin,train,1,GAN,train_v3_additions/aigi/cf_train_v3_gan_aigi_074ebf8fee145a9e_004427.png.png,complete
cf_train_v3_gan_aigi_075aff897e5292ea,gan_aigi,data/HFCF_small_66.parquet,0,2483,006324.png,PNG,StyleGAN3,stylegan3,train,1,GAN,train_v3_additions/aigi/cf_train_v3_gan_aigi_075aff897e5292ea_006324.png.png,complete
cf_train_v3_gan_aigi_0793e3e207b7102d,gan_aigi,data/HFCF_small_92.parquet,0,2394,137635.png,PNG,GigaGAN,gigagan,train,1,GAN,train_v3_additions/aigi/cf_train_v3_gan_aigi_0793e3e207b7102d_137635.png.png,complete
cf_train_v3_gan_aigi_07adb88d3650e604,gan_aigi,data/HFCF_small_76.parquet,0,2699,029755.png,PNG,ProGAN,progan,train,1,GAN,train_v3_additions/aigi/cf_train_v3_gan_aigi_07adb88d3650e604_029755.png.png,complete
cf_train_v3_gan_aigi_07c93de376e3ae23,gan_aigi,data/HFCF_small_74.parquet,0,2071,005151.png,PNG,StyleGAN2-ADA,stylegan2-ada,train,1,GAN,train_v3_additions/aigi/cf_train_v3_gan_aigi_07c93de376e3ae23_005151.png.png,complete
cf_train_v3_gan_aigi_08192dbbe0341abd,gan_aigi,data/HFCF_small_69.parquet,0,2631,028728.png,PNG,StyleGAN2,stylegan2,train,1,GAN,train_v3_additions/aigi/cf_train_v3_gan_aigi_08192dbbe0341abd_028728.png.png,complete
cf_train_v3_gan_aigi_087dbe3c73dc3239,gan_aigi,data/HFCF_small_69.parquet,0,1696,021470.png,PNG,StyleGAN2,stylegan2,train,1,GAN,train_v3_additions/aigi/cf_train_v3_gan_aigi_087dbe3c73dc3239_021470.png.png,complete
cf_train_v3_gan_aigi_08866f77cc4c4748,gan_aigi,data/HFCF_small_73.parquet,0,1581,022240.png,PNG,StyleSANXL,stylesanxl,train,1,GAN,train_v3_additions/aigi/cf_train_v3_gan_aigi_08866f77cc4c4748_022240.png.png,complete
cf_train_v3_gan_aigi_08c5d3201ede1a46,gan_aigi,data/HFCF_small_84.parquet,0,1541,086611.png,PNG,BigGAN,biggan,train,1,GAN,train_v3_additions/aigi/cf_train_v3_gan_aigi_08c5d3201ede1a46_086611.png.png,complete
cf_train_v3_gan_aigi_08c93ee094ed06b4,gan_aigi,data/HFCF_small_80.parquet,0,2158,029509.png,PNG,StyleGANXL,styleganxl,train,1,GAN,train_v3_additions/aigi/cf_train_v3_gan_aigi_08c93ee094ed06b4_029509.png.png,complete
cf_train_v3_gan_aigi_095b64ccc7aa8650,gan_aigi,data/HFCF_small_76.parquet,0,1930,015472.png,PNG,ProGAN,progan,train,1,GAN,train_v3_additions/aigi/cf_train_v3_gan_aigi_095b64ccc7aa8650_015472.png.png,complete
cf_train_v3_gan_aigi_0961f6937b55067c,gan_aigi,data/HFCF_small_67.parquet,0,2401,008911.png,PNG,ProjectedGAN,projectedgan,train,1,GAN,train_v3_additions/aigi/cf_train_v3_gan_aigi_0961f6937b55067c_008911.png.png,complete
cf_train_v3_gan_aigi_0965c08277227575,gan_aigi,data/HFCF_small_75.parquet,0,1223,003011.png,PNG,StyleSwin,styleswin,train,1,GAN,train_v3_additions/aigi/cf_train_v3_gan_aigi_0965c08277227575_003011.png.png,complete
cf_train_v3_gan_aigi_09780aab4bede1c8,gan_aigi,data/HFCF_small_66.parquet,0,883,000618.png,PNG,Gansformer,gansformer,train,1,GAN,train_v3_additions/aigi/cf_train_v3_gan_aigi_09780aab4bede1c8_000618.png.png,complete
cf_train_v3_gan_aigi_0a27787f7b919f47,gan_aigi,data/HFCF_small_69.parquet,0,2561,005958.png,PNG,StyleGAN2,stylegan2,train,1,GAN,train_v3_additions/aigi/cf_train_v3_gan_aigi_0a27787f7b919f47_005958.png.png,complete
cf_train_v3_gan_aigi_0a3276598c447561,gan_aigi,data/HFCF_small_69.parquet,0,1693,001108.png,PNG,StyleGAN2,stylegan2,train,1,GAN,train_v3_additions/aigi/cf_train_v3_gan_aigi_0a3276598c447561_001108.png.png,complete
cf_train_v3_gan_aigi_0a33a3048980ee4e,gan_aigi,data/HFCF_small_75.parquet,0,911,007206.png,PNG,StyleSwin,styleswin,train,1,GAN,train_v3_additions/aigi/cf_train_v3_gan_aigi_0a33a3048980ee4e_007206.png.png,complete
cf_train_v3_gan_aigi_0aa89df7cc276be0,gan_aigi,data/HFCF_small_75.parquet,0,2661,001907.png,PNG,StyleSwin,styleswin,train,1,GAN,train_v3_additions/aigi/cf_train_v3_gan_aigi_0aa89df7cc276be0_001907.png.png,complete
cf_train_v3_gan_aigi_0b08d8fb2afc6c53,gan_aigi,data/HFCF_small_66.parquet,0,1898,003664.png,PNG,StyleGAN3,stylegan3,train,1,GAN,train_v3_additions/aigi/cf_train_v3_gan_aigi_0b08d8fb2afc6c53_003664.png.png,complete
cf_train_v3_gan_aigi_0ba61a6f60231992,gan_aigi,data/HFCF_small_74.parquet,0,1269,002006.png,PNG,StyleGAN2-ADA,stylegan2-ada,train,1,GAN,train_v3_additions/aigi/cf_train_v3_gan_aigi_0ba61a6f60231992_002006.png.png,complete
cf_train_v3_gan_aigi_0bd8336434165a81,gan_aigi,data/HFCF_small_74.parquet,0,2942,006980.png,PNG,CIPS,cips,train,1,GAN,train_v3_additions/aigi/cf_train_v3_gan_aigi_0bd8336434165a81_006980.png.png,complete
cf_train_v3_gan_aigi_0bf027780fc52f2a,gan_aigi,data/HFCF_small_80.parquet,0,1672,042625.png,PNG,StyleGANXL,styleganxl,train,1,GAN,train_v3_additions/aigi/cf_train_v3_gan_aigi_0bf027780fc52f2a_042625.png.png,complete
cf_train_v3_gan_aigi_0c204a474ce7d519,gan_aigi,data/HFCF_small_92.parquet,0,318,161014.png,PNG,GigaGAN,gigagan,train,1,GAN,train_v3_additions/aigi/cf_train_v3_gan_aigi_0c204a474ce7d519_161014.png.png,complete
cf_train_v3_gan_aigi_0c25912ae82ba1cb,gan_aigi,data/HFCF_small_80.parquet,0,1381,045141.png,PNG,StyleGANXL,styleganxl,train,1,GAN,train_v3_additions/aigi/cf_train_v3_gan_aigi_0c25912ae82ba1cb_045141.png.png,complete
cf_train_v3_gan_aigi_0c9e81f5d7c656a0,gan_aigi,data/HFCF_small_66.parquet,0,1904,008228.png,PNG,StyleGAN3,stylegan3,train,1,GAN,train_v3_additions/aigi/cf_train_v3_gan_aigi_0c9e81f5d7c656a0_008228.png.png,complete
cf_train_v3_gan_aigi_0ccfff96af9d01c8,gan_aigi,data/HFCF_small_67.parquet,0,2645,002091.png,PNG,ProjectedGAN,projectedgan,train,1,GAN,train_v3_additions/aigi/cf_train_v3_gan_aigi_0ccfff96af9d01c8_002091.png.png,complete
cf_train_v3_gan_aigi_0cf244a3796a4b78,gan_aigi,data/HFCF_small_76.parquet,0,2960,001969.png,PNG,ProGAN,progan,train,1,GAN,train_v3_additions/aigi/cf_train_v3_gan_aigi_0cf244a3796a4b78_001969.png.png,complete
cf_train_v3_gan_aigi_0d06e929b549ccd6,gan_aigi,data/HFCF_small_74.parquet,0,2217,009278.png,PNG,CIPS,cips,train,1,GAN,train_v3_additions/aigi/cf_train_v3_gan_aigi_0d06e929b549ccd6_009278.png.png,complete
cf_train_v3_gan_aigi_0d0ab00706c76b17,gan_aigi,data/HFCF_small_80.parquet,0,591,018073.png,PNG,StyleGANXL,styleganxl,train,1,GAN,train_v3_additions/aigi/cf_train_v3_gan_aigi_0d0ab00706c76b17_018073.png.png,complete
cf_train_v3_gan_aigi_0d2a2d737605816c,gan_aigi,data/HFCF_small_73.parquet,0,2710,047376.png,PNG,StyleSANXL,stylesanxl,train,1,GAN,train_v3_additions/aigi/cf_train_v3_gan_aigi_0d2a2d737605816c_047376.png.png,complete
cf_train_v3_gan_aigi_0de43b28eb2b1189,gan_aigi,data/HFCF_small_80.parquet,0,288,002173.png,PNG,StyleGANXL,styleganxl,train,1,GAN,train_v3_additions/aigi/cf_train_v3_gan_aigi_0de43b28eb2b1189_002173.png.png,complete
cf_train_v3_gan_aigi_0e00f66f462901af,gan_aigi,data/HFCF_small_80.parquet,0,1558,057794.png,PNG,StyleGANXL,styleganxl,train,1,GAN,train_v3_additions/aigi/cf_train_v3_gan_aigi_0e00f66f462901af_057794.png.png,complete
cf_train_v3_gan_aigi_0e0858d148e888ec,gan_aigi,data/HFCF_small_66.parquet,0,1004,000737.png,PNG,Gansformer,gansformer,train,1,GAN,train_v3_additions/aigi/cf_train_v3_gan_aigi_0e0858d148e888ec_000737.png.png,complete
cf_train_v3_gan_aigi_0e15189fa32da8d4,gan_aigi,data/HFCF_small_69.parquet,0,2010,012061.png,PNG,StyleGAN2,stylegan2,train,1,GAN,train_v3_additions/aigi/cf_train_v3_gan_aigi_0e15189fa32da8d4_012061.png.png,complete
cf_train_v3_gan_aigi_0e4252c5dbad8e5e,gan_aigi,data/HFCF_small_69.parquet,0,339,011401.png,PNG,StyleGAN2,stylegan2,train,1,GAN,train_v3_additions/aigi/cf_train_v3_gan_aigi_0e4252c5dbad8e5e_011401.png.png,complete
cf_train_v3_gan_aigi_0e7c73479a139910,gan_aigi,data/HFCF_small_73.parquet,0,1606,008630.png,PNG,StyleSANXL,stylesanxl,train,1,GAN,train_v3_additions/aigi/cf_train_v3_gan_aigi_0e7c73479a139910_008630.png.png,complete
cf_train_v3_gan_aigi_0e9935befc30fba8,gan_aigi,data/HFCF_small_74.parquet,0,2460,006483.png,PNG,CIPS,cips,train,1,GAN,train_v3_additions/aigi/cf_train_v3_gan_aigi_0e9935befc30fba8_006483.png.png,complete
cf_train_v3_gan_aigi_0ea4d01bdf1f3d81,gan_aigi,data/HFCF_small_66.parquet,0,900,006296.png,PNG,Gansformer,gansformer,train,1,GAN,train_v3_additions/aigi/cf_train_v3_gan_aigi_0ea4d01bdf1f3d81_006296.png.png,complete
cf_train_v3_gan_aigi_0ee6c0deaf9d485d,gan_aigi,data/HFCF_small_73.parquet,0,2039,003381.png,PNG,StyleSANXL,stylesanxl,train,1,GAN,train_v3_additions/aigi/cf_train_v3_gan_aigi_0ee6c0deaf9d485d_003381.png.png,complete
cf_train_v3_gan_aigi_0f32d45def96fe32,gan_aigi,data/HFCF_small_74.parquet,0,1766,001514.png,PNG,StyleGAN2-ADA,stylegan2-ada,train,1,GAN,train_v3_additions/aigi/cf_train_v3_gan_aigi_0f32d45def96fe32_001514.png.png,complete
cf_train_v3_gan_aigi_0f600e7aeb8db7b0,gan_aigi,data/HFCF_small_75.parquet,0,1378,002232.png,PNG,StyleSwin,styleswin,train,1,GAN,train_v3_additions/aigi/cf_train_v3_gan_aigi_0f600e7aeb8db7b0_002232.png.png,complete
cf_train_v3_gan_aigi_0f64bea13bc2ec15,gan_aigi,data/HFCF_small_75.parquet,0,2178,005655.png,PNG,StyleSwin,styleswin,train,1,GAN,train_v3_additions/aigi/cf_train_v3_gan_aigi_0f64bea13bc2ec15_005655.png.png,complete
cf_train_v3_gan_aigi_0f76171f72f0ac94,gan_aigi,data/HFCF_small_84.parquet,0,601,010234.png,PNG,BigGAN,biggan,train,1,GAN,train_v3_additions/aigi/cf_train_v3_gan_aigi_0f76171f72f0ac94_010234.png.png,complete
cf_train_v3_gan_aigi_0fecd0460a8db167,gan_aigi,data/HFCF_small_92.parquet,0,1662,044429.png,PNG,GigaGAN,gigagan,train,1,GAN,train_v3_additions/aigi/cf_train_v3_gan_aigi_0fecd0460a8db167_044429.png.png,complete
cf_train_v3_gan_aigi_10008157cb24e3fc,gan_aigi,data/HFCF_small_67.parquet,0,2704,006972.png,PNG,ProjectedGAN,projectedgan,train,1,GAN,train_v3_additions/aigi/cf_train_v3_gan_aigi_10008157cb24e3fc_006972.png.png,complete
cf_train_v3_gan_aigi_102847d9ca765b1d,gan_aigi,data/HFCF_small_67.parquet,0,2564,005023.png,PNG,ProjectedGAN,projectedgan,train,1,GAN,train_v3_additions/aigi/cf_train_v3_gan_aigi_102847d9ca765b1d_005023.png.png,complete
cf_train_v3_gan_aigi_106e48f47d186b15,gan_aigi,data/HFCF_small_75.parquet,0,481,000131.png,PNG,StyleSwin,styleswin,train,1,GAN,train_v3_additions/aigi/cf_train_v3_gan_aigi_106e48f47d186b15_000131.png.png,complete
cf_train_v3_gan_aigi_10de11ee2bae6855,gan_aigi,data/HFCF_small_76.parquet,0,2685,019319.png,PNG,ProGAN,progan,train,1,GAN,train_v3_additions/aigi/cf_train_v3_gan_aigi_10de11ee2bae6855_019319.png.png,complete
cf_train_v3_gan_aigi_11102b3417e2e3dc,gan_aigi,data/HFCF_small_75.parquet,0,2769,000123.png,PNG,StyleSwin,styleswin,train,1,GAN,train_v3_additions/aigi/cf_train_v3_gan_aigi_11102b3417e2e3dc_000123.png.png,complete
cf_train_v3_gan_aigi_11b2eaea40c4bcc5,gan_aigi,data/HFCF_small_66.parquet,0,1873,009963.png,PNG,StyleGAN3,stylegan3,train,1,GAN,train_v3_additions/aigi/cf_train_v3_gan_aigi_11b2eaea40c4bcc5_009963.png.png,complete
cf_train_v3_gan_aigi_122795a81f75e6c5,gan_aigi,data/HFCF_small_66.parquet,0,1015,006795.png,PNG,Gansformer,gansformer,train,1,GAN,train_v3_additions/aigi/cf_train_v3_gan_aigi_122795a81f75e6c5_006795.png.png,complete
cf_train_v3_gan_aigi_1295fe58b54fe027,gan_aigi,data/HFCF_small_75.parquet,0,2518,013712.png,PNG,StyleSwin,styleswin,train,1,GAN,train_v3_additions/aigi/cf_train_v3_gan_aigi_1295fe58b54fe027_013712.png.png,complete
cf_train_v3_gan_aigi_12e064ed33493397,gan_aigi,data/HFCF_small_75.parquet,0,739,014468.png,PNG,StyleSwin,styleswin,train,1,GAN,train_v3_additions/aigi/cf_train_v3_gan_aigi_12e064ed33493397_014468.png.png,complete
cf_train_v3_gan_aigi_13308a7279b874a1,gan_aigi,data/HFCF_small_66.parquet,0,2978,000013.png,PNG,StyleGAN3,stylegan3,train,1,GAN,train_v3_additions/aigi/cf_train_v3_gan_aigi_13308a7279b874a1_000013.png.png,complete
cf_train_v3_gan_aigi_139340178078c150,gan_aigi,data/HFCF_small_92.parquet,0,1242,016073.png,PNG,GigaGAN,gigagan,train,1,GAN,train_v3_additions/aigi/cf_train_v3_gan_aigi_139340178078c150_016073.png.png,complete
cf_train_v3_gan_aigi_13a9ca89a5b72e1d,gan_aigi,data/HFCF_small_73.parquet,0,427,020475.png,PNG,StyleSANXL,stylesanxl,train,1,GAN,train_v3_additions/aigi/cf_train_v3_gan_aigi_13a9ca89a5b72e1d_020475.png.png,complete
cf_train_v3_gan_aigi_13adcec69f9b6ef4,gan_aigi,data/HFCF_small_67.parquet,0,2643,003301.png,PNG,ProjectedGAN,projectedgan,train,1,GAN,train_v3_additions/aigi/cf_train_v3_gan_aigi_13adcec69f9b6ef4_003301.png.png,complete
cf_train_v3_gan_aigi_141e066e22f60fb5,gan_aigi,data/HFCF_small_74.parquet,0,1497,004350.png,PNG,StyleGAN2-ADA,stylegan2-ada,train,1,GAN,train_v3_additions/aigi/cf_train_v3_gan_aigi_141e066e22f60fb5_004350.png.png,complete
cf_train_v3_gan_aigi_143c07231a4d8459,gan_aigi,data/HFCF_small_66.parquet,0,2577,002234.png,PNG,StyleGAN3,stylegan3,train,1,GAN,train_v3_additions/aigi/cf_train_v3_gan_aigi_143c07231a4d8459_002234.png.png,complete
cf_train_v3_gan_aigi_146cf4615bc847cc,gan_aigi,data/HFCF_small_80.parquet,0,569,002756.png,PNG,StyleGANXL,styleganxl,train,1,GAN,train_v3_additions/aigi/cf_train_v3_gan_aigi_146cf4615bc847cc_002756.png.png,complete
cf_train_v3_gan_aigi_14cc077b7e50a1bd,gan_aigi,data/HFCF_small_92.parquet,0,2326,056083.png,PNG,GigaGAN,gigagan,train,1,GAN,train_v3_additions/aigi/cf_train_v3_gan_aigi_14cc077b7e50a1bd_056083.png.png,complete
cf_train_v3_gan_aigi_150be7a27f026c26,gan_aigi,data/HFCF_small_66.parquet,0,1796,001953.png,PNG,StyleGAN3,stylegan3,train,1,GAN,train_v3_additions/aigi/cf_train_v3_gan_aigi_150be7a27f026c26_001953.png.png,complete
cf_train_v3_gan_aigi_15a15a4d3a72be4e,gan_aigi,data/HFCF_small_80.parquet,0,1548,058802.png,PNG,StyleGANXL,styleganxl,train,1,GAN,train_v3_additions/aigi/cf_train_v3_gan_aigi_15a15a4d3a72be4e_058802.png.png,complete
cf_train_v3_gan_aigi_161ed5a7e67bf8ac,gan_aigi,data/HFCF_small_76.parquet,0,2588,021240.png,PNG,ProGAN,progan,train,1,GAN,train_v3_additions/aigi/cf_train_v3_gan_aigi_161ed5a7e67bf8ac_021240.png.png,complete
cf_train_v3_gan_aigi_16b1d44f59f89e85,gan_aigi,data/HFCF_small_74.parquet,0,1745,004982.png,PNG,StyleGAN2-ADA,stylegan2-ada,train,1,GAN,train_v3_additions/aigi/cf_train_v3_gan_aigi_16b1d44f59f89e85_004982.png.png,complete
cf_train_v3_gan_aigi_1711ae35338f9f60,gan_aigi,data/HFCF_small_66.parquet,0,2243,009784.png,PNG,StyleGAN3,stylegan3,train,1,GAN,train_v3_additions/aigi/cf_train_v3_gan_aigi_1711ae35338f9f60_009784.png.png,complete
cf_train_v3_gan_aigi_1719a6068e6d3862,gan_aigi,data/HFCF_small_80.parquet,0,1487,036837.png,PNG,StyleGANXL,styleganxl,train,1,GAN,train_v3_additions/aigi/cf_train_v3_gan_aigi_1719a6068e6d3862_036837.png.png,complete
cf_train_v3_gan_aigi_171ad04315b5cf4c,gan_aigi,data/HFCF_small_67.parquet,0,2953,003324.png,PNG,ProjectedGAN,projectedgan,train,1,GAN,train_v3_additions/aigi/cf_train_v3_gan_aigi_171ad04315b5cf4c_003324.png.png,complete
cf_train_v3_gan_aigi_177b49441d34ab5d,gan_aigi,data/HFCF_small_84.parquet,0,812,045666.png,PNG,BigGAN,biggan,train,1,GAN,train_v3_additions/aigi/cf_train_v3_gan_aigi_177b49441d34ab5d_045666.png.png,complete
cf_train_v3_gan_aigi_17c3edaf3320cb2c,gan_aigi,data/HFCF_small_73.parquet,0,2413,028776.png,PNG,StyleSANXL,stylesanxl,train,1,GAN,train_v3_additions/aigi/cf_train_v3_gan_aigi_17c3edaf3320cb2c_028776.png.png,complete
cf_train_v3_gan_aigi_185a3d53240e8d01,gan_aigi,data/HFCF_small_92.parquet,0,699,145197.png,PNG,GigaGAN,gigagan,train,1,GAN,train_v3_additions/aigi/cf_train_v3_gan_aigi_185a3d53240e8d01_145197.png.png,complete
cf_train_v3_gan_aigi_18bc6d3736e82b97,gan_aigi,data/HFCF_small_74.parquet,0,2468,009442.png,PNG,CIPS,cips,train,1,GAN,train_v3_additions/aigi/cf_train_v3_gan_aigi_18bc6d3736e82b97_009442.png.png,complete
cf_train_v3_gan_aigi_18c41ded8feb62bf,gan_aigi,data/HFCF_small_74.parquet,0,2151,009801.png,PNG,CIPS,cips,train,1,GAN,train_v3_additions/aigi/cf_train_v3_gan_aigi_18c41ded8feb62bf_009801.png.png,complete
cf_train_v3_gan_aigi_18e968daf55ec253,gan_aigi,data/HFCF_small_74.parquet,0,2605,009889.png,PNG,CIPS,cips,train,1,GAN,train_v3_additions/aigi/cf_train_v3_gan_aigi_18e968daf55ec253_009889.png.png,complete
cf_train_v3_gan_aigi_1903667ca5f4bbb4,gan_aigi,data/HFCF_small_66.parquet,0,1580,001196.png,PNG,Gansformer,gansformer,train,1,GAN,train_v3_additions/aigi/cf_train_v3_gan_aigi_1903667ca5f4bbb4_001196.png.png,complete
cf_train_v3_gan_aigi_1934fd37a5554713,gan_aigi,data/HFCF_small_92.parquet,0,2502,128963.png,PNG,GigaGAN,gigagan,train,1,GAN,train_v3_additions/aigi/cf_train_v3_gan_aigi_1934fd37a5554713_128963.png.png,complete
cf_train_v3_gan_aigi_1a2adc9a3e39d1e1,gan_aigi,data/HFCF_small_84.parquet,0,826,024067.png,PNG,BigGAN,biggan,train,1,GAN,train_v3_additions/aigi/cf_train_v3_gan_aigi_1a2adc9a3e39d1e1_024067.png.png,complete
cf_train_v3_gan_aigi_1a42ce26b52d5795,gan_aigi,data/HFCF_small_74.parquet,0,2621,004182.png,PNG,CIPS,cips,train,1,GAN,train_v3_additions/aigi/cf_train_v3_gan_aigi_1a42ce26b52d5795_004182.png.png,complete
cf_train_v3_gan_aigi_1abf9b13c20c3893,gan_aigi,data/HFCF_small_92.parquet,0,1606,104168.png,PNG,GigaGAN,gigagan,train,1,GAN,train_v3_additions/aigi/cf_train_v3_gan_aigi_1abf9b13c20c3893_104168.png.png,complete
cf_train_v3_gan_aigi_1aeffcae70ee5747,gan_aigi,data/HFCF_small_74.parquet,0,2555,002507.png,PNG,CIPS,cips,train,1,GAN,train_v3_additions/aigi/cf_train_v3_gan_aigi_1aeffcae70ee5747_002507.png.png,complete
cf_train_v3_gan_aigi_1b097b398d3df0d3,gan_aigi,data/HFCF_small_80.parquet,0,999,016080.png,PNG,StyleGANXL,styleganxl,train,1,GAN,train_v3_additions/aigi/cf_train_v3_gan_aigi_1b097b398d3df0d3_016080.png.png,complete
cf_train_v3_gan_aigi_1b3beed3bc775b19,gan_aigi,data/HFCF_small_74.parquet,0,878,002523.png,PNG,StyleGAN2-ADA,stylegan2-ada,train,1,GAN,train_v3_additions/aigi/cf_train_v3_gan_aigi_1b3beed3bc775b19_002523.png.png,complete
cf_train_v3_gan_aigi_1b6e7d0d6052882a,gan_aigi,data/HFCF_small_73.parquet,0,2811,030031.png,PNG,StyleSANXL,stylesanxl,train,1,GAN,train_v3_additions/aigi/cf_train_v3_gan_aigi_1b6e7d0d6052882a_030031.png.png,complete
cf_train_v3_gan_aigi_1b8e2b7f693fa3f5,gan_aigi,data/HFCF_small_69.parquet,0,33,000154.png,PNG,StyleGAN2,stylegan2,train,1,GAN,train_v3_additions/aigi/cf_train_v3_gan_aigi_1b8e2b7f693fa3f5_000154.png.png,complete
cf_train_v3_gan_aigi_1b970a48378d7acc,gan_aigi,data/HFCF_small_67.parquet,0,2675,000805.png,PNG,ProjectedGAN,projectedgan,train,1,GAN,train_v3_additions/aigi/cf_train_v3_gan_aigi_1b970a48378d7acc_000805.png.png,complete
cf_train_v3_gan_aigi_1c01e35cd4881a0c,gan_aigi,data/HFCF_small_92.parquet,0,169,149749.png,PNG,GigaGAN,gigagan,train,1,GAN,train_v3_additions/aigi/cf_train_v3_gan_aigi_1c01e35cd4881a0c_149749.png.png,complete
cf_train_v3_gan_aigi_1c4747c7b3328cef,gan_aigi,data/HFCF_small_69.parquet,0,1857,029251.png,PNG,StyleGAN2,stylegan2,train,1,GAN,train_v3_additions/aigi/cf_train_v3_gan_aigi_1c4747c7b3328cef_029251.png.png,complete
cf_train_v3_gan_aigi_1cbb0ee3ea23f9f0,gan_aigi,data/HFCF_small_73.parquet,0,2044,006151.png,PNG,StyleSANXL,stylesanxl,train,1,GAN,train_v3_additions/aigi/cf_train_v3_gan_aigi_1cbb0ee3ea23f9f0_006151.png.png,complete
cf_train_v3_gan_aigi_1cc8b64491687887,gan_aigi,data/HFCF_small_80.parquet,0,622,059739.png,PNG,StyleGANXL,styleganxl,train,1,GAN,train_v3_additions/aigi/cf_train_v3_gan_aigi_1cc8b64491687887_059739.png.png,complete
cf_train_v3_gan_aigi_1d6fa58d311607ce,gan_aigi,data/HFCF_small_69.parquet,0,746,004181.png,PNG,StyleGAN2,stylegan2,train,1,GAN,train_v3_additions/aigi/cf_train_v3_gan_aigi_1d6fa58d311607ce_004181.png.png,complete
cf_train_v3_gan_aigi_1d91b36f69353222,gan_aigi,data/HFCF_small_69.parquet,0,530,010905.png,PNG,StyleGAN2,stylegan2,train,1,GAN,train_v3_additions/aigi/cf_train_v3_gan_aigi_1d91b36f69353222_010905.png.png,complete
cf_train_v3_gan_aigi_1e5178247d484168,gan_aigi,data/HFCF_small_74.parquet,0,2975,002198.png,PNG,CIPS,cips,train,1,GAN,train_v3_additions/aigi/cf_train_v3_gan_aigi_1e5178247d484168_002198.png.png,complete
cf_train_v3_gan_aigi_1e749d3ee5b0c731,gan_aigi,data/HFCF_small_66.parquet,0,1202,007099.png,PNG,Gansformer,gansformer,train,1,GAN,train_v3_additions/aigi/cf_train_v3_gan_aigi_1e749d3ee5b0c731_007099.png.png,complete
cf_train_v3_gan_aigi_1e9db60a64adbf3d,gan_aigi,data/HFCF_small_66.parquet,0,1935,000674.png,PNG,StyleGAN3,stylegan3,train,1,GAN,train_v3_additions/aigi/cf_train_v3_gan_aigi_1e9db60a64adbf3d_000674.png.png,complete
cf_train_v3_gan_aigi_1ea57fa5dd836590,gan_aigi,data/HFCF_small_74.parquet,0,1984,000412.png,PNG,StyleGAN2-ADA,stylegan2-ada,train,1,GAN,train_v3_additions/aigi/cf_train_v3_gan_aigi_1ea57fa5dd836590_000412.png.png,complete
cf_train_v3_gan_aigi_1ea8d5324eb7fd70,gan_aigi,data/HFCF_small_66.parquet,0,2774,003391.png,PNG,StyleGAN3,stylegan3,train,1,GAN,train_v3_additions/aigi/cf_train_v3_gan_aigi_1ea8d5324eb7fd70_003391.png.png,complete
cf_train_v3_gan_aigi_1efa4b8502b94ad8,gan_aigi,data/HFCF_small_80.parquet,0,2049,051900.png,PNG,StyleGANXL,styleganxl,train,1,GAN,train_v3_additions/aigi/cf_train_v3_gan_aigi_1efa4b8502b94ad8_051900.png.png,complete
cf_train_v3_gan_aigi_1f24d38e5077ca77,gan_aigi,data/HFCF_small_84.parquet,0,592,032606.png,PNG,BigGAN,biggan,train,1,GAN,train_v3_additions/aigi/cf_train_v3_gan_aigi_1f24d38e5077ca77_032606.png.png,complete
cf_train_v3_gan_aigi_1f33713345d8272b,gan_aigi,data/HFCF_small_74.parquet,0,1152,009643.png,PNG,StyleGAN2-ADA,stylegan2-ada,train,1,GAN,train_v3_additions/aigi/cf_train_v3_gan_aigi_1f33713345d8272b_009643.png.png,complete
cf_train_v3_gan_aigi_1f359a1caf92cf75,gan_aigi,data/HFCF_small_67.parquet,0,2116,004958.png,PNG,ProjectedGAN,projectedgan,train,1,GAN,train_v3_additions/aigi/cf_train_v3_gan_aigi_1f359a1caf92cf75_004958.png.png,complete
cf_train_v3_gan_aigi_1f50cae1e0d01e30,gan_aigi,data/HFCF_small_74.parquet,0,2603,000153.png,PNG,CIPS,cips,train,1,GAN,train_v3_additions/aigi/cf_train_v3_gan_aigi_1f50cae1e0d01e30_000153.png.png,complete
cf_train_v3_gan_aigi_1fcd458114a2e4cc,gan_aigi,data/HFCF_small_69.parquet,0,272,008529.png,PNG,StyleGAN2,stylegan2,train,1,GAN,train_v3_additions/aigi/cf_train_v3_gan_aigi_1fcd458114a2e4cc_008529.png.png,complete
cf_train_v3_gan_aigi_1fe584d64fa4cdca,gan_aigi,data/HFCF_small_74.parquet,0,1911,004972.png,PNG,StyleGAN2-ADA,stylegan2-ada,train,1,GAN,train_v3_additions/aigi/cf_train_v3_gan_aigi_1fe584d64fa4cdca_004972.png.png,complete
cf_train_v3_gan_aigi_20221546576bb092,gan_aigi,data/HFCF_small_75.parquet,0,944,009914.png,PNG,StyleSwin,styleswin,train,1,GAN,train_v3_additions/aigi/cf_train_v3_gan_aigi_20221546576bb092_009914.png.png,complete
cf_train_v3_gan_aigi_20b337909e6c5bcb,gan_aigi,data/HFCF_small_76.parquet,0,2948,024674.png,PNG,ProGAN,progan,train,1,GAN,train_v3_additions/aigi/cf_train_v3_gan_aigi_20b337909e6c5bcb_024674.png.png,complete
cf_train_v3_gan_aigi_20d0fd530f6d7577,gan_aigi,data/HFCF_small_73.parquet,0,2466,033941.png,PNG,StyleSANXL,stylesanxl,train,1,GAN,train_v3_additions/aigi/cf_train_v3_gan_aigi_20d0fd530f6d7577_033941.png.png,complete
cf_train_v3_gan_aigi_214a31dacdc40890,gan_aigi,data/HFCF_small_73.parquet,0,1045,019980.png,PNG,StyleSANXL,stylesanxl,train,1,GAN,train_v3_additions/aigi/cf_train_v3_gan_aigi_214a31dacdc40890_019980.png.png,complete
cf_train_v3_gan_aigi_221afede0ac8fa3b,gan_aigi,data/HFCF_small_84.parquet,0,2217,031412.png,PNG,BigGAN,biggan,train,1,GAN,train_v3_additions/aigi/cf_train_v3_gan_aigi_221afede0ac8fa3b_031412.png.png,complete
cf_train_v3_gan_aigi_2297251ef2d63e30,gan_aigi,data/HFCF_small_80.parquet,0,1769,054594.png,PNG,StyleGANXL,styleganxl,train,1,GAN,train_v3_additions/aigi/cf_train_v3_gan_aigi_2297251ef2d63e30_054594.png.png,complete
cf_train_v3_gan_aigi_22b82f25260c76f3,gan_aigi,data/HFCF_small_73.parquet,0,861,016808.png,PNG,StyleSANXL,stylesanxl,train,1,GAN,train_v3_additions/aigi/cf_train_v3_gan_aigi_22b82f25260c76f3_016808.png.png,complete
cf_train_v3_gan_aigi_232c3d3469813f2e,gan_aigi,data/HFCF_small_69.parquet,0,1068,000772.png,PNG,StyleGAN2,stylegan2,train,1,GAN,train_v3_additions/aigi/cf_train_v3_gan_aigi_232c3d3469813f2e_000772.png.png,complete
cf_train_v3_gan_aigi_233e65e604ace30f,gan_aigi,data/HFCF_small_74.parquet,0,1526,010963.png,PNG,StyleGAN2-ADA,stylegan2-ada,train,1,GAN,train_v3_additions/aigi/cf_train_v3_gan_aigi_233e65e604ace30f_010963.png.png,complete
cf_train_v3_gan_aigi_2360106d4ad79949,gan_aigi,data/HFCF_small_80.parquet,0,2479,006611.png,PNG,StyleGANXL,styleganxl,train,1,GAN,train_v3_additions/aigi/cf_train_v3_gan_aigi_2360106d4ad79949_006611.png.png,complete
cf_train_v3_gan_aigi_23e555df7e583db1,gan_aigi,data/HFCF_small_84.parquet,0,2858,055649.png,PNG,BigGAN,biggan,train,1,GAN,train_v3_additions/aigi/cf_train_v3_gan_aigi_23e555df7e583db1_055649.png.png,complete
cf_train_v3_gan_aigi_2417e50a56047537,gan_aigi,data/HFCF_small_67.parquet,0,2232,002555.png,PNG,ProjectedGAN,projectedgan,train,1,GAN,train_v3_additions/aigi/cf_train_v3_gan_aigi_2417e50a56047537_002555.png.png,complete
cf_train_v3_gan_aigi_248a4e8598158feb,gan_aigi,data/HFCF_small_73.parquet,0,2675,033109.png,PNG,StyleSANXL,stylesanxl,train,1,GAN,train_v3_additions/aigi/cf_train_v3_gan_aigi_248a4e8598158feb_033109.png.png,complete
cf_train_v3_gan_aigi_24a5b2f35671f75c,gan_aigi,data/HFCF_small_74.parquet,0,908,011719.png,PNG,StyleGAN2-ADA,stylegan2-ada,train,1,GAN,train_v3_additions/aigi/cf_train_v3_gan_aigi_24a5b2f35671f75c_011719.png.png,complete
cf_train_v3_gan_aigi_24fe009c7b28ee7a,gan_aigi,data/HFCF_small_74.parquet,0,1704,001019.png,PNG,StyleGAN2-ADA,stylegan2-ada,train,1,GAN,train_v3_additions/aigi/cf_train_v3_gan_aigi_24fe009c7b28ee7a_001019.png.png,complete
cf_train_v3_gan_aigi_2573981274600310,gan_aigi,data/HFCF_small_67.parquet,0,2689,001427.png,PNG,ProjectedGAN,projectedgan,train,1,GAN,train_v3_additions/aigi/cf_train_v3_gan_aigi_2573981274600310_001427.png.png,complete
cf_train_v3_gan_aigi_25a0f756b87d22c3,gan_aigi,data/HFCF_small_69.parquet,0,2686,009594.png,PNG,StyleGAN2,stylegan2,train,1,GAN,train_v3_additions/aigi/cf_train_v3_gan_aigi_25a0f756b87d22c3_009594.png.png,complete
cf_train_v3_gan_aigi_25a478127fbb1505,gan_aigi,data/HFCF_small_66.parquet,0,1811,000929.png,PNG,StyleGAN3,stylegan3,train,1,GAN,train_v3_additions/aigi/cf_train_v3_gan_aigi_25a478127fbb1505_000929.png.png,complete
cf_train_v3_gan_aigi_263a6521a86b39a6,gan_aigi,data/HFCF_small_66.parquet,0,1618,006923.png,PNG,Gansformer,gansformer,train,1,GAN,train_v3_additions/aigi/cf_train_v3_gan_aigi_263a6521a86b39a6_006923.png.png,complete
cf_train_v3_gan_aigi_26a7bb3ee1c50718,gan_aigi,data/HFCF_small_75.parquet,0,2984,000218.png,PNG,StyleSwin,styleswin,train,1,GAN,train_v3_additions/aigi/cf_train_v3_gan_aigi_26a7bb3ee1c50718_000218.png.png,complete
cf_train_v3_gan_aigi_27349c12d04a8d2a,gan_aigi,data/HFCF_small_92.parquet,0,2518,168289.png,PNG,GigaGAN,gigagan,train,1,GAN,train_v3_additions/aigi/cf_train_v3_gan_aigi_27349c12d04a8d2a_168289.png.png,complete
cf_train_v3_gan_aigi_2737745c02616059,gan_aigi,data/HFCF_small_66.parquet,0,2640,001461.png,PNG,StyleGAN3,stylegan3,train,1,GAN,train_v3_additions/aigi/cf_train_v3_gan_aigi_2737745c02616059_001461.png.png,complete
cf_train_v3_gan_aigi_27a85fe9426af15a,gan_aigi,data/HFCF_small_66.parquet,0,2893,001286.png,PNG,StyleGAN3,stylegan3,train,1,GAN,train_v3_additions/aigi/cf_train_v3_gan_aigi_27a85fe9426af15a_001286.png.png,complete
cf_train_v3_gan_aigi_27a9aa8dea201ebd,gan_aigi,data/HFCF_small_73.parquet,0,2278,014553.png,PNG,StyleSANXL,stylesanxl,train,1,GAN,train_v3_additions/aigi/cf_train_v3_gan_aigi_27a9aa8dea201ebd_014553.png.png,complete
cf_train_v3_gan_aigi_27b3b1eba3036091,gan_aigi,data/HFCF_small_67.parquet,0,2575,002702.png,PNG,ProjectedGAN,projectedgan,train,1,GAN,train_v3_additions/aigi/cf_train_v3_gan_aigi_27b3b1eba3036091_002702.png.png,complete
cf_train_v3_gan_aigi_27e24570226d9ee9,gan_aigi,data/HFCF_small_74.parquet,0,1968,004880.png,PNG,StyleGAN2-ADA,stylegan2-ada,train,1,GAN,train_v3_additions/aigi/cf_train_v3_gan_aigi_27e24570226d9ee9_004880.png.png,complete
cf_train_v3_gan_aigi_2973290eadcb5cd6,gan_aigi,data/HFCF_small_73.parquet,0,567,010596.png,PNG,StyleSANXL,stylesanxl,train,1,GAN,train_v3_additions/aigi/cf_train_v3_gan_aigi_2973290eadcb5cd6_010596.png.png,complete
cf_train_v3_gan_aigi_29bfab4186841a85,gan_aigi,data/HFCF_small_66.parquet,0,1072,009643.png,PNG,Gansformer,gansformer,train,1,GAN,train_v3_additions/aigi/cf_train_v3_gan_aigi_29bfab4186841a85_009643.png.png,complete
cf_train_v3_gan_aigi_29ce4af6665be654,gan_aigi,data/HFCF_small_80.parquet,0,2281,049566.png,PNG,StyleGANXL,styleganxl,train,1,GAN,train_v3_additions/aigi/cf_train_v3_gan_aigi_29ce4af6665be654_049566.png.png,complete
cf_train_v3_gan_aigi_2a7073e18cbca0ce,gan_aigi,data/HFCF_small_84.parquet,0,338,022419.png,PNG,BigGAN,biggan,train,1,GAN,train_v3_additions/aigi/cf_train_v3_gan_aigi_2a7073e18cbca0ce_022419.png.png,complete
cf_train_v3_gan_aigi_2aa348e8f036aa36,gan_aigi,data/HFCF_small_66.parquet,0,2568,008593.png,PNG,StyleGAN3,stylegan3,train,1,GAN,train_v3_additions/aigi/cf_train_v3_gan_aigi_2aa348e8f036aa36_008593.png.png,complete
cf_train_v3_gan_aigi_2aac59e47944f78a,gan_aigi,data/HFCF_small_80.parquet,0,356,007630.png,PNG,StyleGANXL,styleganxl,train,1,GAN,train_v3_additions/aigi/cf_train_v3_gan_aigi_2aac59e47944f78a_007630.png.png,complete
cf_train_v3_gan_aigi_2b3877bae0898f20,gan_aigi,data/HFCF_small_74.parquet,0,2059,004767.png,PNG,StyleGAN2-ADA,stylegan2-ada,train,1,GAN,train_v3_additions/aigi/cf_train_v3_gan_aigi_2b3877bae0898f20_004767.png.png,complete
cf_train_v3_gan_aigi_2b4e24704dcccea6,gan_aigi,data/HFCF_small_76.parquet,0,1886,026055.png,PNG,ProGAN,progan,train,1,GAN,train_v3_additions/aigi/cf_train_v3_gan_aigi_2b4e24704dcccea6_026055.png.png,complete
cf_train_v3_gan_aigi_2b840defadb0ae8b,gan_aigi,data/HFCF_small_66.parquet,0,1199,005024.png,PNG,Gansformer,gansformer,train,1,GAN,train_v3_additions/aigi/cf_train_v3_gan_aigi_2b840defadb0ae8b_005024.png.png,complete
cf_train_v3_gan_aigi_2c36203031820833,gan_aigi,data/HFCF_small_80.parquet,0,2957,056424.png,PNG,StyleGANXL,styleganxl,train,1,GAN,train_v3_additions/aigi/cf_train_v3_gan_aigi_2c36203031820833_056424.png.png,complete
cf_train_v3_gan_aigi_2c6e54b2cb25b11f,gan_aigi,data/HFCF_small_80.parquet,0,113,047355.png,PNG,StyleGANXL,styleganxl,train,1,GAN,train_v3_additions/aigi/cf_train_v3_gan_aigi_2c6e54b2cb25b11f_047355.png.png,complete
cf_train_v3_gan_aigi_2c9459fd5d9adb06,gan_aigi,data/HFCF_small_74.parquet,0,1456,004839.png,PNG,StyleGAN2-ADA,stylegan2-ada,train,1,GAN,train_v3_additions/aigi/cf_train_v3_gan_aigi_2c9459fd5d9adb06_004839.png.png,complete
cf_train_v3_gan_aigi_2c966ce366aaade5,gan_aigi,data/HFCF_small_84.parquet,0,2559,096066.png,PNG,BigGAN,biggan,train,1,GAN,train_v3_additions/aigi/cf_train_v3_gan_aigi_2c966ce366aaade5_096066.png.png,complete
cf_train_v3_gan_aigi_2c98d540b61e7b78,gan_aigi,data/HFCF_small_84.parquet,0,1913,081189.png,PNG,BigGAN,biggan,train,1,GAN,train_v3_additions/aigi/cf_train_v3_gan_aigi_2c98d540b61e7b78_081189.png.png,complete
cf_train_v3_gan_aigi_2ca7de18d1e903ae,gan_aigi,data/HFCF_small_69.parquet,0,1227,016635.png,PNG,StyleGAN2,stylegan2,train,1,GAN,train_v3_additions/aigi/cf_train_v3_gan_aigi_2ca7de18d1e903ae_016635.png.png,complete
cf_train_v3_gan_aigi_2cb70fe872616b20,gan_aigi,data/HFCF_small_74.parquet,0,2859,007421.png,PNG,CIPS,cips,train,1,GAN,train_v3_additions/aigi/cf_train_v3_gan_aigi_2cb70fe872616b20_007421.png.png,complete
cf_train_v3_gan_aigi_2d678f7dcdca6032,gan_aigi,data/HFCF_small_69.parquet,0,162,001551.png,PNG,StyleGAN2,stylegan2,train,1,GAN,train_v3_additions/aigi/cf_train_v3_gan_aigi_2d678f7dcdca6032_001551.png.png,complete
cf_train_v3_gan_aigi_2df9be5b4f95e9e7,gan_aigi,data/HFCF_small_66.parquet,0,2178,000666.png,PNG,StyleGAN3,stylegan3,train,1,GAN,train_v3_additions/aigi/cf_train_v3_gan_aigi_2df9be5b4f95e9e7_000666.png.png,complete
cf_train_v3_gan_aigi_2efb1dfd129dfa93,gan_aigi,data/HFCF_small_73.parquet,0,2881,010752.png,PNG,StyleSANXL,stylesanxl,train,1,GAN,train_v3_additions/aigi/cf_train_v3_gan_aigi_2efb1dfd129dfa93_010752.png.png,complete
cf_train_v3_gan_aigi_2f01e9fd58c9a3b4,gan_aigi,data/HFCF_small_73.parquet,0,2906,005116.png,PNG,StyleSANXL,stylesanxl,train,1,GAN,train_v3_additions/aigi/cf_train_v3_gan_aigi_2f01e9fd58c9a3b4_005116.png.png,complete
cf_train_v3_gan_aigi_2f3c75008ff2e8fe,gan_aigi,data/HFCF_small_76.parquet,0,2773,002013.png,PNG,ProGAN,progan,train,1,GAN,train_v3_additions/aigi/cf_train_v3_gan_aigi_2f3c75008ff2e8fe_002013.png.png,complete
cf_train_v3_gan_aigi_2fba668fb8c27d4a,gan_aigi,data/HFCF_small_73.parquet,0,1703,002125.png,PNG,StyleSANXL,stylesanxl,train,1,GAN,train_v3_additions/aigi/cf_train_v3_gan_aigi_2fba668fb8c27d4a_002125.png.png,complete
cf_train_v3_gan_aigi_2feda206675eee51,gan_aigi,data/HFCF_small_80.parquet,0,2429,049072.png,PNG,StyleGANXL,styleganxl,train,1,GAN,train_v3_additions/aigi/cf_train_v3_gan_aigi_2feda206675eee51_049072.png.png,complete
cf_train_v3_gan_aigi_2ff31369f8199e97,gan_aigi,data/HFCF_small_66.parquet,0,1099,009295.png,PNG,Gansformer,gansformer,train,1,GAN,train_v3_additions/aigi/cf_train_v3_gan_aigi_2ff31369f8199e97_009295.png.png,complete
cf_train_v3_gan_aigi_2ffeaf9f4887b1c9,gan_aigi,data/HFCF_small_66.parquet,0,2101,004269.png,PNG,StyleGAN3,stylegan3,train,1,GAN,train_v3_additions/aigi/cf_train_v3_gan_aigi_2ffeaf9f4887b1c9_004269.png.png,complete
cf_train_v3_gan_aigi_301d58a0b60b9c33,gan_aigi,data/HFCF_small_74.parquet,0,1160,003558.png,PNG,StyleGAN2-ADA,stylegan2-ada,train,1,GAN,train_v3_additions/aigi/cf_train_v3_gan_aigi_301d58a0b60b9c33_003558.png.png,complete
cf_train_v3_gan_aigi_30a59aecf93b7abd,gan_aigi,data/HFCF_small_67.parquet,0,2703,001463.png,PNG,ProjectedGAN,projectedgan,train,1,GAN,train_v3_additions/aigi/cf_train_v3_gan_aigi_30a59aecf93b7abd_001463.png.png,complete
cf_train_v3_gan_aigi_313444400840d61f,gan_aigi,data/HFCF_small_76.parquet,0,2431,005564.png,PNG,ProGAN,progan,train,1,GAN,train_v3_additions/aigi/cf_train_v3_gan_aigi_313444400840d61f_005564.png.png,complete
cf_train_v3_gan_aigi_313f85dee0fd8da8,gan_aigi,data/HFCF_small_67.parquet,0,2160,003688.png,PNG,ProjectedGAN,projectedgan,train,1,GAN,train_v3_additions/aigi/cf_train_v3_gan_aigi_313f85dee0fd8da8_003688.png.png,complete
cf_train_v3_gan_aigi_31893ae1749a59ff,gan_aigi,data/HFCF_small_66.parquet,0,1608,000239.png,PNG,Gansformer,gansformer,train,1,GAN,train_v3_additions/aigi/cf_train_v3_gan_aigi_31893ae1749a59ff_000239.png.png,complete
cf_train_v3_gan_aigi_3196a899c8a78e91,gan_aigi,data/HFCF_small_74.parquet,0,2169,003865.png,PNG,CIPS,cips,train,1,GAN,train_v3_additions/aigi/cf_train_v3_gan_aigi_3196a899c8a78e91_003865.png.png,complete
cf_train_v3_gan_aigi_31f55bf8b86e64ad,gan_aigi,data/HFCF_small_69.parquet,0,2256,022606.png,PNG,StyleGAN2,stylegan2,train,1,GAN,train_v3_additions/aigi/cf_train_v3_gan_aigi_31f55bf8b86e64ad_022606.png.png,complete
cf_train_v3_gan_aigi_322928f91f5e5cbf,gan_aigi,data/HFCF_small_80.parquet,0,2595,040235.png,PNG,StyleGANXL,styleganxl,train,1,GAN,train_v3_additions/aigi/cf_train_v3_gan_aigi_322928f91f5e5cbf_040235.png.png,complete
cf_train_v3_gan_aigi_329822eaa960cd9e,gan_aigi,data/HFCF_small_73.parquet,0,9,000416.png,PNG,StyleSANXL,stylesanxl,train,1,GAN,train_v3_additions/aigi/cf_train_v3_gan_aigi_329822eaa960cd9e_000416.png.png,complete
cf_train_v3_gan_aigi_32eabc11cacb9827,gan_aigi,data/HFCF_small_80.parquet,0,1163,035644.png,PNG,StyleGANXL,styleganxl,train,1,GAN,train_v3_additions/aigi/cf_train_v3_gan_aigi_32eabc11cacb9827_035644.png.png,complete
cf_train_v3_gan_aigi_3318e67ebd66d0c4,gan_aigi,data/HFCF_small_92.parquet,0,2525,090922.png,PNG,GigaGAN,gigagan,train,1,GAN,train_v3_additions/aigi/cf_train_v3_gan_aigi_3318e67ebd66d0c4_090922.png.png,complete
cf_train_v3_gan_aigi_33221afc1f1f96a8,gan_aigi,data/HFCF_small_74.parquet,0,1432,007409.png,PNG,StyleGAN2-ADA,stylegan2-ada,train,1,GAN,train_v3_additions/aigi/cf_train_v3_gan_aigi_33221afc1f1f96a8_007409.png.png,complete
cf_train_v3_gan_aigi_334b70966b7d3770,gan_aigi,data/HFCF_small_76.parquet,0,1399,000485.png,PNG,ProGAN,progan,train,1,GAN,train_v3_additions/aigi/cf_train_v3_gan_aigi_334b70966b7d3770_000485.png.png,complete
cf_train_v3_gan_aigi_3392785d61e0a5f9,gan_aigi,data/HFCF_small_80.parquet,0,1925,055188.png,PNG,StyleGANXL,styleganxl,train,1,GAN,train_v3_additions/aigi/cf_train_v3_gan_aigi_3392785d61e0a5f9_055188.png.png,complete
cf_train_v3_gan_aigi_33a241c106065fba,gan_aigi,data/HFCF_small_84.parquet,0,2593,091939.png,PNG,BigGAN,biggan,train,1,GAN,train_v3_additions/aigi/cf_train_v3_gan_aigi_33a241c106065fba_091939.png.png,complete
cf_train_v3_gan_aigi_34191e1d35b71a12,gan_aigi,data/HFCF_small_66.parquet,0,951,000747.png,PNG,Gansformer,gansformer,train,1,GAN,train_v3_additions/aigi/cf_train_v3_gan_aigi_34191e1d35b71a12_000747.png.png,complete
cf_train_v3_gan_aigi_342e02224057e86c,gan_aigi,data/HFCF_small_74.parquet,0,2678,003389.png,PNG,CIPS,cips,train,1,GAN,train_v3_additions/aigi/cf_train_v3_gan_aigi_342e02224057e86c_003389.png.png,complete
cf_train_v3_gan_aigi_343aa6d4abd34b9d,gan_aigi,data/HFCF_small_75.parquet,0,2889,009013.png,PNG,StyleSwin,styleswin,train,1,GAN,train_v3_additions/aigi/cf_train_v3_gan_aigi_343aa6d4abd34b9d_009013.png.png,complete
cf_train_v3_gan_aigi_3462debf8ae174c8,gan_aigi,data/HFCF_small_67.parquet,0,2846,002859.png,PNG,ProjectedGAN,projectedgan,train,1,GAN,train_v3_additions/aigi/cf_train_v3_gan_aigi_3462debf8ae174c8_002859.png.png,complete
cf_train_v3_gan_aigi_347dc2d5fb840de9,gan_aigi,data/HFCF_small_74.parquet,0,2637,007689.png,PNG,CIPS,cips,train,1,GAN,train_v3_additions/aigi/cf_train_v3_gan_aigi_347dc2d5fb840de9_007689.png.png,complete
cf_train_v3_gan_aigi_3493d980ffa4a0bd,gan_aigi,data/HFCF_small_92.parquet,0,815,082254.png,PNG,GigaGAN,gigagan,train,1,GAN,train_v3_additions/aigi/cf_train_v3_gan_aigi_3493d980ffa4a0bd_082254.png.png,complete
cf_train_v3_gan_aigi_350bab5d42b45092,gan_aigi,data/HFCF_small_74.parquet,0,2434,007839.png,PNG,CIPS,cips,train,1,GAN,train_v3_additions/aigi/cf_train_v3_gan_aigi_350bab5d42b45092_007839.png.png,complete
cf_train_v3_gan_aigi_351dac9f291e5845,gan_aigi,data/HFCF_small_69.parquet,0,947,017386.png,PNG,StyleGAN2,stylegan2,train,1,GAN,train_v3_additions/aigi/cf_train_v3_gan_aigi_351dac9f291e5845_017386.png.png,complete
cf_train_v3_gan_aigi_355b4ef353b82f32,gan_aigi,data/HFCF_small_73.parquet,0,846,007262.png,PNG,StyleSANXL,stylesanxl,train,1,GAN,train_v3_additions/aigi/cf_train_v3_gan_aigi_355b4ef353b82f32_007262.png.png,complete
cf_train_v3_gan_aigi_3566c6fe185a50a8,gan_aigi,data/HFCF_small_67.parquet,0,2894,006800.png,PNG,ProjectedGAN,projectedgan,train,1,GAN,train_v3_additions/aigi/cf_train_v3_gan_aigi_3566c6fe185a50a8_006800.png.png,complete
cf_train_v3_gan_aigi_35969540384e17ec,gan_aigi,data/HFCF_small_74.parquet,0,2047,011461.png,PNG,StyleGAN2-ADA,stylegan2-ada,train,1,GAN,train_v3_additions/aigi/cf_train_v3_gan_aigi_35969540384e17ec_011461.png.png,complete
cf_train_v3_gan_aigi_362d3f98070f7a4a,gan_aigi,data/HFCF_small_80.parquet,0,2276,012208.png,PNG,StyleGANXL,styleganxl,train,1,GAN,train_v3_additions/aigi/cf_train_v3_gan_aigi_362d3f98070f7a4a_012208.png.png,complete
cf_train_v3_gan_aigi_36ea43157b19c939,gan_aigi,data/HFCF_small_75.parquet,0,1048,006749.png,PNG,StyleSwin,styleswin,train,1,GAN,train_v3_additions/aigi/cf_train_v3_gan_aigi_36ea43157b19c939_006749.png.png,complete
cf_train_v3_gan_aigi_372a56abe5fd43b3,gan_aigi,data/HFCF_small_84.parquet,0,1491,067757.png,PNG,BigGAN,biggan,train,1,GAN,train_v3_additions/aigi/cf_train_v3_gan_aigi_372a56abe5fd43b3_067757.png.png,complete
cf_train_v3_gan_aigi_3748a95dd7eddd44,gan_aigi,data/HFCF_small_92.parquet,0,1008,129811.png,PNG,GigaGAN,gigagan,train,1,GAN,train_v3_additions/aigi/cf_train_v3_gan_aigi_3748a95dd7eddd44_129811.png.png,complete
cf_train_v3_gan_aigi_37ac0419589819b9,gan_aigi,data/HFCF_small_66.parquet,0,1057,009475.png,PNG,Gansformer,gansformer,train,1,GAN,train_v3_additions/aigi/cf_train_v3_gan_aigi_37ac0419589819b9_009475.png.png,complete
cf_train_v3_gan_aigi_381401dfe2b316f2,gan_aigi,data/HFCF_small_75.parquet,0,1885,007370.png,PNG,StyleSwin,styleswin,train,1,GAN,train_v3_additions/aigi/cf_train_v3_gan_aigi_381401dfe2b316f2_007370.png.png,complete
cf_train_v3_gan_aigi_389cd69da46434e8,gan_aigi,data/HFCF_small_66.parquet,0,953,002973.png,PNG,Gansformer,gansformer,train,1,GAN,train_v3_additions/aigi/cf_train_v3_gan_aigi_389cd69da46434e8_002973.png.png,complete
cf_train_v3_gan_aigi_38c276f45e1c5b9b,gan_aigi,data/HFCF_small_75.parquet,0,2422,008192.png,PNG,StyleSwin,styleswin,train,1,GAN,train_v3_additions/aigi/cf_train_v3_gan_aigi_38c276f45e1c5b9b_008192.png.png,complete
cf_train_v3_gan_aigi_38f99ccbd35b7364,gan_aigi,data/HFCF_small_80.parquet,0,1231,003090.png,PNG,StyleGANXL,styleganxl,train,1,GAN,train_v3_additions/aigi/cf_train_v3_gan_aigi_38f99ccbd35b7364_003090.png.png,complete
cf_train_v3_gan_aigi_3918a23b4f727ff8,gan_aigi,data/HFCF_small_76.parquet,0,2364,018840.png,PNG,ProGAN,progan,train,1,GAN,train_v3_additions/aigi/cf_train_v3_gan_aigi_3918a23b4f727ff8_018840.png.png,complete
cf_train_v3_gan_aigi_39492cf898b29cfc,gan_aigi,data/HFCF_small_76.parquet,0,1689,011605.png,PNG,ProGAN,progan,train,1,GAN,train_v3_additions/aigi/cf_train_v3_gan_aigi_39492cf898b29cfc_011605.png.png,complete
cf_train_v3_gan_aigi_394c115bf0e93839,gan_aigi,data/HFCF_small_92.parquet,0,1899,009392.png,PNG,GigaGAN,gigagan,train,1,GAN,train_v3_additions/aigi/cf_train_v3_gan_aigi_394c115bf0e93839_009392.png.png,complete
cf_train_v3_gan_aigi_3a2bae7294f3dbed,gan_aigi,data/HFCF_small_92.parquet,0,1495,137293.png,PNG,GigaGAN,gigagan,train,1,GAN,train_v3_additions/aigi/cf_train_v3_gan_aigi_3a2bae7294f3dbed_137293.png.png,complete
cf_train_v3_gan_aigi_3a72701f0fb13ac7,gan_aigi,data/HFCF_small_80.parquet,0,2236,006312.png,PNG,StyleGANXL,styleganxl,train,1,GAN,train_v3_additions/aigi/cf_train_v3_gan_aigi_3a72701f0fb13ac7_006312.png.png,complete
cf_train_v3_gan_aigi_3a7609627f517c13,gan_aigi,data/HFCF_small_74.parquet,0,877,011494.png,PNG,StyleGAN2-ADA,stylegan2-ada,train,1,GAN,train_v3_additions/aigi/cf_train_v3_gan_aigi_3a7609627f517c13_011494.png.png,complete
cf_train_v3_gan_aigi_3aba1ac1f4220d16,gan_aigi,data/HFCF_small_76.parquet,0,1586,023067.png,PNG,ProGAN,progan,train,1,GAN,train_v3_additions/aigi/cf_train_v3_gan_aigi_3aba1ac1f4220d16_023067.png.png,complete
cf_train_v3_gan_aigi_3abaf46e3dc8caff,gan_aigi,data/HFCF_small_74.parquet,0,1272,002199.png,PNG,StyleGAN2-ADA,stylegan2-ada,train,1,GAN,train_v3_additions/aigi/cf_train_v3_gan_aigi_3abaf46e3dc8caff_002199.png.png,complete
cf_train_v3_gan_aigi_3b0622c00310d2f8,gan_aigi,data/HFCF_small_74.parquet,0,2770,005064.png,PNG,CIPS,cips,train,1,GAN,train_v3_additions/aigi/cf_train_v3_gan_aigi_3b0622c00310d2f8_005064.png.png,complete
cf_train_v3_gan_aigi_3b1fe4b129c18b26,gan_aigi,data/HFCF_small_69.parquet,0,2965,025175.png,PNG,StyleGAN2,stylegan2,train,1,GAN,train_v3_additions/aigi/cf_train_v3_gan_aigi_3b1fe4b129c18b26_025175.png.png,complete
cf_train_v3_gan_aigi_3b9efcb13c9a36e5,gan_aigi,data/HFCF_small_80.parquet,0,2732,038653.png,PNG,StyleGANXL,styleganxl,train,1,GAN,train_v3_additions/aigi/cf_train_v3_gan_aigi_3b9efcb13c9a36e5_038653.png.png,complete
cf_train_v3_gan_aigi_3bc21f4e3e11c937,gan_aigi,data/HFCF_small_69.parquet,0,2281,029724.png,PNG,StyleGAN2,stylegan2,train,1,GAN,train_v3_additions/aigi/cf_train_v3_gan_aigi_3bc21f4e3e11c937_029724.png.png,complete
cf_train_v3_gan_aigi_3bda5906490ce1f8,gan_aigi,data/HFCF_small_66.parquet,0,808,007051.png,PNG,Gansformer,gansformer,train,1,GAN,train_v3_additions/aigi/cf_train_v3_gan_aigi_3bda5906490ce1f8_007051.png.png,complete
cf_train_v3_gan_aigi_3c2e2dc031132834,gan_aigi,data/HFCF_small_73.parquet,0,1169,036212.png,PNG,StyleSANXL,stylesanxl,train,1,GAN,train_v3_additions/aigi/cf_train_v3_gan_aigi_3c2e2dc031132834_036212.png.png,complete
cf_train_v3_gan_aigi_3cb3844809bf1d70,gan_aigi,data/HFCF_small_92.parquet,0,1763,141390.png,PNG,GigaGAN,gigagan,train,1,GAN,train_v3_additions/aigi/cf_train_v3_gan_aigi_3cb3844809bf1d70_141390.png.png,complete
cf_train_v3_gan_aigi_3d322e3b1e9068ce,gan_aigi,data/HFCF_small_67.parquet,0,2832,007641.png,PNG,ProjectedGAN,projectedgan,train,1,GAN,train_v3_additions/aigi/cf_train_v3_gan_aigi_3d322e3b1e9068ce_007641.png.png,complete
cf_train_v3_gan_aigi_3e13e0ea302390ca,gan_aigi,data/HFCF_small_67.parquet,0,2582,006750.png,PNG,ProjectedGAN,projectedgan,train,1,GAN,train_v3_additions/aigi/cf_train_v3_gan_aigi_3e13e0ea302390ca_006750.png.png,complete
cf_train_v3_gan_aigi_3e255770ac3d6759,gan_aigi,data/HFCF_small_67.parquet,0,2513,008895.png,PNG,ProjectedGAN,projectedgan,train,1,GAN,train_v3_additions/aigi/cf_train_v3_gan_aigi_3e255770ac3d6759_008895.png.png,complete
cf_train_v3_gan_aigi_3e5caf8de2fb874b,gan_aigi,data/HFCF_small_76.parquet,0,2672,003100.png,PNG,ProGAN,progan,train,1,GAN,train_v3_additions/aigi/cf_train_v3_gan_aigi_3e5caf8de2fb874b_003100.png.png,complete
cf_train_v3_gan_aigi_3edd720e6e0118db,gan_aigi,data/HFCF_small_69.parquet,0,835,021564.png,PNG,StyleGAN2,stylegan2,train,1,GAN,train_v3_additions/aigi/cf_train_v3_gan_aigi_3edd720e6e0118db_021564.png.png,complete
cf_train_v3_gan_aigi_3f18be61c87c7905,gan_aigi,data/HFCF_small_67.parquet,0,2991,008130.png,PNG,ProjectedGAN,projectedgan,train,1,GAN,train_v3_additions/aigi/cf_train_v3_gan_aigi_3f18be61c87c7905_008130.png.png,complete
cf_train_v3_gan_aigi_3f594d54ef7250d6,gan_aigi,data/HFCF_small_69.parquet,0,402,007360.png,PNG,StyleGAN2,stylegan2,train,1,GAN,train_v3_additions/aigi/cf_train_v3_gan_aigi_3f594d54ef7250d6_007360.png.png,complete
cf_train_v3_gan_aigi_3f6ba1fe15db1f0e,gan_aigi,data/HFCF_small_67.parquet,0,2426,002938.png,PNG,ProjectedGAN,projectedgan,train,1,GAN,train_v3_additions/aigi/cf_train_v3_gan_aigi_3f6ba1fe15db1f0e_002938.png.png,complete
cf_train_v3_gan_aigi_4005f543c2b9cd8a,gan_aigi,data/HFCF_small_69.parquet,0,2166,009739.png,PNG,StyleGAN2,stylegan2,train,1,GAN,train_v3_additions/aigi/cf_train_v3_gan_aigi_4005f543c2b9cd8a_009739.png.png,complete
cf_train_v3_gan_aigi_404c6bc8ecb8f20f,gan_aigi,data/HFCF_small_74.parquet,0,2921,003537.png,PNG,CIPS,cips,train,1,GAN,train_v3_additions/aigi/cf_train_v3_gan_aigi_404c6bc8ecb8f20f_003537.png.png,complete
cf_train_v3_gan_aigi_406111ab953f673f,gan_aigi,data/HFCF_small_80.parquet,0,1151,025758.png,PNG,StyleGANXL,styleganxl,train,1,GAN,train_v3_additions/aigi/cf_train_v3_gan_aigi_406111ab953f673f_025758.png.png,complete
cf_train_v3_gan_aigi_409dd2cfa014b409,gan_aigi,data/HFCF_small_76.parquet,0,2143,019295.png,PNG,ProGAN,progan,train,1,GAN,train_v3_additions/aigi/cf_train_v3_gan_aigi_409dd2cfa014b409_019295.png.png,complete
cf_train_v3_gan_aigi_40e3e6367d08204f,gan_aigi,data/HFCF_small_67.parquet,0,2463,007288.png,PNG,ProjectedGAN,projectedgan,train,1,GAN,train_v3_additions/aigi/cf_train_v3_gan_aigi_40e3e6367d08204f_007288.png.png,complete
cf_train_v3_gan_aigi_414a49454cfb86b9,gan_aigi,data/HFCF_small_69.parquet,0,603,019400.png,PNG,StyleGAN2,stylegan2,train,1,GAN,train_v3_additions/aigi/cf_train_v3_gan_aigi_414a49454cfb86b9_019400.png.png,complete
cf_train_v3_gan_aigi_4185402ca90744cb,gan_aigi,data/HFCF_small_74.parquet,0,954,011919.png,PNG,StyleGAN2-ADA,stylegan2-ada,train,1,GAN,train_v3_additions/aigi/cf_train_v3_gan_aigi_4185402ca90744cb_011919.png.png,complete
cf_train_v3_gan_aigi_41b1ead4045338f2,gan_aigi,data/HFCF_small_66.parquet,0,2688,003893.png,PNG,StyleGAN3,stylegan3,train,1,GAN,train_v3_additions/aigi/cf_train_v3_gan_aigi_41b1ead4045338f2_003893.png.png,complete
cf_train_v3_gan_aigi_41ff5a03ec44702a,gan_aigi,data/HFCF_small_74.parquet,0,1146,009233.png,PNG,StyleGAN2-ADA,stylegan2-ada,train,1,GAN,train_v3_additions/aigi/cf_train_v3_gan_aigi_41ff5a03ec44702a_009233.png.png,complete
cf_train_v3_gan_aigi_423ca45e9a231ae3,gan_aigi,data/HFCF_small_76.parquet,0,2409,006446.png,PNG,ProGAN,progan,train,1,GAN,train_v3_additions/aigi/cf_train_v3_gan_aigi_423ca45e9a231ae3_006446.png.png,complete
cf_train_v3_gan_aigi_4283634e826d3a86,gan_aigi,data/HFCF_small_80.parquet,0,1827,049382.png,PNG,StyleGANXL,styleganxl,train,1,GAN,train_v3_additions/aigi/cf_train_v3_gan_aigi_4283634e826d3a86_049382.png.png,complete
cf_train_v3_gan_aigi_42ba8da5c8e933a1,gan_aigi,data/HFCF_small_80.parquet,0,2962,049660.png,PNG,StyleGANXL,styleganxl,train,1,GAN,train_v3_additions/aigi/cf_train_v3_gan_aigi_42ba8da5c8e933a1_049660.png.png,complete
cf_train_v3_gan_aigi_42bfb3dc4995ce5c,gan_aigi,data/HFCF_small_73.parquet,0,1550,042771.png,PNG,StyleSANXL,stylesanxl,train,1,GAN,train_v3_additions/aigi/cf_train_v3_gan_aigi_42bfb3dc4995ce5c_042771.png.png,complete
cf_train_v3_gan_aigi_42d7e45bb9a27dba,gan_aigi,data/HFCF_small_66.parquet,0,2058,008429.png,PNG,StyleGAN3,stylegan3,train,1,GAN,train_v3_additions/aigi/cf_train_v3_gan_aigi_42d7e45bb9a27dba_008429.png.png,complete
cf_train_v3_gan_aigi_42e32ff705d6d658,gan_aigi,data/HFCF_small_84.parquet,0,1904,007388.png,PNG,BigGAN,biggan,train,1,GAN,train_v3_additions/aigi/cf_train_v3_gan_aigi_42e32ff705d6d658_007388.png.png,complete
cf_train_v3_gan_aigi_42fc027ac4eb8dc5,gan_aigi,data/HFCF_small_66.parquet,0,1093,000954.png,PNG,Gansformer,gansformer,train,1,GAN,train_v3_additions/aigi/cf_train_v3_gan_aigi_42fc027ac4eb8dc5_000954.png.png,complete
cf_train_v3_gan_aigi_4346bd987c944af8,gan_aigi,data/HFCF_small_80.parquet,0,440,059341.png,PNG,StyleGANXL,styleganxl,train,1,GAN,train_v3_additions/aigi/cf_train_v3_gan_aigi_4346bd987c944af8_059341.png.png,complete
cf_train_v3_gan_aigi_434e43f80eabb80a,gan_aigi,data/HFCF_small_74.parquet,0,2856,006658.png,PNG,CIPS,cips,train,1,GAN,train_v3_additions/aigi/cf_train_v3_gan_aigi_434e43f80eabb80a_006658.png.png,complete
cf_train_v3_gan_aigi_4361eb3a73caecf9,gan_aigi,data/HFCF_small_69.parquet,0,513,005356.png,PNG,StyleGAN2,stylegan2,train,1,GAN,train_v3_additions/aigi/cf_train_v3_gan_aigi_4361eb3a73caecf9_005356.png.png,complete
cf_train_v3_gan_aigi_437e47400f7f00cd,gan_aigi,data/HFCF_small_75.parquet,0,1402,000547.png,PNG,StyleSwin,styleswin,train,1,GAN,train_v3_additions/aigi/cf_train_v3_gan_aigi_437e47400f7f00cd_000547.png.png,complete
cf_train_v3_gan_aigi_43ce5ebf4d48f5f2,gan_aigi,data/HFCF_small_74.parquet,0,1212,002944.png,PNG,StyleGAN2-ADA,stylegan2-ada,train,1,GAN,train_v3_additions/aigi/cf_train_v3_gan_aigi_43ce5ebf4d48f5f2_002944.png.png,complete
cf_train_v3_gan_aigi_43d81d25fc2c24e3,gan_aigi,data/HFCF_small_75.parquet,0,1442,013772.png,PNG,StyleSwin,styleswin,train,1,GAN,train_v3_additions/aigi/cf_train_v3_gan_aigi_43d81d25fc2c24e3_013772.png.png,complete
cf_train_v3_gan_aigi_440cc290b73bd914,gan_aigi,data/HFCF_small_74.parquet,0,2640,008016.png,PNG,CIPS,cips,train,1,GAN,train_v3_additions/aigi/cf_train_v3_gan_aigi_440cc290b73bd914_008016.png.png,complete
cf_train_v3_gan_aigi_440f0842a4173652,gan_aigi,data/HFCF_small_66.parquet,0,2766,008651.png,PNG,StyleGAN3,stylegan3,train,1,GAN,train_v3_additions/aigi/cf_train_v3_gan_aigi_440f0842a4173652_008651.png.png,complete
cf_train_v3_gan_aigi_447134b8626e17a4,gan_aigi,data/HFCF_small_75.parquet,0,632,007333.png,PNG,StyleSwin,styleswin,train,1,GAN,train_v3_additions/aigi/cf_train_v3_gan_aigi_447134b8626e17a4_007333.png.png,complete
cf_train_v3_gan_aigi_451bf489ccdc475b,gan_aigi,data/HFCF_small_69.parquet,0,2696,011450.png,PNG,StyleGAN2,stylegan2,train,1,GAN,train_v3_additions/aigi/cf_train_v3_gan_aigi_451bf489ccdc475b_011450.png.png,complete
cf_train_v3_gan_aigi_45229941d6fdd481,gan_aigi,data/HFCF_small_84.parquet,0,2218,061486.png,PNG,BigGAN,biggan,train,1,GAN,train_v3_additions/aigi/cf_train_v3_gan_aigi_45229941d6fdd481_061486.png.png,complete
cf_train_v3_gan_aigi_45234ca303266051,gan_aigi,data/HFCF_small_84.parquet,0,2719,033565.png,PNG,BigGAN,biggan,train,1,GAN,train_v3_additions/aigi/cf_train_v3_gan_aigi_45234ca303266051_033565.png.png,complete
cf_train_v3_gan_aigi_45280db8d39445ba,gan_aigi,data/HFCF_small_92.parquet,0,1168,068221.png,PNG,GigaGAN,gigagan,train,1,GAN,train_v3_additions/aigi/cf_train_v3_gan_aigi_45280db8d39445ba_068221.png.png,complete
cf_train_v3_gan_aigi_4591977c6e999409,gan_aigi,data/HFCF_small_80.parquet,0,1261,013819.png,PNG,StyleGANXL,styleganxl,train,1,GAN,train_v3_additions/aigi/cf_train_v3_gan_aigi_4591977c6e999409_013819.png.png,complete
cf_train_v3_gan_aigi_4678fd9753c04dad,gan_aigi,data/HFCF_small_73.parquet,0,356,042764.png,PNG,StyleSANXL,stylesanxl,train,1,GAN,train_v3_additions/aigi/cf_train_v3_gan_aigi_4678fd9753c04dad_042764.png.png,complete
cf_train_v3_gan_aigi_467f99f18662c00e,gan_aigi,data/HFCF_small_74.parquet,0,1972,010933.png,PNG,StyleGAN2-ADA,stylegan2-ada,train,1,GAN,train_v3_additions/aigi/cf_train_v3_gan_aigi_467f99f18662c00e_010933.png.png,complete
cf_train_v3_gan_aigi_46be078d68e1a572,gan_aigi,data/HFCF_small_66.parquet,0,1767,003399.png,PNG,Gansformer,gansformer,train,1,GAN,train_v3_additions/aigi/cf_train_v3_gan_aigi_46be078d68e1a572_003399.png.png,complete
cf_train_v3_gan_aigi_46d0fd60e6b691af,gan_aigi,data/HFCF_small_74.parquet,0,2634,008941.png,PNG,CIPS,cips,train,1,GAN,train_v3_additions/aigi/cf_train_v3_gan_aigi_46d0fd60e6b691af_008941.png.png,complete
cf_train_v3_gan_aigi_470247bc090ac109,gan_aigi,data/HFCF_small_80.parquet,0,2990,052143.png,PNG,StyleGANXL,styleganxl,train,1,GAN,train_v3_additions/aigi/cf_train_v3_gan_aigi_470247bc090ac109_052143.png.png,complete
cf_train_v3_gan_aigi_47a0a252914a158a,gan_aigi,data/HFCF_small_66.parquet,0,1821,008791.png,PNG,StyleGAN3,stylegan3,train,1,GAN,train_v3_additions/aigi/cf_train_v3_gan_aigi_47a0a252914a158a_008791.png.png,complete
cf_train_v3_gan_aigi_4829214a3ffecd34,gan_aigi,data/HFCF_small_74.parquet,0,2583,008445.png,PNG,CIPS,cips,train,1,GAN,train_v3_additions/aigi/cf_train_v3_gan_aigi_4829214a3ffecd34_008445.png.png,complete
cf_train_v3_gan_aigi_483e233510487d11,gan_aigi,data/HFCF_small_92.parquet,0,2317,125877.png,PNG,GigaGAN,gigagan,train,1,GAN,train_v3_additions/aigi/cf_train_v3_gan_aigi_483e233510487d11_125877.png.png,complete
cf_train_v3_gan_aigi_48e3c580fb1fd747,gan_aigi,data/HFCF_small_74.parquet,0,1490,000936.png,PNG,StyleGAN2-ADA,stylegan2-ada,train,1,GAN,train_v3_additions/aigi/cf_train_v3_gan_aigi_48e3c580fb1fd747_000936.png.png,complete
cf_train_v3_gan_aigi_49726c32b27ee2f2,gan_aigi,data/HFCF_small_74.parquet,0,2762,001719.png,PNG,CIPS,cips,train,1,GAN,train_v3_additions/aigi/cf_train_v3_gan_aigi_49726c32b27ee2f2_001719.png.png,complete
cf_train_v3_gan_aigi_498df09e9c2dae1e,gan_aigi,data/HFCF_small_66.parquet,0,1518,009112.png,PNG,Gansformer,gansformer,train,1,GAN,train_v3_additions/aigi/cf_train_v3_gan_aigi_498df09e9c2dae1e_009112.png.png,complete
cf_train_v3_gan_aigi_49b18db5a823fb5c,gan_aigi,data/HFCF_small_76.parquet,0,2519,001806.png,PNG,ProGAN,progan,train,1,GAN,train_v3_additions/aigi/cf_train_v3_gan_aigi_49b18db5a823fb5c_001806.png.png,complete
cf_train_v3_gan_aigi_49bf7ca5e0e69604,gan_aigi,data/HFCF_small_80.parquet,0,1800,018373.png,PNG,StyleGANXL,styleganxl,train,1,GAN,train_v3_additions/aigi/cf_train_v3_gan_aigi_49bf7ca5e0e69604_018373.png.png,complete
cf_train_v3_gan_aigi_49e291c3951494f2,gan_aigi,data/HFCF_small_67.parquet,0,2140,005950.png,PNG,ProjectedGAN,projectedgan,train,1,GAN,train_v3_additions/aigi/cf_train_v3_gan_aigi_49e291c3951494f2_005950.png.png,complete
cf_train_v3_gan_aigi_4a35be444aa8f2b1,gan_aigi,data/HFCF_small_66.parquet,0,2610,005952.png,PNG,StyleGAN3,stylegan3,train,1,GAN,train_v3_additions/aigi/cf_train_v3_gan_aigi_4a35be444aa8f2b1_005952.png.png,complete
cf_train_v3_gan_aigi_4a9a7009417e7100,gan_aigi,data/HFCF_small_74.parquet,0,2331,005283.png,PNG,CIPS,cips,train,1,GAN,train_v3_additions/aigi/cf_train_v3_gan_aigi_4a9a7009417e7100_005283.png.png,complete
cf_train_v3_gan_aigi_4ad28c036806b764,gan_aigi,data/HFCF_small_74.parquet,0,1948,009288.png,PNG,StyleGAN2-ADA,stylegan2-ada,train,1,GAN,train_v3_additions/aigi/cf_train_v3_gan_aigi_4ad28c036806b764_009288.png.png,complete
cf_train_v3_gan_aigi_4ae4226956ee45ce,gan_aigi,data/HFCF_small_84.parquet,0,2041,050051.png,PNG,BigGAN,biggan,train,1,GAN,train_v3_additions/aigi/cf_train_v3_gan_aigi_4ae4226956ee45ce_050051.png.png,complete
cf_train_v3_gan_aigi_4b9e24feb2658c7d,gan_aigi,data/HFCF_small_74.parquet,0,1226,001540.png,PNG,StyleGAN2-ADA,stylegan2-ada,train,1,GAN,train_v3_additions/aigi/cf_train_v3_gan_aigi_4b9e24feb2658c7d_001540.png.png,complete
cf_train_v3_gan_aigi_4bb6cbe6285f5226,gan_aigi,data/HFCF_small_66.parquet,0,2453,001719.png,PNG,StyleGAN3,stylegan3,train,1,GAN,train_v3_additions/aigi/cf_train_v3_gan_aigi_4bb6cbe6285f5226_001719.png.png,complete
cf_train_v3_gan_aigi_4be03d92d5198807,gan_aigi,data/HFCF_small_74.parquet,0,2415,001738.png,PNG,CIPS,cips,train,1,GAN,train_v3_additions/aigi/cf_train_v3_gan_aigi_4be03d92d5198807_001738.png.png,complete
cf_train_v3_gan_aigi_4c077e2a31de5ce9,gan_aigi,data/HFCF_small_66.parquet,0,1248,001617.png,PNG,Gansformer,gansformer,train,1,GAN,train_v3_additions/aigi/cf_train_v3_gan_aigi_4c077e2a31de5ce9_001617.png.png,complete
cf_train_v3_gan_aigi_4c62b6393536a5ae,gan_aigi,data/HFCF_small_66.parquet,0,1067,002938.png,PNG,Gansformer,gansformer,train,1,GAN,train_v3_additions/aigi/cf_train_v3_gan_aigi_4c62b6393536a5ae_002938.png.png,complete
cf_train_v3_gan_aigi_4cb49a3a51f61297,gan_aigi,data/HFCF_small_66.parquet,0,2587,003757.png,PNG,StyleGAN3,stylegan3,train,1,GAN,train_v3_additions/aigi/cf_train_v3_gan_aigi_4cb49a3a51f61297_003757.png.png,complete
cf_train_v3_gan_aigi_4cdc6c09447fea63,gan_aigi,data/HFCF_small_84.parquet,0,2048,066086.png,PNG,BigGAN,biggan,train,1,GAN,train_v3_additions/aigi/cf_train_v3_gan_aigi_4cdc6c09447fea63_066086.png.png,complete
cf_train_v3_gan_aigi_4ce1d2a87be1f49b,gan_aigi,data/HFCF_small_73.parquet,0,2346,008570.png,PNG,StyleSANXL,stylesanxl,train,1,GAN,train_v3_additions/aigi/cf_train_v3_gan_aigi_4ce1d2a87be1f49b_008570.png.png,complete
cf_train_v3_gan_aigi_4d60155776808492,gan_aigi,data/HFCF_small_66.parquet,0,2226,009064.png,PNG,StyleGAN3,stylegan3,train,1,GAN,train_v3_additions/aigi/cf_train_v3_gan_aigi_4d60155776808492_009064.png.png,complete
cf_train_v3_gan_aigi_4e58fd476eac9b76,gan_aigi,data/HFCF_small_67.parquet,0,2444,007768.png,PNG,ProjectedGAN,projectedgan,train,1,GAN,train_v3_additions/aigi/cf_train_v3_gan_aigi_4e58fd476eac9b76_007768.png.png,complete
cf_train_v3_gan_aigi_4e821db608579050,gan_aigi,data/HFCF_small_84.parquet,0,2009,089549.png,PNG,BigGAN,biggan,train,1,GAN,train_v3_additions/aigi/cf_train_v3_gan_aigi_4e821db608579050_089549.png.png,complete
cf_train_v3_gan_aigi_4ed1b23485327b07,gan_aigi,data/HFCF_small_74.parquet,0,900,000637.png,PNG,StyleGAN2-ADA,stylegan2-ada,train,1,GAN,train_v3_additions/aigi/cf_train_v3_gan_aigi_4ed1b23485327b07_000637.png.png,complete
cf_train_v3_gan_aigi_4f5e48f2dfc96d2c,gan_aigi,data/HFCF_small_66.parquet,0,2829,000036.png,PNG,StyleGAN3,stylegan3,train,1,GAN,train_v3_additions/aigi/cf_train_v3_gan_aigi_4f5e48f2dfc96d2c_000036.png.png,complete
cf_train_v3_gan_aigi_4fb67d1fa030cd80,gan_aigi,data/HFCF_small_66.parquet,0,1909,002555.png,PNG,StyleGAN3,stylegan3,train,1,GAN,train_v3_additions/aigi/cf_train_v3_gan_aigi_4fb67d1fa030cd80_002555.png.png,complete
cf_train_v3_gan_aigi_4fefde64d072bf37,gan_aigi,data/HFCF_small_74.parquet,0,2816,007577.png,PNG,CIPS,cips,train,1,GAN,train_v3_additions/aigi/cf_train_v3_gan_aigi_4fefde64d072bf37_007577.png.png,complete
cf_train_v3_gan_aigi_507832ab8f68f47e,gan_aigi,data/HFCF_small_92.parquet,0,2960,121228.png,PNG,GigaGAN,gigagan,train,1,GAN,train_v3_additions/aigi/cf_train_v3_gan_aigi_507832ab8f68f47e_121228.png.png,complete
cf_train_v3_gan_aigi_50aa9131dd59e9c1,gan_aigi,data/HFCF_small_74.parquet,0,1641,005583.png,PNG,StyleGAN2-ADA,stylegan2-ada,train,1,GAN,train_v3_additions/aigi/cf_train_v3_gan_aigi_50aa9131dd59e9c1_005583.png.png,complete
cf_train_v3_gan_aigi_50c940af2d954f5f,gan_aigi,data/HFCF_small_84.parquet,0,1228,039044.png,PNG,BigGAN,biggan,train,1,GAN,train_v3_additions/aigi/cf_train_v3_gan_aigi_50c940af2d954f5f_039044.png.png,complete
cf_train_v3_gan_aigi_50ec9e8c4273264b,gan_aigi,data/HFCF_small_80.parquet,0,1338,055891.png,PNG,StyleGANXL,styleganxl,train,1,GAN,train_v3_additions/aigi/cf_train_v3_gan_aigi_50ec9e8c4273264b_055891.png.png,complete
cf_train_v3_gan_aigi_50f3cbce3c79659a,gan_aigi,data/HFCF_small_92.parquet,0,1417,002873.png,PNG,GigaGAN,gigagan,train,1,GAN,train_v3_additions/aigi/cf_train_v3_gan_aigi_50f3cbce3c79659a_002873.png.png,complete
cf_train_v3_gan_aigi_50f9ac2f6c615c1a,gan_aigi,data/HFCF_small_92.parquet,0,807,122752.png,PNG,GigaGAN,gigagan,train,1,GAN,train_v3_additions/aigi/cf_train_v3_gan_aigi_50f9ac2f6c615c1a_122752.png.png,complete
cf_train_v3_gan_aigi_5162f23d0e885596,gan_aigi,data/HFCF_small_74.parquet,0,1293,007494.png,PNG,StyleGAN2-ADA,stylegan2-ada,train,1,GAN,train_v3_additions/aigi/cf_train_v3_gan_aigi_5162f23d0e885596_007494.png.png,complete
cf_train_v3_gan_aigi_5168c9ab8f66584c,gan_aigi,data/HFCF_small_73.parquet,0,282,045756.png,PNG,StyleSANXL,stylesanxl,train,1,GAN,train_v3_additions/aigi/cf_train_v3_gan_aigi_5168c9ab8f66584c_045756.png.png,complete
cf_train_v3_gan_aigi_51870b778bad9b87,gan_aigi,data/HFCF_small_74.parquet,0,1656,007977.png,PNG,StyleGAN2-ADA,stylegan2-ada,train,1,GAN,train_v3_additions/aigi/cf_train_v3_gan_aigi_51870b778bad9b87_007977.png.png,complete
cf_train_v3_gan_aigi_51ad9c0dcf501616,gan_aigi,data/HFCF_small_74.parquet,0,870,001642.png,PNG,StyleGAN2-ADA,stylegan2-ada,train,1,GAN,train_v3_additions/aigi/cf_train_v3_gan_aigi_51ad9c0dcf501616_001642.png.png,complete
cf_train_v3_gan_aigi_51e0fe9fe4db2884,gan_aigi,data/HFCF_small_76.parquet,0,2085,013432.png,PNG,ProGAN,progan,train,1,GAN,train_v3_additions/aigi/cf_train_v3_gan_aigi_51e0fe9fe4db2884_013432.png.png,complete
cf_train_v3_gan_aigi_5200d9f454313cb5,gan_aigi,data/HFCF_small_75.parquet,0,1589,008596.png,PNG,StyleSwin,styleswin,train,1,GAN,train_v3_additions/aigi/cf_train_v3_gan_aigi_5200d9f454313cb5_008596.png.png,complete
cf_train_v3_gan_aigi_5246aa4bdb6e7487,gan_aigi,data/HFCF_small_67.parquet,0,2248,001896.png,PNG,ProjectedGAN,projectedgan,train,1,GAN,train_v3_additions/aigi/cf_train_v3_gan_aigi_5246aa4bdb6e7487_001896.png.png,complete
cf_train_v3_gan_aigi_5260a05288c0082f,gan_aigi,data/HFCF_small_76.parquet,0,1710,004570.png,PNG,ProGAN,progan,train,1,GAN,train_v3_additions/aigi/cf_train_v3_gan_aigi_5260a05288c0082f_004570.png.png,complete
cf_train_v3_gan_aigi_527f066bd12e707f,gan_aigi,data/HFCF_small_73.parquet,0,2214,022342.png,PNG,StyleSANXL,stylesanxl,train,1,GAN,train_v3_additions/aigi/cf_train_v3_gan_aigi_527f066bd12e707f_022342.png.png,complete
cf_train_v3_gan_aigi_529344e383e748b3,gan_aigi,data/HFCF_small_67.parquet,0,2353,008147.png,PNG,ProjectedGAN,projectedgan,train,1,GAN,train_v3_additions/aigi/cf_train_v3_gan_aigi_529344e383e748b3_008147.png.png,complete
cf_train_v3_gan_aigi_52c66fb0f2f999cd,gan_aigi,data/HFCF_small_74.parquet,0,2485,006025.png,PNG,CIPS,cips,train,1,GAN,train_v3_additions/aigi/cf_train_v3_gan_aigi_52c66fb0f2f999cd_006025.png.png,complete
cf_train_v3_gan_aigi_5349661cbe6bdf0b,gan_aigi,data/HFCF_small_69.parquet,0,1154,009835.png,PNG,StyleGAN2,stylegan2,train,1,GAN,train_v3_additions/aigi/cf_train_v3_gan_aigi_5349661cbe6bdf0b_009835.png.png,complete
cf_train_v3_gan_aigi_539c3f6d6aba1624,gan_aigi,data/HFCF_small_73.parquet,0,1885,037034.png,PNG,StyleSANXL,stylesanxl,train,1,GAN,train_v3_additions/aigi/cf_train_v3_gan_aigi_539c3f6d6aba1624_037034.png.png,complete
cf_train_v3_gan_aigi_53b09e84cd184e32,gan_aigi,data/HFCF_small_74.parquet,0,1386,009482.png,PNG,StyleGAN2-ADA,stylegan2-ada,train,1,GAN,train_v3_additions/aigi/cf_train_v3_gan_aigi_53b09e84cd184e32_009482.png.png,complete
cf_train_v3_gan_aigi_53cb47d2dfe35ad6,gan_aigi,data/HFCF_small_84.parquet,0,831,009705.png,PNG,BigGAN,biggan,train,1,GAN,train_v3_additions/aigi/cf_train_v3_gan_aigi_53cb47d2dfe35ad6_009705.png.png,complete
cf_train_v3_gan_aigi_53de36aec08d84e0,gan_aigi,data/HFCF_small_66.parquet,0,982,008179.png,PNG,Gansformer,gansformer,train,1,GAN,train_v3_additions/aigi/cf_train_v3_gan_aigi_53de36aec08d84e0_008179.png.png,complete
cf_train_v3_gan_aigi_5408d1a90d48620f,gan_aigi,data/HFCF_small_84.parquet,0,638,072087.png,PNG,BigGAN,biggan,train,1,GAN,train_v3_additions/aigi/cf_train_v3_gan_aigi_5408d1a90d48620f_072087.png.png,complete
cf_train_v3_gan_aigi_5437b6e793e9710b,gan_aigi,data/HFCF_small_66.parquet,0,2685,007615.png,PNG,StyleGAN3,stylegan3,train,1,GAN,train_v3_additions/aigi/cf_train_v3_gan_aigi_5437b6e793e9710b_007615.png.png,complete
cf_train_v3_gan_aigi_54457eeb1a835d91,gan_aigi,data/HFCF_small_66.parquet,0,1531,001827.png,PNG,Gansformer,gansformer,train,1,GAN,train_v3_additions/aigi/cf_train_v3_gan_aigi_54457eeb1a835d91_001827.png.png,complete
cf_train_v3_gan_aigi_5485597d26fd197c,gan_aigi,data/HFCF_small_76.parquet,0,2601,014378.png,PNG,ProGAN,progan,train,1,GAN,train_v3_additions/aigi/cf_train_v3_gan_aigi_5485597d26fd197c_014378.png.png,complete
cf_train_v3_gan_aigi_55943611dbae2b31,gan_aigi,data/HFCF_small_66.parquet,0,2164,002452.png,PNG,StyleGAN3,stylegan3,train,1,GAN,train_v3_additions/aigi/cf_train_v3_gan_aigi_55943611dbae2b31_002452.png.png,complete
cf_train_v3_gan_aigi_55c0257cd3807557,gan_aigi,data/HFCF_small_69.parquet,0,1042,013273.png,PNG,StyleGAN2,stylegan2,train,1,GAN,train_v3_additions/aigi/cf_train_v3_gan_aigi_55c0257cd3807557_013273.png.png,complete
cf_train_v3_gan_aigi_56341d7e9a83f6d6,gan_aigi,data/HFCF_small_74.parquet,0,2312,004160.png,PNG,CIPS,cips,train,1,GAN,train_v3_additions/aigi/cf_train_v3_gan_aigi_56341d7e9a83f6d6_004160.png.png,complete
cf_train_v3_gan_aigi_5634ad65a382167b,gan_aigi,data/HFCF_small_69.parquet,0,1452,018714.png,PNG,StyleGAN2,stylegan2,train,1,GAN,train_v3_additions/aigi/cf_train_v3_gan_aigi_5634ad65a382167b_018714.png.png,complete
cf_train_v3_gan_aigi_563b01947cb8143a,gan_aigi,data/HFCF_small_66.parquet,0,1147,006798.png,PNG,Gansformer,gansformer,train,1,GAN,train_v3_additions/aigi/cf_train_v3_gan_aigi_563b01947cb8143a_006798.png.png,complete
cf_train_v3_gan_aigi_56a62e59182db768,gan_aigi,data/HFCF_small_74.parquet,0,1524,009669.png,PNG,StyleGAN2-ADA,stylegan2-ada,train,1,GAN,train_v3_additions/aigi/cf_train_v3_gan_aigi_56a62e59182db768_009669.png.png,complete
cf_train_v3_gan_aigi_56f43fe016a48de1,gan_aigi,data/HFCF_small_80.parquet,0,1271,031490.png,PNG,StyleGANXL,styleganxl,train,1,GAN,train_v3_additions/aigi/cf_train_v3_gan_aigi_56f43fe016a48de1_031490.png.png,complete
cf_train_v3_gan_aigi_5710a37676cf1bc2,gan_aigi,data/HFCF_small_84.parquet,0,1545,029006.png,PNG,BigGAN,biggan,train,1,GAN,train_v3_additions/aigi/cf_train_v3_gan_aigi_5710a37676cf1bc2_029006.png.png,complete
cf_train_v3_gan_aigi_574c43c607481062,gan_aigi,data/HFCF_small_84.parquet,0,1487,038414.png,PNG,BigGAN,biggan,train,1,GAN,train_v3_additions/aigi/cf_train_v3_gan_aigi_574c43c607481062_038414.png.png,complete
cf_train_v3_gan_aigi_5758eb0175bff46f,gan_aigi,data/HFCF_small_75.parquet,0,1853,005966.png,PNG,StyleSwin,styleswin,train,1,GAN,train_v3_additions/aigi/cf_train_v3_gan_aigi_5758eb0175bff46f_005966.png.png,complete
cf_train_v3_gan_aigi_5776107738182687,gan_aigi,data/HFCF_small_92.parquet,0,1064,036008.png,PNG,GigaGAN,gigagan,train,1,GAN,train_v3_additions/aigi/cf_train_v3_gan_aigi_5776107738182687_036008.png.png,complete
cf_train_v3_gan_aigi_57870bebfeec43e4,gan_aigi,data/HFCF_small_74.parquet,0,2926,008819.png,PNG,CIPS,cips,train,1,GAN,train_v3_additions/aigi/cf_train_v3_gan_aigi_57870bebfeec43e4_008819.png.png,complete
cf_train_v3_gan_aigi_57b9cd34353383b6,gan_aigi,data/HFCF_small_66.parquet,0,2476,001290.png,PNG,StyleGAN3,stylegan3,train,1,GAN,train_v3_additions/aigi/cf_train_v3_gan_aigi_57b9cd34353383b6_001290.png.png,complete
cf_train_v3_gan_aigi_57f1399b2061f91f,gan_aigi,data/HFCF_small_84.parquet,0,1845,022311.png,PNG,BigGAN,biggan,train,1,GAN,train_v3_additions/aigi/cf_train_v3_gan_aigi_57f1399b2061f91f_022311.png.png,complete
cf_train_v3_gan_aigi_580f092a163b2f85,gan_aigi,data/HFCF_small_74.parquet,0,1590,002422.png,PNG,StyleGAN2-ADA,stylegan2-ada,train,1,GAN,train_v3_additions/aigi/cf_train_v3_gan_aigi_580f092a163b2f85_002422.png.png,complete
cf_train_v3_gan_aigi_586ccfba4d724c1b,gan_aigi,data/HFCF_small_67.parquet,0,2899,004737.png,PNG,ProjectedGAN,projectedgan,train,1,GAN,train_v3_additions/aigi/cf_train_v3_gan_aigi_586ccfba4d724c1b_004737.png.png,complete
cf_train_v3_gan_aigi_58cf50312b189cd7,gan_aigi,data/HFCF_small_76.parquet,0,2621,005376.png,PNG,ProGAN,progan,train,1,GAN,train_v3_additions/aigi/cf_train_v3_gan_aigi_58cf50312b189cd7_005376.png.png,complete
cf_train_v3_gan_aigi_59b8a106e4869c51,gan_aigi,data/HFCF_small_66.parquet,0,2811,001805.png,PNG,StyleGAN3,stylegan3,train,1,GAN,train_v3_additions/aigi/cf_train_v3_gan_aigi_59b8a106e4869c51_001805.png.png,complete
cf_train_v3_gan_aigi_59bf87ca5dcbad13,gan_aigi,data/HFCF_small_69.parquet,0,688,004570.png,PNG,StyleGAN2,stylegan2,train,1,GAN,train_v3_additions/aigi/cf_train_v3_gan_aigi_59bf87ca5dcbad13_004570.png.png,complete
cf_train_v3_gan_aigi_5a1bec911006c3ee,gan_aigi,data/HFCF_small_80.parquet,0,74,053153.png,PNG,StyleGANXL,styleganxl,train,1,GAN,train_v3_additions/aigi/cf_train_v3_gan_aigi_5a1bec911006c3ee_053153.png.png,complete
cf_train_v3_gan_aigi_5a674e59160df9d5,gan_aigi,data/HFCF_small_73.parquet,0,2839,031582.png,PNG,StyleSANXL,stylesanxl,train,1,GAN,train_v3_additions/aigi/cf_train_v3_gan_aigi_5a674e59160df9d5_031582.png.png,complete
cf_train_v3_gan_aigi_5b7955dbf4da22ba,gan_aigi,data/HFCF_small_80.parquet,0,2243,055929.png,PNG,StyleGANXL,styleganxl,train,1,GAN,train_v3_additions/aigi/cf_train_v3_gan_aigi_5b7955dbf4da22ba_055929.png.png,complete
cf_train_v3_gan_aigi_5c36377955c15995,gan_aigi,data/HFCF_small_67.parquet,0,2186,002438.png,PNG,ProjectedGAN,projectedgan,train,1,GAN,train_v3_additions/aigi/cf_train_v3_gan_aigi_5c36377955c15995_002438.png.png,complete
cf_train_v3_gan_aigi_5c40f139e721b38c,gan_aigi,data/HFCF_small_73.parquet,0,964,038420.png,PNG,StyleSANXL,stylesanxl,train,1,GAN,train_v3_additions/aigi/cf_train_v3_gan_aigi_5c40f139e721b38c_038420.png.png,complete
cf_train_v3_gan_aigi_5c4180afbc292bc3,gan_aigi,data/HFCF_small_84.parquet,0,2265,005326.png,PNG,BigGAN,biggan,train,1,GAN,train_v3_additions/aigi/cf_train_v3_gan_aigi_5c4180afbc292bc3_005326.png.png,complete
cf_train_v3_gan_aigi_5c8d2baef0b2b086,gan_aigi,data/HFCF_small_66.parquet,0,1332,005343.png,PNG,Gansformer,gansformer,train,1,GAN,train_v3_additions/aigi/cf_train_v3_gan_aigi_5c8d2baef0b2b086_005343.png.png,complete
cf_train_v3_gan_aigi_5ccb334167537aef,gan_aigi,data/HFCF_small_69.parquet,0,611,025247.png,PNG,StyleGAN2,stylegan2,train,1,GAN,train_v3_additions/aigi/cf_train_v3_gan_aigi_5ccb334167537aef_025247.png.png,complete
cf_train_v3_gan_aigi_5dd0c6c19a2039c3,gan_aigi,data/HFCF_small_76.parquet,0,1945,014101.png,PNG,ProGAN,progan,train,1,GAN,train_v3_additions/aigi/cf_train_v3_gan_aigi_5dd0c6c19a2039c3_014101.png.png,complete
cf_train_v3_gan_aigi_5e0f76f816f2b276,gan_aigi,data/HFCF_small_74.parquet,0,1244,011495.png,PNG,StyleGAN2-ADA,stylegan2-ada,train,1,GAN,train_v3_additions/aigi/cf_train_v3_gan_aigi_5e0f76f816f2b276_011495.png.png,complete
cf_train_v3_gan_aigi_5ef89364e6d11360,gan_aigi,data/HFCF_small_92.parquet,0,2565,143350.png,PNG,GigaGAN,gigagan,train,1,GAN,train_v3_additions/aigi/cf_train_v3_gan_aigi_5ef89364e6d11360_143350.png.png,complete
cf_train_v3_gan_aigi_5f3bb1ca7b0e4221,gan_aigi,data/HFCF_small_75.parquet,0,891,012636.png,PNG,StyleSwin,styleswin,train,1,GAN,train_v3_additions/aigi/cf_train_v3_gan_aigi_5f3bb1ca7b0e4221_012636.png.png,complete
cf_train_v3_gan_aigi_5ff5f6d0325d2198,gan_aigi,data/HFCF_small_73.parquet,0,398,042512.png,PNG,StyleSANXL,stylesanxl,train,1,GAN,train_v3_additions/aigi/cf_train_v3_gan_aigi_5ff5f6d0325d2198_042512.png.png,complete
cf_train_v3_gan_aigi_600315cfc03253ab,gan_aigi,data/HFCF_small_74.parquet,0,2887,009560.png,PNG,CIPS,cips,train,1,GAN,train_v3_additions/aigi/cf_train_v3_gan_aigi_600315cfc03253ab_009560.png.png,complete
cf_train_v3_gan_aigi_6005e82210e02ddb,gan_aigi,data/HFCF_small_74.parquet,0,2945,006457.png,PNG,CIPS,cips,train,1,GAN,train_v3_additions/aigi/cf_train_v3_gan_aigi_6005e82210e02ddb_006457.png.png,complete
cf_train_v3_gan_aigi_603084a68cda979b,gan_aigi,data/HFCF_small_67.parquet,0,2345,005283.png,PNG,ProjectedGAN,projectedgan,train,1,GAN,train_v3_additions/aigi/cf_train_v3_gan_aigi_603084a68cda979b_005283.png.png,complete
cf_train_v3_gan_aigi_60c98dd96069ccd8,gan_aigi,data/HFCF_small_74.parquet,0,2035,001977.png,PNG,StyleGAN2-ADA,stylegan2-ada,train,1,GAN,train_v3_additions/aigi/cf_train_v3_gan_aigi_60c98dd96069ccd8_001977.png.png,complete
cf_train_v3_gan_aigi_60e05bb5f08a3306,gan_aigi,data/HFCF_small_66.parquet,0,1563,005539.png,PNG,Gansformer,gansformer,train,1,GAN,train_v3_additions/aigi/cf_train_v3_gan_aigi_60e05bb5f08a3306_005539.png.png,complete
cf_train_v3_gan_aigi_6110d88976150a9f,gan_aigi,data/HFCF_small_66.parquet,0,2871,000885.png,PNG,StyleGAN3,stylegan3,train,1,GAN,train_v3_additions/aigi/cf_train_v3_gan_aigi_6110d88976150a9f_000885.png.png,complete
cf_train_v3_gan_aigi_61187945cb27e9f2,gan_aigi,data/HFCF_small_66.parquet,0,1413,002377.png,PNG,Gansformer,gansformer,train,1,GAN,train_v3_additions/aigi/cf_train_v3_gan_aigi_61187945cb27e9f2_002377.png.png,complete
cf_train_v3_gan_aigi_61421181181d396f,gan_aigi,data/HFCF_small_66.parquet,0,1287,008738.png,PNG,Gansformer,gansformer,train,1,GAN,train_v3_additions/aigi/cf_train_v3_gan_aigi_61421181181d396f_008738.png.png,complete
cf_train_v3_gan_aigi_616defaa2a2be0fb,gan_aigi,data/HFCF_small_66.parquet,0,2305,001332.png,PNG,StyleGAN3,stylegan3,train,1,GAN,train_v3_additions/aigi/cf_train_v3_gan_aigi_616defaa2a2be0fb_001332.png.png,complete
cf_train_v3_gan_aigi_61d67d1ab0d3f127,gan_aigi,data/HFCF_small_76.parquet,0,2272,012633.png,PNG,ProGAN,progan,train,1,GAN,train_v3_additions/aigi/cf_train_v3_gan_aigi_61d67d1ab0d3f127_012633.png.png,complete
cf_train_v3_gan_aigi_61ea6f4768db9a88,gan_aigi,data/HFCF_small_74.parquet,0,2281,004647.png,PNG,CIPS,cips,train,1,GAN,train_v3_additions/aigi/cf_train_v3_gan_aigi_61ea6f4768db9a88_004647.png.png,complete
cf_train_v3_gan_aigi_6261e40d1accfbfd,gan_aigi,data/HFCF_small_84.parquet,0,6,019865.png,PNG,BigGAN,biggan,train,1,GAN,train_v3_additions/aigi/cf_train_v3_gan_aigi_6261e40d1accfbfd_019865.png.png,complete
cf_train_v3_gan_aigi_6279435042fc05b0,gan_aigi,data/HFCF_small_69.parquet,0,703,012441.png,PNG,StyleGAN2,stylegan2,train,1,GAN,train_v3_additions/aigi/cf_train_v3_gan_aigi_6279435042fc05b0_012441.png.png,complete
cf_train_v3_gan_aigi_62b153965ec6bf63,gan_aigi,data/HFCF_small_74.parquet,0,1552,006876.png,PNG,StyleGAN2-ADA,stylegan2-ada,train,1,GAN,train_v3_additions/aigi/cf_train_v3_gan_aigi_62b153965ec6bf63_006876.png.png,complete
cf_train_v3_gan_aigi_62d44551afa33e35,gan_aigi,data/HFCF_small_75.parquet,0,787,005160.png,PNG,StyleSwin,styleswin,train,1,GAN,train_v3_additions/aigi/cf_train_v3_gan_aigi_62d44551afa33e35_005160.png.png,complete
cf_train_v3_gan_aigi_632bb657b943e828,gan_aigi,data/HFCF_small_92.parquet,0,1873,067554.png,PNG,GigaGAN,gigagan,train,1,GAN,train_v3_additions/aigi/cf_train_v3_gan_aigi_632bb657b943e828_067554.png.png,complete
cf_train_v3_gan_aigi_6333784ce68ec02d,gan_aigi,data/HFCF_small_74.parquet,0,2682,000512.png,PNG,CIPS,cips,train,1,GAN,train_v3_additions/aigi/cf_train_v3_gan_aigi_6333784ce68ec02d_000512.png.png,complete
cf_train_v3_gan_aigi_6388b946cfd0a308,gan_aigi,data/HFCF_small_76.parquet,0,2461,021604.png,PNG,ProGAN,progan,train,1,GAN,train_v3_additions/aigi/cf_train_v3_gan_aigi_6388b946cfd0a308_021604.png.png,complete
cf_train_v3_gan_aigi_63ad8aa8d4cf645e,gan_aigi,data/HFCF_small_69.parquet,0,2377,028246.png,PNG,StyleGAN2,stylegan2,train,1,GAN,train_v3_additions/aigi/cf_train_v3_gan_aigi_63ad8aa8d4cf645e_028246.png.png,complete
cf_train_v3_gan_aigi_63afa6c9a5756966,gan_aigi,data/HFCF_small_66.parquet,0,947,004333.png,PNG,Gansformer,gansformer,train,1,GAN,train_v3_additions/aigi/cf_train_v3_gan_aigi_63afa6c9a5756966_004333.png.png,complete
cf_train_v3_gan_aigi_64198807b9497c08,gan_aigi,data/HFCF_small_84.parquet,0,2003,062016.png,PNG,BigGAN,biggan,train,1,GAN,train_v3_additions/aigi/cf_train_v3_gan_aigi_64198807b9497c08_062016.png.png,complete
cf_train_v3_gan_aigi_643212866f69b026,gan_aigi,data/HFCF_small_80.parquet,0,1581,031684.png,PNG,StyleGANXL,styleganxl,train,1,GAN,train_v3_additions/aigi/cf_train_v3_gan_aigi_643212866f69b026_031684.png.png,complete
cf_train_v3_gan_aigi_64356d4112577daa,gan_aigi,data/HFCF_small_73.parquet,0,663,019722.png,PNG,StyleSANXL,stylesanxl,train,1,GAN,train_v3_additions/aigi/cf_train_v3_gan_aigi_64356d4112577daa_019722.png.png,complete
cf_train_v3_gan_aigi_657019a701b223fc,gan_aigi,data/HFCF_small_84.parquet,0,555,008152.png,PNG,BigGAN,biggan,train,1,GAN,train_v3_additions/aigi/cf_train_v3_gan_aigi_657019a701b223fc_008152.png.png,complete
cf_train_v3_gan_aigi_657d99d8cda6da05,gan_aigi,data/HFCF_small_80.parquet,0,509,021991.png,PNG,StyleGANXL,styleganxl,train,1,GAN,train_v3_additions/aigi/cf_train_v3_gan_aigi_657d99d8cda6da05_021991.png.png,complete
cf_train_v3_gan_aigi_660880b0ffaec305,gan_aigi,data/HFCF_small_66.parquet,0,2463,002021.png,PNG,StyleGAN3,stylegan3,train,1,GAN,train_v3_additions/aigi/cf_train_v3_gan_aigi_660880b0ffaec305_002021.png.png,complete
cf_train_v3_gan_aigi_661a2894f8eb52ce,gan_aigi,data/HFCF_small_92.parquet,0,1136,019459.png,PNG,GigaGAN,gigagan,train,1,GAN,train_v3_additions/aigi/cf_train_v3_gan_aigi_661a2894f8eb52ce_019459.png.png,complete
cf_train_v3_gan_aigi_6688c0eab847f119,gan_aigi,data/HFCF_small_75.parquet,0,407,004814.png,PNG,StyleSwin,styleswin,train,1,GAN,train_v3_additions/aigi/cf_train_v3_gan_aigi_6688c0eab847f119_004814.png.png,complete
cf_train_v3_gan_aigi_669d78d5d81c57ab,gan_aigi,data/HFCF_small_92.parquet,0,600,073828.png,PNG,GigaGAN,gigagan,train,1,GAN,train_v3_additions/aigi/cf_train_v3_gan_aigi_669d78d5d81c57ab_073828.png.png,complete
cf_train_v3_gan_aigi_66ed4f953643e4fd,gan_aigi,data/HFCF_small_74.parquet,0,962,010456.png,PNG,StyleGAN2-ADA,stylegan2-ada,train,1,GAN,train_v3_additions/aigi/cf_train_v3_gan_aigi_66ed4f953643e4fd_010456.png.png,complete
cf_train_v3_gan_aigi_66f833639c122724,gan_aigi,data/HFCF_small_74.parquet,0,1858,007550.png,PNG,StyleGAN2-ADA,stylegan2-ada,train,1,GAN,train_v3_additions/aigi/cf_train_v3_gan_aigi_66f833639c122724_007550.png.png,complete
cf_train_v3_gan_aigi_678fd6349110f296,gan_aigi,data/HFCF_small_84.parquet,0,2957,076348.png,PNG,BigGAN,biggan,train,1,GAN,train_v3_additions/aigi/cf_train_v3_gan_aigi_678fd6349110f296_076348.png.png,complete
cf_train_v3_gan_aigi_679097876e1e8853,gan_aigi,data/HFCF_small_66.parquet,0,2631,001089.png,PNG,StyleGAN3,stylegan3,train,1,GAN,train_v3_additions/aigi/cf_train_v3_gan_aigi_679097876e1e8853_001089.png.png,complete
cf_train_v3_gan_aigi_67ebb15997880172,gan_aigi,data/HFCF_small_92.parquet,0,2141,062029.png,PNG,GigaGAN,gigagan,train,1,GAN,train_v3_additions/aigi/cf_train_v3_gan_aigi_67ebb15997880172_062029.png.png,complete
cf_train_v3_gan_aigi_6855118c48a85ff4,gan_aigi,data/HFCF_small_92.parquet,0,2516,158797.png,PNG,GigaGAN,gigagan,train,1,GAN,train_v3_additions/aigi/cf_train_v3_gan_aigi_6855118c48a85ff4_158797.png.png,complete
cf_train_v3_gan_aigi_68bf48150e2b4a93,gan_aigi,data/HFCF_small_69.parquet,0,958,018964.png,PNG,StyleGAN2,stylegan2,train,1,GAN,train_v3_additions/aigi/cf_train_v3_gan_aigi_68bf48150e2b4a93_018964.png.png,complete
cf_train_v3_gan_aigi_69367797fde88b90,gan_aigi,data/HFCF_small_76.parquet,0,2530,029646.png,PNG,ProGAN,progan,train,1,GAN,train_v3_additions/aigi/cf_train_v3_gan_aigi_69367797fde88b90_029646.png.png,complete
cf_train_v3_gan_aigi_695d57914831cd29,gan_aigi,data/HFCF_small_66.parquet,0,1274,004306.png,PNG,Gansformer,gansformer,train,1,GAN,train_v3_additions/aigi/cf_train_v3_gan_aigi_695d57914831cd29_004306.png.png,complete
cf_train_v3_gan_aigi_6985367d451df884,gan_aigi,data/HFCF_small_67.parquet,0,2986,003105.png,PNG,ProjectedGAN,projectedgan,train,1,GAN,train_v3_additions/aigi/cf_train_v3_gan_aigi_6985367d451df884_003105.png.png,complete
cf_train_v3_gan_aigi_6991ab3b4007ec29,gan_aigi,data/HFCF_small_66.parquet,0,2725,007854.png,PNG,StyleGAN3,stylegan3,train,1,GAN,train_v3_additions/aigi/cf_train_v3_gan_aigi_6991ab3b4007ec29_007854.png.png,complete
cf_train_v3_gan_aigi_69d9c681d7459f01,gan_aigi,data/HFCF_small_66.parquet,0,1408,006824.png,PNG,Gansformer,gansformer,train,1,GAN,train_v3_additions/aigi/cf_train_v3_gan_aigi_69d9c681d7459f01_006824.png.png,complete
cf_train_v3_gan_aigi_6a3385c5f5b52b7e,gan_aigi,data/HFCF_small_67.parquet,0,2796,004448.png,PNG,ProjectedGAN,projectedgan,train,1,GAN,train_v3_additions/aigi/cf_train_v3_gan_aigi_6a3385c5f5b52b7e_004448.png.png,complete
cf_train_v3_gan_aigi_6a43cdf242759090,gan_aigi,data/HFCF_small_73.parquet,0,80,008025.png,PNG,StyleSANXL,stylesanxl,train,1,GAN,train_v3_additions/aigi/cf_train_v3_gan_aigi_6a43cdf242759090_008025.png.png,complete
cf_train_v3_gan_aigi_6a65594b9857ceed,gan_aigi,data/HFCF_small_80.parquet,0,1939,051987.png,PNG,StyleGANXL,styleganxl,train,1,GAN,train_v3_additions/aigi/cf_train_v3_gan_aigi_6a65594b9857ceed_051987.png.png,complete
cf_train_v3_gan_aigi_6a660d352ae7e14a,gan_aigi,data/HFCF_small_92.parquet,0,2716,125886.png,PNG,GigaGAN,gigagan,train,1,GAN,train_v3_additions/aigi/cf_train_v3_gan_aigi_6a660d352ae7e14a_125886.png.png,complete
cf_train_v3_gan_aigi_6aacf8331f221315,gan_aigi,data/HFCF_small_67.parquet,0,2647,007490.png,PNG,ProjectedGAN,projectedgan,train,1,GAN,train_v3_additions/aigi/cf_train_v3_gan_aigi_6aacf8331f221315_007490.png.png,complete
cf_train_v3_gan_aigi_6ab55a78ad57a8bc,gan_aigi,data/HFCF_small_80.parquet,0,201,044534.png,PNG,StyleGANXL,styleganxl,train,1,GAN,train_v3_additions/aigi/cf_train_v3_gan_aigi_6ab55a78ad57a8bc_044534.png.png,complete
cf_train_v3_gan_aigi_6ae3635bc4a93063,gan_aigi,data/HFCF_small_67.parquet,0,2883,006363.png,PNG,ProjectedGAN,projectedgan,train,1,GAN,train_v3_additions/aigi/cf_train_v3_gan_aigi_6ae3635bc4a93063_006363.png.png,complete
cf_train_v3_gan_aigi_6b0a2591b4d1c10d,gan_aigi,data/HFCF_small_84.parquet,0,1249,039655.png,PNG,BigGAN,biggan,train,1,GAN,train_v3_additions/aigi/cf_train_v3_gan_aigi_6b0a2591b4d1c10d_039655.png.png,complete
cf_train_v3_gan_aigi_6b44a31bc6985e82,gan_aigi,data/HFCF_small_75.parquet,0,2055,000017.png,PNG,StyleSwin,styleswin,train,1,GAN,train_v3_additions/aigi/cf_train_v3_gan_aigi_6b44a31bc6985e82_000017.png.png,complete
cf_train_v3_gan_aigi_6baa73ce69669a5d,gan_aigi,data/HFCF_small_75.parquet,0,2605,013964.png,PNG,StyleSwin,styleswin,train,1,GAN,train_v3_additions/aigi/cf_train_v3_gan_aigi_6baa73ce69669a5d_013964.png.png,complete
cf_train_v3_gan_aigi_6bd32d73d66aa8b7,gan_aigi,data/HFCF_small_66.parquet,0,2475,007718.png,PNG,StyleGAN3,stylegan3,train,1,GAN,train_v3_additions/aigi/cf_train_v3_gan_aigi_6bd32d73d66aa8b7_007718.png.png,complete
cf_train_v3_gan_aigi_6bf4367b02971ff8,gan_aigi,data/HFCF_small_73.parquet,0,1558,037367.png,PNG,StyleSANXL,stylesanxl,train,1,GAN,train_v3_additions/aigi/cf_train_v3_gan_aigi_6bf4367b02971ff8_037367.png.png,complete
cf_train_v3_gan_aigi_6c0dd19b49e36bc3,gan_aigi,data/HFCF_small_75.parquet,0,1506,003937.png,PNG,StyleSwin,styleswin,train,1,GAN,train_v3_additions/aigi/cf_train_v3_gan_aigi_6c0dd19b49e36bc3_003937.png.png,complete
cf_train_v3_gan_aigi_6c5f437e788dd2c8,gan_aigi,data/HFCF_small_73.parquet,0,578,011765.png,PNG,StyleSANXL,stylesanxl,train,1,GAN,train_v3_additions/aigi/cf_train_v3_gan_aigi_6c5f437e788dd2c8_011765.png.png,complete
cf_train_v3_gan_aigi_6c9ebc45cfcf9164,gan_aigi,data/HFCF_small_84.parquet,0,1876,024491.png,PNG,BigGAN,biggan,train,1,GAN,train_v3_additions/aigi/cf_train_v3_gan_aigi_6c9ebc45cfcf9164_024491.png.png,complete
cf_train_v3_gan_aigi_6d20f358487a1da3,gan_aigi,data/HFCF_small_92.parquet,0,918,132662.png,PNG,GigaGAN,gigagan,train,1,GAN,train_v3_additions/aigi/cf_train_v3_gan_aigi_6d20f358487a1da3_132662.png.png,complete
cf_train_v3_gan_aigi_6d2267cd40dadf5d,gan_aigi,data/HFCF_small_73.parquet,0,647,033256.png,PNG,StyleSANXL,stylesanxl,train,1,GAN,train_v3_additions/aigi/cf_train_v3_gan_aigi_6d2267cd40dadf5d_033256.png.png,complete
cf_train_v3_gan_aigi_6d57bc7947d88336,gan_aigi,data/HFCF_small_76.parquet,0,2517,025917.png,PNG,ProGAN,progan,train,1,GAN,train_v3_additions/aigi/cf_train_v3_gan_aigi_6d57bc7947d88336_025917.png.png,complete
cf_train_v3_gan_aigi_6d5e74722eb3c167,gan_aigi,data/HFCF_small_84.parquet,0,401,026324.png,PNG,BigGAN,biggan,train,1,GAN,train_v3_additions/aigi/cf_train_v3_gan_aigi_6d5e74722eb3c167_026324.png.png,complete
cf_train_v3_gan_aigi_6de99c99a6314eb3,gan_aigi,data/HFCF_small_92.parquet,0,2038,038046.png,PNG,GigaGAN,gigagan,train,1,GAN,train_v3_additions/aigi/cf_train_v3_gan_aigi_6de99c99a6314eb3_038046.png.png,complete
cf_train_v3_gan_aigi_6e51c7a0b0467914,gan_aigi,data/HFCF_small_74.parquet,0,2904,006064.png,PNG,CIPS,cips,train,1,GAN,train_v3_additions/aigi/cf_train_v3_gan_aigi_6e51c7a0b0467914_006064.png.png,complete
cf_train_v3_gan_aigi_6ef5f91479a7f598,gan_aigi,data/HFCF_small_66.parquet,0,829,005465.png,PNG,Gansformer,gansformer,train,1,GAN,train_v3_additions/aigi/cf_train_v3_gan_aigi_6ef5f91479a7f598_005465.png.png,complete
cf_train_v3_gan_aigi_6f11c7a0b976908e,gan_aigi,data/HFCF_small_84.parquet,0,212,047637.png,PNG,BigGAN,biggan,train,1,GAN,train_v3_additions/aigi/cf_train_v3_gan_aigi_6f11c7a0b976908e_047637.png.png,complete
cf_train_v3_gan_aigi_6f1528718be5accb,gan_aigi,data/HFCF_small_66.parquet,0,949,009002.png,PNG,Gansformer,gansformer,train,1,GAN,train_v3_additions/aigi/cf_train_v3_gan_aigi_6f1528718be5accb_009002.png.png,complete
cf_train_v3_gan_aigi_6f33c3fb5abc7c1b,gan_aigi,data/HFCF_small_69.parquet,0,676,017881.png,PNG,StyleGAN2,stylegan2,train,1,GAN,train_v3_additions/aigi/cf_train_v3_gan_aigi_6f33c3fb5abc7c1b_017881.png.png,complete
cf_train_v3_gan_aigi_702a98f47c25d0ac,gan_aigi,data/HFCF_small_74.parquet,0,1467,005189.png,PNG,StyleGAN2-ADA,stylegan2-ada,train,1,GAN,train_v3_additions/aigi/cf_train_v3_gan_aigi_702a98f47c25d0ac_005189.png.png,complete
cf_train_v3_gan_aigi_705f7cb9c058f025,gan_aigi,data/HFCF_small_73.parquet,0,2922,015366.png,PNG,StyleSANXL,stylesanxl,train,1,GAN,train_v3_additions/aigi/cf_train_v3_gan_aigi_705f7cb9c058f025_015366.png.png,complete
cf_train_v3_gan_aigi_7067f564f491b008,gan_aigi,data/HFCF_small_75.parquet,0,1124,009507.png,PNG,StyleSwin,styleswin,train,1,GAN,train_v3_additions/aigi/cf_train_v3_gan_aigi_7067f564f491b008_009507.png.png,complete
cf_train_v3_gan_aigi_70802983ac01b242,gan_aigi,data/HFCF_small_69.parquet,0,1196,010888.png,PNG,StyleGAN2,stylegan2,train,1,GAN,train_v3_additions/aigi/cf_train_v3_gan_aigi_70802983ac01b242_010888.png.png,complete
cf_train_v3_gan_aigi_70e1dbb8ffa72209,gan_aigi,data/HFCF_small_74.parquet,0,2829,002539.png,PNG,CIPS,cips,train,1,GAN,train_v3_additions/aigi/cf_train_v3_gan_aigi_70e1dbb8ffa72209_002539.png.png,complete
cf_train_v3_gan_aigi_70f6dedc4805fd9e,gan_aigi,data/HFCF_small_66.parquet,0,1216,002702.png,PNG,Gansformer,gansformer,train,1,GAN,train_v3_additions/aigi/cf_train_v3_gan_aigi_70f6dedc4805fd9e_002702.png.png,complete
cf_train_v3_gan_aigi_713f9d4c2648a800,gan_aigi,data/HFCF_small_76.parquet,0,2482,024065.png,PNG,ProGAN,progan,train,1,GAN,train_v3_additions/aigi/cf_train_v3_gan_aigi_713f9d4c2648a800_024065.png.png,complete
cf_train_v3_gan_aigi_71b100bd509ac829,gan_aigi,data/HFCF_small_67.parquet,0,2824,006401.png,PNG,ProjectedGAN,projectedgan,train,1,GAN,train_v3_additions/aigi/cf_train_v3_gan_aigi_71b100bd509ac829_006401.png.png,complete
cf_train_v3_gan_aigi_71f4e1fc36548129,gan_aigi,data/HFCF_small_75.parquet,0,420,014823.png,PNG,StyleSwin,styleswin,train,1,GAN,train_v3_additions/aigi/cf_train_v3_gan_aigi_71f4e1fc36548129_014823.png.png,complete
cf_train_v3_gan_aigi_72a6f32c3769e3f5,gan_aigi,data/HFCF_small_66.parquet,0,1542,009560.png,PNG,Gansformer,gansformer,train,1,GAN,train_v3_additions/aigi/cf_train_v3_gan_aigi_72a6f32c3769e3f5_009560.png.png,complete
cf_train_v3_gan_aigi_72cdbcebf85daa88,gan_aigi,data/HFCF_small_67.parquet,0,2320,005820.png,PNG,ProjectedGAN,projectedgan,train,1,GAN,train_v3_additions/aigi/cf_train_v3_gan_aigi_72cdbcebf85daa88_005820.png.png,complete
cf_train_v3_gan_aigi_72e2d429028a2b90,gan_aigi,data/HFCF_small_80.parquet,0,2326,040878.png,PNG,StyleGANXL,styleganxl,train,1,GAN,train_v3_additions/aigi/cf_train_v3_gan_aigi_72e2d429028a2b90_040878.png.png,complete
cf_train_v3_gan_aigi_72e816bdff4527ee,gan_aigi,data/HFCF_small_74.parquet,0,1961,009206.png,PNG,StyleGAN2-ADA,stylegan2-ada,train,1,GAN,train_v3_additions/aigi/cf_train_v3_gan_aigi_72e816bdff4527ee_009206.png.png,complete
cf_train_v3_gan_aigi_733c812aa0640202,gan_aigi,data/HFCF_small_76.parquet,0,1419,013510.png,PNG,ProGAN,progan,train,1,GAN,train_v3_additions/aigi/cf_train_v3_gan_aigi_733c812aa0640202_013510.png.png,complete
cf_train_v3_gan_aigi_73b003f05c118784,gan_aigi,data/HFCF_small_66.parquet,0,1658,001561.png,PNG,Gansformer,gansformer,train,1,GAN,train_v3_additions/aigi/cf_train_v3_gan_aigi_73b003f05c118784_001561.png.png,complete
cf_train_v3_gan_aigi_73ea6120261271ff,gan_aigi,data/HFCF_small_84.parquet,0,438,090087.png,PNG,BigGAN,biggan,train,1,GAN,train_v3_additions/aigi/cf_train_v3_gan_aigi_73ea6120261271ff_090087.png.png,complete
cf_train_v3_gan_aigi_746bfc74bf5c2754,gan_aigi,data/HFCF_small_74.parquet,0,890,011853.png,PNG,StyleGAN2-ADA,stylegan2-ada,train,1,GAN,train_v3_additions/aigi/cf_train_v3_gan_aigi_746bfc74bf5c2754_011853.png.png,complete
cf_train_v3_gan_aigi_747e2698dd91cafc,gan_aigi,data/HFCF_small_74.parquet,0,2336,008138.png,PNG,CIPS,cips,train,1,GAN,train_v3_additions/aigi/cf_train_v3_gan_aigi_747e2698dd91cafc_008138.png.png,complete
cf_train_v3_gan_aigi_74b50c57a78f6033,gan_aigi,data/HFCF_small_92.parquet,0,2013,124113.png,PNG,GigaGAN,gigagan,train,1,GAN,train_v3_additions/aigi/cf_train_v3_gan_aigi_74b50c57a78f6033_124113.png.png,complete
cf_train_v3_gan_aigi_757f477942213748,gan_aigi,data/HFCF_small_76.parquet,0,1715,025493.png,PNG,ProGAN,progan,train,1,GAN,train_v3_additions/aigi/cf_train_v3_gan_aigi_757f477942213748_025493.png.png,complete
cf_train_v3_gan_aigi_75a7c4abd18a128b,gan_aigi,data/HFCF_small_69.parquet,0,1194,015734.png,PNG,StyleGAN2,stylegan2,train,1,GAN,train_v3_additions/aigi/cf_train_v3_gan_aigi_75a7c4abd18a128b_015734.png.png,complete
cf_train_v3_gan_aigi_75e131d8d497c125,gan_aigi,data/HFCF_small_80.parquet,0,914,046507.png,PNG,StyleGANXL,styleganxl,train,1,GAN,train_v3_additions/aigi/cf_train_v3_gan_aigi_75e131d8d497c125_046507.png.png,complete
cf_train_v3_gan_aigi_7615eadaecfef117,gan_aigi,data/HFCF_small_73.parquet,0,506,038226.png,PNG,StyleSANXL,stylesanxl,train,1,GAN,train_v3_additions/aigi/cf_train_v3_gan_aigi_7615eadaecfef117_038226.png.png,complete
cf_train_v3_gan_aigi_762bf152e12ac5b8,gan_aigi,data/HFCF_small_69.parquet,0,215,005925.png,PNG,StyleGAN2,stylegan2,train,1,GAN,train_v3_additions/aigi/cf_train_v3_gan_aigi_762bf152e12ac5b8_005925.png.png,complete
cf_train_v3_gan_aigi_76d448397b5e0f8d,gan_aigi,data/HFCF_small_84.parquet,0,1663,031876.png,PNG,BigGAN,biggan,train,1,GAN,train_v3_additions/aigi/cf_train_v3_gan_aigi_76d448397b5e0f8d_031876.png.png,complete
cf_train_v3_gan_aigi_76dbd6ecf98028c1,gan_aigi,data/HFCF_small_92.parquet,0,1531,161266.png,PNG,GigaGAN,gigagan,train,1,GAN,train_v3_additions/aigi/cf_train_v3_gan_aigi_76dbd6ecf98028c1_161266.png.png,complete
cf_train_v3_gan_aigi_7733cc0f71e12b92,gan_aigi,data/HFCF_small_74.parquet,0,1156,011672.png,PNG,StyleGAN2-ADA,stylegan2-ada,train,1,GAN,train_v3_additions/aigi/cf_train_v3_gan_aigi_7733cc0f71e12b92_011672.png.png,complete
cf_train_v3_gan_aigi_775a567bbb2b65e3,gan_aigi,data/HFCF_small_76.parquet,0,2951,019734.png,PNG,ProGAN,progan,train,1,GAN,train_v3_additions/aigi/cf_train_v3_gan_aigi_775a567bbb2b65e3_019734.png.png,complete
cf_train_v3_gan_aigi_77adbd3de5b7b37f,gan_aigi,data/HFCF_small_80.parquet,0,2686,059725.png,PNG,StyleGANXL,styleganxl,train,1,GAN,train_v3_additions/aigi/cf_train_v3_gan_aigi_77adbd3de5b7b37f_059725.png.png,complete
cf_train_v3_gan_aigi_77b32d053c39c8fd,gan_aigi,data/HFCF_small_66.parquet,0,2880,001813.png,PNG,StyleGAN3,stylegan3,train,1,GAN,train_v3_additions/aigi/cf_train_v3_gan_aigi_77b32d053c39c8fd_001813.png.png,complete
cf_train_v3_gan_aigi_77f688a285e2eb78,gan_aigi,data/HFCF_small_80.parquet,0,264,058078.png,PNG,StyleGANXL,styleganxl,train,1,GAN,train_v3_additions/aigi/cf_train_v3_gan_aigi_77f688a285e2eb78_058078.png.png,complete
cf_train_v3_gan_aigi_78441b1521242857,gan_aigi,data/HFCF_small_92.parquet,0,1002,001432.png,PNG,GigaGAN,gigagan,train,1,GAN,train_v3_additions/aigi/cf_train_v3_gan_aigi_78441b1521242857_001432.png.png,complete
cf_train_v3_gan_aigi_7935c900e3ed5509,gan_aigi,data/HFCF_small_69.parquet,0,2588,018912.png,PNG,StyleGAN2,stylegan2,train,1,GAN,train_v3_additions/aigi/cf_train_v3_gan_aigi_7935c900e3ed5509_018912.png.png,complete
cf_train_v3_gan_aigi_79581fe7728965e5,gan_aigi,data/HFCF_small_74.parquet,0,1322,008933.png,PNG,StyleGAN2-ADA,stylegan2-ada,train,1,GAN,train_v3_additions/aigi/cf_train_v3_gan_aigi_79581fe7728965e5_008933.png.png,complete
cf_train_v3_gan_aigi_799e209c32af1772,gan_aigi,data/HFCF_small_75.parquet,0,1413,009891.png,PNG,StyleSwin,styleswin,train,1,GAN,train_v3_additions/aigi/cf_train_v3_gan_aigi_799e209c32af1772_009891.png.png,complete
cf_train_v3_gan_aigi_79d2ef6c5801361d,gan_aigi,data/HFCF_small_73.parquet,0,2741,008405.png,PNG,StyleSANXL,stylesanxl,train,1,GAN,train_v3_additions/aigi/cf_train_v3_gan_aigi_79d2ef6c5801361d_008405.png.png,complete
cf_train_v3_gan_aigi_79e23da2cb896561,gan_aigi,data/HFCF_small_73.parquet,0,1583,017412.png,PNG,StyleSANXL,stylesanxl,train,1,GAN,train_v3_additions/aigi/cf_train_v3_gan_aigi_79e23da2cb896561_017412.png.png,complete
cf_train_v3_gan_aigi_7a0214754eecee23,gan_aigi,data/HFCF_small_73.parquet,0,945,021106.png,PNG,StyleSANXL,stylesanxl,train,1,GAN,train_v3_additions/aigi/cf_train_v3_gan_aigi_7a0214754eecee23_021106.png.png,complete
cf_train_v3_gan_aigi_7a08a6240bd4720a,gan_aigi,data/HFCF_small_66.parquet,0,2321,000448.png,PNG,StyleGAN3,stylegan3,train,1,GAN,train_v3_additions/aigi/cf_train_v3_gan_aigi_7a08a6240bd4720a_000448.png.png,complete
cf_train_v3_gan_aigi_7a0c874300df9e59,gan_aigi,data/HFCF_small_69.parquet,0,2526,004687.png,PNG,StyleGAN2,stylegan2,train,1,GAN,train_v3_additions/aigi/cf_train_v3_gan_aigi_7a0c874300df9e59_004687.png.png,complete
cf_train_v3_gan_aigi_7a57ad17527425d2,gan_aigi,data/HFCF_small_76.parquet,0,2191,004216.png,PNG,ProGAN,progan,train,1,GAN,train_v3_additions/aigi/cf_train_v3_gan_aigi_7a57ad17527425d2_004216.png.png,complete
cf_train_v3_gan_aigi_7a69b59812e1622b,gan_aigi,data/HFCF_small_76.parquet,0,2326,017406.png,PNG,ProGAN,progan,train,1,GAN,train_v3_additions/aigi/cf_train_v3_gan_aigi_7a69b59812e1622b_017406.png.png,complete
cf_train_v3_gan_aigi_7a85f937c4b97b0a,gan_aigi,data/HFCF_small_66.parquet,0,1288,007490.png,PNG,Gansformer,gansformer,train,1,GAN,train_v3_additions/aigi/cf_train_v3_gan_aigi_7a85f937c4b97b0a_007490.png.png,complete
cf_train_v3_gan_aigi_7a8606ea99bf3380,gan_aigi,data/HFCF_small_75.parquet,0,2596,008624.png,PNG,StyleSwin,styleswin,train,1,GAN,train_v3_additions/aigi/cf_train_v3_gan_aigi_7a8606ea99bf3380_008624.png.png,complete
cf_train_v3_gan_aigi_7aa1890fa90e155e,gan_aigi,data/HFCF_small_73.parquet,0,2694,040428.png,PNG,StyleSANXL,stylesanxl,train,1,GAN,train_v3_additions/aigi/cf_train_v3_gan_aigi_7aa1890fa90e155e_040428.png.png,complete
cf_train_v3_gan_aigi_7ae54970542d47a3,gan_aigi,data/HFCF_small_74.parquet,0,2323,004291.png,PNG,CIPS,cips,train,1,GAN,train_v3_additions/aigi/cf_train_v3_gan_aigi_7ae54970542d47a3_004291.png.png,complete
cf_train_v3_gan_aigi_7b7c4171fa4a3036,gan_aigi,data/HFCF_small_76.parquet,0,2314,023793.png,PNG,ProGAN,progan,train,1,GAN,train_v3_additions/aigi/cf_train_v3_gan_aigi_7b7c4171fa4a3036_023793.png.png,complete
cf_train_v3_gan_aigi_7baa276e1f9790db,gan_aigi,data/HFCF_small_69.parquet,0,2741,005119.png,PNG,StyleGAN2,stylegan2,train,1,GAN,train_v3_additions/aigi/cf_train_v3_gan_aigi_7baa276e1f9790db_005119.png.png,complete
cf_train_v3_gan_aigi_7bbef27952053faa,gan_aigi,data/HFCF_small_75.parquet,0,2701,001372.png,PNG,StyleSwin,styleswin,train,1,GAN,train_v3_additions/aigi/cf_train_v3_gan_aigi_7bbef27952053faa_001372.png.png,complete
cf_train_v3_gan_aigi_7c553dc4c5efbded,gan_aigi,data/HFCF_small_69.parquet,0,2689,009894.png,PNG,StyleGAN2,stylegan2,train,1,GAN,train_v3_additions/aigi/cf_train_v3_gan_aigi_7c553dc4c5efbded_009894.png.png,complete
cf_train_v3_gan_aigi_7ccdfb7db6889ad0,gan_aigi,data/HFCF_small_74.parquet,0,1387,011443.png,PNG,StyleGAN2-ADA,stylegan2-ada,train,1,GAN,train_v3_additions/aigi/cf_train_v3_gan_aigi_7ccdfb7db6889ad0_011443.png.png,complete
cf_train_v3_gan_aigi_7d0560b123a33079,gan_aigi,data/HFCF_small_92.parquet,0,2030,075907.png,PNG,GigaGAN,gigagan,train,1,GAN,train_v3_additions/aigi/cf_train_v3_gan_aigi_7d0560b123a33079_075907.png.png,complete
cf_train_v3_gan_aigi_7d3ee5082b2b6e12,gan_aigi,data/HFCF_small_76.parquet,0,1858,024087.png,PNG,ProGAN,progan,train,1,GAN,train_v3_additions/aigi/cf_train_v3_gan_aigi_7d3ee5082b2b6e12_024087.png.png,complete
cf_train_v3_gan_aigi_7d71581bdc3bfb15,gan_aigi,data/HFCF_small_92.parquet,0,1457,025311.png,PNG,GigaGAN,gigagan,train,1,GAN,train_v3_additions/aigi/cf_train_v3_gan_aigi_7d71581bdc3bfb15_025311.png.png,complete
cf_train_v3_gan_aigi_7d853bc384e4ddb8,gan_aigi,data/HFCF_small_75.parquet,0,2625,004455.png,PNG,StyleSwin,styleswin,train,1,GAN,train_v3_additions/aigi/cf_train_v3_gan_aigi_7d853bc384e4ddb8_004455.png.png,complete
cf_train_v3_gan_aigi_7daa273b0f7f1027,gan_aigi,data/HFCF_small_76.parquet,0,2801,013428.png,PNG,ProGAN,progan,train,1,GAN,train_v3_additions/aigi/cf_train_v3_gan_aigi_7daa273b0f7f1027_013428.png.png,complete
cf_train_v3_gan_aigi_7e2d21c522c6b57c,gan_aigi,data/HFCF_small_84.parquet,0,539,079578.png,PNG,BigGAN,biggan,train,1,GAN,train_v3_additions/aigi/cf_train_v3_gan_aigi_7e2d21c522c6b57c_079578.png.png,complete
cf_train_v3_gan_aigi_7e4f8b47a4b06e76,gan_aigi,data/HFCF_small_75.parquet,0,2373,006696.png,PNG,StyleSwin,styleswin,train,1,GAN,train_v3_additions/aigi/cf_train_v3_gan_aigi_7e4f8b47a4b06e76_006696.png.png,complete
cf_train_v3_gan_aigi_7e50e6bc8731d202,gan_aigi,data/HFCF_small_76.parquet,0,1385,022884.png,PNG,ProGAN,progan,train,1,GAN,train_v3_additions/aigi/cf_train_v3_gan_aigi_7e50e6bc8731d202_022884.png.png,complete
cf_train_v3_gan_aigi_7ea7be3accd12b07,gan_aigi,data/HFCF_small_74.parquet,0,2511,009717.png,PNG,CIPS,cips,train,1,GAN,train_v3_additions/aigi/cf_train_v3_gan_aigi_7ea7be3accd12b07_009717.png.png,complete
cf_train_v3_gan_aigi_7eac7375d90af8eb,gan_aigi,data/HFCF_small_66.parquet,0,2814,008993.png,PNG,StyleGAN3,stylegan3,train,1,GAN,train_v3_additions/aigi/cf_train_v3_gan_aigi_7eac7375d90af8eb_008993.png.png,complete
cf_train_v3_gan_aigi_7edaf1a1ed5835da,gan_aigi,data/HFCF_small_73.parquet,0,1209,001985.png,PNG,StyleSANXL,stylesanxl,train,1,GAN,train_v3_additions/aigi/cf_train_v3_gan_aigi_7edaf1a1ed5835da_001985.png.png,complete
cf_train_v3_gan_aigi_7f06993ef1be3baa,gan_aigi,data/HFCF_small_76.parquet,0,2710,019627.png,PNG,ProGAN,progan,train,1,GAN,train_v3_additions/aigi/cf_train_v3_gan_aigi_7f06993ef1be3baa_019627.png.png,complete
cf_train_v3_gan_aigi_7f68569287fa70d2,gan_aigi,data/HFCF_small_69.parquet,0,248,004024.png,PNG,StyleGAN2,stylegan2,train,1,GAN,train_v3_additions/aigi/cf_train_v3_gan_aigi_7f68569287fa70d2_004024.png.png,complete
cf_train_v3_gan_aigi_7f8c1483ad9e9487,gan_aigi,data/HFCF_small_75.parquet,0,2748,001183.png,PNG,StyleSwin,styleswin,train,1,GAN,train_v3_additions/aigi/cf_train_v3_gan_aigi_7f8c1483ad9e9487_001183.png.png,complete
cf_train_v3_gan_aigi_7fa914b2a725b3fd,gan_aigi,data/HFCF_small_75.parquet,0,2159,010635.png,PNG,StyleSwin,styleswin,train,1,GAN,train_v3_additions/aigi/cf_train_v3_gan_aigi_7fa914b2a725b3fd_010635.png.png,complete
cf_train_v3_gan_aigi_7fb49ec29ad4d0d7,gan_aigi,data/HFCF_small_66.parquet,0,1754,000310.png,PNG,Gansformer,gansformer,train,1,GAN,train_v3_additions/aigi/cf_train_v3_gan_aigi_7fb49ec29ad4d0d7_000310.png.png,complete
cf_train_v3_gan_aigi_7fba9aba06136e34,gan_aigi,data/HFCF_small_84.parquet,0,2963,011606.png,PNG,BigGAN,biggan,train,1,GAN,train_v3_additions/aigi/cf_train_v3_gan_aigi_7fba9aba06136e34_011606.png.png,complete
cf_train_v3_gan_aigi_804db6076aca78b2,gan_aigi,data/HFCF_small_84.parquet,0,2174,034186.png,PNG,BigGAN,biggan,train,1,GAN,train_v3_additions/aigi/cf_train_v3_gan_aigi_804db6076aca78b2_034186.png.png,complete
cf_train_v3_gan_aigi_8080ddb8ee33e864,gan_aigi,data/HFCF_small_75.parquet,0,487,010351.png,PNG,StyleSwin,styleswin,train,1,GAN,train_v3_additions/aigi/cf_train_v3_gan_aigi_8080ddb8ee33e864_010351.png.png,complete
cf_train_v3_gan_aigi_80a6042e073de300,gan_aigi,data/HFCF_small_75.parquet,0,2381,004236.png,PNG,StyleSwin,styleswin,train,1,GAN,train_v3_additions/aigi/cf_train_v3_gan_aigi_80a6042e073de300_004236.png.png,complete
cf_train_v3_gan_aigi_80cb7fcde473a9ec,gan_aigi,data/HFCF_small_75.parquet,0,1791,010943.png,PNG,StyleSwin,styleswin,train,1,GAN,train_v3_additions/aigi/cf_train_v3_gan_aigi_80cb7fcde473a9ec_010943.png.png,complete
cf_train_v3_gan_aigi_812a5686c18d9c18,gan_aigi,data/HFCF_small_84.parquet,0,1521,055094.png,PNG,BigGAN,biggan,train,1,GAN,train_v3_additions/aigi/cf_train_v3_gan_aigi_812a5686c18d9c18_055094.png.png,complete
cf_train_v3_gan_aigi_8174636f687a4294,gan_aigi,data/HFCF_small_67.parquet,0,2557,007863.png,PNG,ProjectedGAN,projectedgan,train,1,GAN,train_v3_additions/aigi/cf_train_v3_gan_aigi_8174636f687a4294_007863.png.png,complete
cf_train_v3_gan_aigi_81bdce8579a492ee,gan_aigi,data/HFCF_small_69.parquet,0,2326,008515.png,PNG,StyleGAN2,stylegan2,train,1,GAN,train_v3_additions/aigi/cf_train_v3_gan_aigi_81bdce8579a492ee_008515.png.png,complete
cf_train_v3_gan_aigi_81d3556bc67d3112,gan_aigi,data/HFCF_small_76.parquet,0,2708,008133.png,PNG,ProGAN,progan,train,1,GAN,train_v3_additions/aigi/cf_train_v3_gan_aigi_81d3556bc67d3112_008133.png.png,complete
cf_train_v3_gan_aigi_81dd9fd42b13a402,gan_aigi,data/HFCF_small_74.parquet,0,1935,011754.png,PNG,StyleGAN2-ADA,stylegan2-ada,train,1,GAN,train_v3_additions/aigi/cf_train_v3_gan_aigi_81dd9fd42b13a402_011754.png.png,complete
cf_train_v3_gan_aigi_81ea689901e150b0,gan_aigi,data/HFCF_small_66.parquet,0,1337,000512.png,PNG,Gansformer,gansformer,train,1,GAN,train_v3_additions/aigi/cf_train_v3_gan_aigi_81ea689901e150b0_000512.png.png,complete
cf_train_v3_gan_aigi_8212bbff1d41a8a9,gan_aigi,data/HFCF_small_73.parquet,0,489,016545.png,PNG,StyleSANXL,stylesanxl,train,1,GAN,train_v3_additions/aigi/cf_train_v3_gan_aigi_8212bbff1d41a8a9_016545.png.png,complete
cf_train_v3_gan_aigi_831047766390273c,gan_aigi,data/HFCF_small_74.parquet,0,1283,003309.png,PNG,StyleGAN2-ADA,stylegan2-ada,train,1,GAN,train_v3_additions/aigi/cf_train_v3_gan_aigi_831047766390273c_003309.png.png,complete
cf_train_v3_gan_aigi_84555709b9a3d8f7,gan_aigi,data/HFCF_small_75.parquet,0,1957,007622.png,PNG,StyleSwin,styleswin,train,1,GAN,train_v3_additions/aigi/cf_train_v3_gan_aigi_84555709b9a3d8f7_007622.png.png,complete
cf_train_v3_gan_aigi_8491fcad2650abea,gan_aigi,data/HFCF_small_80.parquet,0,2041,016180.png,PNG,StyleGANXL,styleganxl,train,1,GAN,train_v3_additions/aigi/cf_train_v3_gan_aigi_8491fcad2650abea_016180.png.png,complete
cf_train_v3_gan_aigi_849575525e996053,gan_aigi,data/HFCF_small_84.parquet,0,913,017446.png,PNG,BigGAN,biggan,train,1,GAN,train_v3_additions/aigi/cf_train_v3_gan_aigi_849575525e996053_017446.png.png,complete
cf_train_v3_gan_aigi_84c133da5f63b650,gan_aigi,data/HFCF_small_84.parquet,0,1037,029392.png,PNG,BigGAN,biggan,train,1,GAN,train_v3_additions/aigi/cf_train_v3_gan_aigi_84c133da5f63b650_029392.png.png,complete
cf_train_v3_gan_aigi_84dbc16ec5128de4,gan_aigi,data/HFCF_small_74.parquet,0,2164,001755.png,PNG,CIPS,cips,train,1,GAN,train_v3_additions/aigi/cf_train_v3_gan_aigi_84dbc16ec5128de4_001755.png.png,complete
cf_train_v3_gan_aigi_84ef1ab3cd528975,gan_aigi,data/HFCF_small_74.parquet,0,2435,009228.png,PNG,CIPS,cips,train,1,GAN,train_v3_additions/aigi/cf_train_v3_gan_aigi_84ef1ab3cd528975_009228.png.png,complete
cf_train_v3_gan_aigi_852d2a8f16fbc42e,gan_aigi,data/HFCF_small_92.parquet,0,2213,120648.png,PNG,GigaGAN,gigagan,train,1,GAN,train_v3_additions/aigi/cf_train_v3_gan_aigi_852d2a8f16fbc42e_120648.png.png,complete
cf_train_v3_gan_aigi_8544fbb92d8db340,gan_aigi,data/HFCF_small_69.parquet,0,1250,012633.png,PNG,StyleGAN2,stylegan2,train,1,GAN,train_v3_additions/aigi/cf_train_v3_gan_aigi_8544fbb92d8db340_012633.png.png,complete
cf_train_v3_gan_aigi_859a62a13ece1bfd,gan_aigi,data/HFCF_small_84.parquet,0,1684,016285.png,PNG,BigGAN,biggan,train,1,GAN,train_v3_additions/aigi/cf_train_v3_gan_aigi_859a62a13ece1bfd_016285.png.png,complete
cf_train_v3_gan_aigi_85a265588e9f0655,gan_aigi,data/HFCF_small_67.parquet,0,2767,006824.png,PNG,ProjectedGAN,projectedgan,train,1,GAN,train_v3_additions/aigi/cf_train_v3_gan_aigi_85a265588e9f0655_006824.png.png,complete
cf_train_v3_gan_aigi_85e2b84e2b61c110,gan_aigi,data/HFCF_small_75.parquet,0,1483,002629.png,PNG,StyleSwin,styleswin,train,1,GAN,train_v3_additions/aigi/cf_train_v3_gan_aigi_85e2b84e2b61c110_002629.png.png,complete
cf_train_v3_gan_aigi_8602855233c76719,gan_aigi,data/HFCF_small_66.parquet,0,2612,003537.png,PNG,StyleGAN3,stylegan3,train,1,GAN,train_v3_additions/aigi/cf_train_v3_gan_aigi_8602855233c76719_003537.png.png,complete
cf_train_v3_gan_aigi_86aa117c62a2f32e,gan_aigi,data/HFCF_small_67.parquet,0,2713,003550.png,PNG,ProjectedGAN,projectedgan,train,1,GAN,train_v3_additions/aigi/cf_train_v3_gan_aigi_86aa117c62a2f32e_003550.png.png,complete
cf_train_v3_gan_aigi_873a192a00aa8d6a,gan_aigi,data/HFCF_small_76.parquet,0,2536,022271.png,PNG,ProGAN,progan,train,1,GAN,train_v3_additions/aigi/cf_train_v3_gan_aigi_873a192a00aa8d6a_022271.png.png,complete
cf_train_v3_gan_aigi_87421e8586a4da8c,gan_aigi,data/HFCF_small_92.parquet,0,1183,101890.png,PNG,GigaGAN,gigagan,train,1,GAN,train_v3_additions/aigi/cf_train_v3_gan_aigi_87421e8586a4da8c_101890.png.png,complete
cf_train_v3_gan_aigi_8763d371ac9771ab,gan_aigi,data/HFCF_small_67.parquet,0,2876,005438.png,PNG,ProjectedGAN,projectedgan,train,1,GAN,train_v3_additions/aigi/cf_train_v3_gan_aigi_8763d371ac9771ab_005438.png.png,complete
cf_train_v3_gan_aigi_87cecccea830f641,gan_aigi,data/HFCF_small_74.parquet,0,1813,006249.png,PNG,StyleGAN2-ADA,stylegan2-ada,train,1,GAN,train_v3_additions/aigi/cf_train_v3_gan_aigi_87cecccea830f641_006249.png.png,complete
cf_train_v3_gan_aigi_8820f7bc69653f50,gan_aigi,data/HFCF_small_84.parquet,0,2556,083660.png,PNG,BigGAN,biggan,train,1,GAN,train_v3_additions/aigi/cf_train_v3_gan_aigi_8820f7bc69653f50_083660.png.png,complete
cf_train_v3_gan_aigi_883b965cc5874ba5,gan_aigi,data/HFCF_small_66.parquet,0,2112,001428.png,PNG,StyleGAN3,stylegan3,train,1,GAN,train_v3_additions/aigi/cf_train_v3_gan_aigi_883b965cc5874ba5_001428.png.png,complete
cf_train_v3_gan_aigi_88cc976f3f7b4ed2,gan_aigi,data/HFCF_small_67.parquet,0,2634,003245.png,PNG,ProjectedGAN,projectedgan,train,1,GAN,train_v3_additions/aigi/cf_train_v3_gan_aigi_88cc976f3f7b4ed2_003245.png.png,complete
cf_train_v3_gan_aigi_898e72b46fdaa3c0,gan_aigi,data/HFCF_small_74.parquet,0,1736,002172.png,PNG,StyleGAN2-ADA,stylegan2-ada,train,1,GAN,train_v3_additions/aigi/cf_train_v3_gan_aigi_898e72b46fdaa3c0_002172.png.png,complete
cf_train_v3_gan_aigi_89a48fc3ae7ff3f9,gan_aigi,data/HFCF_small_69.parquet,0,2826,017010.png,PNG,StyleGAN2,stylegan2,train,1,GAN,train_v3_additions/aigi/cf_train_v3_gan_aigi_89a48fc3ae7ff3f9_017010.png.png,complete
cf_train_v3_gan_aigi_89f8a8f5692e7353,gan_aigi,data/HFCF_small_73.parquet,0,406,005602.png,PNG,StyleSANXL,stylesanxl,train,1,GAN,train_v3_additions/aigi/cf_train_v3_gan_aigi_89f8a8f5692e7353_005602.png.png,complete
cf_train_v3_gan_aigi_8a0b223c2948bf20,gan_aigi,data/HFCF_small_66.parquet,0,2905,001139.png,PNG,StyleGAN3,stylegan3,train,1,GAN,train_v3_additions/aigi/cf_train_v3_gan_aigi_8a0b223c2948bf20_001139.png.png,complete
cf_train_v3_gan_aigi_8a7adff3638fec92,gan_aigi,data/HFCF_small_66.parquet,0,976,007740.png,PNG,Gansformer,gansformer,train,1,GAN,train_v3_additions/aigi/cf_train_v3_gan_aigi_8a7adff3638fec92_007740.png.png,complete
cf_train_v3_gan_aigi_8a8b60936582afd4,gan_aigi,data/HFCF_small_66.parquet,0,2327,008757.png,PNG,StyleGAN3,stylegan3,train,1,GAN,train_v3_additions/aigi/cf_train_v3_gan_aigi_8a8b60936582afd4_008757.png.png,complete
cf_train_v3_gan_aigi_8adac1c75ca37941,gan_aigi,data/HFCF_small_67.parquet,0,2206,007103.png,PNG,ProjectedGAN,projectedgan,train,1,GAN,train_v3_additions/aigi/cf_train_v3_gan_aigi_8adac1c75ca37941_007103.png.png,complete
cf_train_v3_gan_aigi_8af09fdf6a11b37e,gan_aigi,data/HFCF_small_67.parquet,0,2394,003061.png,PNG,ProjectedGAN,projectedgan,train,1,GAN,train_v3_additions/aigi/cf_train_v3_gan_aigi_8af09fdf6a11b37e_003061.png.png,complete
cf_train_v3_gan_aigi_8b3cd40572987420,gan_aigi,data/HFCF_small_67.parquet,0,2252,004247.png,PNG,ProjectedGAN,projectedgan,train,1,GAN,train_v3_additions/aigi/cf_train_v3_gan_aigi_8b3cd40572987420_004247.png.png,complete
cf_train_v3_gan_aigi_8b4a0f22f3d1568e,gan_aigi,data/HFCF_small_67.parquet,0,2365,002290.png,PNG,ProjectedGAN,projectedgan,train,1,GAN,train_v3_additions/aigi/cf_train_v3_gan_aigi_8b4a0f22f3d1568e_002290.png.png,complete
cf_train_v3_gan_aigi_8b513aef5e8f914f,gan_aigi,data/HFCF_small_84.parquet,0,631,020868.png,PNG,BigGAN,biggan,train,1,GAN,train_v3_additions/aigi/cf_train_v3_gan_aigi_8b513aef5e8f914f_020868.png.png,complete
cf_train_v3_gan_aigi_8ba3402203105826,gan_aigi,data/HFCF_small_73.parquet,0,2573,023449.png,PNG,StyleSANXL,stylesanxl,train,1,GAN,train_v3_additions/aigi/cf_train_v3_gan_aigi_8ba3402203105826_023449.png.png,complete
cf_train_v3_gan_aigi_8c1cf19987ae8bde,gan_aigi,data/HFCF_small_67.parquet,0,2799,001290.png,PNG,ProjectedGAN,projectedgan,train,1,GAN,train_v3_additions/aigi/cf_train_v3_gan_aigi_8c1cf19987ae8bde_001290.png.png,complete
cf_train_v3_gan_aigi_8c32cbb36fd05314,gan_aigi,data/HFCF_small_75.parquet,0,778,011984.png,PNG,StyleSwin,styleswin,train,1,GAN,train_v3_additions/aigi/cf_train_v3_gan_aigi_8c32cbb36fd05314_011984.png.png,complete
cf_train_v3_gan_aigi_8cfe97980f3613dc,gan_aigi,data/HFCF_small_74.parquet,0,2481,006508.png,PNG,CIPS,cips,train,1,GAN,train_v3_additions/aigi/cf_train_v3_gan_aigi_8cfe97980f3613dc_006508.png.png,complete
cf_train_v3_gan_aigi_8d0eddbf75a86408,gan_aigi,data/HFCF_small_66.parquet,0,1357,007715.png,PNG,Gansformer,gansformer,train,1,GAN,train_v3_additions/aigi/cf_train_v3_gan_aigi_8d0eddbf75a86408_007715.png.png,complete
cf_train_v3_gan_aigi_8d341d2266207fd8,gan_aigi,data/HFCF_small_67.parquet,0,2507,004756.png,PNG,ProjectedGAN,projectedgan,train,1,GAN,train_v3_additions/aigi/cf_train_v3_gan_aigi_8d341d2266207fd8_004756.png.png,complete
cf_train_v3_gan_aigi_8d428b4478b2c977,gan_aigi,data/HFCF_small_67.parquet,0,2763,006430.png,PNG,ProjectedGAN,projectedgan,train,1,GAN,train_v3_additions/aigi/cf_train_v3_gan_aigi_8d428b4478b2c977_006430.png.png,complete
cf_train_v3_gan_aigi_8d5936cfc2c860b7,gan_aigi,data/HFCF_small_74.parquet,0,2003,002104.png,PNG,StyleGAN2-ADA,stylegan2-ada,train,1,GAN,train_v3_additions/aigi/cf_train_v3_gan_aigi_8d5936cfc2c860b7_002104.png.png,complete
cf_train_v3_gan_aigi_8d5cf70ea1f2640f,gan_aigi,data/HFCF_small_80.parquet,0,2718,043947.png,PNG,StyleGANXL,styleganxl,train,1,GAN,train_v3_additions/aigi/cf_train_v3_gan_aigi_8d5cf70ea1f2640f_043947.png.png,complete
cf_train_v3_gan_aigi_8d6e236ed970e4a1,gan_aigi,data/HFCF_small_66.parquet,0,1772,009851.png,PNG,Gansformer,gansformer,train,1,GAN,train_v3_additions/aigi/cf_train_v3_gan_aigi_8d6e236ed970e4a1_009851.png.png,complete
cf_train_v3_gan_aigi_8d743cee786308d6,gan_aigi,data/HFCF_small_84.parquet,0,1473,083699.png,PNG,BigGAN,biggan,train,1,GAN,train_v3_additions/aigi/cf_train_v3_gan_aigi_8d743cee786308d6_083699.png.png,complete
cf_train_v3_gan_aigi_8dabe04b2a6dbed5,gan_aigi,data/HFCF_small_74.parquet,0,2522,006629.png,PNG,CIPS,cips,train,1,GAN,train_v3_additions/aigi/cf_train_v3_gan_aigi_8dabe04b2a6dbed5_006629.png.png,complete
cf_train_v3_gan_aigi_8de53d9ea56e93ec,gan_aigi,data/HFCF_small_66.parquet,0,891,008247.png,PNG,Gansformer,gansformer,train,1,GAN,train_v3_additions/aigi/cf_train_v3_gan_aigi_8de53d9ea56e93ec_008247.png.png,complete
cf_train_v3_gan_aigi_8e42a4365f532aa9,gan_aigi,data/HFCF_small_66.parquet,0,1361,003820.png,PNG,Gansformer,gansformer,train,1,GAN,train_v3_additions/aigi/cf_train_v3_gan_aigi_8e42a4365f532aa9_003820.png.png,complete
cf_train_v3_gan_aigi_8f232094ef59a56c,gan_aigi,data/HFCF_small_66.parquet,0,1090,009228.png,PNG,Gansformer,gansformer,train,1,GAN,train_v3_additions/aigi/cf_train_v3_gan_aigi_8f232094ef59a56c_009228.png.png,complete
cf_train_v3_gan_aigi_8f59dae336bf7126,gan_aigi,data/HFCF_small_75.parquet,0,559,010203.png,PNG,StyleSwin,styleswin,train,1,GAN,train_v3_additions/aigi/cf_train_v3_gan_aigi_8f59dae336bf7126_010203.png.png,complete
cf_train_v3_gan_aigi_8f60ccb385ec1959,gan_aigi,data/HFCF_small_74.parquet,0,2270,004881.png,PNG,CIPS,cips,train,1,GAN,train_v3_additions/aigi/cf_train_v3_gan_aigi_8f60ccb385ec1959_004881.png.png,complete
cf_train_v3_gan_aigi_8f6e0c8f581c02e9,gan_aigi,data/HFCF_small_74.parquet,0,1673,006232.png,PNG,StyleGAN2-ADA,stylegan2-ada,train,1,GAN,train_v3_additions/aigi/cf_train_v3_gan_aigi_8f6e0c8f581c02e9_006232.png.png,complete
cf_train_v3_gan_aigi_8fd11ce7b2155756,gan_aigi,data/HFCF_small_67.parquet,0,2366,005395.png,PNG,ProjectedGAN,projectedgan,train,1,GAN,train_v3_additions/aigi/cf_train_v3_gan_aigi_8fd11ce7b2155756_005395.png.png,complete
cf_train_v3_gan_aigi_8fe9dd440f86cf14,gan_aigi,data/HFCF_small_74.parquet,0,1612,011046.png,PNG,StyleGAN2-ADA,stylegan2-ada,train,1,GAN,train_v3_additions/aigi/cf_train_v3_gan_aigi_8fe9dd440f86cf14_011046.png.png,complete
cf_train_v3_gan_aigi_9013d08695117828,gan_aigi,data/HFCF_small_84.parquet,0,1500,005792.png,PNG,BigGAN,biggan,train,1,GAN,train_v3_additions/aigi/cf_train_v3_gan_aigi_9013d08695117828_005792.png.png,complete
cf_train_v3_gan_aigi_901944ce7207a7bc,gan_aigi,data/HFCF_small_84.parquet,0,2976,025514.png,PNG,BigGAN,biggan,train,1,GAN,train_v3_additions/aigi/cf_train_v3_gan_aigi_901944ce7207a7bc_025514.png.png,complete
cf_train_v3_gan_aigi_901e21961f84861b,gan_aigi,data/HFCF_small_69.parquet,0,2784,002208.png,PNG,StyleGAN2,stylegan2,train,1,GAN,train_v3_additions/aigi/cf_train_v3_gan_aigi_901e21961f84861b_002208.png.png,complete
cf_train_v3_gan_aigi_9090319778ca2752,gan_aigi,data/HFCF_small_66.parquet,0,1581,008819.png,PNG,Gansformer,gansformer,train,1,GAN,train_v3_additions/aigi/cf_train_v3_gan_aigi_9090319778ca2752_008819.png.png,complete
cf_train_v3_gan_aigi_90f3c00cdeb24cbe,gan_aigi,data/HFCF_small_84.parquet,0,1635,061564.png,PNG,BigGAN,biggan,train,1,GAN,train_v3_additions/aigi/cf_train_v3_gan_aigi_90f3c00cdeb24cbe_061564.png.png,complete
cf_train_v3_gan_aigi_90f89a53e3e99ea2,gan_aigi,data/HFCF_small_66.parquet,0,2792,001823.png,PNG,StyleGAN3,stylegan3,train,1,GAN,train_v3_additions/aigi/cf_train_v3_gan_aigi_90f89a53e3e99ea2_001823.png.png,complete
cf_train_v3_gan_aigi_90fdf61f4c738083,gan_aigi,data/HFCF_small_74.parquet,0,2060,000439.png,PNG,StyleGAN2-ADA,stylegan2-ada,train,1,GAN,train_v3_additions/aigi/cf_train_v3_gan_aigi_90fdf61f4c738083_000439.png.png,complete
cf_train_v3_gan_aigi_910afc9409cee026,gan_aigi,data/HFCF_small_67.parquet,0,2135,008137.png,PNG,ProjectedGAN,projectedgan,train,1,GAN,train_v3_additions/aigi/cf_train_v3_gan_aigi_910afc9409cee026_008137.png.png,complete
cf_train_v3_gan_aigi_914073d18690aaac,gan_aigi,data/HFCF_small_80.parquet,0,1591,053698.png,PNG,StyleGANXL,styleganxl,train,1,GAN,train_v3_additions/aigi/cf_train_v3_gan_aigi_914073d18690aaac_053698.png.png,complete
cf_train_v3_gan_aigi_917d90d6e75dcca6,gan_aigi,data/HFCF_small_84.parquet,0,2116,090019.png,PNG,BigGAN,biggan,train,1,GAN,train_v3_additions/aigi/cf_train_v3_gan_aigi_917d90d6e75dcca6_090019.png.png,complete
cf_train_v3_gan_aigi_91d435c80153a667,gan_aigi,data/HFCF_small_66.parquet,0,817,008352.png,PNG,Gansformer,gansformer,train,1,GAN,train_v3_additions/aigi/cf_train_v3_gan_aigi_91d435c80153a667_008352.png.png,complete
cf_train_v3_gan_aigi_91fe51bd0a6a83c5,gan_aigi,data/HFCF_small_74.parquet,0,2806,002210.png,PNG,CIPS,cips,train,1,GAN,train_v3_additions/aigi/cf_train_v3_gan_aigi_91fe51bd0a6a83c5_002210.png.png,complete
cf_train_v3_gan_aigi_924c4e8483573bf8,gan_aigi,data/HFCF_small_74.parquet,0,2274,006818.png,PNG,CIPS,cips,train,1,GAN,train_v3_additions/aigi/cf_train_v3_gan_aigi_924c4e8483573bf8_006818.png.png,complete
cf_train_v3_gan_aigi_924e624b7953472d,gan_aigi,data/HFCF_small_74.parquet,0,1030,011965.png,PNG,StyleGAN2-ADA,stylegan2-ada,train,1,GAN,train_v3_additions/aigi/cf_train_v3_gan_aigi_924e624b7953472d_011965.png.png,complete
cf_train_v3_gan_aigi_9285a8fc2799b292,gan_aigi,data/HFCF_small_66.parquet,0,2737,000903.png,PNG,StyleGAN3,stylegan3,train,1,GAN,train_v3_additions/aigi/cf_train_v3_gan_aigi_9285a8fc2799b292_000903.png.png,complete
cf_train_v3_gan_aigi_9318ffff9284c44e,gan_aigi,data/HFCF_small_67.parquet,0,2584,000834.png,PNG,ProjectedGAN,projectedgan,train,1,GAN,train_v3_additions/aigi/cf_train_v3_gan_aigi_9318ffff9284c44e_000834.png.png,complete
cf_train_v3_gan_aigi_9328788f4de7e7d7,gan_aigi,data/HFCF_small_92.parquet,0,1068,139468.png,PNG,GigaGAN,gigagan,train,1,GAN,train_v3_additions/aigi/cf_train_v3_gan_aigi_9328788f4de7e7d7_139468.png.png,complete
cf_train_v3_gan_aigi_936d10e2063a5582,gan_aigi,data/HFCF_small_75.parquet,0,1647,006260.png,PNG,StyleSwin,styleswin,train,1,GAN,train_v3_additions/aigi/cf_train_v3_gan_aigi_936d10e2063a5582_006260.png.png,complete
cf_train_v3_gan_aigi_9424532c672abf9f,gan_aigi,data/HFCF_small_75.parquet,0,2269,007970.png,PNG,StyleSwin,styleswin,train,1,GAN,train_v3_additions/aigi/cf_train_v3_gan_aigi_9424532c672abf9f_007970.png.png,complete
cf_train_v3_gan_aigi_9428c5285c865a99,gan_aigi,data/HFCF_small_66.parquet,0,2404,001598.png,PNG,StyleGAN3,stylegan3,train,1,GAN,train_v3_additions/aigi/cf_train_v3_gan_aigi_9428c5285c865a99_001598.png.png,complete
cf_train_v3_gan_aigi_9458c44b79844e19,gan_aigi,data/HFCF_small_80.parquet,0,1631,019151.png,PNG,StyleGANXL,styleganxl,train,1,GAN,train_v3_additions/aigi/cf_train_v3_gan_aigi_9458c44b79844e19_019151.png.png,complete
cf_train_v3_gan_aigi_947a2ac04cdf0f8e,gan_aigi,data/HFCF_small_80.parquet,0,2866,053069.png,PNG,StyleGANXL,styleganxl,train,1,GAN,train_v3_additions/aigi/cf_train_v3_gan_aigi_947a2ac04cdf0f8e_053069.png.png,complete
cf_train_v3_gan_aigi_947c73aeb8ca427a,gan_aigi,data/HFCF_small_69.parquet,0,94,001195.png,PNG,StyleGAN2,stylegan2,train,1,GAN,train_v3_additions/aigi/cf_train_v3_gan_aigi_947c73aeb8ca427a_001195.png.png,complete
cf_train_v3_gan_aigi_94a1326df37d8673,gan_aigi,data/HFCF_small_76.parquet,0,1347,013928.png,PNG,ProGAN,progan,train,1,GAN,train_v3_additions/aigi/cf_train_v3_gan_aigi_94a1326df37d8673_013928.png.png,complete
cf_train_v3_gan_aigi_95260025d6c7ab40,gan_aigi,data/HFCF_small_76.parquet,0,1569,019732.png,PNG,ProGAN,progan,train,1,GAN,train_v3_additions/aigi/cf_train_v3_gan_aigi_95260025d6c7ab40_019732.png.png,complete
cf_train_v3_gan_aigi_9541425b3afeb32e,gan_aigi,data/HFCF_small_66.parquet,0,1194,003624.png,PNG,Gansformer,gansformer,train,1,GAN,train_v3_additions/aigi/cf_train_v3_gan_aigi_9541425b3afeb32e_003624.png.png,complete
cf_train_v3_gan_aigi_959a12882f93c8ce,gan_aigi,data/HFCF_small_73.parquet,0,1434,014109.png,PNG,StyleSANXL,stylesanxl,train,1,GAN,train_v3_additions/aigi/cf_train_v3_gan_aigi_959a12882f93c8ce_014109.png.png,complete
cf_train_v3_gan_aigi_95d1d14d3b047ba0,gan_aigi,data/HFCF_small_74.parquet,0,1256,006997.png,PNG,StyleGAN2-ADA,stylegan2-ada,train,1,GAN,train_v3_additions/aigi/cf_train_v3_gan_aigi_95d1d14d3b047ba0_006997.png.png,complete
cf_train_v3_gan_aigi_95e9314222684aa6,gan_aigi,data/HFCF_small_75.parquet,0,2873,001014.png,PNG,StyleSwin,styleswin,train,1,GAN,train_v3_additions/aigi/cf_train_v3_gan_aigi_95e9314222684aa6_001014.png.png,complete
cf_train_v3_gan_aigi_962e2a12cf7ca14b,gan_aigi,data/HFCF_small_76.parquet,0,2483,029366.png,PNG,ProGAN,progan,train,1,GAN,train_v3_additions/aigi/cf_train_v3_gan_aigi_962e2a12cf7ca14b_029366.png.png,complete
cf_train_v3_gan_aigi_9639d31c61b0a261,gan_aigi,data/HFCF_small_73.parquet,0,2921,028805.png,PNG,StyleSANXL,stylesanxl,train,1,GAN,train_v3_additions/aigi/cf_train_v3_gan_aigi_9639d31c61b0a261_028805.png.png,complete
cf_train_v3_gan_aigi_96a7edef76f47c39,gan_aigi,data/HFCF_small_73.parquet,0,2384,041778.png,PNG,StyleSANXL,stylesanxl,train,1,GAN,train_v3_additions/aigi/cf_train_v3_gan_aigi_96a7edef76f47c39_041778.png.png,complete
cf_train_v3_gan_aigi_972240dde39109f2,gan_aigi,data/HFCF_small_92.parquet,0,1726,117940.png,PNG,GigaGAN,gigagan,train,1,GAN,train_v3_additions/aigi/cf_train_v3_gan_aigi_972240dde39109f2_117940.png.png,complete
cf_train_v3_gan_aigi_977780217b62767e,gan_aigi,data/HFCF_small_75.parquet,0,1278,011527.png,PNG,StyleSwin,styleswin,train,1,GAN,train_v3_additions/aigi/cf_train_v3_gan_aigi_977780217b62767e_011527.png.png,complete
cf_train_v3_gan_aigi_97c950f52ef0475f,gan_aigi,data/HFCF_small_73.parquet,0,1168,048005.png,PNG,StyleSANXL,stylesanxl,train,1,GAN,train_v3_additions/aigi/cf_train_v3_gan_aigi_97c950f52ef0475f_048005.png.png,complete
cf_train_v3_gan_aigi_97e3e303d87a8b72,gan_aigi,data/HFCF_small_67.parquet,0,2270,009934.png,PNG,ProjectedGAN,projectedgan,train,1,GAN,train_v3_additions/aigi/cf_train_v3_gan_aigi_97e3e303d87a8b72_009934.png.png,complete
cf_train_v3_gan_aigi_97fa0591f9b8b818,gan_aigi,data/HFCF_small_66.parquet,0,1749,006288.png,PNG,Gansformer,gansformer,train,1,GAN,train_v3_additions/aigi/cf_train_v3_gan_aigi_97fa0591f9b8b818_006288.png.png,complete
cf_train_v3_gan_aigi_9855623a8b7ce3e1,gan_aigi,data/HFCF_small_84.parquet,0,2564,095328.png,PNG,BigGAN,biggan,train,1,GAN,train_v3_additions/aigi/cf_train_v3_gan_aigi_9855623a8b7ce3e1_095328.png.png,complete
cf_train_v3_gan_aigi_985b1093069fd21b,gan_aigi,data/HFCF_small_74.parquet,0,1959,005419.png,PNG,StyleGAN2-ADA,stylegan2-ada,train,1,GAN,train_v3_additions/aigi/cf_train_v3_gan_aigi_985b1093069fd21b_005419.png.png,complete
cf_train_v3_gan_aigi_988625e0b0c15009,gan_aigi,data/HFCF_small_67.parquet,0,2987,006214.png,PNG,ProjectedGAN,projectedgan,train,1,GAN,train_v3_additions/aigi/cf_train_v3_gan_aigi_988625e0b0c15009_006214.png.png,complete
cf_train_v3_gan_aigi_991204319a5c06da,gan_aigi,data/HFCF_small_69.parquet,0,873,027089.png,PNG,StyleGAN2,stylegan2,train,1,GAN,train_v3_additions/aigi/cf_train_v3_gan_aigi_991204319a5c06da_027089.png.png,complete
cf_train_v3_gan_aigi_99b6feeac14be3d9,gan_aigi,data/HFCF_small_92.parquet,0,1594,024133.png,PNG,GigaGAN,gigagan,train,1,GAN,train_v3_additions/aigi/cf_train_v3_gan_aigi_99b6feeac14be3d9_024133.png.png,complete
cf_train_v3_gan_aigi_99d5beb130fc7a2c,gan_aigi,data/HFCF_small_69.parquet,0,1595,017119.png,PNG,StyleGAN2,stylegan2,train,1,GAN,train_v3_additions/aigi/cf_train_v3_gan_aigi_99d5beb130fc7a2c_017119.png.png,complete
cf_train_v3_gan_aigi_99f396a73ffe28f7,gan_aigi,data/HFCF_small_69.parquet,0,2916,024272.png,PNG,StyleGAN2,stylegan2,train,1,GAN,train_v3_additions/aigi/cf_train_v3_gan_aigi_99f396a73ffe28f7_024272.png.png,complete
cf_train_v3_gan_aigi_99f41489beff9c6f,gan_aigi,data/HFCF_small_75.parquet,0,371,009932.png,PNG,StyleSwin,styleswin,train,1,GAN,train_v3_additions/aigi/cf_train_v3_gan_aigi_99f41489beff9c6f_009932.png.png,complete
cf_train_v3_gan_aigi_9a20e544d585cba0,gan_aigi,data/HFCF_small_66.parquet,0,2165,009832.png,PNG,StyleGAN3,stylegan3,train,1,GAN,train_v3_additions/aigi/cf_train_v3_gan_aigi_9a20e544d585cba0_009832.png.png,complete
cf_train_v3_gan_aigi_9a646ebaeb6428b8,gan_aigi,data/HFCF_small_66.parquet,0,1384,008612.png,PNG,Gansformer,gansformer,train,1,GAN,train_v3_additions/aigi/cf_train_v3_gan_aigi_9a646ebaeb6428b8_008612.png.png,complete
cf_train_v3_gan_aigi_9a6d32bbeb8dd90e,gan_aigi,data/HFCF_small_66.parquet,0,2373,000512.png,PNG,StyleGAN3,stylegan3,train,1,GAN,train_v3_additions/aigi/cf_train_v3_gan_aigi_9a6d32bbeb8dd90e_000512.png.png,complete
cf_train_v3_gan_aigi_9ab07a52feaa22ca,gan_aigi,data/HFCF_small_73.parquet,0,1544,003263.png,PNG,StyleSANXL,stylesanxl,train,1,GAN,train_v3_additions/aigi/cf_train_v3_gan_aigi_9ab07a52feaa22ca_003263.png.png,complete
cf_train_v3_gan_aigi_9bbfa1780a54377e,gan_aigi,data/HFCF_small_80.parquet,0,2110,012686.png,PNG,StyleGANXL,styleganxl,train,1,GAN,train_v3_additions/aigi/cf_train_v3_gan_aigi_9bbfa1780a54377e_012686.png.png,complete
cf_train_v3_gan_aigi_9bdc1f677b49244c,gan_aigi,data/HFCF_small_69.parquet,0,1531,002357.png,PNG,StyleGAN2,stylegan2,train,1,GAN,train_v3_additions/aigi/cf_train_v3_gan_aigi_9bdc1f677b49244c_002357.png.png,complete
cf_train_v3_gan_aigi_9c110c7f850a5b48,gan_aigi,data/HFCF_small_73.parquet,0,1857,013045.png,PNG,StyleSANXL,stylesanxl,train,1,GAN,train_v3_additions/aigi/cf_train_v3_gan_aigi_9c110c7f850a5b48_013045.png.png,complete
cf_train_v3_gan_aigi_9cef2775693d7c0d,gan_aigi,data/HFCF_small_92.parquet,0,1575,052540.png,PNG,GigaGAN,gigagan,train,1,GAN,train_v3_additions/aigi/cf_train_v3_gan_aigi_9cef2775693d7c0d_052540.png.png,complete
cf_train_v3_gan_aigi_9d1367b33ed6ac2a,gan_aigi,data/HFCF_small_76.parquet,0,2451,001615.png,PNG,ProGAN,progan,train,1,GAN,train_v3_additions/aigi/cf_train_v3_gan_aigi_9d1367b33ed6ac2a_001615.png.png,complete
cf_train_v3_gan_aigi_9d61f883ec72301d,gan_aigi,data/HFCF_small_74.parquet,0,2589,000115.png,PNG,CIPS,cips,train,1,GAN,train_v3_additions/aigi/cf_train_v3_gan_aigi_9d61f883ec72301d_000115.png.png,complete
cf_train_v3_gan_aigi_9d6902f03d680a25,gan_aigi,data/HFCF_small_66.parquet,0,1474,001599.png,PNG,Gansformer,gansformer,train,1,GAN,train_v3_additions/aigi/cf_train_v3_gan_aigi_9d6902f03d680a25_001599.png.png,complete
cf_train_v3_gan_aigi_9d886b316af974f7,gan_aigi,data/HFCF_small_92.parquet,0,1398,095026.png,PNG,GigaGAN,gigagan,train,1,GAN,train_v3_additions/aigi/cf_train_v3_gan_aigi_9d886b316af974f7_095026.png.png,complete
cf_train_v3_gan_aigi_9dcaa717908838ca,gan_aigi,data/HFCF_small_74.parquet,0,2219,002241.png,PNG,CIPS,cips,train,1,GAN,train_v3_additions/aigi/cf_train_v3_gan_aigi_9dcaa717908838ca_002241.png.png,complete
cf_train_v3_gan_aigi_9dff153880f09eb9,gan_aigi,data/HFCF_small_74.parquet,0,2854,004510.png,PNG,CIPS,cips,train,1,GAN,train_v3_additions/aigi/cf_train_v3_gan_aigi_9dff153880f09eb9_004510.png.png,complete
cf_train_v3_gan_aigi_9e2257f6097229d7,gan_aigi,data/HFCF_small_80.parquet,0,1049,030875.png,PNG,StyleGANXL,styleganxl,train,1,GAN,train_v3_additions/aigi/cf_train_v3_gan_aigi_9e2257f6097229d7_030875.png.png,complete
cf_train_v3_gan_aigi_9e25530a92072bec,gan_aigi,data/HFCF_small_74.parquet,0,2848,007131.png,PNG,CIPS,cips,train,1,GAN,train_v3_additions/aigi/cf_train_v3_gan_aigi_9e25530a92072bec_007131.png.png,complete
cf_train_v3_gan_aigi_9e97e0528473cdc0,gan_aigi,data/HFCF_small_74.parquet,0,901,001210.png,PNG,StyleGAN2-ADA,stylegan2-ada,train,1,GAN,train_v3_additions/aigi/cf_train_v3_gan_aigi_9e97e0528473cdc0_001210.png.png,complete
cf_train_v3_gan_aigi_9edbbd4c407893cf,gan_aigi,data/HFCF_small_69.parquet,0,960,007780.png,PNG,StyleGAN2,stylegan2,train,1,GAN,train_v3_additions/aigi/cf_train_v3_gan_aigi_9edbbd4c407893cf_007780.png.png,complete
cf_train_v3_gan_aigi_9f110aeee8812732,gan_aigi,data/HFCF_small_66.parquet,0,1325,002250.png,PNG,Gansformer,gansformer,train,1,GAN,train_v3_additions/aigi/cf_train_v3_gan_aigi_9f110aeee8812732_002250.png.png,complete
cf_train_v3_gan_aigi_9f39f863d2b0b712,gan_aigi,data/HFCF_small_66.parquet,0,889,001896.png,PNG,Gansformer,gansformer,train,1,GAN,train_v3_additions/aigi/cf_train_v3_gan_aigi_9f39f863d2b0b712_001896.png.png,complete
cf_train_v3_gan_aigi_9f9bdedb1fc1a4e3,gan_aigi,data/HFCF_small_66.parquet,0,1771,000297.png,PNG,Gansformer,gansformer,train,1,GAN,train_v3_additions/aigi/cf_train_v3_gan_aigi_9f9bdedb1fc1a4e3_000297.png.png,complete
cf_train_v3_gan_aigi_9f9f007c37a89c2c,gan_aigi,data/HFCF_small_67.parquet,0,2496,004824.png,PNG,ProjectedGAN,projectedgan,train,1,GAN,train_v3_additions/aigi/cf_train_v3_gan_aigi_9f9f007c37a89c2c_004824.png.png,complete
cf_train_v3_gan_aigi_9fb196432d02a0ea,gan_aigi,data/HFCF_small_66.parquet,0,2339,004805.png,PNG,StyleGAN3,stylegan3,train,1,GAN,train_v3_additions/aigi/cf_train_v3_gan_aigi_9fb196432d02a0ea_004805.png.png,complete
cf_train_v3_gan_aigi_a011dd5190c65bf0,gan_aigi,data/HFCF_small_74.parquet,0,2295,007666.png,PNG,CIPS,cips,train,1,GAN,train_v3_additions/aigi/cf_train_v3_gan_aigi_a011dd5190c65bf0_007666.png.png,complete
cf_train_v3_gan_aigi_a0216e7094e6e4e1,gan_aigi,data/HFCF_small_67.parquet,0,2752,005756.png,PNG,ProjectedGAN,projectedgan,train,1,GAN,train_v3_additions/aigi/cf_train_v3_gan_aigi_a0216e7094e6e4e1_005756.png.png,complete
cf_train_v3_gan_aigi_a076066df9fc47a8,gan_aigi,data/HFCF_small_66.parquet,0,1235,009481.png,PNG,Gansformer,gansformer,train,1,GAN,train_v3_additions/aigi/cf_train_v3_gan_aigi_a076066df9fc47a8_009481.png.png,complete
cf_train_v3_gan_aigi_a0f21b498454a878,gan_aigi,data/HFCF_small_66.parquet,0,2048,007341.png,PNG,StyleGAN3,stylegan3,train,1,GAN,train_v3_additions/aigi/cf_train_v3_gan_aigi_a0f21b498454a878_007341.png.png,complete
cf_train_v3_gan_aigi_a0f2e4fd9250e0c9,gan_aigi,data/HFCF_small_84.parquet,0,528,043323.png,PNG,BigGAN,biggan,train,1,GAN,train_v3_additions/aigi/cf_train_v3_gan_aigi_a0f2e4fd9250e0c9_043323.png.png,complete
cf_train_v3_gan_aigi_a172980190c553d7,gan_aigi,data/HFCF_small_66.parquet,0,1747,007475.png,PNG,Gansformer,gansformer,train,1,GAN,train_v3_additions/aigi/cf_train_v3_gan_aigi_a172980190c553d7_007475.png.png,complete
cf_train_v3_gan_aigi_a1dcd078f24a6f56,gan_aigi,data/HFCF_small_92.parquet,0,227,116092.png,PNG,GigaGAN,gigagan,train,1,GAN,train_v3_additions/aigi/cf_train_v3_gan_aigi_a1dcd078f24a6f56_116092.png.png,complete
cf_train_v3_gan_aigi_a2466f5b895f48ab,gan_aigi,data/HFCF_small_76.parquet,0,2865,017462.png,PNG,ProGAN,progan,train,1,GAN,train_v3_additions/aigi/cf_train_v3_gan_aigi_a2466f5b895f48ab_017462.png.png,complete
cf_train_v3_gan_aigi_a2bfa74c352b3162,gan_aigi,data/HFCF_small_92.parquet,0,656,055437.png,PNG,GigaGAN,gigagan,train,1,GAN,train_v3_additions/aigi/cf_train_v3_gan_aigi_a2bfa74c352b3162_055437.png.png,complete
cf_train_v3_gan_aigi_a2ea56470619c2c4,gan_aigi,data/HFCF_small_92.parquet,0,67,134736.png,PNG,GigaGAN,gigagan,train,1,GAN,train_v3_additions/aigi/cf_train_v3_gan_aigi_a2ea56470619c2c4_134736.png.png,complete
cf_train_v3_gan_aigi_a39a5a1e38548a24,gan_aigi,data/HFCF_small_80.parquet,0,2959,024414.png,PNG,StyleGANXL,styleganxl,train,1,GAN,train_v3_additions/aigi/cf_train_v3_gan_aigi_a39a5a1e38548a24_024414.png.png,complete
cf_train_v3_gan_aigi_a3a472ab42cafbd0,gan_aigi,data/HFCF_small_76.parquet,0,2800,027621.png,PNG,ProGAN,progan,train,1,GAN,train_v3_additions/aigi/cf_train_v3_gan_aigi_a3a472ab42cafbd0_027621.png.png,complete
cf_train_v3_gan_aigi_a3d4ad8a3089c084,gan_aigi,data/HFCF_small_66.parquet,0,2369,003389.png,PNG,StyleGAN3,stylegan3,train,1,GAN,train_v3_additions/aigi/cf_train_v3_gan_aigi_a3d4ad8a3089c084_003389.png.png,complete
cf_train_v3_gan_aigi_a3efee45a163c7ab,gan_aigi,data/HFCF_small_73.parquet,0,2078,032840.png,PNG,StyleSANXL,stylesanxl,train,1,GAN,train_v3_additions/aigi/cf_train_v3_gan_aigi_a3efee45a163c7ab_032840.png.png,complete
cf_train_v3_gan_aigi_a4955933f4a9687f,gan_aigi,data/HFCF_small_69.parquet,0,1119,027830.png,PNG,StyleGAN2,stylegan2,train,1,GAN,train_v3_additions/aigi/cf_train_v3_gan_aigi_a4955933f4a9687f_027830.png.png,complete
cf_train_v3_gan_aigi_a52e78335807160b,gan_aigi,data/HFCF_small_74.parquet,0,2403,008283.png,PNG,CIPS,cips,train,1,GAN,train_v3_additions/aigi/cf_train_v3_gan_aigi_a52e78335807160b_008283.png.png,complete
cf_train_v3_gan_aigi_a5455174c41e0509,gan_aigi,data/HFCF_small_73.parquet,0,161,016109.png,PNG,StyleSANXL,stylesanxl,train,1,GAN,train_v3_additions/aigi/cf_train_v3_gan_aigi_a5455174c41e0509_016109.png.png,complete
cf_train_v3_gan_aigi_a5593d504817dc9d,gan_aigi,data/HFCF_small_66.parquet,0,1729,008751.png,PNG,Gansformer,gansformer,train,1,GAN,train_v3_additions/aigi/cf_train_v3_gan_aigi_a5593d504817dc9d_008751.png.png,complete
cf_train_v3_gan_aigi_a5e50c971c1fd080,gan_aigi,data/HFCF_small_84.parquet,0,120,036877.png,PNG,BigGAN,biggan,train,1,GAN,train_v3_additions/aigi/cf_train_v3_gan_aigi_a5e50c971c1fd080_036877.png.png,complete
cf_train_v3_gan_aigi_a5fdf3d7634b32bb,gan_aigi,data/HFCF_small_73.parquet,0,1838,049279.png,PNG,StyleSANXL,stylesanxl,train,1,GAN,train_v3_additions/aigi/cf_train_v3_gan_aigi_a5fdf3d7634b32bb_049279.png.png,complete
cf_train_v3_gan_aigi_a636b7acf40c17d0,gan_aigi,data/HFCF_small_66.parquet,0,2063,001532.png,PNG,StyleGAN3,stylegan3,train,1,GAN,train_v3_additions/aigi/cf_train_v3_gan_aigi_a636b7acf40c17d0_001532.png.png,complete
cf_train_v3_gan_aigi_a6bb137399663407,gan_aigi,data/HFCF_small_74.parquet,0,1338,003866.png,PNG,StyleGAN2-ADA,stylegan2-ada,train,1,GAN,train_v3_additions/aigi/cf_train_v3_gan_aigi_a6bb137399663407_003866.png.png,complete
cf_train_v3_gan_aigi_a701fecaf8bf197f,gan_aigi,data/HFCF_small_76.parquet,0,1691,024465.png,PNG,ProGAN,progan,train,1,GAN,train_v3_additions/aigi/cf_train_v3_gan_aigi_a701fecaf8bf197f_024465.png.png,complete
cf_train_v3_gan_aigi_a772b0cac769a580,gan_aigi,data/HFCF_small_75.parquet,0,1287,010200.png,PNG,StyleSwin,styleswin,train,1,GAN,train_v3_additions/aigi/cf_train_v3_gan_aigi_a772b0cac769a580_010200.png.png,complete
cf_train_v3_gan_aigi_a7b32ebb6cbca3cc,gan_aigi,data/HFCF_small_92.parquet,0,2168,099754.png,PNG,GigaGAN,gigagan,train,1,GAN,train_v3_additions/aigi/cf_train_v3_gan_aigi_a7b32ebb6cbca3cc_099754.png.png,complete
cf_train_v3_gan_aigi_a7d6ae8671be1ed4,gan_aigi,data/HFCF_small_92.parquet,0,2734,094123.png,PNG,GigaGAN,gigagan,train,1,GAN,train_v3_additions/aigi/cf_train_v3_gan_aigi_a7d6ae8671be1ed4_094123.png.png,complete
cf_train_v3_gan_aigi_a85e128cf938e207,gan_aigi,data/HFCF_small_66.parquet,0,2344,008534.png,PNG,StyleGAN3,stylegan3,train,1,GAN,train_v3_additions/aigi/cf_train_v3_gan_aigi_a85e128cf938e207_008534.png.png,complete
cf_train_v3_gan_aigi_a8b39b3b2efd3c49,gan_aigi,data/HFCF_small_67.parquet,0,2235,004220.png,PNG,ProjectedGAN,projectedgan,train,1,GAN,train_v3_additions/aigi/cf_train_v3_gan_aigi_a8b39b3b2efd3c49_004220.png.png,complete
cf_train_v3_gan_aigi_a8bb8e53fb4ea0ea,gan_aigi,data/HFCF_small_80.parquet,0,1682,056404.png,PNG,StyleGANXL,styleganxl,train,1,GAN,train_v3_additions/aigi/cf_train_v3_gan_aigi_a8bb8e53fb4ea0ea_056404.png.png,complete
cf_train_v3_gan_aigi_a95285d01d3f87d6,gan_aigi,data/HFCF_small_75.parquet,0,2744,010469.png,PNG,StyleSwin,styleswin,train,1,GAN,train_v3_additions/aigi/cf_train_v3_gan_aigi_a95285d01d3f87d6_010469.png.png,complete
cf_train_v3_gan_aigi_a9f419455b235cbe,gan_aigi,data/HFCF_small_75.parquet,0,202,010437.png,PNG,StyleSwin,styleswin,train,1,GAN,train_v3_additions/aigi/cf_train_v3_gan_aigi_a9f419455b235cbe_010437.png.png,complete
cf_train_v3_gan_aigi_aa2d2c5c65f8ee9c,gan_aigi,data/HFCF_small_76.parquet,0,2958,017964.png,PNG,ProGAN,progan,train,1,GAN,train_v3_additions/aigi/cf_train_v3_gan_aigi_aa2d2c5c65f8ee9c_017964.png.png,complete
cf_train_v3_gan_aigi_aa7dd2cce583c9a3,gan_aigi,data/HFCF_small_69.parquet,0,2182,029527.png,PNG,StyleGAN2,stylegan2,train,1,GAN,train_v3_additions/aigi/cf_train_v3_gan_aigi_aa7dd2cce583c9a3_029527.png.png,complete
cf_train_v3_gan_aigi_aa9570095898c2e2,gan_aigi,data/HFCF_small_75.parquet,0,2077,007436.png,PNG,StyleSwin,styleswin,train,1,GAN,train_v3_additions/aigi/cf_train_v3_gan_aigi_aa9570095898c2e2_007436.png.png,complete
cf_train_v3_gan_aigi_aab51e1fd461a7dc,gan_aigi,data/HFCF_small_74.parquet,0,2114,005960.png,PNG,CIPS,cips,train,1,GAN,train_v3_additions/aigi/cf_train_v3_gan_aigi_aab51e1fd461a7dc_005960.png.png,complete
cf_train_v3_gan_aigi_ab0ce8aaba1614c9,gan_aigi,data/HFCF_small_74.parquet,0,2016,001760.png,PNG,StyleGAN2-ADA,stylegan2-ada,train,1,GAN,train_v3_additions/aigi/cf_train_v3_gan_aigi_ab0ce8aaba1614c9_001760.png.png,complete
cf_train_v3_gan_aigi_ac6c96ec35a68ce3,gan_aigi,data/HFCF_small_74.parquet,0,1914,003887.png,PNG,StyleGAN2-ADA,stylegan2-ada,train,1,GAN,train_v3_additions/aigi/cf_train_v3_gan_aigi_ac6c96ec35a68ce3_003887.png.png,complete
cf_train_v3_gan_aigi_ac7264f13c3e06d4,gan_aigi,data/HFCF_small_84.parquet,0,1128,059104.png,PNG,BigGAN,biggan,train,1,GAN,train_v3_additions/aigi/cf_train_v3_gan_aigi_ac7264f13c3e06d4_059104.png.png,complete
cf_train_v3_gan_aigi_ac9ebabc2399d4cd,gan_aigi,data/HFCF_small_66.parquet,0,904,008241.png,PNG,Gansformer,gansformer,train,1,GAN,train_v3_additions/aigi/cf_train_v3_gan_aigi_ac9ebabc2399d4cd_008241.png.png,complete
cf_train_v3_gan_aigi_acaecf6bb91b9732,gan_aigi,data/HFCF_small_84.parquet,0,307,083801.png,PNG,BigGAN,biggan,train,1,GAN,train_v3_additions/aigi/cf_train_v3_gan_aigi_acaecf6bb91b9732_083801.png.png,complete
cf_train_v3_gan_aigi_acd4e8d269609914,gan_aigi,data/HFCF_small_69.parquet,0,1553,005902.png,PNG,StyleGAN2,stylegan2,train,1,GAN,train_v3_additions/aigi/cf_train_v3_gan_aigi_acd4e8d269609914_005902.png.png,complete
cf_train_v3_gan_aigi_ace0804bf2da8c59,gan_aigi,data/HFCF_small_84.parquet,0,2119,004850.png,PNG,BigGAN,biggan,train,1,GAN,train_v3_additions/aigi/cf_train_v3_gan_aigi_ace0804bf2da8c59_004850.png.png,complete
cf_train_v3_gan_aigi_ad09d6008dd3249e,gan_aigi,data/HFCF_small_84.parquet,0,1572,074051.png,PNG,BigGAN,biggan,train,1,GAN,train_v3_additions/aigi/cf_train_v3_gan_aigi_ad09d6008dd3249e_074051.png.png,complete
cf_train_v3_gan_aigi_ad11225758575a05,gan_aigi,data/HFCF_small_74.parquet,0,2694,009793.png,PNG,CIPS,cips,train,1,GAN,train_v3_additions/aigi/cf_train_v3_gan_aigi_ad11225758575a05_009793.png.png,complete
cf_train_v3_gan_aigi_ade8ad08f2f585f1,gan_aigi,data/HFCF_small_76.parquet,0,1441,027993.png,PNG,ProGAN,progan,train,1,GAN,train_v3_additions/aigi/cf_train_v3_gan_aigi_ade8ad08f2f585f1_027993.png.png,complete
cf_train_v3_gan_aigi_ae4840fa9bfdd200,gan_aigi,data/HFCF_small_66.parquet,0,2014,004291.png,PNG,StyleGAN3,stylegan3,train,1,GAN,train_v3_additions/aigi/cf_train_v3_gan_aigi_ae4840fa9bfdd200_004291.png.png,complete
cf_train_v3_gan_aigi_aea29f47f202a603,gan_aigi,data/HFCF_small_92.parquet,0,2490,107518.png,PNG,GigaGAN,gigagan,train,1,GAN,train_v3_additions/aigi/cf_train_v3_gan_aigi_aea29f47f202a603_107518.png.png,complete
cf_train_v3_gan_aigi_aebff3dec7432e5a,gan_aigi,data/HFCF_small_75.parquet,0,588,000190.png,PNG,StyleSwin,styleswin,train,1,GAN,train_v3_additions/aigi/cf_train_v3_gan_aigi_aebff3dec7432e5a_000190.png.png,complete
cf_train_v3_gan_aigi_afaa5a4f7829c5d1,gan_aigi,data/HFCF_small_69.parquet,0,494,020799.png,PNG,StyleGAN2,stylegan2,train,1,GAN,train_v3_additions/aigi/cf_train_v3_gan_aigi_afaa5a4f7829c5d1_020799.png.png,complete
cf_train_v3_gan_aigi_b13a048ad2fd743f,gan_aigi,data/HFCF_small_67.parquet,0,2795,003485.png,PNG,ProjectedGAN,projectedgan,train,1,GAN,train_v3_additions/aigi/cf_train_v3_gan_aigi_b13a048ad2fd743f_003485.png.png,complete
cf_train_v3_gan_aigi_b1f703b7c7298c98,gan_aigi,data/HFCF_small_80.parquet,0,1671,035705.png,PNG,StyleGANXL,styleganxl,train,1,GAN,train_v3_additions/aigi/cf_train_v3_gan_aigi_b1f703b7c7298c98_035705.png.png,complete
cf_train_v3_gan_aigi_b2162ceee9787b4e,gan_aigi,data/HFCF_small_66.parquet,0,782,005231.png,PNG,Gansformer,gansformer,train,1,GAN,train_v3_additions/aigi/cf_train_v3_gan_aigi_b2162ceee9787b4e_005231.png.png,complete
cf_train_v3_gan_aigi_b23b998e62146ed2,gan_aigi,data/HFCF_small_66.parquet,0,2531,004324.png,PNG,StyleGAN3,stylegan3,train,1,GAN,train_v3_additions/aigi/cf_train_v3_gan_aigi_b23b998e62146ed2_004324.png.png,complete
cf_train_v3_gan_aigi_b25ceb68a8a396cb,gan_aigi,data/HFCF_small_74.parquet,0,2014,000733.png,PNG,StyleGAN2-ADA,stylegan2-ada,train,1,GAN,train_v3_additions/aigi/cf_train_v3_gan_aigi_b25ceb68a8a396cb_000733.png.png,complete
cf_train_v3_gan_aigi_b28baeaabc7a366a,gan_aigi,data/HFCF_small_66.parquet,0,1999,000786.png,PNG,StyleGAN3,stylegan3,train,1,GAN,train_v3_additions/aigi/cf_train_v3_gan_aigi_b28baeaabc7a366a_000786.png.png,complete
cf_train_v3_gan_aigi_b295b80a1d1d1ea9,gan_aigi,data/HFCF_small_66.parquet,0,1807,002166.png,PNG,StyleGAN3,stylegan3,train,1,GAN,train_v3_additions/aigi/cf_train_v3_gan_aigi_b295b80a1d1d1ea9_002166.png.png,complete
cf_train_v3_gan_aigi_b2e7b39cb2df277a,gan_aigi,data/HFCF_small_92.parquet,0,200,000471.png,PNG,GigaGAN,gigagan,train,1,GAN,train_v3_additions/aigi/cf_train_v3_gan_aigi_b2e7b39cb2df277a_000471.png.png,complete
cf_train_v3_gan_aigi_b329c858a7493bf5,gan_aigi,data/HFCF_small_66.parquet,0,1124,008755.png,PNG,Gansformer,gansformer,train,1,GAN,train_v3_additions/aigi/cf_train_v3_gan_aigi_b329c858a7493bf5_008755.png.png,complete
cf_train_v3_gan_aigi_b3d1ea75ec8eb268,gan_aigi,data/HFCF_small_74.parquet,0,2743,009556.png,PNG,CIPS,cips,train,1,GAN,train_v3_additions/aigi/cf_train_v3_gan_aigi_b3d1ea75ec8eb268_009556.png.png,complete
cf_train_v3_gan_aigi_b3d65ef74c4e2ada,gan_aigi,data/HFCF_small_66.parquet,0,2166,009723.png,PNG,StyleGAN3,stylegan3,train,1,GAN,train_v3_additions/aigi/cf_train_v3_gan_aigi_b3d65ef74c4e2ada_009723.png.png,complete
cf_train_v3_gan_aigi_b3f29f2c1d19c1b1,gan_aigi,data/HFCF_small_76.parquet,0,2886,003003.png,PNG,ProGAN,progan,train,1,GAN,train_v3_additions/aigi/cf_train_v3_gan_aigi_b3f29f2c1d19c1b1_003003.png.png,complete
cf_train_v3_gan_aigi_b46dd660f87b1c1a,gan_aigi,data/HFCF_small_66.parquet,0,1192,000880.png,PNG,Gansformer,gansformer,train,1,GAN,train_v3_additions/aigi/cf_train_v3_gan_aigi_b46dd660f87b1c1a_000880.png.png,complete
cf_train_v3_gan_aigi_b4a81e662c7155bd,gan_aigi,data/HFCF_small_66.parquet,0,2555,004474.png,PNG,StyleGAN3,stylegan3,train,1,GAN,train_v3_additions/aigi/cf_train_v3_gan_aigi_b4a81e662c7155bd_004474.png.png,complete
cf_train_v3_gan_aigi_b4aad3f4e90ffe42,gan_aigi,data/HFCF_small_66.parquet,0,2111,002832.png,PNG,StyleGAN3,stylegan3,train,1,GAN,train_v3_additions/aigi/cf_train_v3_gan_aigi_b4aad3f4e90ffe42_002832.png.png,complete
cf_train_v3_gan_aigi_b4b0717e6f3a0396,gan_aigi,data/HFCF_small_76.parquet,0,1450,008804.png,PNG,ProGAN,progan,train,1,GAN,train_v3_additions/aigi/cf_train_v3_gan_aigi_b4b0717e6f3a0396_008804.png.png,complete
cf_train_v3_gan_aigi_b4c16e1290ab6590,gan_aigi,data/HFCF_small_66.parquet,0,1298,008622.png,PNG,Gansformer,gansformer,train,1,GAN,train_v3_additions/aigi/cf_train_v3_gan_aigi_b4c16e1290ab6590_008622.png.png,complete
cf_train_v3_gan_aigi_b4fa3e2d314436d2,gan_aigi,data/HFCF_small_76.parquet,0,1535,005356.png,PNG,ProGAN,progan,train,1,GAN,train_v3_additions/aigi/cf_train_v3_gan_aigi_b4fa3e2d314436d2_005356.png.png,complete
cf_train_v3_gan_aigi_b4fa927780eb59a7,gan_aigi,data/HFCF_small_74.parquet,0,2279,004633.png,PNG,CIPS,cips,train,1,GAN,train_v3_additions/aigi/cf_train_v3_gan_aigi_b4fa927780eb59a7_004633.png.png,complete
cf_train_v3_gan_aigi_b521c4dff0e6f66b,gan_aigi,data/HFCF_small_80.parquet,0,710,041187.png,PNG,StyleGANXL,styleganxl,train,1,GAN,train_v3_additions/aigi/cf_train_v3_gan_aigi_b521c4dff0e6f66b_041187.png.png,complete
cf_train_v3_gan_aigi_b581350cbc0cf30f,gan_aigi,data/HFCF_small_74.parquet,0,2185,006533.png,PNG,CIPS,cips,train,1,GAN,train_v3_additions/aigi/cf_train_v3_gan_aigi_b581350cbc0cf30f_006533.png.png,complete
cf_train_v3_gan_aigi_b5dc8dfff7d5ca29,gan_aigi,data/HFCF_small_76.parquet,0,2465,019084.png,PNG,ProGAN,progan,train,1,GAN,train_v3_additions/aigi/cf_train_v3_gan_aigi_b5dc8dfff7d5ca29_019084.png.png,complete
cf_train_v3_gan_aigi_b61262f806d4e671,gan_aigi,data/HFCF_small_74.parquet,0,1047,009491.png,PNG,StyleGAN2-ADA,stylegan2-ada,train,1,GAN,train_v3_additions/aigi/cf_train_v3_gan_aigi_b61262f806d4e671_009491.png.png,complete
cf_train_v3_gan_aigi_b61b461aa9eb254b,gan_aigi,data/HFCF_small_92.parquet,0,544,098954.png,PNG,GigaGAN,gigagan,train,1,GAN,train_v3_additions/aigi/cf_train_v3_gan_aigi_b61b461aa9eb254b_098954.png.png,complete
cf_train_v3_gan_aigi_b61c5bcff42f3310,gan_aigi,data/HFCF_small_69.parquet,0,1538,021887.png,PNG,StyleGAN2,stylegan2,train,1,GAN,train_v3_additions/aigi/cf_train_v3_gan_aigi_b61c5bcff42f3310_021887.png.png,complete
cf_train_v3_gan_aigi_b64df6c6118f4866,gan_aigi,data/HFCF_small_66.parquet,0,1071,002357.png,PNG,Gansformer,gansformer,train,1,GAN,train_v3_additions/aigi/cf_train_v3_gan_aigi_b64df6c6118f4866_002357.png.png,complete
cf_train_v3_gan_aigi_b67b776f046b206d,gan_aigi,data/HFCF_small_76.parquet,0,1442,017479.png,PNG,ProGAN,progan,train,1,GAN,train_v3_additions/aigi/cf_train_v3_gan_aigi_b67b776f046b206d_017479.png.png,complete
cf_train_v3_gan_aigi_b6b7eb0c0628cb5a,gan_aigi,data/HFCF_small_73.parquet,0,729,034239.png,PNG,StyleSANXL,stylesanxl,train,1,GAN,train_v3_additions/aigi/cf_train_v3_gan_aigi_b6b7eb0c0628cb5a_034239.png.png,complete
cf_train_v3_gan_aigi_b6de96008ae82621,gan_aigi,data/HFCF_small_74.parquet,0,2471,001790.png,PNG,CIPS,cips,train,1,GAN,train_v3_additions/aigi/cf_train_v3_gan_aigi_b6de96008ae82621_001790.png.png,complete
cf_train_v3_gan_aigi_b6f0c5875c98eb5a,gan_aigi,data/HFCF_small_66.parquet,0,2508,005912.png,PNG,StyleGAN3,stylegan3,train,1,GAN,train_v3_additions/aigi/cf_train_v3_gan_aigi_b6f0c5875c98eb5a_005912.png.png,complete
cf_train_v3_gan_aigi_b74fde40bc018257,gan_aigi,data/HFCF_small_66.parquet,0,1302,008265.png,PNG,Gansformer,gansformer,train,1,GAN,train_v3_additions/aigi/cf_train_v3_gan_aigi_b74fde40bc018257_008265.png.png,complete
cf_train_v3_gan_aigi_b76a1959ffcacc1f,gan_aigi,data/HFCF_small_76.parquet,0,1507,010837.png,PNG,ProGAN,progan,train,1,GAN,train_v3_additions/aigi/cf_train_v3_gan_aigi_b76a1959ffcacc1f_010837.png.png,complete
cf_train_v3_gan_aigi_b7a60f25783acfe9,gan_aigi,data/HFCF_small_73.parquet,0,2801,026624.png,PNG,StyleSANXL,stylesanxl,train,1,GAN,train_v3_additions/aigi/cf_train_v3_gan_aigi_b7a60f25783acfe9_026624.png.png,complete
cf_train_v3_gan_aigi_b7d88ce8677f3982,gan_aigi,data/HFCF_small_67.parquet,0,2914,003195.png,PNG,ProjectedGAN,projectedgan,train,1,GAN,train_v3_additions/aigi/cf_train_v3_gan_aigi_b7d88ce8677f3982_003195.png.png,complete
cf_train_v3_gan_aigi_b8401aeb9a86a78f,gan_aigi,data/HFCF_small_75.parquet,0,1953,007029.png,PNG,StyleSwin,styleswin,train,1,GAN,train_v3_additions/aigi/cf_train_v3_gan_aigi_b8401aeb9a86a78f_007029.png.png,complete
cf_train_v3_gan_aigi_b8c344ef6a89744c,gan_aigi,data/HFCF_small_92.parquet,0,900,157644.png,PNG,GigaGAN,gigagan,train,1,GAN,train_v3_additions/aigi/cf_train_v3_gan_aigi_b8c344ef6a89744c_157644.png.png,complete
cf_train_v3_gan_aigi_b91b78b0403bf1ff,gan_aigi,data/HFCF_small_67.parquet,0,2474,006483.png,PNG,ProjectedGAN,projectedgan,train,1,GAN,train_v3_additions/aigi/cf_train_v3_gan_aigi_b91b78b0403bf1ff_006483.png.png,complete
cf_train_v3_gan_aigi_b9a1e6c726de8e4f,gan_aigi,data/HFCF_small_75.parquet,0,1561,008344.png,PNG,StyleSwin,styleswin,train,1,GAN,train_v3_additions/aigi/cf_train_v3_gan_aigi_b9a1e6c726de8e4f_008344.png.png,complete
cf_train_v3_gan_aigi_b9a8a6d75c90c005,gan_aigi,data/HFCF_small_67.parquet,0,2498,002967.png,PNG,ProjectedGAN,projectedgan,train,1,GAN,train_v3_additions/aigi/cf_train_v3_gan_aigi_b9a8a6d75c90c005_002967.png.png,complete
cf_train_v3_gan_aigi_b9e3c8e088e232b3,gan_aigi,data/HFCF_small_66.parquet,0,1578,001328.png,PNG,Gansformer,gansformer,train,1,GAN,train_v3_additions/aigi/cf_train_v3_gan_aigi_b9e3c8e088e232b3_001328.png.png,complete
cf_train_v3_gan_aigi_ba2d77717e39b48a,gan_aigi,data/HFCF_small_92.parquet,0,2112,115343.png,PNG,GigaGAN,gigagan,train,1,GAN,train_v3_additions/aigi/cf_train_v3_gan_aigi_ba2d77717e39b48a_115343.png.png,complete
cf_train_v3_gan_aigi_ba371016899c1eb0,gan_aigi,data/HFCF_small_84.parquet,0,191,090663.png,PNG,BigGAN,biggan,train,1,GAN,train_v3_additions/aigi/cf_train_v3_gan_aigi_ba371016899c1eb0_090663.png.png,complete
cf_train_v3_gan_aigi_bac597ef64286b23,gan_aigi,data/HFCF_small_67.parquet,0,2932,006723.png,PNG,ProjectedGAN,projectedgan,train,1,GAN,train_v3_additions/aigi/cf_train_v3_gan_aigi_bac597ef64286b23_006723.png.png,complete
cf_train_v3_gan_aigi_bada9b713f1a81af,gan_aigi,data/HFCF_small_66.parquet,0,2965,001305.png,PNG,StyleGAN3,stylegan3,train,1,GAN,train_v3_additions/aigi/cf_train_v3_gan_aigi_bada9b713f1a81af_001305.png.png,complete
cf_train_v3_gan_aigi_bb239c51befd1094,gan_aigi,data/HFCF_small_74.parquet,0,2303,006902.png,PNG,CIPS,cips,train,1,GAN,train_v3_additions/aigi/cf_train_v3_gan_aigi_bb239c51befd1094_006902.png.png,complete
cf_train_v3_gan_aigi_bb2cace63b6df4f2,gan_aigi,data/HFCF_small_75.parquet,0,1512,011948.png,PNG,StyleSwin,styleswin,train,1,GAN,train_v3_additions/aigi/cf_train_v3_gan_aigi_bb2cace63b6df4f2_011948.png.png,complete
cf_train_v3_gan_aigi_bb703081618d22c7,gan_aigi,data/HFCF_small_84.parquet,0,2173,060711.png,PNG,BigGAN,biggan,train,1,GAN,train_v3_additions/aigi/cf_train_v3_gan_aigi_bb703081618d22c7_060711.png.png,complete
cf_train_v3_gan_aigi_bc208ec68be0b826,gan_aigi,data/HFCF_small_76.parquet,0,2019,017862.png,PNG,ProGAN,progan,train,1,GAN,train_v3_additions/aigi/cf_train_v3_gan_aigi_bc208ec68be0b826_017862.png.png,complete
cf_train_v3_gan_aigi_bc326622913cbd80,gan_aigi,data/HFCF_small_67.parquet,0,2972,001412.png,PNG,ProjectedGAN,projectedgan,train,1,GAN,train_v3_additions/aigi/cf_train_v3_gan_aigi_bc326622913cbd80_001412.png.png,complete
cf_train_v3_gan_aigi_bc76b50c16b2ff64,gan_aigi,data/HFCF_small_80.parquet,0,819,047669.png,PNG,StyleGANXL,styleganxl,train,1,GAN,train_v3_additions/aigi/cf_train_v3_gan_aigi_bc76b50c16b2ff64_047669.png.png,complete
cf_train_v3_gan_aigi_bc851603a4851b4e,gan_aigi,data/HFCF_small_76.parquet,0,2190,026593.png,PNG,ProGAN,progan,train,1,GAN,train_v3_additions/aigi/cf_train_v3_gan_aigi_bc851603a4851b4e_026593.png.png,complete
cf_train_v3_gan_aigi_bcdb4305e836a2a1,gan_aigi,data/HFCF_small_92.parquet,0,2887,116714.png,PNG,GigaGAN,gigagan,train,1,GAN,train_v3_additions/aigi/cf_train_v3_gan_aigi_bcdb4305e836a2a1_116714.png.png,complete
cf_train_v3_gan_aigi_bd27d890d544d32d,gan_aigi,data/HFCF_small_74.parquet,0,2457,003883.png,PNG,CIPS,cips,train,1,GAN,train_v3_additions/aigi/cf_train_v3_gan_aigi_bd27d890d544d32d_003883.png.png,complete
cf_train_v3_gan_aigi_bd5e1d56dce8af07,gan_aigi,data/HFCF_small_74.parquet,0,2526,007044.png,PNG,CIPS,cips,train,1,GAN,train_v3_additions/aigi/cf_train_v3_gan_aigi_bd5e1d56dce8af07_007044.png.png,complete
cf_train_v3_gan_aigi_bd6b56f98504663f,gan_aigi,data/HFCF_small_74.parquet,0,2054,003727.png,PNG,StyleGAN2-ADA,stylegan2-ada,train,1,GAN,train_v3_additions/aigi/cf_train_v3_gan_aigi_bd6b56f98504663f_003727.png.png,complete
cf_train_v3_gan_aigi_bd7831ecd8bd3fbd,gan_aigi,data/HFCF_small_73.parquet,0,2207,001877.png,PNG,StyleSANXL,stylesanxl,train,1,GAN,train_v3_additions/aigi/cf_train_v3_gan_aigi_bd7831ecd8bd3fbd_001877.png.png,complete
cf_train_v3_gan_aigi_be5a844e4005e555,gan_aigi,data/HFCF_small_66.parquet,0,907,004277.png,PNG,Gansformer,gansformer,train,1,GAN,train_v3_additions/aigi/cf_train_v3_gan_aigi_be5a844e4005e555_004277.png.png,complete
cf_train_v3_gan_aigi_be6e8e11961380b9,gan_aigi,data/HFCF_small_84.parquet,0,577,071415.png,PNG,BigGAN,biggan,train,1,GAN,train_v3_additions/aigi/cf_train_v3_gan_aigi_be6e8e11961380b9_071415.png.png,complete
cf_train_v3_gan_aigi_be74a41838314274,gan_aigi,data/HFCF_small_74.parquet,0,1279,006046.png,PNG,StyleGAN2-ADA,stylegan2-ada,train,1,GAN,train_v3_additions/aigi/cf_train_v3_gan_aigi_be74a41838314274_006046.png.png,complete
cf_train_v3_gan_aigi_bec8869a9cabd58e,gan_aigi,data/HFCF_small_66.parquet,0,1959,009770.png,PNG,StyleGAN3,stylegan3,train,1,GAN,train_v3_additions/aigi/cf_train_v3_gan_aigi_bec8869a9cabd58e_009770.png.png,complete
cf_train_v3_gan_aigi_bf41bdb98bd3f39c,gan_aigi,data/HFCF_small_66.parquet,0,1022,008429.png,PNG,Gansformer,gansformer,train,1,GAN,train_v3_additions/aigi/cf_train_v3_gan_aigi_bf41bdb98bd3f39c_008429.png.png,complete
cf_train_v3_gan_aigi_bf4538819fa90c2c,gan_aigi,data/HFCF_small_69.parquet,0,1980,022647.png,PNG,StyleGAN2,stylegan2,train,1,GAN,train_v3_additions/aigi/cf_train_v3_gan_aigi_bf4538819fa90c2c_022647.png.png,complete
cf_train_v3_gan_aigi_bf59e680eaf1b3b4,gan_aigi,data/HFCF_small_74.parquet,0,2803,003335.png,PNG,CIPS,cips,train,1,GAN,train_v3_additions/aigi/cf_train_v3_gan_aigi_bf59e680eaf1b3b4_003335.png.png,complete
cf_train_v3_gan_aigi_bf9a663fa493698b,gan_aigi,data/HFCF_small_66.parquet,0,1264,006335.png,PNG,Gansformer,gansformer,train,1,GAN,train_v3_additions/aigi/cf_train_v3_gan_aigi_bf9a663fa493698b_006335.png.png,complete
cf_train_v3_gan_aigi_c016120604e94bc0,gan_aigi,data/HFCF_small_80.parquet,0,1464,022527.png,PNG,StyleGANXL,styleganxl,train,1,GAN,train_v3_additions/aigi/cf_train_v3_gan_aigi_c016120604e94bc0_022527.png.png,complete
cf_train_v3_gan_aigi_c0896fce2d36dc98,gan_aigi,data/HFCF_small_75.parquet,0,1227,012261.png,PNG,StyleSwin,styleswin,train,1,GAN,train_v3_additions/aigi/cf_train_v3_gan_aigi_c0896fce2d36dc98_012261.png.png,complete
cf_train_v3_gan_aigi_c0c0873b027c6f6e,gan_aigi,data/HFCF_small_80.parquet,0,523,029190.png,PNG,StyleGANXL,styleganxl,train,1,GAN,train_v3_additions/aigi/cf_train_v3_gan_aigi_c0c0873b027c6f6e_029190.png.png,complete
cf_train_v3_gan_aigi_c0f8d7b78d4678ec,gan_aigi,data/HFCF_small_69.parquet,0,2780,025793.png,PNG,StyleGAN2,stylegan2,train,1,GAN,train_v3_additions/aigi/cf_train_v3_gan_aigi_c0f8d7b78d4678ec_025793.png.png,complete
cf_train_v3_gan_aigi_c157c02c9d9f3205,gan_aigi,data/HFCF_small_92.parquet,0,364,064953.png,PNG,GigaGAN,gigagan,train,1,GAN,train_v3_additions/aigi/cf_train_v3_gan_aigi_c157c02c9d9f3205_064953.png.png,complete
cf_train_v3_gan_aigi_c182b1bcf0197c4e,gan_aigi,data/HFCF_small_74.parquet,0,2824,009463.png,PNG,CIPS,cips,train,1,GAN,train_v3_additions/aigi/cf_train_v3_gan_aigi_c182b1bcf0197c4e_009463.png.png,complete
cf_train_v3_gan_aigi_c25e0ff5d748f9e6,gan_aigi,data/HFCF_small_74.parquet,0,2236,008247.png,PNG,CIPS,cips,train,1,GAN,train_v3_additions/aigi/cf_train_v3_gan_aigi_c25e0ff5d748f9e6_008247.png.png,complete
cf_train_v3_gan_aigi_c277418c5fa2b7b2,gan_aigi,data/HFCF_small_84.parquet,0,2979,005767.png,PNG,BigGAN,biggan,train,1,GAN,train_v3_additions/aigi/cf_train_v3_gan_aigi_c277418c5fa2b7b2_005767.png.png,complete
cf_train_v3_gan_aigi_c2ad875ab9dd4ab2,gan_aigi,data/HFCF_small_84.parquet,0,2604,049613.png,PNG,BigGAN,biggan,train,1,GAN,train_v3_additions/aigi/cf_train_v3_gan_aigi_c2ad875ab9dd4ab2_049613.png.png,complete
cf_train_v3_gan_aigi_c2d0f9dbf13aa37b,gan_aigi,data/HFCF_small_69.parquet,0,1978,014709.png,PNG,StyleGAN2,stylegan2,train,1,GAN,train_v3_additions/aigi/cf_train_v3_gan_aigi_c2d0f9dbf13aa37b_014709.png.png,complete
cf_train_v3_gan_aigi_c2f28608cb6999a0,gan_aigi,data/HFCF_small_84.parquet,0,1026,039665.png,PNG,BigGAN,biggan,train,1,GAN,train_v3_additions/aigi/cf_train_v3_gan_aigi_c2f28608cb6999a0_039665.png.png,complete
cf_train_v3_gan_aigi_c32986a1cd85037b,gan_aigi,data/HFCF_small_66.parquet,0,978,004291.png,PNG,Gansformer,gansformer,train,1,GAN,train_v3_additions/aigi/cf_train_v3_gan_aigi_c32986a1cd85037b_004291.png.png,complete
cf_train_v3_gan_aigi_c33faae2eddf6349,gan_aigi,data/HFCF_small_92.parquet,0,2695,072868.png,PNG,GigaGAN,gigagan,train,1,GAN,train_v3_additions/aigi/cf_train_v3_gan_aigi_c33faae2eddf6349_072868.png.png,complete
cf_train_v3_gan_aigi_c469a1b2740d53c7,gan_aigi,data/HFCF_small_76.parquet,0,2970,009740.png,PNG,ProGAN,progan,train,1,GAN,train_v3_additions/aigi/cf_train_v3_gan_aigi_c469a1b2740d53c7_009740.png.png,complete
cf_train_v3_gan_aigi_c49bb88e9a0cde29,gan_aigi,data/HFCF_small_67.parquet,0,2890,001827.png,PNG,ProjectedGAN,projectedgan,train,1,GAN,train_v3_additions/aigi/cf_train_v3_gan_aigi_c49bb88e9a0cde29_001827.png.png,complete
cf_train_v3_gan_aigi_c4e9d35005dba5b3,gan_aigi,data/HFCF_small_74.parquet,0,2233,004308.png,PNG,CIPS,cips,train,1,GAN,train_v3_additions/aigi/cf_train_v3_gan_aigi_c4e9d35005dba5b3_004308.png.png,complete
cf_train_v3_gan_aigi_c4f1e0c9a7a124f2,gan_aigi,data/HFCF_small_66.parquet,0,1789,008529.png,PNG,Gansformer,gansformer,train,1,GAN,train_v3_additions/aigi/cf_train_v3_gan_aigi_c4f1e0c9a7a124f2_008529.png.png,complete
cf_train_v3_gan_aigi_c508a9c20b4d7698,gan_aigi,data/HFCF_small_73.parquet,0,909,012974.png,PNG,StyleSANXL,stylesanxl,train,1,GAN,train_v3_additions/aigi/cf_train_v3_gan_aigi_c508a9c20b4d7698_012974.png.png,complete
cf_train_v3_gan_aigi_c5d06fabc4873caf,gan_aigi,data/HFCF_small_74.parquet,0,1740,011737.png,PNG,StyleGAN2-ADA,stylegan2-ada,train,1,GAN,train_v3_additions/aigi/cf_train_v3_gan_aigi_c5d06fabc4873caf_011737.png.png,complete
cf_train_v3_gan_aigi_c6102f9455f78dab,gan_aigi,data/HFCF_small_73.parquet,0,540,020347.png,PNG,StyleSANXL,stylesanxl,train,1,GAN,train_v3_additions/aigi/cf_train_v3_gan_aigi_c6102f9455f78dab_020347.png.png,complete
cf_train_v3_gan_aigi_c639d9badb97dc19,gan_aigi,data/HFCF_small_67.parquet,0,2509,005065.png,PNG,ProjectedGAN,projectedgan,train,1,GAN,train_v3_additions/aigi/cf_train_v3_gan_aigi_c639d9badb97dc19_005065.png.png,complete
cf_train_v3_gan_aigi_c65170d9fbb54e68,gan_aigi,data/HFCF_small_92.parquet,0,1048,017462.png,PNG,GigaGAN,gigagan,train,1,GAN,train_v3_additions/aigi/cf_train_v3_gan_aigi_c65170d9fbb54e68_017462.png.png,complete
cf_train_v3_gan_aigi_c65dab1efce4c059,gan_aigi,data/HFCF_small_92.parquet,0,1089,060721.png,PNG,GigaGAN,gigagan,train,1,GAN,train_v3_additions/aigi/cf_train_v3_gan_aigi_c65dab1efce4c059_060721.png.png,complete
cf_train_v3_gan_aigi_c6a9e977a0cc4e82,gan_aigi,data/HFCF_small_66.parquet,0,2521,003991.png,PNG,StyleGAN3,stylegan3,train,1,GAN,train_v3_additions/aigi/cf_train_v3_gan_aigi_c6a9e977a0cc4e82_003991.png.png,complete
cf_train_v3_gan_aigi_c6b92c0a031ab439,gan_aigi,data/HFCF_small_80.parquet,0,2752,055815.png,PNG,StyleGANXL,styleganxl,train,1,GAN,train_v3_additions/aigi/cf_train_v3_gan_aigi_c6b92c0a031ab439_055815.png.png,complete
cf_train_v3_gan_aigi_c7210b33241a2e52,gan_aigi,data/HFCF_small_66.parquet,0,2895,000264.png,PNG,StyleGAN3,stylegan3,train,1,GAN,train_v3_additions/aigi/cf_train_v3_gan_aigi_c7210b33241a2e52_000264.png.png,complete
cf_train_v3_gan_aigi_c7875be984e45261,gan_aigi,data/HFCF_small_75.parquet,0,1622,013581.png,PNG,StyleSwin,styleswin,train,1,GAN,train_v3_additions/aigi/cf_train_v3_gan_aigi_c7875be984e45261_013581.png.png,complete
cf_train_v3_gan_aigi_c7afa2df35040e03,gan_aigi,data/HFCF_small_75.parquet,0,1604,001671.png,PNG,StyleSwin,styleswin,train,1,GAN,train_v3_additions/aigi/cf_train_v3_gan_aigi_c7afa2df35040e03_001671.png.png,complete
cf_train_v3_gan_aigi_c7b609f736c92b7e,gan_aigi,data/HFCF_small_92.parquet,0,102,045102.png,PNG,GigaGAN,gigagan,train,1,GAN,train_v3_additions/aigi/cf_train_v3_gan_aigi_c7b609f736c92b7e_045102.png.png,complete
cf_train_v3_gan_aigi_c80f73e7fe21f71e,gan_aigi,data/HFCF_small_73.parquet,0,1360,005372.png,PNG,StyleSANXL,stylesanxl,train,1,GAN,train_v3_additions/aigi/cf_train_v3_gan_aigi_c80f73e7fe21f71e_005372.png.png,complete
cf_train_v3_gan_aigi_c8b96b30fadb66d2,gan_aigi,data/HFCF_small_73.parquet,0,1644,007204.png,PNG,StyleSANXL,stylesanxl,train,1,GAN,train_v3_additions/aigi/cf_train_v3_gan_aigi_c8b96b30fadb66d2_007204.png.png,complete
cf_train_v3_gan_aigi_c8d5e484622d2fa2,gan_aigi,data/HFCF_small_80.parquet,0,1953,044539.png,PNG,StyleGANXL,styleganxl,train,1,GAN,train_v3_additions/aigi/cf_train_v3_gan_aigi_c8d5e484622d2fa2_044539.png.png,complete
cf_train_v3_gan_aigi_c9adbe03a0356f44,gan_aigi,data/HFCF_small_67.parquet,0,2491,001333.png,PNG,ProjectedGAN,projectedgan,train,1,GAN,train_v3_additions/aigi/cf_train_v3_gan_aigi_c9adbe03a0356f44_001333.png.png,complete
cf_train_v3_gan_aigi_c9e4f25f757e45bc,gan_aigi,data/HFCF_small_84.parquet,0,1610,065248.png,PNG,BigGAN,biggan,train,1,GAN,train_v3_additions/aigi/cf_train_v3_gan_aigi_c9e4f25f757e45bc_065248.png.png,complete
cf_train_v3_gan_aigi_c9f8bd862f946cc1,gan_aigi,data/HFCF_small_76.parquet,0,1993,016040.png,PNG,ProGAN,progan,train,1,GAN,train_v3_additions/aigi/cf_train_v3_gan_aigi_c9f8bd862f946cc1_016040.png.png,complete
cf_train_v3_gan_aigi_ca033cc06537cef3,gan_aigi,data/HFCF_small_92.parquet,0,1262,117668.png,PNG,GigaGAN,gigagan,train,1,GAN,train_v3_additions/aigi/cf_train_v3_gan_aigi_ca033cc06537cef3_117668.png.png,complete
cf_train_v3_gan_aigi_ca5c856c3ffeb49a,gan_aigi,data/HFCF_small_76.parquet,0,1368,023303.png,PNG,ProGAN,progan,train,1,GAN,train_v3_additions/aigi/cf_train_v3_gan_aigi_ca5c856c3ffeb49a_023303.png.png,complete
cf_train_v3_gan_aigi_ca71b6018dc80d75,gan_aigi,data/HFCF_small_76.parquet,0,2182,015157.png,PNG,ProGAN,progan,train,1,GAN,train_v3_additions/aigi/cf_train_v3_gan_aigi_ca71b6018dc80d75_015157.png.png,complete
cf_train_v3_gan_aigi_ca7becc5d02780a8,gan_aigi,data/HFCF_small_92.parquet,0,1116,136783.png,PNG,GigaGAN,gigagan,train,1,GAN,train_v3_additions/aigi/cf_train_v3_gan_aigi_ca7becc5d02780a8_136783.png.png,complete
cf_train_v3_gan_aigi_cae262f763654dab,gan_aigi,data/HFCF_small_74.parquet,0,2825,001180.png,PNG,CIPS,cips,train,1,GAN,train_v3_additions/aigi/cf_train_v3_gan_aigi_cae262f763654dab_001180.png.png,complete
cf_train_v3_gan_aigi_caea6346d6dfb9c8,gan_aigi,data/HFCF_small_67.parquet,0,2977,006923.png,PNG,ProjectedGAN,projectedgan,train,1,GAN,train_v3_additions/aigi/cf_train_v3_gan_aigi_caea6346d6dfb9c8_006923.png.png,complete
cf_train_v3_gan_aigi_cb169e667ad8b89b,gan_aigi,data/HFCF_small_69.parquet,0,1804,027857.png,PNG,StyleGAN2,stylegan2,train,1,GAN,train_v3_additions/aigi/cf_train_v3_gan_aigi_cb169e667ad8b89b_027857.png.png,complete
cf_train_v3_gan_aigi_cb440a920b0d5293,gan_aigi,data/HFCF_small_76.parquet,0,2442,022523.png,PNG,ProGAN,progan,train,1,GAN,train_v3_additions/aigi/cf_train_v3_gan_aigi_cb440a920b0d5293_022523.png.png,complete
cf_train_v3_gan_aigi_cc61ec7980a81053,gan_aigi,data/HFCF_small_66.parquet,0,2863,001421.png,PNG,StyleGAN3,stylegan3,train,1,GAN,train_v3_additions/aigi/cf_train_v3_gan_aigi_cc61ec7980a81053_001421.png.png,complete
cf_train_v3_gan_aigi_cc99cb5e99a68d52,gan_aigi,data/HFCF_small_76.parquet,0,1911,024868.png,PNG,ProGAN,progan,train,1,GAN,train_v3_additions/aigi/cf_train_v3_gan_aigi_cc99cb5e99a68d52_024868.png.png,complete
cf_train_v3_gan_aigi_cc9db939c12fea23,gan_aigi,data/HFCF_small_75.parquet,0,783,003844.png,PNG,StyleSwin,styleswin,train,1,GAN,train_v3_additions/aigi/cf_train_v3_gan_aigi_cc9db939c12fea23_003844.png.png,complete
cf_train_v3_gan_aigi_cd05fbccdc5a2b2c,gan_aigi,data/HFCF_small_67.parquet,0,2549,009064.png,PNG,ProjectedGAN,projectedgan,train,1,GAN,train_v3_additions/aigi/cf_train_v3_gan_aigi_cd05fbccdc5a2b2c_009064.png.png,complete
cf_train_v3_gan_aigi_cd2cac53e7e76bec,gan_aigi,data/HFCF_small_76.parquet,0,2868,021514.png,PNG,ProGAN,progan,train,1,GAN,train_v3_additions/aigi/cf_train_v3_gan_aigi_cd2cac53e7e76bec_021514.png.png,complete
cf_train_v3_gan_aigi_cddc0a5b92e4ae5b,gan_aigi,data/HFCF_small_75.parquet,0,355,008779.png,PNG,StyleSwin,styleswin,train,1,GAN,train_v3_additions/aigi/cf_train_v3_gan_aigi_cddc0a5b92e4ae5b_008779.png.png,complete
cf_train_v3_gan_aigi_ce4afce6894e5a88,gan_aigi,data/HFCF_small_74.parquet,0,2293,008670.png,PNG,CIPS,cips,train,1,GAN,train_v3_additions/aigi/cf_train_v3_gan_aigi_ce4afce6894e5a88_008670.png.png,complete
cf_train_v3_gan_aigi_ceaf697c3259a893,gan_aigi,data/HFCF_small_92.parquet,0,90,001336.png,PNG,GigaGAN,gigagan,train,1,GAN,train_v3_additions/aigi/cf_train_v3_gan_aigi_ceaf697c3259a893_001336.png.png,complete
cf_train_v3_gan_aigi_cecb8ac72dee6513,gan_aigi,data/HFCF_small_66.parquet,0,1365,003199.png,PNG,Gansformer,gansformer,train,1,GAN,train_v3_additions/aigi/cf_train_v3_gan_aigi_cecb8ac72dee6513_003199.png.png,complete
cf_train_v3_gan_aigi_ced4e6af8659016c,gan_aigi,data/HFCF_small_74.parquet,0,2405,003745.png,PNG,CIPS,cips,train,1,GAN,train_v3_additions/aigi/cf_train_v3_gan_aigi_ced4e6af8659016c_003745.png.png,complete
cf_train_v3_gan_aigi_d04db80bfa54dc4e,gan_aigi,data/HFCF_small_66.parquet,0,819,001755.png,PNG,Gansformer,gansformer,train,1,GAN,train_v3_additions/aigi/cf_train_v3_gan_aigi_d04db80bfa54dc4e_001755.png.png,complete
cf_train_v3_gan_aigi_d095dbcc4d5adbe8,gan_aigi,data/HFCF_small_84.parquet,0,1512,074054.png,PNG,BigGAN,biggan,train,1,GAN,train_v3_additions/aigi/cf_train_v3_gan_aigi_d095dbcc4d5adbe8_074054.png.png,complete
cf_train_v3_gan_aigi_d19aeaad477dd8be,gan_aigi,data/HFCF_small_84.parquet,0,1345,073215.png,PNG,BigGAN,biggan,train,1,GAN,train_v3_additions/aigi/cf_train_v3_gan_aigi_d19aeaad477dd8be_073215.png.png,complete
cf_train_v3_gan_aigi_d1b1caba01803093,gan_aigi,data/HFCF_small_75.parquet,0,1595,006885.png,PNG,StyleSwin,styleswin,train,1,GAN,train_v3_additions/aigi/cf_train_v3_gan_aigi_d1b1caba01803093_006885.png.png,complete
cf_train_v3_gan_aigi_d1cc034093b2ad65,gan_aigi,data/HFCF_small_74.parquet,0,2725,001579.png,PNG,CIPS,cips,train,1,GAN,train_v3_additions/aigi/cf_train_v3_gan_aigi_d1cc034093b2ad65_001579.png.png,complete
cf_train_v3_gan_aigi_d20a34b278c5400f,gan_aigi,data/HFCF_small_69.parquet,0,2527,028507.png,PNG,StyleGAN2,stylegan2,train,1,GAN,train_v3_additions/aigi/cf_train_v3_gan_aigi_d20a34b278c5400f_028507.png.png,complete
cf_train_v3_gan_aigi_d2192c86011585f1,gan_aigi,data/HFCF_small_76.parquet,0,1499,009442.png,PNG,ProGAN,progan,train,1,GAN,train_v3_additions/aigi/cf_train_v3_gan_aigi_d2192c86011585f1_009442.png.png,complete
cf_train_v3_gan_aigi_d28ecf3651304b47,gan_aigi,data/HFCF_small_73.parquet,0,805,033925.png,PNG,StyleSANXL,stylesanxl,train,1,GAN,train_v3_additions/aigi/cf_train_v3_gan_aigi_d28ecf3651304b47_033925.png.png,complete
cf_train_v3_gan_aigi_d2a7f864ec79f8c0,gan_aigi,data/HFCF_small_67.parquet,0,2283,000300.png,PNG,ProjectedGAN,projectedgan,train,1,GAN,train_v3_additions/aigi/cf_train_v3_gan_aigi_d2a7f864ec79f8c0_000300.png.png,complete
cf_train_v3_gan_aigi_d2d6ad929cd8d16d,gan_aigi,data/HFCF_small_76.parquet,0,1532,022616.png,PNG,ProGAN,progan,train,1,GAN,train_v3_additions/aigi/cf_train_v3_gan_aigi_d2d6ad929cd8d16d_022616.png.png,complete
cf_train_v3_gan_aigi_d30a7f542f7ad508,gan_aigi,data/HFCF_small_74.parquet,0,1065,006436.png,PNG,StyleGAN2-ADA,stylegan2-ada,train,1,GAN,train_v3_additions/aigi/cf_train_v3_gan_aigi_d30a7f542f7ad508_006436.png.png,complete
cf_train_v3_gan_aigi_d3c6d79562183e86,gan_aigi,data/HFCF_small_73.parquet,0,2927,000415.png,PNG,StyleSANXL,stylesanxl,train,1,GAN,train_v3_additions/aigi/cf_train_v3_gan_aigi_d3c6d79562183e86_000415.png.png,complete
cf_train_v3_gan_aigi_d41e40b3c760d843,gan_aigi,data/HFCF_small_74.parquet,0,1669,011829.png,PNG,StyleGAN2-ADA,stylegan2-ada,train,1,GAN,train_v3_additions/aigi/cf_train_v3_gan_aigi_d41e40b3c760d843_011829.png.png,complete
cf_train_v3_gan_aigi_d43ce43b5a425739,gan_aigi,data/HFCF_small_66.parquet,0,959,000122.png,PNG,Gansformer,gansformer,train,1,GAN,train_v3_additions/aigi/cf_train_v3_gan_aigi_d43ce43b5a425739_000122.png.png,complete
cf_train_v3_gan_aigi_d4529fcf80c497b6,gan_aigi,data/HFCF_small_74.parquet,0,2250,004414.png,PNG,CIPS,cips,train,1,GAN,train_v3_additions/aigi/cf_train_v3_gan_aigi_d4529fcf80c497b6_004414.png.png,complete
cf_train_v3_gan_aigi_d46fcf05a2f0b325,gan_aigi,data/HFCF_small_66.parquet,0,1820,002019.png,PNG,StyleGAN3,stylegan3,train,1,GAN,train_v3_additions/aigi/cf_train_v3_gan_aigi_d46fcf05a2f0b325_002019.png.png,complete
cf_train_v3_gan_aigi_d478cd46cf5f8fd5,gan_aigi,data/HFCF_small_74.parquet,0,2130,008791.png,PNG,CIPS,cips,train,1,GAN,train_v3_additions/aigi/cf_train_v3_gan_aigi_d478cd46cf5f8fd5_008791.png.png,complete
cf_train_v3_gan_aigi_d5306518e66153be,gan_aigi,data/HFCF_small_80.parquet,0,2287,019437.png,PNG,StyleGANXL,styleganxl,train,1,GAN,train_v3_additions/aigi/cf_train_v3_gan_aigi_d5306518e66153be_019437.png.png,complete
cf_train_v3_gan_aigi_d554ac373523f9d3,gan_aigi,data/HFCF_small_74.parquet,0,862,001264.png,PNG,StyleGAN2-ADA,stylegan2-ada,train,1,GAN,train_v3_additions/aigi/cf_train_v3_gan_aigi_d554ac373523f9d3_001264.png.png,complete
cf_train_v3_gan_aigi_d5589a060c53fcb4,gan_aigi,data/HFCF_small_69.parquet,0,532,007698.png,PNG,StyleGAN2,stylegan2,train,1,GAN,train_v3_additions/aigi/cf_train_v3_gan_aigi_d5589a060c53fcb4_007698.png.png,complete
cf_train_v3_gan_aigi_d6361eee4ad4e20e,gan_aigi,data/HFCF_small_74.parquet,0,2971,005862.png,PNG,CIPS,cips,train,1,GAN,train_v3_additions/aigi/cf_train_v3_gan_aigi_d6361eee4ad4e20e_005862.png.png,complete
cf_train_v3_gan_aigi_d6651180ac4a50ee,gan_aigi,data/HFCF_small_69.parquet,0,1748,029549.png,PNG,StyleGAN2,stylegan2,train,1,GAN,train_v3_additions/aigi/cf_train_v3_gan_aigi_d6651180ac4a50ee_029549.png.png,complete
cf_train_v3_gan_aigi_d67dd56d3d855481,gan_aigi,data/HFCF_small_92.parquet,0,1725,039759.png,PNG,GigaGAN,gigagan,train,1,GAN,train_v3_additions/aigi/cf_train_v3_gan_aigi_d67dd56d3d855481_039759.png.png,complete
cf_train_v3_gan_aigi_d6d19fb1e13421a6,gan_aigi,data/HFCF_small_75.parquet,0,1886,012476.png,PNG,StyleSwin,styleswin,train,1,GAN,train_v3_additions/aigi/cf_train_v3_gan_aigi_d6d19fb1e13421a6_012476.png.png,complete
cf_train_v3_gan_aigi_d702ab8fede05fa1,gan_aigi,data/HFCF_small_80.parquet,0,2105,029142.png,PNG,StyleGANXL,styleganxl,train,1,GAN,train_v3_additions/aigi/cf_train_v3_gan_aigi_d702ab8fede05fa1_029142.png.png,complete
cf_train_v3_gan_aigi_d7cfbde26d8024b8,gan_aigi,data/HFCF_small_84.parquet,0,99,095923.png,PNG,BigGAN,biggan,train,1,GAN,train_v3_additions/aigi/cf_train_v3_gan_aigi_d7cfbde26d8024b8_095923.png.png,complete
cf_train_v3_gan_aigi_d82a088baf14e692,gan_aigi,data/HFCF_small_69.parquet,0,804,008643.png,PNG,StyleGAN2,stylegan2,train,1,GAN,train_v3_additions/aigi/cf_train_v3_gan_aigi_d82a088baf14e692_008643.png.png,complete
cf_train_v3_gan_aigi_d868affe5d7cf1e8,gan_aigi,data/HFCF_small_75.parquet,0,2370,006054.png,PNG,StyleSwin,styleswin,train,1,GAN,train_v3_additions/aigi/cf_train_v3_gan_aigi_d868affe5d7cf1e8_006054.png.png,complete
cf_train_v3_gan_aigi_d8b5818eadbf52b6,gan_aigi,data/HFCF_small_74.parquet,0,2467,008178.png,PNG,CIPS,cips,train,1,GAN,train_v3_additions/aigi/cf_train_v3_gan_aigi_d8b5818eadbf52b6_008178.png.png,complete
cf_train_v3_gan_aigi_d8df865cce23ded5,gan_aigi,data/HFCF_small_80.parquet,0,2816,047330.png,PNG,StyleGANXL,styleganxl,train,1,GAN,train_v3_additions/aigi/cf_train_v3_gan_aigi_d8df865cce23ded5_047330.png.png,complete
cf_train_v3_gan_aigi_d8e1ee9e6b8dbf9f,gan_aigi,data/HFCF_small_69.parquet,0,1608,017241.png,PNG,StyleGAN2,stylegan2,train,1,GAN,train_v3_additions/aigi/cf_train_v3_gan_aigi_d8e1ee9e6b8dbf9f_017241.png.png,complete
cf_train_v3_gan_aigi_d967eb68fe1ea367,gan_aigi,data/HFCF_small_84.parquet,0,321,002252.png,PNG,BigGAN,biggan,train,1,GAN,train_v3_additions/aigi/cf_train_v3_gan_aigi_d967eb68fe1ea367_002252.png.png,complete
cf_train_v3_gan_aigi_d98673f3a14c90ec,gan_aigi,data/HFCF_small_80.parquet,0,2133,046065.png,PNG,StyleGANXL,styleganxl,train,1,GAN,train_v3_additions/aigi/cf_train_v3_gan_aigi_d98673f3a14c90ec_046065.png.png,complete
cf_train_v3_gan_aigi_d986bae0ec05d53e,gan_aigi,data/HFCF_small_69.parquet,0,1716,020488.png,PNG,StyleGAN2,stylegan2,train,1,GAN,train_v3_additions/aigi/cf_train_v3_gan_aigi_d986bae0ec05d53e_020488.png.png,complete
cf_train_v3_gan_aigi_d9e17d07a4745a65,gan_aigi,data/HFCF_small_73.parquet,0,2277,027898.png,PNG,StyleSANXL,stylesanxl,train,1,GAN,train_v3_additions/aigi/cf_train_v3_gan_aigi_d9e17d07a4745a65_027898.png.png,complete
cf_train_v3_gan_aigi_d9eaac31544ebf32,gan_aigi,data/HFCF_small_75.parquet,0,1691,007064.png,PNG,StyleSwin,styleswin,train,1,GAN,train_v3_additions/aigi/cf_train_v3_gan_aigi_d9eaac31544ebf32_007064.png.png,complete
cf_train_v3_gan_aigi_da136a07aab8a4f3,gan_aigi,data/HFCF_small_80.parquet,0,1884,037269.png,PNG,StyleGANXL,styleganxl,train,1,GAN,train_v3_additions/aigi/cf_train_v3_gan_aigi_da136a07aab8a4f3_037269.png.png,complete
cf_train_v3_gan_aigi_da28640910d6337d,gan_aigi,data/HFCF_small_66.parquet,0,1348,006238.png,PNG,Gansformer,gansformer,train,1,GAN,train_v3_additions/aigi/cf_train_v3_gan_aigi_da28640910d6337d_006238.png.png,complete
cf_train_v3_gan_aigi_da4c77570879e1ab,gan_aigi,data/HFCF_small_74.parquet,0,2661,000805.png,PNG,CIPS,cips,train,1,GAN,train_v3_additions/aigi/cf_train_v3_gan_aigi_da4c77570879e1ab_000805.png.png,complete
cf_train_v3_gan_aigi_da74cd0df0f8fe30,gan_aigi,data/HFCF_small_67.parquet,0,2286,007408.png,PNG,ProjectedGAN,projectedgan,train,1,GAN,train_v3_additions/aigi/cf_train_v3_gan_aigi_da74cd0df0f8fe30_007408.png.png,complete
cf_train_v3_gan_aigi_db18e28220883c33,gan_aigi,data/HFCF_small_80.parquet,0,791,014543.png,PNG,StyleGANXL,styleganxl,train,1,GAN,train_v3_additions/aigi/cf_train_v3_gan_aigi_db18e28220883c33_014543.png.png,complete
cf_train_v3_gan_aigi_db193290ea4bae15,gan_aigi,data/HFCF_small_66.parquet,0,1844,007051.png,PNG,StyleGAN3,stylegan3,train,1,GAN,train_v3_additions/aigi/cf_train_v3_gan_aigi_db193290ea4bae15_007051.png.png,complete
cf_train_v3_gan_aigi_db49dd76d4ead76c,gan_aigi,data/HFCF_small_76.parquet,0,1776,002905.png,PNG,ProGAN,progan,train,1,GAN,train_v3_additions/aigi/cf_train_v3_gan_aigi_db49dd76d4ead76c_002905.png.png,complete
cf_train_v3_gan_aigi_db8e67b01a07861a,gan_aigi,data/HFCF_small_69.parquet,0,23,004737.png,PNG,StyleGAN2,stylegan2,train,1,GAN,train_v3_additions/aigi/cf_train_v3_gan_aigi_db8e67b01a07861a_004737.png.png,complete
cf_train_v3_gan_aigi_dbb5cc21fb41adb4,gan_aigi,data/HFCF_small_74.parquet,0,1166,005390.png,PNG,StyleGAN2-ADA,stylegan2-ada,train,1,GAN,train_v3_additions/aigi/cf_train_v3_gan_aigi_dbb5cc21fb41adb4_005390.png.png,complete
cf_train_v3_gan_aigi_dbd079d470967660,gan_aigi,data/HFCF_small_80.parquet,0,2756,038125.png,PNG,StyleGANXL,styleganxl,train,1,GAN,train_v3_additions/aigi/cf_train_v3_gan_aigi_dbd079d470967660_038125.png.png,complete
cf_train_v3_gan_aigi_dbd9c8993c355f05,gan_aigi,data/HFCF_small_75.parquet,0,267,010304.png,PNG,StyleSwin,styleswin,train,1,GAN,train_v3_additions/aigi/cf_train_v3_gan_aigi_dbd9c8993c355f05_010304.png.png,complete
cf_train_v3_gan_aigi_dbf641bf205b182f,gan_aigi,data/HFCF_small_74.parquet,0,1821,002861.png,PNG,StyleGAN2-ADA,stylegan2-ada,train,1,GAN,train_v3_additions/aigi/cf_train_v3_gan_aigi_dbf641bf205b182f_002861.png.png,complete
cf_train_v3_gan_aigi_dc1ec68e2548fce3,gan_aigi,data/HFCF_small_73.parquet,0,1062,009165.png,PNG,StyleSANXL,stylesanxl,train,1,GAN,train_v3_additions/aigi/cf_train_v3_gan_aigi_dc1ec68e2548fce3_009165.png.png,complete
cf_train_v3_gan_aigi_dc45994449ce0ef6,gan_aigi,data/HFCF_small_67.parquet,0,2499,006025.png,PNG,ProjectedGAN,projectedgan,train,1,GAN,train_v3_additions/aigi/cf_train_v3_gan_aigi_dc45994449ce0ef6_006025.png.png,complete
cf_train_v3_gan_aigi_dc7bc9ab9e9d2fbb,gan_aigi,data/HFCF_small_76.parquet,0,1785,009678.png,PNG,ProGAN,progan,train,1,GAN,train_v3_additions/aigi/cf_train_v3_gan_aigi_dc7bc9ab9e9d2fbb_009678.png.png,complete
cf_train_v3_gan_aigi_dcdbf2615e2082b0,gan_aigi,data/HFCF_small_92.parquet,0,2354,039542.png,PNG,GigaGAN,gigagan,train,1,GAN,train_v3_additions/aigi/cf_train_v3_gan_aigi_dcdbf2615e2082b0_039542.png.png,complete
cf_train_v3_gan_aigi_dd6917fc8da468bb,gan_aigi,data/HFCF_small_67.parquet,0,2693,001623.png,PNG,ProjectedGAN,projectedgan,train,1,GAN,train_v3_additions/aigi/cf_train_v3_gan_aigi_dd6917fc8da468bb_001623.png.png,complete
cf_train_v3_gan_aigi_ddb71c7b5df51337,gan_aigi,data/HFCF_small_67.parquet,0,2907,004901.png,PNG,ProjectedGAN,projectedgan,train,1,GAN,train_v3_additions/aigi/cf_train_v3_gan_aigi_ddb71c7b5df51337_004901.png.png,complete
cf_train_v3_gan_aigi_de1e56931aa3d9ef,gan_aigi,data/HFCF_small_76.parquet,0,1717,025663.png,PNG,ProGAN,progan,train,1,GAN,train_v3_additions/aigi/cf_train_v3_gan_aigi_de1e56931aa3d9ef_025663.png.png,complete
cf_train_v3_gan_aigi_de2314e7751e38f6,gan_aigi,data/HFCF_small_76.parquet,0,2947,019040.png,PNG,ProGAN,progan,train,1,GAN,train_v3_additions/aigi/cf_train_v3_gan_aigi_de2314e7751e38f6_019040.png.png,complete
cf_train_v3_gan_aigi_de598c01fb8062cc,gan_aigi,data/HFCF_small_73.parquet,0,2224,003958.png,PNG,StyleSANXL,stylesanxl,train,1,GAN,train_v3_additions/aigi/cf_train_v3_gan_aigi_de598c01fb8062cc_003958.png.png,complete
cf_train_v3_gan_aigi_de8e26d8270f9df3,gan_aigi,data/HFCF_small_76.parquet,0,2864,022343.png,PNG,ProGAN,progan,train,1,GAN,train_v3_additions/aigi/cf_train_v3_gan_aigi_de8e26d8270f9df3_022343.png.png,complete
cf_train_v3_gan_aigi_def4e62a1efdda6c,gan_aigi,data/HFCF_small_67.parquet,0,2617,000153.png,PNG,ProjectedGAN,projectedgan,train,1,GAN,train_v3_additions/aigi/cf_train_v3_gan_aigi_def4e62a1efdda6c_000153.png.png,complete
cf_train_v3_gan_aigi_df54f72942920dc6,gan_aigi,data/HFCF_small_73.parquet,0,650,045977.png,PNG,StyleSANXL,stylesanxl,train,1,GAN,train_v3_additions/aigi/cf_train_v3_gan_aigi_df54f72942920dc6_045977.png.png,complete
cf_train_v3_gan_aigi_df5e0602f5ddbd9f,gan_aigi,data/HFCF_small_84.parquet,0,2506,073543.png,PNG,BigGAN,biggan,train,1,GAN,train_v3_additions/aigi/cf_train_v3_gan_aigi_df5e0602f5ddbd9f_073543.png.png,complete
cf_train_v3_gan_aigi_df68b17b0142a3a5,gan_aigi,data/HFCF_small_84.parquet,0,2981,096728.png,PNG,BigGAN,biggan,train,1,GAN,train_v3_additions/aigi/cf_train_v3_gan_aigi_df68b17b0142a3a5_096728.png.png,complete
cf_train_v3_gan_aigi_dfad06ed1fd772c1,gan_aigi,data/HFCF_small_69.parquet,0,613,017696.png,PNG,StyleGAN2,stylegan2,train,1,GAN,train_v3_additions/aigi/cf_train_v3_gan_aigi_dfad06ed1fd772c1_017696.png.png,complete
cf_train_v3_gan_aigi_dff3291940210d64,gan_aigi,data/HFCF_small_92.parquet,0,962,108262.png,PNG,GigaGAN,gigagan,train,1,GAN,train_v3_additions/aigi/cf_train_v3_gan_aigi_dff3291940210d64_108262.png.png,complete
cf_train_v3_gan_aigi_e021168724d44cd0,gan_aigi,data/HFCF_small_80.parquet,0,668,039154.png,PNG,StyleGANXL,styleganxl,train,1,GAN,train_v3_additions/aigi/cf_train_v3_gan_aigi_e021168724d44cd0_039154.png.png,complete
cf_train_v3_gan_aigi_e029cd8d12b29195,gan_aigi,data/HFCF_small_66.parquet,0,2981,001458.png,PNG,StyleGAN3,stylegan3,train,1,GAN,train_v3_additions/aigi/cf_train_v3_gan_aigi_e029cd8d12b29195_001458.png.png,complete
cf_train_v3_gan_aigi_e0413ad3c9efa1d9,gan_aigi,data/HFCF_small_75.parquet,0,2638,003704.png,PNG,StyleSwin,styleswin,train,1,GAN,train_v3_additions/aigi/cf_train_v3_gan_aigi_e0413ad3c9efa1d9_003704.png.png,complete
cf_train_v3_gan_aigi_e09c8b6ae1bc4375,gan_aigi,data/HFCF_small_69.parquet,0,593,014338.png,PNG,StyleGAN2,stylegan2,train,1,GAN,train_v3_additions/aigi/cf_train_v3_gan_aigi_e09c8b6ae1bc4375_014338.png.png,complete
cf_train_v3_gan_aigi_e09d336fccd57d94,gan_aigi,data/HFCF_small_80.parquet,0,2305,043543.png,PNG,StyleGANXL,styleganxl,train,1,GAN,train_v3_additions/aigi/cf_train_v3_gan_aigi_e09d336fccd57d94_043543.png.png,complete
cf_train_v3_gan_aigi_e0a8d8dba532ee1a,gan_aigi,data/HFCF_small_80.parquet,0,1718,037186.png,PNG,StyleGANXL,styleganxl,train,1,GAN,train_v3_additions/aigi/cf_train_v3_gan_aigi_e0a8d8dba532ee1a_037186.png.png,complete
cf_train_v3_gan_aigi_e0b42ae2db65c70c,gan_aigi,data/HFCF_small_69.parquet,0,551,013945.png,PNG,StyleGAN2,stylegan2,train,1,GAN,train_v3_additions/aigi/cf_train_v3_gan_aigi_e0b42ae2db65c70c_013945.png.png,complete
cf_train_v3_gan_aigi_e0d0f8a5ac5b2d0c,gan_aigi,data/HFCF_small_76.parquet,0,2260,015758.png,PNG,ProGAN,progan,train,1,GAN,train_v3_additions/aigi/cf_train_v3_gan_aigi_e0d0f8a5ac5b2d0c_015758.png.png,complete
cf_train_v3_gan_aigi_e141ca399d6e8bf7,gan_aigi,data/HFCF_small_74.parquet,0,2400,002937.png,PNG,CIPS,cips,train,1,GAN,train_v3_additions/aigi/cf_train_v3_gan_aigi_e141ca399d6e8bf7_002937.png.png,complete
cf_train_v3_gan_aigi_e16c980a24c3b51b,gan_aigi,data/HFCF_small_73.parquet,0,2872,034230.png,PNG,StyleSANXL,stylesanxl,train,1,GAN,train_v3_additions/aigi/cf_train_v3_gan_aigi_e16c980a24c3b51b_034230.png.png,complete
cf_train_v3_gan_aigi_e1c86c1a7bc42379,gan_aigi,data/HFCF_small_74.parquet,0,1759,006842.png,PNG,StyleGAN2-ADA,stylegan2-ada,train,1,GAN,train_v3_additions/aigi/cf_train_v3_gan_aigi_e1c86c1a7bc42379_006842.png.png,complete
cf_train_v3_gan_aigi_e1cd310a2d75d17e,gan_aigi,data/HFCF_small_69.parquet,0,1958,017933.png,PNG,StyleGAN2,stylegan2,train,1,GAN,train_v3_additions/aigi/cf_train_v3_gan_aigi_e1cd310a2d75d17e_017933.png.png,complete
cf_train_v3_gan_aigi_e1d2426eb84c9e0e,gan_aigi,data/HFCF_small_66.parquet,0,1828,005311.png,PNG,StyleGAN3,stylegan3,train,1,GAN,train_v3_additions/aigi/cf_train_v3_gan_aigi_e1d2426eb84c9e0e_005311.png.png,complete
cf_train_v3_gan_aigi_e233360002d3c70b,gan_aigi,data/HFCF_small_84.parquet,0,2403,047095.png,PNG,BigGAN,biggan,train,1,GAN,train_v3_additions/aigi/cf_train_v3_gan_aigi_e233360002d3c70b_047095.png.png,complete
cf_train_v3_gan_aigi_e24b24cf7d598e2f,gan_aigi,data/HFCF_small_73.parquet,0,1693,008998.png,PNG,StyleSANXL,stylesanxl,train,1,GAN,train_v3_additions/aigi/cf_train_v3_gan_aigi_e24b24cf7d598e2f_008998.png.png,complete
cf_train_v3_gan_aigi_e259093209d473f8,gan_aigi,data/HFCF_small_74.parquet,0,1161,004055.png,PNG,StyleGAN2-ADA,stylegan2-ada,train,1,GAN,train_v3_additions/aigi/cf_train_v3_gan_aigi_e259093209d473f8_004055.png.png,complete
cf_train_v3_gan_aigi_e2673481ec6ffc20,gan_aigi,data/HFCF_small_74.parquet,0,2050,001379.png,PNG,StyleGAN2-ADA,stylegan2-ada,train,1,GAN,train_v3_additions/aigi/cf_train_v3_gan_aigi_e2673481ec6ffc20_001379.png.png,complete
cf_train_v3_gan_aigi_e26e36d250b2251e,gan_aigi,data/HFCF_small_84.parquet,0,56,079461.png,PNG,BigGAN,biggan,train,1,GAN,train_v3_additions/aigi/cf_train_v3_gan_aigi_e26e36d250b2251e_079461.png.png,complete
cf_train_v3_gan_aigi_e29569d9a999feb3,gan_aigi,data/HFCF_small_76.parquet,0,1509,016599.png,PNG,ProGAN,progan,train,1,GAN,train_v3_additions/aigi/cf_train_v3_gan_aigi_e29569d9a999feb3_016599.png.png,complete
cf_train_v3_gan_aigi_e2e716a02ab44f46,gan_aigi,data/HFCF_small_80.parquet,0,2284,008134.png,PNG,StyleGANXL,styleganxl,train,1,GAN,train_v3_additions/aigi/cf_train_v3_gan_aigi_e2e716a02ab44f46_008134.png.png,complete
cf_train_v3_gan_aigi_e2e74c9d94ec69e7,gan_aigi,data/HFCF_small_66.parquet,0,1373,004155.png,PNG,Gansformer,gansformer,train,1,GAN,train_v3_additions/aigi/cf_train_v3_gan_aigi_e2e74c9d94ec69e7_004155.png.png,complete
cf_train_v3_gan_aigi_e32296faf2b374c5,gan_aigi,data/HFCF_small_66.parquet,0,2368,005343.png,PNG,StyleGAN3,stylegan3,train,1,GAN,train_v3_additions/aigi/cf_train_v3_gan_aigi_e32296faf2b374c5_005343.png.png,complete
cf_train_v3_gan_aigi_e329fa89be8f4a67,gan_aigi,data/HFCF_small_80.parquet,0,669,040581.png,PNG,StyleGANXL,styleganxl,train,1,GAN,train_v3_additions/aigi/cf_train_v3_gan_aigi_e329fa89be8f4a67_040581.png.png,complete
cf_train_v3_gan_aigi_e33b210708215620,gan_aigi,data/HFCF_small_74.parquet,0,2611,002845.png,PNG,CIPS,cips,train,1,GAN,train_v3_additions/aigi/cf_train_v3_gan_aigi_e33b210708215620_002845.png.png,complete
cf_train_v3_gan_aigi_e346942b40eadb35,gan_aigi,data/HFCF_small_69.parquet,0,1165,023725.png,PNG,StyleGAN2,stylegan2,train,1,GAN,train_v3_additions/aigi/cf_train_v3_gan_aigi_e346942b40eadb35_023725.png.png,complete
cf_train_v3_gan_aigi_e39765ff11d2c17d,gan_aigi,data/HFCF_small_73.parquet,0,2313,047111.png,PNG,StyleSANXL,stylesanxl,train,1,GAN,train_v3_additions/aigi/cf_train_v3_gan_aigi_e39765ff11d2c17d_047111.png.png,complete
cf_train_v3_gan_aigi_e39aad3d893f829e,gan_aigi,data/HFCF_small_75.parquet,0,1924,007272.png,PNG,StyleSwin,styleswin,train,1,GAN,train_v3_additions/aigi/cf_train_v3_gan_aigi_e39aad3d893f829e_007272.png.png,complete
cf_train_v3_gan_aigi_e3a679ba5d21919b,gan_aigi,data/HFCF_small_75.parquet,0,1556,000866.png,PNG,StyleSwin,styleswin,train,1,GAN,train_v3_additions/aigi/cf_train_v3_gan_aigi_e3a679ba5d21919b_000866.png.png,complete
cf_train_v3_gan_aigi_e3d590a36e04da2d,gan_aigi,data/HFCF_small_67.parquet,0,2325,009549.png,PNG,ProjectedGAN,projectedgan,train,1,GAN,train_v3_additions/aigi/cf_train_v3_gan_aigi_e3d590a36e04da2d_009549.png.png,complete
cf_train_v3_gan_aigi_e40695e8a32409a3,gan_aigi,data/HFCF_small_75.parquet,0,993,014159.png,PNG,StyleSwin,styleswin,train,1,GAN,train_v3_additions/aigi/cf_train_v3_gan_aigi_e40695e8a32409a3_014159.png.png,complete
cf_train_v3_gan_aigi_e40b98cce6a421b7,gan_aigi,data/HFCF_small_84.parquet,0,639,052444.png,PNG,BigGAN,biggan,train,1,GAN,train_v3_additions/aigi/cf_train_v3_gan_aigi_e40b98cce6a421b7_052444.png.png,complete
cf_train_v3_gan_aigi_e46608d7655553d4,gan_aigi,data/HFCF_small_67.parquet,0,2566,009784.png,PNG,ProjectedGAN,projectedgan,train,1,GAN,train_v3_additions/aigi/cf_train_v3_gan_aigi_e46608d7655553d4_009784.png.png,complete
cf_train_v3_gan_aigi_e48e044a3ade4f69,gan_aigi,data/HFCF_small_74.parquet,0,2602,001370.png,PNG,CIPS,cips,train,1,GAN,train_v3_additions/aigi/cf_train_v3_gan_aigi_e48e044a3ade4f69_001370.png.png,complete
cf_train_v3_gan_aigi_e4a479c8e533dfe4,gan_aigi,data/HFCF_small_69.parquet,0,1448,027122.png,PNG,StyleGAN2,stylegan2,train,1,GAN,train_v3_additions/aigi/cf_train_v3_gan_aigi_e4a479c8e533dfe4_027122.png.png,complete
cf_train_v3_gan_aigi_e52fedc309476b07,gan_aigi,data/HFCF_small_84.parquet,0,1815,017601.png,PNG,BigGAN,biggan,train,1,GAN,train_v3_additions/aigi/cf_train_v3_gan_aigi_e52fedc309476b07_017601.png.png,complete
cf_train_v3_gan_aigi_e5c9e6a20c7aea68,gan_aigi,data/HFCF_small_92.parquet,0,1610,106926.png,PNG,GigaGAN,gigagan,train,1,GAN,train_v3_additions/aigi/cf_train_v3_gan_aigi_e5c9e6a20c7aea68_106926.png.png,complete
cf_train_v3_gan_aigi_e758a9b7dba5df55,gan_aigi,data/HFCF_small_67.parquet,0,2169,003793.png,PNG,ProjectedGAN,projectedgan,train,1,GAN,train_v3_additions/aigi/cf_train_v3_gan_aigi_e758a9b7dba5df55_003793.png.png,complete
cf_train_v3_gan_aigi_e75d305d459d8ee1,gan_aigi,data/HFCF_small_75.parquet,0,1248,009460.png,PNG,StyleSwin,styleswin,train,1,GAN,train_v3_additions/aigi/cf_train_v3_gan_aigi_e75d305d459d8ee1_009460.png.png,complete
cf_train_v3_gan_aigi_e772b14ff4904f33,gan_aigi,data/HFCF_small_76.parquet,0,2990,009984.png,PNG,ProGAN,progan,train,1,GAN,train_v3_additions/aigi/cf_train_v3_gan_aigi_e772b14ff4904f33_009984.png.png,complete
cf_train_v3_gan_aigi_e786c56abb75474b,gan_aigi,data/HFCF_small_84.parquet,0,657,090224.png,PNG,BigGAN,biggan,train,1,GAN,train_v3_additions/aigi/cf_train_v3_gan_aigi_e786c56abb75474b_090224.png.png,complete
cf_train_v3_gan_aigi_e78d3167fde322a6,gan_aigi,data/HFCF_small_66.parquet,0,1468,007345.png,PNG,Gansformer,gansformer,train,1,GAN,train_v3_additions/aigi/cf_train_v3_gan_aigi_e78d3167fde322a6_007345.png.png,complete
cf_train_v3_gan_aigi_e7a9ef4591ac9991,gan_aigi,data/HFCF_small_74.parquet,0,2882,003766.png,PNG,CIPS,cips,train,1,GAN,train_v3_additions/aigi/cf_train_v3_gan_aigi_e7a9ef4591ac9991_003766.png.png,complete
cf_train_v3_gan_aigi_e7cb6e663186fdb3,gan_aigi,data/HFCF_small_66.parquet,0,1430,005452.png,PNG,Gansformer,gansformer,train,1,GAN,train_v3_additions/aigi/cf_train_v3_gan_aigi_e7cb6e663186fdb3_005452.png.png,complete
cf_train_v3_gan_aigi_e7e6847e6905624f,gan_aigi,data/HFCF_small_92.parquet,0,2526,008902.png,PNG,GigaGAN,gigagan,train,1,GAN,train_v3_additions/aigi/cf_train_v3_gan_aigi_e7e6847e6905624f_008902.png.png,complete
cf_train_v3_gan_aigi_e847de651eff8e37,gan_aigi,data/HFCF_small_66.parquet,0,2444,006824.png,PNG,StyleGAN3,stylegan3,train,1,GAN,train_v3_additions/aigi/cf_train_v3_gan_aigi_e847de651eff8e37_006824.png.png,complete
cf_train_v3_gan_aigi_e861b31c7ada39e1,gan_aigi,data/HFCF_small_92.parquet,0,2687,083206.png,PNG,GigaGAN,gigagan,train,1,GAN,train_v3_additions/aigi/cf_train_v3_gan_aigi_e861b31c7ada39e1_083206.png.png,complete
cf_train_v3_gan_aigi_e885cf8b865295d9,gan_aigi,data/HFCF_small_80.parquet,0,980,009331.png,PNG,StyleGANXL,styleganxl,train,1,GAN,train_v3_additions/aigi/cf_train_v3_gan_aigi_e885cf8b865295d9_009331.png.png,complete
cf_train_v3_gan_aigi_e8a49a1d1d23d422,gan_aigi,data/HFCF_small_92.parquet,0,1496,156289.png,PNG,GigaGAN,gigagan,train,1,GAN,train_v3_additions/aigi/cf_train_v3_gan_aigi_e8a49a1d1d23d422_156289.png.png,complete
cf_train_v3_gan_aigi_e8d3f1525d89a976,gan_aigi,data/HFCF_small_80.parquet,0,2190,035038.png,PNG,StyleGANXL,styleganxl,train,1,GAN,train_v3_additions/aigi/cf_train_v3_gan_aigi_e8d3f1525d89a976_035038.png.png,complete
cf_train_v3_gan_aigi_e971491e6f352fcc,gan_aigi,data/HFCF_small_92.parquet,0,1145,072773.png,PNG,GigaGAN,gigagan,train,1,GAN,train_v3_additions/aigi/cf_train_v3_gan_aigi_e971491e6f352fcc_072773.png.png,complete
cf_train_v3_gan_aigi_e9a55827e0e0e1c8,gan_aigi,data/HFCF_small_66.parquet,0,2292,002064.png,PNG,StyleGAN3,stylegan3,train,1,GAN,train_v3_additions/aigi/cf_train_v3_gan_aigi_e9a55827e0e0e1c8_002064.png.png,complete
cf_train_v3_gan_aigi_e9b2f31480f60c69,gan_aigi,data/HFCF_small_67.parquet,0,2755,008914.png,PNG,ProjectedGAN,projectedgan,train,1,GAN,train_v3_additions/aigi/cf_train_v3_gan_aigi_e9b2f31480f60c69_008914.png.png,complete
cf_train_v3_gan_aigi_ea079f72887f7872,gan_aigi,data/HFCF_small_84.parquet,0,586,070080.png,PNG,BigGAN,biggan,train,1,GAN,train_v3_additions/aigi/cf_train_v3_gan_aigi_ea079f72887f7872_070080.png.png,complete
cf_train_v3_gan_aigi_eaac13a089705603,gan_aigi,data/HFCF_small_73.parquet,0,246,049666.png,PNG,StyleSANXL,stylesanxl,train,1,GAN,train_v3_additions/aigi/cf_train_v3_gan_aigi_eaac13a089705603_049666.png.png,complete
cf_train_v3_gan_aigi_ead1608aede6502b,gan_aigi,data/HFCF_small_80.parquet,0,2027,018757.png,PNG,StyleGANXL,styleganxl,train,1,GAN,train_v3_additions/aigi/cf_train_v3_gan_aigi_ead1608aede6502b_018757.png.png,complete
cf_train_v3_gan_aigi_eae173f76477ab02,gan_aigi,data/HFCF_small_74.parquet,0,1722,005942.png,PNG,StyleGAN2-ADA,stylegan2-ada,train,1,GAN,train_v3_additions/aigi/cf_train_v3_gan_aigi_eae173f76477ab02_005942.png.png,complete
cf_train_v3_gan_aigi_ec11120af4746e5f,gan_aigi,data/HFCF_small_76.parquet,0,2076,013514.png,PNG,ProGAN,progan,train,1,GAN,train_v3_additions/aigi/cf_train_v3_gan_aigi_ec11120af4746e5f_013514.png.png,complete
cf_train_v3_gan_aigi_ec738f0dbc0323af,gan_aigi,data/HFCF_small_67.parquet,0,2415,001312.png,PNG,ProjectedGAN,projectedgan,train,1,GAN,train_v3_additions/aigi/cf_train_v3_gan_aigi_ec738f0dbc0323af_001312.png.png,complete
cf_train_v3_gan_aigi_ed9760ca67367b1a,gan_aigi,data/HFCF_small_75.parquet,0,2185,010411.png,PNG,StyleSwin,styleswin,train,1,GAN,train_v3_additions/aigi/cf_train_v3_gan_aigi_ed9760ca67367b1a_010411.png.png,complete
cf_train_v3_gan_aigi_ede51273b574c69d,gan_aigi,data/HFCF_small_92.parquet,0,2783,069499.png,PNG,GigaGAN,gigagan,train,1,GAN,train_v3_additions/aigi/cf_train_v3_gan_aigi_ede51273b574c69d_069499.png.png,complete
cf_train_v3_gan_aigi_ee4cfe2b936d140c,gan_aigi,data/HFCF_small_69.parquet,0,561,006809.png,PNG,StyleGAN2,stylegan2,train,1,GAN,train_v3_additions/aigi/cf_train_v3_gan_aigi_ee4cfe2b936d140c_006809.png.png,complete
cf_train_v3_gan_aigi_ee532f3805aa53ce,gan_aigi,data/HFCF_small_66.parquet,0,1110,007889.png,PNG,Gansformer,gansformer,train,1,GAN,train_v3_additions/aigi/cf_train_v3_gan_aigi_ee532f3805aa53ce_007889.png.png,complete
cf_train_v3_gan_aigi_eeaeff94bde72da5,gan_aigi,data/HFCF_small_74.parquet,0,1447,001323.png,PNG,StyleGAN2-ADA,stylegan2-ada,train,1,GAN,train_v3_additions/aigi/cf_train_v3_gan_aigi_eeaeff94bde72da5_001323.png.png,complete
cf_train_v3_gan_aigi_ef05989d9ccdf4dd,gan_aigi,data/HFCF_small_67.parquet,0,2946,000526.png,PNG,ProjectedGAN,projectedgan,train,1,GAN,train_v3_additions/aigi/cf_train_v3_gan_aigi_ef05989d9ccdf4dd_000526.png.png,complete
cf_train_v3_gan_aigi_ef232f48f0505626,gan_aigi,data/HFCF_small_66.parquet,0,975,006511.png,PNG,Gansformer,gansformer,train,1,GAN,train_v3_additions/aigi/cf_train_v3_gan_aigi_ef232f48f0505626_006511.png.png,complete
cf_train_v3_gan_aigi_efdd49ac844941af,gan_aigi,data/HFCF_small_69.parquet,0,1886,029769.png,PNG,StyleGAN2,stylegan2,train,1,GAN,train_v3_additions/aigi/cf_train_v3_gan_aigi_efdd49ac844941af_029769.png.png,complete
cf_train_v3_gan_aigi_effe872a9c0c528b,gan_aigi,data/HFCF_small_66.parquet,0,1121,009343.png,PNG,Gansformer,gansformer,train,1,GAN,train_v3_additions/aigi/cf_train_v3_gan_aigi_effe872a9c0c528b_009343.png.png,complete
cf_train_v3_gan_aigi_efffc117b5767616,gan_aigi,data/HFCF_small_74.parquet,0,1803,003968.png,PNG,StyleGAN2-ADA,stylegan2-ada,train,1,GAN,train_v3_additions/aigi/cf_train_v3_gan_aigi_efffc117b5767616_003968.png.png,complete
cf_train_v3_gan_aigi_f04e9e0290aac896,gan_aigi,data/HFCF_small_84.parquet,0,2154,036410.png,PNG,BigGAN,biggan,train,1,GAN,train_v3_additions/aigi/cf_train_v3_gan_aigi_f04e9e0290aac896_036410.png.png,complete
cf_train_v3_gan_aigi_f05bb62e9619278a,gan_aigi,data/HFCF_small_76.parquet,0,2953,007321.png,PNG,ProGAN,progan,train,1,GAN,train_v3_additions/aigi/cf_train_v3_gan_aigi_f05bb62e9619278a_007321.png.png,complete
cf_train_v3_gan_aigi_f0647695dc58179b,gan_aigi,data/HFCF_small_66.parquet,0,2019,005777.png,PNG,StyleGAN3,stylegan3,train,1,GAN,train_v3_additions/aigi/cf_train_v3_gan_aigi_f0647695dc58179b_005777.png.png,complete
cf_train_v3_gan_aigi_f088d92a20f4a9bc,gan_aigi,data/HFCF_small_73.parquet,0,898,026066.png,PNG,StyleSANXL,stylesanxl,train,1,GAN,train_v3_additions/aigi/cf_train_v3_gan_aigi_f088d92a20f4a9bc_026066.png.png,complete
cf_train_v3_gan_aigi_f0d486f6a092be0d,gan_aigi,data/HFCF_small_74.parquet,0,1048,006182.png,PNG,StyleGAN2-ADA,stylegan2-ada,train,1,GAN,train_v3_additions/aigi/cf_train_v3_gan_aigi_f0d486f6a092be0d_006182.png.png,complete
cf_train_v3_gan_aigi_f10a6502774e05f7,gan_aigi,data/HFCF_small_80.parquet,0,1938,014005.png,PNG,StyleGANXL,styleganxl,train,1,GAN,train_v3_additions/aigi/cf_train_v3_gan_aigi_f10a6502774e05f7_014005.png.png,complete
cf_train_v3_gan_aigi_f13fff301addee23,gan_aigi,data/HFCF_small_92.parquet,0,775,061586.png,PNG,GigaGAN,gigagan,train,1,GAN,train_v3_additions/aigi/cf_train_v3_gan_aigi_f13fff301addee23_061586.png.png,complete
cf_train_v3_gan_aigi_f15996da2aec3892,gan_aigi,data/HFCF_small_92.parquet,0,1320,117262.png,PNG,GigaGAN,gigagan,train,1,GAN,train_v3_additions/aigi/cf_train_v3_gan_aigi_f15996da2aec3892_117262.png.png,complete
cf_train_v3_gan_aigi_f16d322896446474,gan_aigi,data/HFCF_small_67.parquet,0,2501,000666.png,PNG,ProjectedGAN,projectedgan,train,1,GAN,train_v3_additions/aigi/cf_train_v3_gan_aigi_f16d322896446474_000666.png.png,complete
cf_train_v3_gan_aigi_f16de0d685ad7887,gan_aigi,data/HFCF_small_73.parquet,0,2097,034007.png,PNG,StyleSANXL,stylesanxl,train,1,GAN,train_v3_additions/aigi/cf_train_v3_gan_aigi_f16de0d685ad7887_034007.png.png,complete
cf_train_v3_gan_aigi_f182dab5f6360fe4,gan_aigi,data/HFCF_small_92.parquet,0,2308,069207.png,PNG,GigaGAN,gigagan,train,1,GAN,train_v3_additions/aigi/cf_train_v3_gan_aigi_f182dab5f6360fe4_069207.png.png,complete
cf_train_v3_gan_aigi_f1bb90b75e81fe1a,gan_aigi,data/HFCF_small_74.parquet,0,2919,005952.png,PNG,CIPS,cips,train,1,GAN,train_v3_additions/aigi/cf_train_v3_gan_aigi_f1bb90b75e81fe1a_005952.png.png,complete
cf_train_v3_gan_aigi_f1df88883d2c1256,gan_aigi,data/HFCF_small_80.parquet,0,1186,030570.png,PNG,StyleGANXL,styleganxl,train,1,GAN,train_v3_additions/aigi/cf_train_v3_gan_aigi_f1df88883d2c1256_030570.png.png,complete
cf_train_v3_gan_aigi_f1e3493c1fdcab01,gan_aigi,data/HFCF_small_75.parquet,0,1665,014146.png,PNG,StyleSwin,styleswin,train,1,GAN,train_v3_additions/aigi/cf_train_v3_gan_aigi_f1e3493c1fdcab01_014146.png.png,complete
cf_train_v3_gan_aigi_f20cc3884cdc9b1d,gan_aigi,data/HFCF_small_66.parquet,0,1940,008241.png,PNG,StyleGAN3,stylegan3,train,1,GAN,train_v3_additions/aigi/cf_train_v3_gan_aigi_f20cc3884cdc9b1d_008241.png.png,complete
cf_train_v3_gan_aigi_f24a725bf847fdae,gan_aigi,data/HFCF_small_74.parquet,0,2940,001089.png,PNG,CIPS,cips,train,1,GAN,train_v3_additions/aigi/cf_train_v3_gan_aigi_f24a725bf847fdae_001089.png.png,complete
cf_train_v3_gan_aigi_f274bd184320f75f,gan_aigi,data/HFCF_small_66.parquet,0,2057,005445.png,PNG,StyleGAN3,stylegan3,train,1,GAN,train_v3_additions/aigi/cf_train_v3_gan_aigi_f274bd184320f75f_005445.png.png,complete
cf_train_v3_gan_aigi_f2a7342b24fe952e,gan_aigi,data/HFCF_small_67.parquet,0,2985,005862.png,PNG,ProjectedGAN,projectedgan,train,1,GAN,train_v3_additions/aigi/cf_train_v3_gan_aigi_f2a7342b24fe952e_005862.png.png,complete
cf_train_v3_gan_aigi_f2bc7821317c55f8,gan_aigi,data/HFCF_small_76.parquet,0,2581,014000.png,PNG,ProGAN,progan,train,1,GAN,train_v3_additions/aigi/cf_train_v3_gan_aigi_f2bc7821317c55f8_014000.png.png,complete
cf_train_v3_gan_aigi_f2fc039714c41662,gan_aigi,data/HFCF_small_84.parquet,0,2389,055297.png,PNG,BigGAN,biggan,train,1,GAN,train_v3_additions/aigi/cf_train_v3_gan_aigi_f2fc039714c41662_055297.png.png,complete
cf_train_v3_gan_aigi_f30f99ba97a3e450,gan_aigi,data/HFCF_small_75.parquet,0,2900,008820.png,PNG,StyleSwin,styleswin,train,1,GAN,train_v3_additions/aigi/cf_train_v3_gan_aigi_f30f99ba97a3e450_008820.png.png,complete
cf_train_v3_gan_aigi_f35becdebd0dd567,gan_aigi,data/HFCF_small_76.parquet,0,2969,028791.png,PNG,ProGAN,progan,train,1,GAN,train_v3_additions/aigi/cf_train_v3_gan_aigi_f35becdebd0dd567_028791.png.png,complete
cf_train_v3_gan_aigi_f3a421ef9ad8fde5,gan_aigi,data/HFCF_small_66.parquet,0,2721,002464.png,PNG,StyleGAN3,stylegan3,train,1,GAN,train_v3_additions/aigi/cf_train_v3_gan_aigi_f3a421ef9ad8fde5_002464.png.png,complete
cf_train_v3_gan_aigi_f3c0da3589b3ebfb,gan_aigi,data/HFCF_small_92.parquet,0,1756,102707.png,PNG,GigaGAN,gigagan,train,1,GAN,train_v3_additions/aigi/cf_train_v3_gan_aigi_f3c0da3589b3ebfb_102707.png.png,complete
cf_train_v3_gan_aigi_f3ce7b931c417c75,gan_aigi,data/HFCF_small_69.parquet,0,2952,004702.png,PNG,StyleGAN2,stylegan2,train,1,GAN,train_v3_additions/aigi/cf_train_v3_gan_aigi_f3ce7b931c417c75_004702.png.png,complete
cf_train_v3_gan_aigi_f3e9ad40f619c51e,gan_aigi,data/HFCF_small_73.parquet,0,2543,020911.png,PNG,StyleSANXL,stylesanxl,train,1,GAN,train_v3_additions/aigi/cf_train_v3_gan_aigi_f3e9ad40f619c51e_020911.png.png,complete
cf_train_v3_gan_aigi_f3eb2c5c593e4001,gan_aigi,data/HFCF_small_76.parquet,0,2476,007875.png,PNG,ProGAN,progan,train,1,GAN,train_v3_additions/aigi/cf_train_v3_gan_aigi_f3eb2c5c593e4001_007875.png.png,complete
cf_train_v3_gan_aigi_f4668f83d964e8f1,gan_aigi,data/HFCF_small_73.parquet,0,2400,001885.png,PNG,StyleSANXL,stylesanxl,train,1,GAN,train_v3_additions/aigi/cf_train_v3_gan_aigi_f4668f83d964e8f1_001885.png.png,complete
cf_train_v3_gan_aigi_f486b53a0e6ebfc5,gan_aigi,data/HFCF_small_69.parquet,0,1411,005717.png,PNG,StyleGAN2,stylegan2,train,1,GAN,train_v3_additions/aigi/cf_train_v3_gan_aigi_f486b53a0e6ebfc5_005717.png.png,complete
cf_train_v3_gan_aigi_f49d168f1acca0ff,gan_aigi,data/HFCF_small_75.parquet,0,714,002786.png,PNG,StyleSwin,styleswin,train,1,GAN,train_v3_additions/aigi/cf_train_v3_gan_aigi_f49d168f1acca0ff_002786.png.png,complete
cf_train_v3_gan_aigi_f4b1352a6b86ceea,gan_aigi,data/HFCF_small_92.parquet,0,2158,112749.png,PNG,GigaGAN,gigagan,train,1,GAN,train_v3_additions/aigi/cf_train_v3_gan_aigi_f4b1352a6b86ceea_112749.png.png,complete
cf_train_v3_gan_aigi_f4df7edcad9b5126,gan_aigi,data/HFCF_small_92.parquet,0,2456,140403.png,PNG,GigaGAN,gigagan,train,1,GAN,train_v3_additions/aigi/cf_train_v3_gan_aigi_f4df7edcad9b5126_140403.png.png,complete
cf_train_v3_gan_aigi_f517392c4df9a3b1,gan_aigi,data/HFCF_small_92.parquet,0,2209,039601.png,PNG,GigaGAN,gigagan,train,1,GAN,train_v3_additions/aigi/cf_train_v3_gan_aigi_f517392c4df9a3b1_039601.png.png,complete
cf_train_v3_gan_aigi_f5206f3322efecd6,gan_aigi,data/HFCF_small_73.parquet,0,2822,040891.png,PNG,StyleSANXL,stylesanxl,train,1,GAN,train_v3_additions/aigi/cf_train_v3_gan_aigi_f5206f3322efecd6_040891.png.png,complete
cf_train_v3_gan_aigi_f5624a290f9fbb1d,gan_aigi,data/HFCF_small_66.parquet,0,1785,005951.png,PNG,Gansformer,gansformer,train,1,GAN,train_v3_additions/aigi/cf_train_v3_gan_aigi_f5624a290f9fbb1d_005951.png.png,complete
cf_train_v3_gan_aigi_f7016642e166d85a,gan_aigi,data/HFCF_small_69.parquet,0,414,023662.png,PNG,StyleGAN2,stylegan2,train,1,GAN,train_v3_additions/aigi/cf_train_v3_gan_aigi_f7016642e166d85a_023662.png.png,complete
cf_train_v3_gan_aigi_f7670fa98122c835,gan_aigi,data/HFCF_small_66.parquet,0,2278,006116.png,PNG,StyleGAN3,stylegan3,train,1,GAN,train_v3_additions/aigi/cf_train_v3_gan_aigi_f7670fa98122c835_006116.png.png,complete
cf_train_v3_gan_aigi_f7b65bfd9e9e9f69,gan_aigi,data/HFCF_small_66.parquet,0,1151,000399.png,PNG,Gansformer,gansformer,train,1,GAN,train_v3_additions/aigi/cf_train_v3_gan_aigi_f7b65bfd9e9e9f69_000399.png.png,complete
cf_train_v3_gan_aigi_f7d875c3a7ef8c14,gan_aigi,data/HFCF_small_73.parquet,0,2239,011119.png,PNG,StyleSANXL,stylesanxl,train,1,GAN,train_v3_additions/aigi/cf_train_v3_gan_aigi_f7d875c3a7ef8c14_011119.png.png,complete
cf_train_v3_gan_aigi_f854b897b797c226,gan_aigi,data/HFCF_small_74.parquet,0,1176,006041.png,PNG,StyleGAN2-ADA,stylegan2-ada,train,1,GAN,train_v3_additions/aigi/cf_train_v3_gan_aigi_f854b897b797c226_006041.png.png,complete
cf_train_v3_gan_aigi_f8a6328121818278,gan_aigi,data/HFCF_small_75.parquet,0,1196,002610.png,PNG,StyleSwin,styleswin,train,1,GAN,train_v3_additions/aigi/cf_train_v3_gan_aigi_f8a6328121818278_002610.png.png,complete
cf_train_v3_gan_aigi_f93ee17ec28d6474,gan_aigi,data/HFCF_small_80.parquet,0,1315,002474.png,PNG,StyleGANXL,styleganxl,train,1,GAN,train_v3_additions/aigi/cf_train_v3_gan_aigi_f93ee17ec28d6474_002474.png.png,complete
cf_train_v3_gan_aigi_f95996752e58c1dc,gan_aigi,data/HFCF_small_84.parquet,0,2663,087887.png,PNG,BigGAN,biggan,train,1,GAN,train_v3_additions/aigi/cf_train_v3_gan_aigi_f95996752e58c1dc_087887.png.png,complete
cf_train_v3_gan_aigi_f971fb1be96ef7a0,gan_aigi,data/HFCF_small_74.parquet,0,1607,003071.png,PNG,StyleGAN2-ADA,stylegan2-ada,train,1,GAN,train_v3_additions/aigi/cf_train_v3_gan_aigi_f971fb1be96ef7a0_003071.png.png,complete
cf_train_v3_gan_aigi_f9a8641dd9dbad1f,gan_aigi,data/HFCF_small_69.parquet,0,685,022963.png,PNG,StyleGAN2,stylegan2,train,1,GAN,train_v3_additions/aigi/cf_train_v3_gan_aigi_f9a8641dd9dbad1f_022963.png.png,complete
cf_train_v3_gan_aigi_f9f250779a4b43f6,gan_aigi,data/HFCF_small_75.parquet,0,2355,006794.png,PNG,StyleSwin,styleswin,train,1,GAN,train_v3_additions/aigi/cf_train_v3_gan_aigi_f9f250779a4b43f6_006794.png.png,complete
cf_train_v3_gan_aigi_fa309feedc6932b2,gan_aigi,data/HFCF_small_66.parquet,0,2936,001874.png,PNG,StyleGAN3,stylegan3,train,1,GAN,train_v3_additions/aigi/cf_train_v3_gan_aigi_fa309feedc6932b2_001874.png.png,complete
cf_train_v3_gan_aigi_fac1e0c5154da7f8,gan_aigi,data/HFCF_small_74.parquet,0,2367,008429.png,PNG,CIPS,cips,train,1,GAN,train_v3_additions/aigi/cf_train_v3_gan_aigi_fac1e0c5154da7f8_008429.png.png,complete
cf_train_v3_gan_aigi_fb23f33d57bb209a,gan_aigi,data/HFCF_small_66.parquet,0,2825,008529.png,PNG,StyleGAN3,stylegan3,train,1,GAN,train_v3_additions/aigi/cf_train_v3_gan_aigi_fb23f33d57bb209a_008529.png.png,complete
cf_train_v3_gan_aigi_fb727d0daefb5b6b,gan_aigi,data/HFCF_small_74.parquet,0,1474,008251.png,PNG,StyleGAN2-ADA,stylegan2-ada,train,1,GAN,train_v3_additions/aigi/cf_train_v3_gan_aigi_fb727d0daefb5b6b_008251.png.png,complete
cf_train_v3_gan_aigi_fb77d929a8bbb3f8,gan_aigi,data/HFCF_small_73.parquet,0,786,018211.png,PNG,StyleSANXL,stylesanxl,train,1,GAN,train_v3_additions/aigi/cf_train_v3_gan_aigi_fb77d929a8bbb3f8_018211.png.png,complete
cf_train_v3_gan_aigi_fc1c2dbd2bf7e417,gan_aigi,data/HFCF_small_92.parquet,0,1301,063753.png,PNG,GigaGAN,gigagan,train,1,GAN,train_v3_additions/aigi/cf_train_v3_gan_aigi_fc1c2dbd2bf7e417_063753.png.png,complete
cf_train_v3_gan_aigi_fc459f33caf00ed5,gan_aigi,data/HFCF_small_73.parquet,0,2235,012552.png,PNG,StyleSANXL,stylesanxl,train,1,GAN,train_v3_additions/aigi/cf_train_v3_gan_aigi_fc459f33caf00ed5_012552.png.png,complete
cf_train_v3_gan_aigi_fc8d1cbcebff0f1d,gan_aigi,data/HFCF_small_92.parquet,0,2032,091948.png,PNG,GigaGAN,gigagan,train,1,GAN,train_v3_additions/aigi/cf_train_v3_gan_aigi_fc8d1cbcebff0f1d_091948.png.png,complete
cf_train_v3_gan_aigi_fc92971e4b09a0b3,gan_aigi,data/HFCF_small_75.parquet,0,625,001623.png,PNG,StyleSwin,styleswin,train,1,GAN,train_v3_additions/aigi/cf_train_v3_gan_aigi_fc92971e4b09a0b3_001623.png.png,complete
cf_train_v3_gan_aigi_fcaf047b9c284ad7,gan_aigi,data/HFCF_small_75.parquet,0,1891,003009.png,PNG,StyleSwin,styleswin,train,1,GAN,train_v3_additions/aigi/cf_train_v3_gan_aigi_fcaf047b9c284ad7_003009.png.png,complete
cf_train_v3_gan_aigi_fcc242563fc98d62,gan_aigi,data/HFCF_small_73.parquet,0,1722,047019.png,PNG,StyleSANXL,stylesanxl,train,1,GAN,train_v3_additions/aigi/cf_train_v3_gan_aigi_fcc242563fc98d62_047019.png.png,complete
cf_train_v3_gan_aigi_fcc49d57c919f501,gan_aigi,data/HFCF_small_84.parquet,0,1093,044931.png,PNG,BigGAN,biggan,train,1,GAN,train_v3_additions/aigi/cf_train_v3_gan_aigi_fcc49d57c919f501_044931.png.png,complete
cf_train_v3_gan_aigi_fcc8ee153aeebd8c,gan_aigi,data/HFCF_small_84.parquet,0,2028,034214.png,PNG,BigGAN,biggan,train,1,GAN,train_v3_additions/aigi/cf_train_v3_gan_aigi_fcc8ee153aeebd8c_034214.png.png,complete
cf_train_v3_gan_aigi_fcd4ddbdd134daf2,gan_aigi,data/HFCF_small_74.parquet,0,2879,004724.png,PNG,CIPS,cips,train,1,GAN,train_v3_additions/aigi/cf_train_v3_gan_aigi_fcd4ddbdd134daf2_004724.png.png,complete
cf_train_v3_gan_aigi_fd51c75760edcd40,gan_aigi,data/HFCF_small_67.parquet,0,2536,006629.png,PNG,ProjectedGAN,projectedgan,train,1,GAN,train_v3_additions/aigi/cf_train_v3_gan_aigi_fd51c75760edcd40_006629.png.png,complete
cf_train_v3_gan_aigi_fd92f024aeabcbc4,gan_aigi,data/HFCF_small_75.parquet,0,1118,012661.png,PNG,StyleSwin,styleswin,train,1,GAN,train_v3_additions/aigi/cf_train_v3_gan_aigi_fd92f024aeabcbc4_012661.png.png,complete
cf_train_v3_gan_aigi_fda2430f78ab30ea,gan_aigi,data/HFCF_small_73.parquet,0,1973,027940.png,PNG,StyleSANXL,stylesanxl,train,1,GAN,train_v3_additions/aigi/cf_train_v3_gan_aigi_fda2430f78ab30ea_027940.png.png,complete
cf_train_v3_gan_aigi_fdac28448f9e67de,gan_aigi,data/HFCF_small_80.parquet,0,1690,034474.png,PNG,StyleGANXL,styleganxl,train,1,GAN,train_v3_additions/aigi/cf_train_v3_gan_aigi_fdac28448f9e67de_034474.png.png,complete
cf_train_v3_gan_aigi_fdc2b6a724fd6dab,gan_aigi,data/HFCF_small_67.parquet,0,2196,009963.png,PNG,ProjectedGAN,projectedgan,train,1,GAN,train_v3_additions/aigi/cf_train_v3_gan_aigi_fdc2b6a724fd6dab_009963.png.png,complete
cf_train_v3_gan_aigi_fe33f3c96efb4392,gan_aigi,data/HFCF_small_80.parquet,0,126,000646.png,PNG,StyleGANXL,styleganxl,train,1,GAN,train_v3_additions/aigi/cf_train_v3_gan_aigi_fe33f3c96efb4392_000646.png.png,complete
cf_train_v3_gan_aigi_fe423ff9795187cd,gan_aigi,data/HFCF_small_92.parquet,0,2812,114728.png,PNG,GigaGAN,gigagan,train,1,GAN,train_v3_additions/aigi/cf_train_v3_gan_aigi_fe423ff9795187cd_114728.png.png,complete
cf_train_v3_gan_aigi_ff206beb3cd9e0c2,gan_aigi,data/HFCF_small_66.parquet,0,1091,005009.png,PNG,Gansformer,gansformer,train,1,GAN,train_v3_additions/aigi/cf_train_v3_gan_aigi_ff206beb3cd9e0c2_005009.png.png,complete
cf_train_v3_gan_aigi_ff292e52431e051b,gan_aigi,data/HFCF_small_73.parquet,0,1241,045180.png,PNG,StyleSANXL,stylesanxl,train,1,GAN,train_v3_additions/aigi/cf_train_v3_gan_aigi_ff292e52431e051b_045180.png.png,complete
cf_train_v3_gan_aigi_ff894dd76edcc3f5,gan_aigi,data/HFCF_small_67.parquet,0,2389,005682.png,PNG,ProjectedGAN,projectedgan,train,1,GAN,train_v3_additions/aigi/cf_train_v3_gan_aigi_ff894dd76edcc3f5_005682.png.png,complete
cf_train_v3_gan_aigi_ffa6a84bd3887e5a,gan_aigi,data/HFCF_small_74.parquet,0,1627,005365.png,PNG,StyleGAN2-ADA,stylegan2-ada,train,1,GAN,train_v3_additions/aigi/cf_train_v3_gan_aigi_ffa6a84bd3887e5a_005365.png.png,complete
cf_train_v3_gan_aigi_ffb94b2b2b6cdde0,gan_aigi,data/HFCF_small_74.parquet,0,2704,007553.png,PNG,CIPS,cips,train,1,GAN,train_v3_additions/aigi/cf_train_v3_gan_aigi_ffb94b2b2b6cdde0_007553.png.png,complete
cf_train_v3_gan_matched_real_011e84056b8ffbae,gan_matched_real,data/HFCF_small_131.parquet,0,670,000000422301.jpg,JPEG,COCO,,train,0,Real,train_v3_additions/real/cf_train_v3_gan_matched_real_011e84056b8ffbae_000000422301.jpg.jpg,complete
cf_train_v3_gan_matched_real_01f7f173cbda42c7,gan_matched_real,data/HFCF_small_131.parquet,0,709,000000483955.jpg,JPEG,COCO,,train,0,Real,train_v3_additions/real/cf_train_v3_gan_matched_real_01f7f173cbda42c7_000000483955.jpg.jpg,complete
cf_train_v3_gan_matched_real_022faef3b5a7b0c3,gan_matched_real,data/HFCF_small_131.parquet,0,9,000000541053.jpg,JPEG,COCO,,train,0,Real,train_v3_additions/real/cf_train_v3_gan_matched_real_022faef3b5a7b0c3_000000541053.jpg.jpg,complete
cf_train_v3_gan_matched_real_02f437265ceb3c0f,gan_matched_real,data/HFCF_small_131.parquet,0,636,000000142088.jpg,JPEG,COCO,,train,0,Real,train_v3_additions/real/cf_train_v3_gan_matched_real_02f437265ceb3c0f_000000142088.jpg.jpg,complete
cf_train_v3_gan_matched_real_03a0f01acdeb67db,gan_matched_real,data/HFCF_small_131.parquet,0,1118,000000007601.jpg,JPEG,COCO,,train,0,Real,train_v3_additions/real/cf_train_v3_gan_matched_real_03a0f01acdeb67db_000000007601.jpg.jpg,complete
cf_train_v3_gan_matched_real_03a504e90d373ffd,gan_matched_real,data/HFCF_small_131.parquet,0,1537,000000249519.jpg,JPEG,COCO,,train,0,Real,train_v3_additions/real/cf_train_v3_gan_matched_real_03a504e90d373ffd_000000249519.jpg.jpg,complete
cf_train_v3_gan_matched_real_0434318915975643,gan_matched_real,data/HFCF_small_131.parquet,0,768,000000260748.jpg,JPEG,COCO,,train,0,Real,train_v3_additions/real/cf_train_v3_gan_matched_real_0434318915975643_000000260748.jpg.jpg,complete
cf_train_v3_gan_matched_real_043c6c3a4f7c1989,gan_matched_real,data/HFCF_small_131.parquet,0,2583,000000434782.jpg,JPEG,COCO,,train,0,Real,train_v3_additions/real/cf_train_v3_gan_matched_real_043c6c3a4f7c1989_000000434782.jpg.jpg,complete
cf_train_v3_gan_matched_real_045c246cfa0861b6,gan_matched_real,data/HFCF_small_131.parquet,0,7,000000543657.jpg,JPEG,COCO,,train,0,Real,train_v3_additions/real/cf_train_v3_gan_matched_real_045c246cfa0861b6_000000543657.jpg.jpg,complete
cf_train_v3_gan_matched_real_046a8eb1cc42069d,gan_matched_real,data/HFCF_small_131.parquet,0,245,000000189394.jpg,JPEG,COCO,,train,0,Real,train_v3_additions/real/cf_train_v3_gan_matched_real_046a8eb1cc42069d_000000189394.jpg.jpg,complete
cf_train_v3_gan_matched_real_04ad87d71e8f3e05,gan_matched_real,data/HFCF_small_131.parquet,0,38,000000047481.jpg,JPEG,COCO,,train,0,Real,train_v3_additions/real/cf_train_v3_gan_matched_real_04ad87d71e8f3e05_000000047481.jpg.jpg,complete
cf_train_v3_gan_matched_real_056e31d634e014b9,gan_matched_real,data/HFCF_small_131.parquet,0,2949,000000556230.jpg,JPEG,COCO,,train,0,Real,train_v3_additions/real/cf_train_v3_gan_matched_real_056e31d634e014b9_000000556230.jpg.jpg,complete
cf_train_v3_gan_matched_real_05b9c7a0244b925d,gan_matched_real,data/HFCF_small_131.parquet,0,2867,000000080582.jpg,JPEG,COCO,,train,0,Real,train_v3_additions/real/cf_train_v3_gan_matched_real_05b9c7a0244b925d_000000080582.jpg.jpg,complete
cf_train_v3_gan_matched_real_05c13f56b559873f,gan_matched_real,data/HFCF_small_131.parquet,0,1912,000000161758.jpg,JPEG,COCO,,train,0,Real,train_v3_additions/real/cf_train_v3_gan_matched_real_05c13f56b559873f_000000161758.jpg.jpg,complete
cf_train_v3_gan_matched_real_05e0ccf385214570,gan_matched_real,data/HFCF_small_131.parquet,0,2924,000000380539.jpg,JPEG,COCO,,train,0,Real,train_v3_additions/real/cf_train_v3_gan_matched_real_05e0ccf385214570_000000380539.jpg.jpg,complete
cf_train_v3_gan_matched_real_05ee4fd4fbb63047,gan_matched_real,data/HFCF_small_131.parquet,0,342,000000187989.jpg,JPEG,COCO,,train,0,Real,train_v3_additions/real/cf_train_v3_gan_matched_real_05ee4fd4fbb63047_000000187989.jpg.jpg,complete
cf_train_v3_gan_matched_real_062f85b3cbb00492,gan_matched_real,data/HFCF_small_131.parquet,0,685,000000007050.jpg,JPEG,COCO,,train,0,Real,train_v3_additions/real/cf_train_v3_gan_matched_real_062f85b3cbb00492_000000007050.jpg.jpg,complete
cf_train_v3_gan_matched_real_0639c36f94e20560,gan_matched_real,data/HFCF_small_131.parquet,0,2955,000000206787.jpg,JPEG,COCO,,train,0,Real,train_v3_additions/real/cf_train_v3_gan_matched_real_0639c36f94e20560_000000206787.jpg.jpg,complete
cf_train_v3_gan_matched_real_06851574bb341053,gan_matched_real,data/HFCF_small_131.parquet,0,1927,000000247603.jpg,JPEG,COCO,,train,0,Real,train_v3_additions/real/cf_train_v3_gan_matched_real_06851574bb341053_000000247603.jpg.jpg,complete
cf_train_v3_gan_matched_real_06991d2f80b0c350,gan_matched_real,data/HFCF_small_131.parquet,0,2814,000000578841.jpg,JPEG,COCO,,train,0,Real,train_v3_additions/real/cf_train_v3_gan_matched_real_06991d2f80b0c350_000000578841.jpg.jpg,complete
cf_train_v3_gan_matched_real_06b434566593bfbd,gan_matched_real,data/HFCF_small_131.parquet,0,396,000000579447.jpg,JPEG,COCO,,train,0,Real,train_v3_additions/real/cf_train_v3_gan_matched_real_06b434566593bfbd_000000579447.jpg.jpg,complete
cf_train_v3_gan_matched_real_06bb1dc1438fc850,gan_matched_real,data/HFCF_small_131.parquet,0,2199,000000499719.jpg,JPEG,COCO,,train,0,Real,train_v3_additions/real/cf_train_v3_gan_matched_real_06bb1dc1438fc850_000000499719.jpg.jpg,complete
cf_train_v3_gan_matched_real_06bc314534110bf9,gan_matched_real,data/HFCF_small_131.parquet,0,1132,000000139270.jpg,JPEG,COCO,,train,0,Real,train_v3_additions/real/cf_train_v3_gan_matched_real_06bc314534110bf9_000000139270.jpg.jpg,complete
cf_train_v3_gan_matched_real_0718b4ee993dda8f,gan_matched_real,data/HFCF_small_131.parquet,0,1200,000000571504.jpg,JPEG,COCO,,train,0,Real,train_v3_additions/real/cf_train_v3_gan_matched_real_0718b4ee993dda8f_000000571504.jpg.jpg,complete
cf_train_v3_gan_matched_real_075d57a416bf4a56,gan_matched_real,data/HFCF_small_131.parquet,0,2787,000000378720.jpg,JPEG,COCO,,train,0,Real,train_v3_additions/real/cf_train_v3_gan_matched_real_075d57a416bf4a56_000000378720.jpg.jpg,complete
cf_train_v3_gan_matched_real_078534d6620499fb,gan_matched_real,data/HFCF_small_131.parquet,0,2397,000000067805.jpg,JPEG,COCO,,train,0,Real,train_v3_additions/real/cf_train_v3_gan_matched_real_078534d6620499fb_000000067805.jpg.jpg,complete
cf_train_v3_gan_matched_real_07901abb8c0b40a6,gan_matched_real,data/HFCF_small_131.parquet,0,2680,000000139836.jpg,JPEG,COCO,,train,0,Real,train_v3_additions/real/cf_train_v3_gan_matched_real_07901abb8c0b40a6_000000139836.jpg.jpg,complete
cf_train_v3_gan_matched_real_07ea263c90eae5db,gan_matched_real,data/HFCF_small_131.parquet,0,2381,000000307322.jpg,JPEG,COCO,,train,0,Real,train_v3_additions/real/cf_train_v3_gan_matched_real_07ea263c90eae5db_000000307322.jpg.jpg,complete
cf_train_v3_gan_matched_real_087c9d446ac09cbd,gan_matched_real,data/HFCF_small_131.parquet,0,2887,000000330726.jpg,JPEG,COCO,,train,0,Real,train_v3_additions/real/cf_train_v3_gan_matched_real_087c9d446ac09cbd_000000330726.jpg.jpg,complete
cf_train_v3_gan_matched_real_0880f1a983d9251c,gan_matched_real,data/HFCF_small_131.parquet,0,2158,000000511930.jpg,JPEG,COCO,,train,0,Real,train_v3_additions/real/cf_train_v3_gan_matched_real_0880f1a983d9251c_000000511930.jpg.jpg,complete
cf_train_v3_gan_matched_real_08a57c578e8db35a,gan_matched_real,data/HFCF_small_131.parquet,0,553,000000250592.jpg,JPEG,COCO,,train,0,Real,train_v3_additions/real/cf_train_v3_gan_matched_real_08a57c578e8db35a_000000250592.jpg.jpg,complete
cf_train_v3_gan_matched_real_08a58e37b55bbdf5,gan_matched_real,data/HFCF_small_131.parquet,0,713,000000397760.jpg,JPEG,COCO,,train,0,Real,train_v3_additions/real/cf_train_v3_gan_matched_real_08a58e37b55bbdf5_000000397760.jpg.jpg,complete
cf_train_v3_gan_matched_real_0907ee4af2652571,gan_matched_real,data/HFCF_small_131.parquet,0,586,000000576774.jpg,JPEG,COCO,,train,0,Real,train_v3_additions/real/cf_train_v3_gan_matched_real_0907ee4af2652571_000000576774.jpg.jpg,complete
cf_train_v3_gan_matched_real_0944b34ff6fa07a9,gan_matched_real,data/HFCF_small_131.parquet,0,719,000000257450.jpg,JPEG,COCO,,train,0,Real,train_v3_additions/real/cf_train_v3_gan_matched_real_0944b34ff6fa07a9_000000257450.jpg.jpg,complete
cf_train_v3_gan_matched_real_0a023b007547567b,gan_matched_real,data/HFCF_small_131.parquet,0,1190,000000354938.jpg,JPEG,COCO,,train,0,Real,train_v3_additions/real/cf_train_v3_gan_matched_real_0a023b007547567b_000000354938.jpg.jpg,complete
cf_train_v3_gan_matched_real_0a048325cb1a710a,gan_matched_real,data/HFCF_small_131.parquet,0,2029,000000328574.jpg,JPEG,COCO,,train,0,Real,train_v3_additions/real/cf_train_v3_gan_matched_real_0a048325cb1a710a_000000328574.jpg.jpg,complete
cf_train_v3_gan_matched_real_0a16624318e30408,gan_matched_real,data/HFCF_small_131.parquet,0,1122,000000435326.jpg,JPEG,COCO,,train,0,Real,train_v3_additions/real/cf_train_v3_gan_matched_real_0a16624318e30408_000000435326.jpg.jpg,complete
cf_train_v3_gan_matched_real_0a27df1922efe89f,gan_matched_real,data/HFCF_small_131.parquet,0,2056,000000338168.jpg,JPEG,COCO,,train,0,Real,train_v3_additions/real/cf_train_v3_gan_matched_real_0a27df1922efe89f_000000338168.jpg.jpg,complete
cf_train_v3_gan_matched_real_0a95ad6a89bdbde7,gan_matched_real,data/HFCF_small_131.parquet,0,826,000000454449.jpg,JPEG,COCO,,train,0,Real,train_v3_additions/real/cf_train_v3_gan_matched_real_0a95ad6a89bdbde7_000000454449.jpg.jpg,complete
cf_train_v3_gan_matched_real_0ab1f84849af0ba1,gan_matched_real,data/HFCF_small_131.parquet,0,78,000000185117.jpg,JPEG,COCO,,train,0,Real,train_v3_additions/real/cf_train_v3_gan_matched_real_0ab1f84849af0ba1_000000185117.jpg.jpg,complete
cf_train_v3_gan_matched_real_0ae47a455b3ab318,gan_matched_real,data/HFCF_small_131.parquet,0,1453,000000172974.jpg,JPEG,COCO,,train,0,Real,train_v3_additions/real/cf_train_v3_gan_matched_real_0ae47a455b3ab318_000000172974.jpg.jpg,complete
cf_train_v3_gan_matched_real_0b1859f6d40ab4b7,gan_matched_real,data/HFCF_small_131.parquet,0,932,000000241355.jpg,JPEG,COCO,,train,0,Real,train_v3_additions/real/cf_train_v3_gan_matched_real_0b1859f6d40ab4b7_000000241355.jpg.jpg,complete
cf_train_v3_gan_matched_real_0b3c1be4c75df0eb,gan_matched_real,data/HFCF_small_131.parquet,0,2343,000000402313.jpg,JPEG,COCO,,train,0,Real,train_v3_additions/real/cf_train_v3_gan_matched_real_0b3c1be4c75df0eb_000000402313.jpg.jpg,complete
cf_train_v3_gan_matched_real_0b83de4c8e3a2aa6,gan_matched_real,data/HFCF_small_131.parquet,0,1796,000000406294.jpg,JPEG,COCO,,train,0,Real,train_v3_additions/real/cf_train_v3_gan_matched_real_0b83de4c8e3a2aa6_000000406294.jpg.jpg,complete
cf_train_v3_gan_matched_real_0b8aaef0a576f17c,gan_matched_real,data/HFCF_small_131.parquet,0,1847,000000332968.jpg,JPEG,COCO,,train,0,Real,train_v3_additions/real/cf_train_v3_gan_matched_real_0b8aaef0a576f17c_000000332968.jpg.jpg,complete
cf_train_v3_gan_matched_real_0bfbaf72b93d8f46,gan_matched_real,data/HFCF_small_131.parquet,0,705,000000438600.jpg,JPEG,COCO,,train,0,Real,train_v3_additions/real/cf_train_v3_gan_matched_real_0bfbaf72b93d8f46_000000438600.jpg.jpg,complete
cf_train_v3_gan_matched_real_0c0e2442112839c8,gan_matched_real,data/HFCF_small_131.parquet,0,2734,000000188552.jpg,JPEG,COCO,,train,0,Real,train_v3_additions/real/cf_train_v3_gan_matched_real_0c0e2442112839c8_000000188552.jpg.jpg,complete
cf_train_v3_gan_matched_real_0c1188dcfb730aaf,gan_matched_real,data/HFCF_small_131.parquet,0,1549,000000320667.jpg,JPEG,COCO,,train,0,Real,train_v3_additions/real/cf_train_v3_gan_matched_real_0c1188dcfb730aaf_000000320667.jpg.jpg,complete
cf_train_v3_gan_matched_real_0c20f0f4f703395a,gan_matched_real,data/HFCF_small_131.parquet,0,135,000000327263.jpg,JPEG,COCO,,train,0,Real,train_v3_additions/real/cf_train_v3_gan_matched_real_0c20f0f4f703395a_000000327263.jpg.jpg,complete
cf_train_v3_gan_matched_real_0c5ddc8ff331282d,gan_matched_real,data/HFCF_small_131.parquet,0,261,000000305370.jpg,JPEG,COCO,,train,0,Real,train_v3_additions/real/cf_train_v3_gan_matched_real_0c5ddc8ff331282d_000000305370.jpg.jpg,complete
cf_train_v3_gan_matched_real_0cf6f828170fdd95,gan_matched_real,data/HFCF_small_131.parquet,0,1472,000000146398.jpg,JPEG,COCO,,train,0,Real,train_v3_additions/real/cf_train_v3_gan_matched_real_0cf6f828170fdd95_000000146398.jpg.jpg,complete
cf_train_v3_gan_matched_real_0d4f5a894f61e029,gan_matched_real,data/HFCF_small_131.parquet,0,1505,000000093269.jpg,JPEG,COCO,,train,0,Real,train_v3_additions/real/cf_train_v3_gan_matched_real_0d4f5a894f61e029_000000093269.jpg.jpg,complete
cf_train_v3_gan_matched_real_0d9b0bebb772ff60,gan_matched_real,data/HFCF_small_131.parquet,0,1336,000000436185.jpg,JPEG,COCO,,train,0,Real,train_v3_additions/real/cf_train_v3_gan_matched_real_0d9b0bebb772ff60_000000436185.jpg.jpg,complete
cf_train_v3_gan_matched_real_0e2184d2dccc383d,gan_matched_real,data/HFCF_small_131.parquet,0,80,000000575900.jpg,JPEG,COCO,,train,0,Real,train_v3_additions/real/cf_train_v3_gan_matched_real_0e2184d2dccc383d_000000575900.jpg.jpg,complete
cf_train_v3_gan_matched_real_0ee55520fbf05220,gan_matched_real,data/HFCF_small_131.parquet,0,1000,000000032574.jpg,JPEG,COCO,,train,0,Real,train_v3_additions/real/cf_train_v3_gan_matched_real_0ee55520fbf05220_000000032574.jpg.jpg,complete
cf_train_v3_gan_matched_real_0ee5db1352448cfd,gan_matched_real,data/HFCF_small_131.parquet,0,1757,000000496768.jpg,JPEG,COCO,,train,0,Real,train_v3_additions/real/cf_train_v3_gan_matched_real_0ee5db1352448cfd_000000496768.jpg.jpg,complete
cf_train_v3_gan_matched_real_0f48f8d4a39b8789,gan_matched_real,data/HFCF_small_131.parquet,0,1361,000000519542.jpg,JPEG,COCO,,train,0,Real,train_v3_additions/real/cf_train_v3_gan_matched_real_0f48f8d4a39b8789_000000519542.jpg.jpg,complete
cf_train_v3_gan_matched_real_0f51acb316e89e7f,gan_matched_real,data/HFCF_small_131.parquet,0,671,000000059979.jpg,JPEG,COCO,,train,0,Real,train_v3_additions/real/cf_train_v3_gan_matched_real_0f51acb316e89e7f_000000059979.jpg.jpg,complete
cf_train_v3_gan_matched_real_0f79d3509004c609,gan_matched_real,data/HFCF_small_131.parquet,0,588,000000476965.jpg,JPEG,COCO,,train,0,Real,train_v3_additions/real/cf_train_v3_gan_matched_real_0f79d3509004c609_000000476965.jpg.jpg,complete
cf_train_v3_gan_matched_real_0f9509dd4c6825eb,gan_matched_real,data/HFCF_small_131.parquet,0,1462,000000256284.jpg,JPEG,COCO,,train,0,Real,train_v3_additions/real/cf_train_v3_gan_matched_real_0f9509dd4c6825eb_000000256284.jpg.jpg,complete
cf_train_v3_gan_matched_real_10190d9e21299702,gan_matched_real,data/HFCF_small_131.parquet,0,2139,000000319024.jpg,JPEG,COCO,,train,0,Real,train_v3_additions/real/cf_train_v3_gan_matched_real_10190d9e21299702_000000319024.jpg.jpg,complete
cf_train_v3_gan_matched_real_10324953a72ab4e3,gan_matched_real,data/HFCF_small_131.parquet,0,1390,000000043771.jpg,JPEG,COCO,,train,0,Real,train_v3_additions/real/cf_train_v3_gan_matched_real_10324953a72ab4e3_000000043771.jpg.jpg,complete
cf_train_v3_gan_matched_real_10d79da627f18310,gan_matched_real,data/HFCF_small_131.parquet,0,1124,000000020414.jpg,JPEG,COCO,,train,0,Real,train_v3_additions/real/cf_train_v3_gan_matched_real_10d79da627f18310_000000020414.jpg.jpg,complete
cf_train_v3_gan_matched_real_111f9adb33cf7e17,gan_matched_real,data/HFCF_small_131.parquet,0,1196,000000225658.jpg,JPEG,COCO,,train,0,Real,train_v3_additions/real/cf_train_v3_gan_matched_real_111f9adb33cf7e17_000000225658.jpg.jpg,complete
cf_train_v3_gan_matched_real_11527c59494be5d9,gan_matched_real,data/HFCF_small_131.parquet,0,1998,000000278323.jpg,JPEG,COCO,,train,0,Real,train_v3_additions/real/cf_train_v3_gan_matched_real_11527c59494be5d9_000000278323.jpg.jpg,complete
cf_train_v3_gan_matched_real_1218c7c1c0cb1614,gan_matched_real,data/HFCF_small_131.parquet,0,403,000000319443.jpg,JPEG,COCO,,train,0,Real,train_v3_additions/real/cf_train_v3_gan_matched_real_1218c7c1c0cb1614_000000319443.jpg.jpg,complete
cf_train_v3_gan_matched_real_122670332adf5432,gan_matched_real,data/HFCF_small_131.parquet,0,545,000000263043.jpg,JPEG,COCO,,train,0,Real,train_v3_additions/real/cf_train_v3_gan_matched_real_122670332adf5432_000000263043.jpg.jpg,complete
cf_train_v3_gan_matched_real_12aa3f6aa56c3bf1,gan_matched_real,data/HFCF_small_131.parquet,0,319,000000391388.jpg,JPEG,COCO,,train,0,Real,train_v3_additions/real/cf_train_v3_gan_matched_real_12aa3f6aa56c3bf1_000000391388.jpg.jpg,complete
cf_train_v3_gan_matched_real_12c2d7683654e214,gan_matched_real,data/HFCF_small_131.parquet,0,935,000000160607.jpg,JPEG,COCO,,train,0,Real,train_v3_additions/real/cf_train_v3_gan_matched_real_12c2d7683654e214_000000160607.jpg.jpg,complete
cf_train_v3_gan_matched_real_12f50ed86b8a7196,gan_matched_real,data/HFCF_small_131.parquet,0,299,000000146850.jpg,JPEG,COCO,,train,0,Real,train_v3_additions/real/cf_train_v3_gan_matched_real_12f50ed86b8a7196_000000146850.jpg.jpg,complete
cf_train_v3_gan_matched_real_12f70431c0bf7258,gan_matched_real,data/HFCF_small_131.parquet,0,1016,000000208372.jpg,JPEG,COCO,,train,0,Real,train_v3_additions/real/cf_train_v3_gan_matched_real_12f70431c0bf7258_000000208372.jpg.jpg,complete
cf_train_v3_gan_matched_real_131bdffcb43a25f1,gan_matched_real,data/HFCF_small_131.parquet,0,378,000000481609.jpg,JPEG,COCO,,train,0,Real,train_v3_additions/real/cf_train_v3_gan_matched_real_131bdffcb43a25f1_000000481609.jpg.jpg,complete
cf_train_v3_gan_matched_real_1412a9c901230672,gan_matched_real,data/HFCF_small_131.parquet,0,2065,000000469002.jpg,JPEG,COCO,,train,0,Real,train_v3_additions/real/cf_train_v3_gan_matched_real_1412a9c901230672_000000469002.jpg.jpg,complete
cf_train_v3_gan_matched_real_141347b468186019,gan_matched_real,data/HFCF_small_131.parquet,0,1950,000000282473.jpg,JPEG,COCO,,train,0,Real,train_v3_additions/real/cf_train_v3_gan_matched_real_141347b468186019_000000282473.jpg.jpg,complete
cf_train_v3_gan_matched_real_142fe3663e330f47,gan_matched_real,data/HFCF_small_131.parquet,0,2531,000000560186.jpg,JPEG,COCO,,train,0,Real,train_v3_additions/real/cf_train_v3_gan_matched_real_142fe3663e330f47_000000560186.jpg.jpg,complete
cf_train_v3_gan_matched_real_144fef1fa3f10afc,gan_matched_real,data/HFCF_small_131.parquet,0,1888,000000422916.jpg,JPEG,COCO,,train,0,Real,train_v3_additions/real/cf_train_v3_gan_matched_real_144fef1fa3f10afc_000000422916.jpg.jpg,complete
cf_train_v3_gan_matched_real_148a833617dc62fd,gan_matched_real,data/HFCF_small_131.parquet,0,1986,000000035299.jpg,JPEG,COCO,,train,0,Real,train_v3_additions/real/cf_train_v3_gan_matched_real_148a833617dc62fd_000000035299.jpg.jpg,complete
cf_train_v3_gan_matched_real_14c0b040821ba008,gan_matched_real,data/HFCF_small_131.parquet,0,2182,000000251797.jpg,JPEG,COCO,,train,0,Real,train_v3_additions/real/cf_train_v3_gan_matched_real_14c0b040821ba008_000000251797.jpg.jpg,complete
cf_train_v3_gan_matched_real_14c51956e9349698,gan_matched_real,data/HFCF_small_131.parquet,0,1082,000000088675.jpg,JPEG,COCO,,train,0,Real,train_v3_additions/real/cf_train_v3_gan_matched_real_14c51956e9349698_000000088675.jpg.jpg,complete
cf_train_v3_gan_matched_real_14ccf41d6001c96f,gan_matched_real,data/HFCF_small_131.parquet,0,99,000000565047.jpg,JPEG,COCO,,train,0,Real,train_v3_additions/real/cf_train_v3_gan_matched_real_14ccf41d6001c96f_000000565047.jpg.jpg,complete
cf_train_v3_gan_matched_real_14dad118e4290f8a,gan_matched_real,data/HFCF_small_131.parquet,0,805,000000458229.jpg,JPEG,COCO,,train,0,Real,train_v3_additions/real/cf_train_v3_gan_matched_real_14dad118e4290f8a_000000458229.jpg.jpg,complete
cf_train_v3_gan_matched_real_14fafb4803b58f95,gan_matched_real,data/HFCF_small_131.parquet,0,2717,000000000071.jpg,JPEG,COCO,,train,0,Real,train_v3_additions/real/cf_train_v3_gan_matched_real_14fafb4803b58f95_000000000071.jpg.jpg,complete
cf_train_v3_gan_matched_real_1539b2b5727c5657,gan_matched_real,data/HFCF_small_131.parquet,0,2077,000000579859.jpg,JPEG,COCO,,train,0,Real,train_v3_additions/real/cf_train_v3_gan_matched_real_1539b2b5727c5657_000000579859.jpg.jpg,complete
cf_train_v3_gan_matched_real_153cb8fce5c64ef9,gan_matched_real,data/HFCF_small_131.parquet,0,1953,000000045419.jpg,JPEG,COCO,,train,0,Real,train_v3_additions/real/cf_train_v3_gan_matched_real_153cb8fce5c64ef9_000000045419.jpg.jpg,complete
cf_train_v3_gan_matched_real_15456f8a5e3d13ac,gan_matched_real,data/HFCF_small_131.parquet,0,1071,000000562834.jpg,JPEG,COCO,,train,0,Real,train_v3_additions/real/cf_train_v3_gan_matched_real_15456f8a5e3d13ac_000000562834.jpg.jpg,complete
cf_train_v3_gan_matched_real_1599abb358b26227,gan_matched_real,data/HFCF_small_131.parquet,0,2079,000000260464.jpg,JPEG,COCO,,train,0,Real,train_v3_additions/real/cf_train_v3_gan_matched_real_1599abb358b26227_000000260464.jpg.jpg,complete
cf_train_v3_gan_matched_real_15d7e1ae39d51483,gan_matched_real,data/HFCF_small_131.parquet,0,1419,000000347469.jpg,JPEG,COCO,,train,0,Real,train_v3_additions/real/cf_train_v3_gan_matched_real_15d7e1ae39d51483_000000347469.jpg.jpg,complete
cf_train_v3_gan_matched_real_16a7ceb9115ff529,gan_matched_real,data/HFCF_small_131.parquet,0,2050,000000253266.jpg,JPEG,COCO,,train,0,Real,train_v3_additions/real/cf_train_v3_gan_matched_real_16a7ceb9115ff529_000000253266.jpg.jpg,complete
cf_train_v3_gan_matched_real_16d1f78298e294cb,gan_matched_real,data/HFCF_small_131.parquet,0,2893,000000276585.jpg,JPEG,COCO,,train,0,Real,train_v3_additions/real/cf_train_v3_gan_matched_real_16d1f78298e294cb_000000276585.jpg.jpg,complete
cf_train_v3_gan_matched_real_16e899dd2cc61493,gan_matched_real,data/HFCF_small_131.parquet,0,239,000000209253.jpg,JPEG,COCO,,train,0,Real,train_v3_additions/real/cf_train_v3_gan_matched_real_16e899dd2cc61493_000000209253.jpg.jpg,complete
cf_train_v3_gan_matched_real_1703108571346196,gan_matched_real,data/HFCF_small_131.parquet,0,394,000000311435.jpg,JPEG,COCO,,train,0,Real,train_v3_additions/real/cf_train_v3_gan_matched_real_1703108571346196_000000311435.jpg.jpg,complete
cf_train_v3_gan_matched_real_174be1b09245b7ef,gan_matched_real,data/HFCF_small_131.parquet,0,2290,000000531550.jpg,JPEG,COCO,,train,0,Real,train_v3_additions/real/cf_train_v3_gan_matched_real_174be1b09245b7ef_000000531550.jpg.jpg,complete
cf_train_v3_gan_matched_real_176826fd852802ba,gan_matched_real,data/HFCF_small_131.parquet,0,2657,000000458772.jpg,JPEG,COCO,,train,0,Real,train_v3_additions/real/cf_train_v3_gan_matched_real_176826fd852802ba_000000458772.jpg.jpg,complete
cf_train_v3_gan_matched_real_1771f0153e72426d,gan_matched_real,data/HFCF_small_131.parquet,0,2966,000000288721.jpg,JPEG,COCO,,train,0,Real,train_v3_additions/real/cf_train_v3_gan_matched_real_1771f0153e72426d_000000288721.jpg.jpg,complete
cf_train_v3_gan_matched_real_177ac67b8c7bca9f,gan_matched_real,data/HFCF_small_131.parquet,0,1553,000000436975.jpg,JPEG,COCO,,train,0,Real,train_v3_additions/real/cf_train_v3_gan_matched_real_177ac67b8c7bca9f_000000436975.jpg.jpg,complete
cf_train_v3_gan_matched_real_1793dcb60c641181,gan_matched_real,data/HFCF_small_131.parquet,0,1415,000000262335.jpg,JPEG,COCO,,train,0,Real,train_v3_additions/real/cf_train_v3_gan_matched_real_1793dcb60c641181_000000262335.jpg.jpg,complete
cf_train_v3_gan_matched_real_17bb272d67940119,gan_matched_real,data/HFCF_small_131.parquet,0,2423,000000395831.jpg,JPEG,COCO,,train,0,Real,train_v3_additions/real/cf_train_v3_gan_matched_real_17bb272d67940119_000000395831.jpg.jpg,complete
cf_train_v3_gan_matched_real_17edf9663b28797c,gan_matched_real,data/HFCF_small_131.parquet,0,2303,000000458042.jpg,JPEG,COCO,,train,0,Real,train_v3_additions/real/cf_train_v3_gan_matched_real_17edf9663b28797c_000000458042.jpg.jpg,complete
cf_train_v3_gan_matched_real_17f8cfcdb63213ed,gan_matched_real,data/HFCF_small_131.parquet,0,1267,000000159372.jpg,JPEG,COCO,,train,0,Real,train_v3_additions/real/cf_train_v3_gan_matched_real_17f8cfcdb63213ed_000000159372.jpg.jpg,complete
cf_train_v3_gan_matched_real_180ab3841d93d603,gan_matched_real,data/HFCF_small_131.parquet,0,1948,000000289943.jpg,JPEG,COCO,,train,0,Real,train_v3_additions/real/cf_train_v3_gan_matched_real_180ab3841d93d603_000000289943.jpg.jpg,complete
cf_train_v3_gan_matched_real_181f067d8c6ac7c7,gan_matched_real,data/HFCF_small_131.parquet,0,644,000000237162.jpg,JPEG,COCO,,train,0,Real,train_v3_additions/real/cf_train_v3_gan_matched_real_181f067d8c6ac7c7_000000237162.jpg.jpg,complete
cf_train_v3_gan_matched_real_186fd744b4a025d4,gan_matched_real,data/HFCF_small_131.parquet,0,1967,000000408263.jpg,JPEG,COCO,,train,0,Real,train_v3_additions/real/cf_train_v3_gan_matched_real_186fd744b4a025d4_000000408263.jpg.jpg,complete
cf_train_v3_gan_matched_real_18797a04afa11949,gan_matched_real,data/HFCF_small_131.parquet,0,2822,000000565081.jpg,JPEG,COCO,,train,0,Real,train_v3_additions/real/cf_train_v3_gan_matched_real_18797a04afa11949_000000565081.jpg.jpg,complete
cf_train_v3_gan_matched_real_18b7a5e5a56eb3ad,gan_matched_real,data/HFCF_small_131.parquet,0,548,000000357894.jpg,JPEG,COCO,,train,0,Real,train_v3_additions/real/cf_train_v3_gan_matched_real_18b7a5e5a56eb3ad_000000357894.jpg.jpg,complete
cf_train_v3_gan_matched_real_1939c5de65c5e6ea,gan_matched_real,data/HFCF_small_131.parquet,0,356,000000068069.jpg,JPEG,COCO,,train,0,Real,train_v3_additions/real/cf_train_v3_gan_matched_real_1939c5de65c5e6ea_000000068069.jpg.jpg,complete
cf_train_v3_gan_matched_real_19400449766f7e01,gan_matched_real,data/HFCF_small_131.parquet,0,1669,000000256884.jpg,JPEG,COCO,,train,0,Real,train_v3_additions/real/cf_train_v3_gan_matched_real_19400449766f7e01_000000256884.jpg.jpg,complete
cf_train_v3_gan_matched_real_1969c3f7c47f2740,gan_matched_real,data/HFCF_small_131.parquet,0,2214,000000570138.jpg,JPEG,COCO,,train,0,Real,train_v3_additions/real/cf_train_v3_gan_matched_real_1969c3f7c47f2740_000000570138.jpg.jpg,complete
cf_train_v3_gan_matched_real_19874a6b272321c8,gan_matched_real,data/HFCF_small_131.parquet,0,2942,000000469559.jpg,JPEG,COCO,,train,0,Real,train_v3_additions/real/cf_train_v3_gan_matched_real_19874a6b272321c8_000000469559.jpg.jpg,complete
cf_train_v3_gan_matched_real_19b4ed8f71cee183,gan_matched_real,data/HFCF_small_131.parquet,0,522,000000556437.jpg,JPEG,COCO,,train,0,Real,train_v3_additions/real/cf_train_v3_gan_matched_real_19b4ed8f71cee183_000000556437.jpg.jpg,complete
cf_train_v3_gan_matched_real_19c01394ee0c6d80,gan_matched_real,data/HFCF_small_131.parquet,0,1274,000000085030.jpg,JPEG,COCO,,train,0,Real,train_v3_additions/real/cf_train_v3_gan_matched_real_19c01394ee0c6d80_000000085030.jpg.jpg,complete
cf_train_v3_gan_matched_real_19e193c0dd7a458e,gan_matched_real,data/HFCF_small_131.parquet,0,2413,000000197005.jpg,JPEG,COCO,,train,0,Real,train_v3_additions/real/cf_train_v3_gan_matched_real_19e193c0dd7a458e_000000197005.jpg.jpg,complete
cf_train_v3_gan_matched_real_19fe3454844d7a4d,gan_matched_real,data/HFCF_small_131.parquet,0,1014,000000339611.jpg,JPEG,COCO,,train,0,Real,train_v3_additions/real/cf_train_v3_gan_matched_real_19fe3454844d7a4d_000000339611.jpg.jpg,complete
cf_train_v3_gan_matched_real_1a22f1350dcf2926,gan_matched_real,data/HFCF_small_131.parquet,0,90,000000222015.jpg,JPEG,COCO,,train,0,Real,train_v3_additions/real/cf_train_v3_gan_matched_real_1a22f1350dcf2926_000000222015.jpg.jpg,complete
cf_train_v3_gan_matched_real_1a6d7164113a90cd,gan_matched_real,data/HFCF_small_131.parquet,0,2130,000000044702.jpg,JPEG,COCO,,train,0,Real,train_v3_additions/real/cf_train_v3_gan_matched_real_1a6d7164113a90cd_000000044702.jpg.jpg,complete
cf_train_v3_gan_matched_real_1a720993a7940ca9,gan_matched_real,data/HFCF_small_131.parquet,0,1698,000000171011.jpg,JPEG,COCO,,train,0,Real,train_v3_additions/real/cf_train_v3_gan_matched_real_1a720993a7940ca9_000000171011.jpg.jpg,complete
cf_train_v3_gan_matched_real_1b1015087dffbcf5,gan_matched_real,data/HFCF_small_131.parquet,0,387,000000476913.jpg,JPEG,COCO,,train,0,Real,train_v3_additions/real/cf_train_v3_gan_matched_real_1b1015087dffbcf5_000000476913.jpg.jpg,complete
cf_train_v3_gan_matched_real_1b3ff46fe69d2e21,gan_matched_real,data/HFCF_small_131.parquet,0,346,000000194848.jpg,JPEG,COCO,,train,0,Real,train_v3_additions/real/cf_train_v3_gan_matched_real_1b3ff46fe69d2e21_000000194848.jpg.jpg,complete
cf_train_v3_gan_matched_real_1b67ab3b19b999ed,gan_matched_real,data/HFCF_small_131.parquet,0,2243,000000370722.jpg,JPEG,COCO,,train,0,Real,train_v3_additions/real/cf_train_v3_gan_matched_real_1b67ab3b19b999ed_000000370722.jpg.jpg,complete
cf_train_v3_gan_matched_real_1b6be88c71b6a375,gan_matched_real,data/HFCF_small_131.parquet,0,1624,000000472157.jpg,JPEG,COCO,,train,0,Real,train_v3_additions/real/cf_train_v3_gan_matched_real_1b6be88c71b6a375_000000472157.jpg.jpg,complete
cf_train_v3_gan_matched_real_1bbc26f53cb35ec6,gan_matched_real,data/HFCF_small_131.parquet,0,2120,000000408859.jpg,JPEG,COCO,,train,0,Real,train_v3_additions/real/cf_train_v3_gan_matched_real_1bbc26f53cb35ec6_000000408859.jpg.jpg,complete
cf_train_v3_gan_matched_real_1bd3bf4a51fc6547,gan_matched_real,data/HFCF_small_131.parquet,0,2311,000000496657.jpg,JPEG,COCO,,train,0,Real,train_v3_additions/real/cf_train_v3_gan_matched_real_1bd3bf4a51fc6547_000000496657.jpg.jpg,complete
cf_train_v3_gan_matched_real_1bf74adf316ef83c,gan_matched_real,data/HFCF_small_131.parquet,0,1378,000000330901.jpg,JPEG,COCO,,train,0,Real,train_v3_additions/real/cf_train_v3_gan_matched_real_1bf74adf316ef83c_000000330901.jpg.jpg,complete
cf_train_v3_gan_matched_real_1c3887fc471ceb96,gan_matched_real,data/HFCF_small_131.parquet,0,1277,000000011544.jpg,JPEG,COCO,,train,0,Real,train_v3_additions/real/cf_train_v3_gan_matched_real_1c3887fc471ceb96_000000011544.jpg.jpg,complete
cf_train_v3_gan_matched_real_1c6181e83d300a30,gan_matched_real,data/HFCF_small_131.parquet,0,58,000000275969.jpg,JPEG,COCO,,train,0,Real,train_v3_additions/real/cf_train_v3_gan_matched_real_1c6181e83d300a30_000000275969.jpg.jpg,complete
cf_train_v3_gan_matched_real_1c76adec2da4bdbd,gan_matched_real,data/HFCF_small_131.parquet,0,2420,000000538319.jpg,JPEG,COCO,,train,0,Real,train_v3_additions/real/cf_train_v3_gan_matched_real_1c76adec2da4bdbd_000000538319.jpg.jpg,complete
cf_train_v3_gan_matched_real_1c8a3e4a49e38866,gan_matched_real,data/HFCF_small_131.parquet,0,1373,000000274466.jpg,JPEG,COCO,,train,0,Real,train_v3_additions/real/cf_train_v3_gan_matched_real_1c8a3e4a49e38866_000000274466.jpg.jpg,complete
cf_train_v3_gan_matched_real_1c991dc72b4fac2c,gan_matched_real,data/HFCF_small_131.parquet,0,783,000000192306.jpg,JPEG,COCO,,train,0,Real,train_v3_additions/real/cf_train_v3_gan_matched_real_1c991dc72b4fac2c_000000192306.jpg.jpg,complete
cf_train_v3_gan_matched_real_1cfc55b379bdf603,gan_matched_real,data/HFCF_small_131.parquet,0,418,000000085902.jpg,JPEG,COCO,,train,0,Real,train_v3_additions/real/cf_train_v3_gan_matched_real_1cfc55b379bdf603_000000085902.jpg.jpg,complete
cf_train_v3_gan_matched_real_1d1fe771015ce62e,gan_matched_real,data/HFCF_small_131.parquet,0,1231,000000350640.jpg,JPEG,COCO,,train,0,Real,train_v3_additions/real/cf_train_v3_gan_matched_real_1d1fe771015ce62e_000000350640.jpg.jpg,complete
cf_train_v3_gan_matched_real_1d658c90b59ac1e5,gan_matched_real,data/HFCF_small_131.parquet,0,2862,000000029852.jpg,JPEG,COCO,,train,0,Real,train_v3_additions/real/cf_train_v3_gan_matched_real_1d658c90b59ac1e5_000000029852.jpg.jpg,complete
cf_train_v3_gan_matched_real_1d668f647af91a9b,gan_matched_real,data/HFCF_small_131.parquet,0,2792,000000015644.jpg,JPEG,COCO,,train,0,Real,train_v3_additions/real/cf_train_v3_gan_matched_real_1d668f647af91a9b_000000015644.jpg.jpg,complete
cf_train_v3_gan_matched_real_1d7d991d3c30db03,gan_matched_real,data/HFCF_small_131.parquet,0,1173,000000110881.jpg,JPEG,COCO,,train,0,Real,train_v3_additions/real/cf_train_v3_gan_matched_real_1d7d991d3c30db03_000000110881.jpg.jpg,complete
cf_train_v3_gan_matched_real_1e3c79668eabeb9e,gan_matched_real,data/HFCF_small_131.parquet,0,1736,000000245295.jpg,JPEG,COCO,,train,0,Real,train_v3_additions/real/cf_train_v3_gan_matched_real_1e3c79668eabeb9e_000000245295.jpg.jpg,complete
cf_train_v3_gan_matched_real_1e4779560f049fde,gan_matched_real,data/HFCF_small_131.parquet,0,660,000000138730.jpg,JPEG,COCO,,train,0,Real,train_v3_additions/real/cf_train_v3_gan_matched_real_1e4779560f049fde_000000138730.jpg.jpg,complete
cf_train_v3_gan_matched_real_1e82e3f8b4f02f3c,gan_matched_real,data/HFCF_small_131.parquet,0,1705,000000121598.jpg,JPEG,COCO,,train,0,Real,train_v3_additions/real/cf_train_v3_gan_matched_real_1e82e3f8b4f02f3c_000000121598.jpg.jpg,complete
cf_train_v3_gan_matched_real_1e882fb2f360a5e9,gan_matched_real,data/HFCF_small_131.parquet,0,2208,000000545679.jpg,JPEG,COCO,,train,0,Real,train_v3_additions/real/cf_train_v3_gan_matched_real_1e882fb2f360a5e9_000000545679.jpg.jpg,complete
cf_train_v3_gan_matched_real_1e892797aa3d1840,gan_matched_real,data/HFCF_small_131.parquet,0,2556,000000519055.jpg,JPEG,COCO,,train,0,Real,train_v3_additions/real/cf_train_v3_gan_matched_real_1e892797aa3d1840_000000519055.jpg.jpg,complete
cf_train_v3_gan_matched_real_1ea8a3577315e0ef,gan_matched_real,data/HFCF_small_131.parquet,0,2739,000000434602.jpg,JPEG,COCO,,train,0,Real,train_v3_additions/real/cf_train_v3_gan_matched_real_1ea8a3577315e0ef_000000434602.jpg.jpg,complete
cf_train_v3_gan_matched_real_1eb24e3b75444a52,gan_matched_real,data/HFCF_small_131.parquet,0,450,000000354212.jpg,JPEG,COCO,,train,0,Real,train_v3_additions/real/cf_train_v3_gan_matched_real_1eb24e3b75444a52_000000354212.jpg.jpg,complete
cf_train_v3_gan_matched_real_1edc7dd56594b898,gan_matched_real,data/HFCF_small_131.parquet,0,62,000000045923.jpg,JPEG,COCO,,train,0,Real,train_v3_additions/real/cf_train_v3_gan_matched_real_1edc7dd56594b898_000000045923.jpg.jpg,complete
cf_train_v3_gan_matched_real_1f3616139258c5d4,gan_matched_real,data/HFCF_small_131.parquet,0,2701,000000443963.jpg,JPEG,COCO,,train,0,Real,train_v3_additions/real/cf_train_v3_gan_matched_real_1f3616139258c5d4_000000443963.jpg.jpg,complete
cf_train_v3_gan_matched_real_1f77b07ceec86fad,gan_matched_real,data/HFCF_small_131.parquet,0,2468,000000209304.jpg,JPEG,COCO,,train,0,Real,train_v3_additions/real/cf_train_v3_gan_matched_real_1f77b07ceec86fad_000000209304.jpg.jpg,complete
cf_train_v3_gan_matched_real_1faeaf339ad74027,gan_matched_real,data/HFCF_small_131.parquet,0,2748,000000159887.jpg,JPEG,COCO,,train,0,Real,train_v3_additions/real/cf_train_v3_gan_matched_real_1faeaf339ad74027_000000159887.jpg.jpg,complete
cf_train_v3_gan_matched_real_20156ea8006e2d4d,gan_matched_real,data/HFCF_small_131.parquet,0,1928,000000265236.jpg,JPEG,COCO,,train,0,Real,train_v3_additions/real/cf_train_v3_gan_matched_real_20156ea8006e2d4d_000000265236.jpg.jpg,complete
cf_train_v3_gan_matched_real_2050ee662d0ed990,gan_matched_real,data/HFCF_small_131.parquet,0,2636,000000028874.jpg,JPEG,COCO,,train,0,Real,train_v3_additions/real/cf_train_v3_gan_matched_real_2050ee662d0ed990_000000028874.jpg.jpg,complete
cf_train_v3_gan_matched_real_2061584058dd08f3,gan_matched_real,data/HFCF_small_131.parquet,0,119,000000417220.jpg,JPEG,COCO,,train,0,Real,train_v3_additions/real/cf_train_v3_gan_matched_real_2061584058dd08f3_000000417220.jpg.jpg,complete
cf_train_v3_gan_matched_real_208e2c0dae25d21b,gan_matched_real,data/HFCF_small_131.parquet,0,1456,000000019881.jpg,JPEG,COCO,,train,0,Real,train_v3_additions/real/cf_train_v3_gan_matched_real_208e2c0dae25d21b_000000019881.jpg.jpg,complete
cf_train_v3_gan_matched_real_21195fd8eccc81c3,gan_matched_real,data/HFCF_small_131.parquet,0,1750,000000246423.jpg,JPEG,COCO,,train,0,Real,train_v3_additions/real/cf_train_v3_gan_matched_real_21195fd8eccc81c3_000000246423.jpg.jpg,complete
cf_train_v3_gan_matched_real_21293cca2cae551f,gan_matched_real,data/HFCF_small_131.parquet,0,2569,000000573401.jpg,JPEG,COCO,,train,0,Real,train_v3_additions/real/cf_train_v3_gan_matched_real_21293cca2cae551f_000000573401.jpg.jpg,complete
cf_train_v3_gan_matched_real_21bab84186fcd261,gan_matched_real,data/HFCF_small_131.parquet,0,2039,000000524333.jpg,JPEG,COCO,,train,0,Real,train_v3_additions/real/cf_train_v3_gan_matched_real_21bab84186fcd261_000000524333.jpg.jpg,complete
cf_train_v3_gan_matched_real_21d65b5eecbcf27d,gan_matched_real,data/HFCF_small_131.parquet,0,2836,000000359746.jpg,JPEG,COCO,,train,0,Real,train_v3_additions/real/cf_train_v3_gan_matched_real_21d65b5eecbcf27d_000000359746.jpg.jpg,complete
cf_train_v3_gan_matched_real_2265132e28ba4c53,gan_matched_real,data/HFCF_small_131.parquet,0,2971,000000563028.jpg,JPEG,COCO,,train,0,Real,train_v3_additions/real/cf_train_v3_gan_matched_real_2265132e28ba4c53_000000563028.jpg.jpg,complete
cf_train_v3_gan_matched_real_22e1ea2a6f1dc087,gan_matched_real,data/HFCF_small_131.parquet,0,1477,000000157581.jpg,JPEG,COCO,,train,0,Real,train_v3_additions/real/cf_train_v3_gan_matched_real_22e1ea2a6f1dc087_000000157581.jpg.jpg,complete
cf_train_v3_gan_matched_real_2377efc5a68b0733,gan_matched_real,data/HFCF_small_131.parquet,0,1445,000000217783.jpg,JPEG,COCO,,train,0,Real,train_v3_additions/real/cf_train_v3_gan_matched_real_2377efc5a68b0733_000000217783.jpg.jpg,complete
cf_train_v3_gan_matched_real_2393a99907672c34,gan_matched_real,data/HFCF_small_131.parquet,0,138,000000571671.jpg,JPEG,COCO,,train,0,Real,train_v3_additions/real/cf_train_v3_gan_matched_real_2393a99907672c34_000000571671.jpg.jpg,complete
cf_train_v3_gan_matched_real_23a392dbe7a8402f,gan_matched_real,data/HFCF_small_131.parquet,0,803,000000513149.jpg,JPEG,COCO,,train,0,Real,train_v3_additions/real/cf_train_v3_gan_matched_real_23a392dbe7a8402f_000000513149.jpg.jpg,complete
cf_train_v3_gan_matched_real_23bb86b31bfb8d29,gan_matched_real,data/HFCF_small_131.parquet,0,2346,000000525865.jpg,JPEG,COCO,,train,0,Real,train_v3_additions/real/cf_train_v3_gan_matched_real_23bb86b31bfb8d29_000000525865.jpg.jpg,complete
cf_train_v3_gan_matched_real_24769561b047baf1,gan_matched_real,data/HFCF_small_131.parquet,0,331,000000049586.jpg,JPEG,COCO,,train,0,Real,train_v3_additions/real/cf_train_v3_gan_matched_real_24769561b047baf1_000000049586.jpg.jpg,complete
cf_train_v3_gan_matched_real_24b47dec455b1132,gan_matched_real,data/HFCF_small_131.parquet,0,260,000000076595.jpg,JPEG,COCO,,train,0,Real,train_v3_additions/real/cf_train_v3_gan_matched_real_24b47dec455b1132_000000076595.jpg.jpg,complete
cf_train_v3_gan_matched_real_24c87fb4cb233ef7,gan_matched_real,data/HFCF_small_131.parquet,0,2726,000000250443.jpg,JPEG,COCO,,train,0,Real,train_v3_additions/real/cf_train_v3_gan_matched_real_24c87fb4cb233ef7_000000250443.jpg.jpg,complete
cf_train_v3_gan_matched_real_24e14cef0ac45e76,gan_matched_real,data/HFCF_small_131.parquet,0,1344,000000260738.jpg,JPEG,COCO,,train,0,Real,train_v3_additions/real/cf_train_v3_gan_matched_real_24e14cef0ac45e76_000000260738.jpg.jpg,complete
cf_train_v3_gan_matched_real_24e867c9eef2adfa,gan_matched_real,data/HFCF_small_131.parquet,0,1265,000000509247.jpg,JPEG,COCO,,train,0,Real,train_v3_additions/real/cf_train_v3_gan_matched_real_24e867c9eef2adfa_000000509247.jpg.jpg,complete
cf_train_v3_gan_matched_real_253761d19dedaec9,gan_matched_real,data/HFCF_small_131.parquet,0,2501,000000363386.jpg,JPEG,COCO,,train,0,Real,train_v3_additions/real/cf_train_v3_gan_matched_real_253761d19dedaec9_000000363386.jpg.jpg,complete
cf_train_v3_gan_matched_real_2569f2c7b9d336e2,gan_matched_real,data/HFCF_small_131.parquet,0,820,000000494466.jpg,JPEG,COCO,,train,0,Real,train_v3_additions/real/cf_train_v3_gan_matched_real_2569f2c7b9d336e2_000000494466.jpg.jpg,complete
cf_train_v3_gan_matched_real_25b4e3f3a56e7174,gan_matched_real,data/HFCF_small_131.parquet,0,1530,000000445187.jpg,JPEG,COCO,,train,0,Real,train_v3_additions/real/cf_train_v3_gan_matched_real_25b4e3f3a56e7174_000000445187.jpg.jpg,complete
cf_train_v3_gan_matched_real_25b60ce8381887ec,gan_matched_real,data/HFCF_small_131.parquet,0,177,000000408201.jpg,JPEG,COCO,,train,0,Real,train_v3_additions/real/cf_train_v3_gan_matched_real_25b60ce8381887ec_000000408201.jpg.jpg,complete
cf_train_v3_gan_matched_real_261a339b70e78a74,gan_matched_real,data/HFCF_small_131.parquet,0,490,000000144836.jpg,JPEG,COCO,,train,0,Real,train_v3_additions/real/cf_train_v3_gan_matched_real_261a339b70e78a74_000000144836.jpg.jpg,complete
cf_train_v3_gan_matched_real_262b1224b208fc63,gan_matched_real,data/HFCF_small_131.parquet,0,485,000000153901.jpg,JPEG,COCO,,train,0,Real,train_v3_additions/real/cf_train_v3_gan_matched_real_262b1224b208fc63_000000153901.jpg.jpg,complete
cf_train_v3_gan_matched_real_26651410b2760418,gan_matched_real,data/HFCF_small_131.parquet,0,2733,000000022582.jpg,JPEG,COCO,,train,0,Real,train_v3_additions/real/cf_train_v3_gan_matched_real_26651410b2760418_000000022582.jpg.jpg,complete
cf_train_v3_gan_matched_real_266d86512bc7ce87,gan_matched_real,data/HFCF_small_131.parquet,0,1067,000000383905.jpg,JPEG,COCO,,train,0,Real,train_v3_additions/real/cf_train_v3_gan_matched_real_266d86512bc7ce87_000000383905.jpg.jpg,complete
cf_train_v3_gan_matched_real_267aa216eba7473b,gan_matched_real,data/HFCF_small_131.parquet,0,1045,000000251857.jpg,JPEG,COCO,,train,0,Real,train_v3_additions/real/cf_train_v3_gan_matched_real_267aa216eba7473b_000000251857.jpg.jpg,complete
cf_train_v3_gan_matched_real_269dba79456285b2,gan_matched_real,data/HFCF_small_131.parquet,0,631,000000200047.jpg,JPEG,COCO,,train,0,Real,train_v3_additions/real/cf_train_v3_gan_matched_real_269dba79456285b2_000000200047.jpg.jpg,complete
cf_train_v3_gan_matched_real_26cabb94eace169e,gan_matched_real,data/HFCF_small_131.parquet,0,770,000000224134.jpg,JPEG,COCO,,train,0,Real,train_v3_additions/real/cf_train_v3_gan_matched_real_26cabb94eace169e_000000224134.jpg.jpg,complete
cf_train_v3_gan_matched_real_26e00a76459f93e8,gan_matched_real,data/HFCF_small_131.parquet,0,1342,000000104368.jpg,JPEG,COCO,,train,0,Real,train_v3_additions/real/cf_train_v3_gan_matched_real_26e00a76459f93e8_000000104368.jpg.jpg,complete
cf_train_v3_gan_matched_real_278edac8fae1761e,gan_matched_real,data/HFCF_small_131.parquet,0,1748,000000321583.jpg,JPEG,COCO,,train,0,Real,train_v3_additions/real/cf_train_v3_gan_matched_real_278edac8fae1761e_000000321583.jpg.jpg,complete
cf_train_v3_gan_matched_real_2805c6005a42a829,gan_matched_real,data/HFCF_small_131.parquet,0,1197,000000184828.jpg,JPEG,COCO,,train,0,Real,train_v3_additions/real/cf_train_v3_gan_matched_real_2805c6005a42a829_000000184828.jpg.jpg,complete
cf_train_v3_gan_matched_real_280bcfb3ee07fcd9,gan_matched_real,data/HFCF_small_131.parquet,0,1749,000000562257.jpg,JPEG,COCO,,train,0,Real,train_v3_additions/real/cf_train_v3_gan_matched_real_280bcfb3ee07fcd9_000000562257.jpg.jpg,complete
cf_train_v3_gan_matched_real_283eba959947957c,gan_matched_real,data/HFCF_small_131.parquet,0,731,000000432420.jpg,JPEG,COCO,,train,0,Real,train_v3_additions/real/cf_train_v3_gan_matched_real_283eba959947957c_000000432420.jpg.jpg,complete
cf_train_v3_gan_matched_real_284274609b3fc7e7,gan_matched_real,data/HFCF_small_131.parquet,0,2440,000000313526.jpg,JPEG,COCO,,train,0,Real,train_v3_additions/real/cf_train_v3_gan_matched_real_284274609b3fc7e7_000000313526.jpg.jpg,complete
cf_train_v3_gan_matched_real_2888d6643caf94c4,gan_matched_real,data/HFCF_small_131.parquet,0,2913,000000255582.jpg,JPEG,COCO,,train,0,Real,train_v3_additions/real/cf_train_v3_gan_matched_real_2888d6643caf94c4_000000255582.jpg.jpg,complete
cf_train_v3_gan_matched_real_288c880f48760c10,gan_matched_real,data/HFCF_small_131.parquet,0,2294,000000362151.jpg,JPEG,COCO,,train,0,Real,train_v3_additions/real/cf_train_v3_gan_matched_real_288c880f48760c10_000000362151.jpg.jpg,complete
cf_train_v3_gan_matched_real_29102e9c258d932e,gan_matched_real,data/HFCF_small_131.parquet,0,1174,000000531956.jpg,JPEG,COCO,,train,0,Real,train_v3_additions/real/cf_train_v3_gan_matched_real_29102e9c258d932e_000000531956.jpg.jpg,complete
cf_train_v3_gan_matched_real_291e82828584e5d3,gan_matched_real,data/HFCF_small_131.parquet,0,1109,000000143733.jpg,JPEG,COCO,,train,0,Real,train_v3_additions/real/cf_train_v3_gan_matched_real_291e82828584e5d3_000000143733.jpg.jpg,complete
cf_train_v3_gan_matched_real_2933b561b57fba4a,gan_matched_real,data/HFCF_small_131.parquet,0,2206,000000338276.jpg,JPEG,COCO,,train,0,Real,train_v3_additions/real/cf_train_v3_gan_matched_real_2933b561b57fba4a_000000338276.jpg.jpg,complete
cf_train_v3_gan_matched_real_2954fbae9a7d7ad6,gan_matched_real,data/HFCF_small_131.parquet,0,1042,000000138096.jpg,JPEG,COCO,,train,0,Real,train_v3_additions/real/cf_train_v3_gan_matched_real_2954fbae9a7d7ad6_000000138096.jpg.jpg,complete
cf_train_v3_gan_matched_real_29945e5631b74124,gan_matched_real,data/HFCF_small_131.parquet,0,1954,000000236234.jpg,JPEG,COCO,,train,0,Real,train_v3_additions/real/cf_train_v3_gan_matched_real_29945e5631b74124_000000236234.jpg.jpg,complete
cf_train_v3_gan_matched_real_29d4c1fab0eddc5d,gan_matched_real,data/HFCF_small_131.parquet,0,2469,000000578037.jpg,JPEG,COCO,,train,0,Real,train_v3_additions/real/cf_train_v3_gan_matched_real_29d4c1fab0eddc5d_000000578037.jpg.jpg,complete
cf_train_v3_gan_matched_real_29f71fd00b52f01e,gan_matched_real,data/HFCF_small_131.parquet,0,630,000000278321.jpg,JPEG,COCO,,train,0,Real,train_v3_additions/real/cf_train_v3_gan_matched_real_29f71fd00b52f01e_000000278321.jpg.jpg,complete
cf_train_v3_gan_matched_real_29fa3ba28fa3aed5,gan_matched_real,data/HFCF_small_131.parquet,0,1483,000000581198.jpg,JPEG,COCO,,train,0,Real,train_v3_additions/real/cf_train_v3_gan_matched_real_29fa3ba28fa3aed5_000000581198.jpg.jpg,complete
cf_train_v3_gan_matched_real_2a26ef04735db374,gan_matched_real,data/HFCF_small_131.parquet,0,1033,000000538018.jpg,JPEG,COCO,,train,0,Real,train_v3_additions/real/cf_train_v3_gan_matched_real_2a26ef04735db374_000000538018.jpg.jpg,complete
cf_train_v3_gan_matched_real_2a59c8c085ee94b4,gan_matched_real,data/HFCF_small_131.parquet,0,515,000000215170.jpg,JPEG,COCO,,train,0,Real,train_v3_additions/real/cf_train_v3_gan_matched_real_2a59c8c085ee94b4_000000215170.jpg.jpg,complete
cf_train_v3_gan_matched_real_2a694c0bdf471c92,gan_matched_real,data/HFCF_small_131.parquet,0,691,000000552235.jpg,JPEG,COCO,,train,0,Real,train_v3_additions/real/cf_train_v3_gan_matched_real_2a694c0bdf471c92_000000552235.jpg.jpg,complete
cf_train_v3_gan_matched_real_2a8d0ab3519a959b,gan_matched_real,data/HFCF_small_131.parquet,0,2110,000000037429.jpg,JPEG,COCO,,train,0,Real,train_v3_additions/real/cf_train_v3_gan_matched_real_2a8d0ab3519a959b_000000037429.jpg.jpg,complete
cf_train_v3_gan_matched_real_2b30db877e1a9ba6,gan_matched_real,data/HFCF_small_131.parquet,0,815,000000471273.jpg,JPEG,COCO,,train,0,Real,train_v3_additions/real/cf_train_v3_gan_matched_real_2b30db877e1a9ba6_000000471273.jpg.jpg,complete
cf_train_v3_gan_matched_real_2b3d63f48c510785,gan_matched_real,data/HFCF_small_131.parquet,0,1811,000000146988.jpg,JPEG,COCO,,train,0,Real,train_v3_additions/real/cf_train_v3_gan_matched_real_2b3d63f48c510785_000000146988.jpg.jpg,complete
cf_train_v3_gan_matched_real_2b63e37a59b30118,gan_matched_real,data/HFCF_small_131.parquet,0,2984,000000296233.jpg,JPEG,COCO,,train,0,Real,train_v3_additions/real/cf_train_v3_gan_matched_real_2b63e37a59b30118_000000296233.jpg.jpg,complete
cf_train_v3_gan_matched_real_2bfc10eb7f0e0bab,gan_matched_real,data/HFCF_small_131.parquet,0,954,000000022448.jpg,JPEG,COCO,,train,0,Real,train_v3_additions/real/cf_train_v3_gan_matched_real_2bfc10eb7f0e0bab_000000022448.jpg.jpg,complete
cf_train_v3_gan_matched_real_2c32f169d164e1c2,gan_matched_real,data/HFCF_small_131.parquet,0,2364,000000244575.jpg,JPEG,COCO,,train,0,Real,train_v3_additions/real/cf_train_v3_gan_matched_real_2c32f169d164e1c2_000000244575.jpg.jpg,complete
cf_train_v3_gan_matched_real_2c418eadd6c231f4,gan_matched_real,data/HFCF_small_131.parquet,0,1105,000000081654.jpg,JPEG,COCO,,train,0,Real,train_v3_additions/real/cf_train_v3_gan_matched_real_2c418eadd6c231f4_000000081654.jpg.jpg,complete
cf_train_v3_gan_matched_real_2c7ba573926beeb0,gan_matched_real,data/HFCF_small_131.parquet,0,1317,000000392758.jpg,JPEG,COCO,,train,0,Real,train_v3_additions/real/cf_train_v3_gan_matched_real_2c7ba573926beeb0_000000392758.jpg.jpg,complete
cf_train_v3_gan_matched_real_2cbb1e27937d6c04,gan_matched_real,data/HFCF_small_131.parquet,0,2067,000000571535.jpg,JPEG,COCO,,train,0,Real,train_v3_additions/real/cf_train_v3_gan_matched_real_2cbb1e27937d6c04_000000571535.jpg.jpg,complete
cf_train_v3_gan_matched_real_2d26fa238bc6362c,gan_matched_real,data/HFCF_small_131.parquet,0,1228,000000374832.jpg,JPEG,COCO,,train,0,Real,train_v3_additions/real/cf_train_v3_gan_matched_real_2d26fa238bc6362c_000000374832.jpg.jpg,complete
cf_train_v3_gan_matched_real_2d9f30529137e669,gan_matched_real,data/HFCF_small_131.parquet,0,97,000000227241.jpg,JPEG,COCO,,train,0,Real,train_v3_additions/real/cf_train_v3_gan_matched_real_2d9f30529137e669_000000227241.jpg.jpg,complete
cf_train_v3_gan_matched_real_2df4624a493ff5ca,gan_matched_real,data/HFCF_small_131.parquet,0,1922,000000206602.jpg,JPEG,COCO,,train,0,Real,train_v3_additions/real/cf_train_v3_gan_matched_real_2df4624a493ff5ca_000000206602.jpg.jpg,complete
cf_train_v3_gan_matched_real_2e7ac2ea419f5b43,gan_matched_real,data/HFCF_small_131.parquet,0,565,000000078929.jpg,JPEG,COCO,,train,0,Real,train_v3_additions/real/cf_train_v3_gan_matched_real_2e7ac2ea419f5b43_000000078929.jpg.jpg,complete
cf_train_v3_gan_matched_real_2e7bcbd6b2d20a3e,gan_matched_real,data/HFCF_small_131.parquet,0,2157,000000206412.jpg,JPEG,COCO,,train,0,Real,train_v3_additions/real/cf_train_v3_gan_matched_real_2e7bcbd6b2d20a3e_000000206412.jpg.jpg,complete
cf_train_v3_gan_matched_real_2e7c9f860b95726b,gan_matched_real,data/HFCF_small_131.parquet,0,153,000000524470.jpg,JPEG,COCO,,train,0,Real,train_v3_additions/real/cf_train_v3_gan_matched_real_2e7c9f860b95726b_000000524470.jpg.jpg,complete
cf_train_v3_gan_matched_real_2ef99965f32ae6ee,gan_matched_real,data/HFCF_small_131.parquet,0,1073,000000225786.jpg,JPEG,COCO,,train,0,Real,train_v3_additions/real/cf_train_v3_gan_matched_real_2ef99965f32ae6ee_000000225786.jpg.jpg,complete
cf_train_v3_gan_matched_real_2f3defd2dfdb8543,gan_matched_real,data/HFCF_small_131.parquet,0,2334,000000473720.jpg,JPEG,COCO,,train,0,Real,train_v3_additions/real/cf_train_v3_gan_matched_real_2f3defd2dfdb8543_000000473720.jpg.jpg,complete
cf_train_v3_gan_matched_real_2f4b3bdd753440de,gan_matched_real,data/HFCF_small_131.parquet,0,2328,000000184684.jpg,JPEG,COCO,,train,0,Real,train_v3_additions/real/cf_train_v3_gan_matched_real_2f4b3bdd753440de_000000184684.jpg.jpg,complete
cf_train_v3_gan_matched_real_2f8e54254550a96f,gan_matched_real,data/HFCF_small_131.parquet,0,2959,000000360447.jpg,JPEG,COCO,,train,0,Real,train_v3_additions/real/cf_train_v3_gan_matched_real_2f8e54254550a96f_000000360447.jpg.jpg,complete
cf_train_v3_gan_matched_real_2f8f2799b207a7ed,gan_matched_real,data/HFCF_small_131.parquet,0,2092,000000559090.jpg,JPEG,COCO,,train,0,Real,train_v3_additions/real/cf_train_v3_gan_matched_real_2f8f2799b207a7ed_000000559090.jpg.jpg,complete
cf_train_v3_gan_matched_real_2fa7855025ac4371,gan_matched_real,data/HFCF_small_131.parquet,0,2524,000000083097.jpg,JPEG,COCO,,train,0,Real,train_v3_additions/real/cf_train_v3_gan_matched_real_2fa7855025ac4371_000000083097.jpg.jpg,complete
cf_train_v3_gan_matched_real_2ffb4739d4435ab5,gan_matched_real,data/HFCF_small_131.parquet,0,962,000000563871.jpg,JPEG,COCO,,train,0,Real,train_v3_additions/real/cf_train_v3_gan_matched_real_2ffb4739d4435ab5_000000563871.jpg.jpg,complete
cf_train_v3_gan_matched_real_30aac5fad3706d7f,gan_matched_real,data/HFCF_small_131.parquet,0,1053,000000268940.jpg,JPEG,COCO,,train,0,Real,train_v3_additions/real/cf_train_v3_gan_matched_real_30aac5fad3706d7f_000000268940.jpg.jpg,complete
cf_train_v3_gan_matched_real_30e699f319eb3319,gan_matched_real,data/HFCF_small_131.parquet,0,2780,000000244713.jpg,JPEG,COCO,,train,0,Real,train_v3_additions/real/cf_train_v3_gan_matched_real_30e699f319eb3319_000000244713.jpg.jpg,complete
cf_train_v3_gan_matched_real_314847115b0e060a,gan_matched_real,data/HFCF_small_131.parquet,0,1884,000000225093.jpg,JPEG,COCO,,train,0,Real,train_v3_additions/real/cf_train_v3_gan_matched_real_314847115b0e060a_000000225093.jpg.jpg,complete
cf_train_v3_gan_matched_real_31a2498e7d97c679,gan_matched_real,data/HFCF_small_131.parquet,0,1211,000000323489.jpg,JPEG,COCO,,train,0,Real,train_v3_additions/real/cf_train_v3_gan_matched_real_31a2498e7d97c679_000000323489.jpg.jpg,complete
cf_train_v3_gan_matched_real_3298e8257f082dc3,gan_matched_real,data/HFCF_small_131.parquet,0,2724,000000171546.jpg,JPEG,COCO,,train,0,Real,train_v3_additions/real/cf_train_v3_gan_matched_real_3298e8257f082dc3_000000171546.jpg.jpg,complete
cf_train_v3_gan_matched_real_331b8426b67ed589,gan_matched_real,data/HFCF_small_131.parquet,0,729,000000560463.jpg,JPEG,COCO,,train,0,Real,train_v3_additions/real/cf_train_v3_gan_matched_real_331b8426b67ed589_000000560463.jpg.jpg,complete
cf_train_v3_gan_matched_real_33401bd23aff46a4,gan_matched_real,data/HFCF_small_131.parquet,0,912,000000553879.jpg,JPEG,COCO,,train,0,Real,train_v3_additions/real/cf_train_v3_gan_matched_real_33401bd23aff46a4_000000553879.jpg.jpg,complete
cf_train_v3_gan_matched_real_33b4a1558887f3a5,gan_matched_real,data/HFCF_small_131.parquet,0,2234,000000223146.jpg,JPEG,COCO,,train,0,Real,train_v3_additions/real/cf_train_v3_gan_matched_real_33b4a1558887f3a5_000000223146.jpg.jpg,complete
cf_train_v3_gan_matched_real_33f894ba6793fda7,gan_matched_real,data/HFCF_small_131.parquet,0,604,000000166848.jpg,JPEG,COCO,,train,0,Real,train_v3_additions/real/cf_train_v3_gan_matched_real_33f894ba6793fda7_000000166848.jpg.jpg,complete
cf_train_v3_gan_matched_real_3434533865edad59,gan_matched_real,data/HFCF_small_131.parquet,0,930,000000534553.jpg,JPEG,COCO,,train,0,Real,train_v3_additions/real/cf_train_v3_gan_matched_real_3434533865edad59_000000534553.jpg.jpg,complete
cf_train_v3_gan_matched_real_34863d821ca4e263,gan_matched_real,data/HFCF_small_131.parquet,0,882,000000562849.jpg,JPEG,COCO,,train,0,Real,train_v3_additions/real/cf_train_v3_gan_matched_real_34863d821ca4e263_000000562849.jpg.jpg,complete
cf_train_v3_gan_matched_real_34e415f6bc9740a6,gan_matched_real,data/HFCF_small_131.parquet,0,2559,000000475561.jpg,JPEG,COCO,,train,0,Real,train_v3_additions/real/cf_train_v3_gan_matched_real_34e415f6bc9740a6_000000475561.jpg.jpg,complete
cf_train_v3_gan_matched_real_3527d6267be306f7,gan_matched_real,data/HFCF_small_131.parquet,0,2400,000000173568.jpg,JPEG,COCO,,train,0,Real,train_v3_additions/real/cf_train_v3_gan_matched_real_3527d6267be306f7_000000173568.jpg.jpg,complete
cf_train_v3_gan_matched_real_3539db496faede50,gan_matched_real,data/HFCF_small_131.parquet,0,501,000000430763.jpg,JPEG,COCO,,train,0,Real,train_v3_additions/real/cf_train_v3_gan_matched_real_3539db496faede50_000000430763.jpg.jpg,complete
cf_train_v3_gan_matched_real_3548b7ea753ba956,gan_matched_real,data/HFCF_small_131.parquet,0,1672,000000564073.jpg,JPEG,COCO,,train,0,Real,train_v3_additions/real/cf_train_v3_gan_matched_real_3548b7ea753ba956_000000564073.jpg.jpg,complete
cf_train_v3_gan_matched_real_35873037b2584af6,gan_matched_real,data/HFCF_small_131.parquet,0,2682,000000160034.jpg,JPEG,COCO,,train,0,Real,train_v3_additions/real/cf_train_v3_gan_matched_real_35873037b2584af6_000000160034.jpg.jpg,complete
cf_train_v3_gan_matched_real_362bbbedb9cc0e1e,gan_matched_real,data/HFCF_small_131.parquet,0,2502,000000495797.jpg,JPEG,COCO,,train,0,Real,train_v3_additions/real/cf_train_v3_gan_matched_real_362bbbedb9cc0e1e_000000495797.jpg.jpg,complete
cf_train_v3_gan_matched_real_367e6b9279bf9a40,gan_matched_real,data/HFCF_small_131.parquet,0,1813,000000104028.jpg,JPEG,COCO,,train,0,Real,train_v3_additions/real/cf_train_v3_gan_matched_real_367e6b9279bf9a40_000000104028.jpg.jpg,complete
cf_train_v3_gan_matched_real_36f8a5f519a0e75f,gan_matched_real,data/HFCF_small_131.parquet,0,2047,000000561753.jpg,JPEG,COCO,,train,0,Real,train_v3_additions/real/cf_train_v3_gan_matched_real_36f8a5f519a0e75f_000000561753.jpg.jpg,complete
cf_train_v3_gan_matched_real_370b32f377358180,gan_matched_real,data/HFCF_small_131.parquet,0,1968,000000054744.jpg,JPEG,COCO,,train,0,Real,train_v3_additions/real/cf_train_v3_gan_matched_real_370b32f377358180_000000054744.jpg.jpg,complete
cf_train_v3_gan_matched_real_37833697e327a7eb,gan_matched_real,data/HFCF_small_131.parquet,0,277,000000139665.jpg,JPEG,COCO,,train,0,Real,train_v3_additions/real/cf_train_v3_gan_matched_real_37833697e327a7eb_000000139665.jpg.jpg,complete
cf_train_v3_gan_matched_real_378a0c1db02a8908,gan_matched_real,data/HFCF_small_131.parquet,0,982,000000120147.jpg,JPEG,COCO,,train,0,Real,train_v3_additions/real/cf_train_v3_gan_matched_real_378a0c1db02a8908_000000120147.jpg.jpg,complete
cf_train_v3_gan_matched_real_37a01d4e9a598e37,gan_matched_real,data/HFCF_small_131.parquet,0,1710,000000038474.jpg,JPEG,COCO,,train,0,Real,train_v3_additions/real/cf_train_v3_gan_matched_real_37a01d4e9a598e37_000000038474.jpg.jpg,complete
cf_train_v3_gan_matched_real_37d22e832bbd37d6,gan_matched_real,data/HFCF_small_131.parquet,0,2742,000000579232.jpg,JPEG,COCO,,train,0,Real,train_v3_additions/real/cf_train_v3_gan_matched_real_37d22e832bbd37d6_000000579232.jpg.jpg,complete
cf_train_v3_gan_matched_real_37d6c40f9312e240,gan_matched_real,data/HFCF_small_131.parquet,0,1779,000000491666.jpg,JPEG,COCO,,train,0,Real,train_v3_additions/real/cf_train_v3_gan_matched_real_37d6c40f9312e240_000000491666.jpg.jpg,complete
cf_train_v3_gan_matched_real_3817fb1b43e815aa,gan_matched_real,data/HFCF_small_131.parquet,0,955,000000095096.jpg,JPEG,COCO,,train,0,Real,train_v3_additions/real/cf_train_v3_gan_matched_real_3817fb1b43e815aa_000000095096.jpg.jpg,complete
cf_train_v3_gan_matched_real_3865e5b0c1345c31,gan_matched_real,data/HFCF_small_131.parquet,0,370,000000074591.jpg,JPEG,COCO,,train,0,Real,train_v3_additions/real/cf_train_v3_gan_matched_real_3865e5b0c1345c31_000000074591.jpg.jpg,complete
cf_train_v3_gan_matched_real_387569d180cf4f69,gan_matched_real,data/HFCF_small_131.parquet,0,703,000000449462.jpg,JPEG,COCO,,train,0,Real,train_v3_additions/real/cf_train_v3_gan_matched_real_387569d180cf4f69_000000449462.jpg.jpg,complete
cf_train_v3_gan_matched_real_38ac252a7beaaa73,gan_matched_real,data/HFCF_small_131.parquet,0,486,000000384308.jpg,JPEG,COCO,,train,0,Real,train_v3_additions/real/cf_train_v3_gan_matched_real_38ac252a7beaaa73_000000384308.jpg.jpg,complete
cf_train_v3_gan_matched_real_393e5f89e4e61970,gan_matched_real,data/HFCF_small_131.parquet,0,2908,000000367876.jpg,JPEG,COCO,,train,0,Real,train_v3_additions/real/cf_train_v3_gan_matched_real_393e5f89e4e61970_000000367876.jpg.jpg,complete
cf_train_v3_gan_matched_real_39576e0d48375d8b,gan_matched_real,data/HFCF_small_131.parquet,0,2481,000000533512.jpg,JPEG,COCO,,train,0,Real,train_v3_additions/real/cf_train_v3_gan_matched_real_39576e0d48375d8b_000000533512.jpg.jpg,complete
cf_train_v3_gan_matched_real_396c19586e601621,gan_matched_real,data/HFCF_small_131.parquet,0,1348,000000221000.jpg,JPEG,COCO,,train,0,Real,train_v3_additions/real/cf_train_v3_gan_matched_real_396c19586e601621_000000221000.jpg.jpg,complete
cf_train_v3_gan_matched_real_39c976da6c4678ab,gan_matched_real,data/HFCF_small_131.parquet,0,1096,000000393721.jpg,JPEG,COCO,,train,0,Real,train_v3_additions/real/cf_train_v3_gan_matched_real_39c976da6c4678ab_000000393721.jpg.jpg,complete
cf_train_v3_gan_matched_real_3a29b45642b1ab8a,gan_matched_real,data/HFCF_small_131.parquet,0,801,000000550246.jpg,JPEG,COCO,,train,0,Real,train_v3_additions/real/cf_train_v3_gan_matched_real_3a29b45642b1ab8a_000000550246.jpg.jpg,complete
cf_train_v3_gan_matched_real_3a3a3d1ae29c951b,gan_matched_real,data/HFCF_small_131.parquet,0,173,000000402931.jpg,JPEG,COCO,,train,0,Real,train_v3_additions/real/cf_train_v3_gan_matched_real_3a3a3d1ae29c951b_000000402931.jpg.jpg,complete
cf_train_v3_gan_matched_real_3a73c430a8118071,gan_matched_real,data/HFCF_small_131.parquet,0,2785,000000474609.jpg,JPEG,COCO,,train,0,Real,train_v3_additions/real/cf_train_v3_gan_matched_real_3a73c430a8118071_000000474609.jpg.jpg,complete
cf_train_v3_gan_matched_real_3a8ff2ee6c976c76,gan_matched_real,data/HFCF_small_131.parquet,0,2274,000000285804.jpg,JPEG,COCO,,train,0,Real,train_v3_additions/real/cf_train_v3_gan_matched_real_3a8ff2ee6c976c76_000000285804.jpg.jpg,complete
cf_train_v3_gan_matched_real_3b0a04c9ff762f50,gan_matched_real,data/HFCF_small_131.parquet,0,1802,000000340559.jpg,JPEG,COCO,,train,0,Real,train_v3_additions/real/cf_train_v3_gan_matched_real_3b0a04c9ff762f50_000000340559.jpg.jpg,complete
cf_train_v3_gan_matched_real_3b0d4626aa11aa1e,gan_matched_real,data/HFCF_small_131.parquet,0,2210,000000384111.jpg,JPEG,COCO,,train,0,Real,train_v3_additions/real/cf_train_v3_gan_matched_real_3b0d4626aa11aa1e_000000384111.jpg.jpg,complete
cf_train_v3_gan_matched_real_3b0ea2a7361f99aa,gan_matched_real,data/HFCF_small_131.parquet,0,1459,000000177842.jpg,JPEG,COCO,,train,0,Real,train_v3_additions/real/cf_train_v3_gan_matched_real_3b0ea2a7361f99aa_000000177842.jpg.jpg,complete
cf_train_v3_gan_matched_real_3b91df2e05cb81db,gan_matched_real,data/HFCF_small_131.parquet,0,2830,000000004498.jpg,JPEG,COCO,,train,0,Real,train_v3_additions/real/cf_train_v3_gan_matched_real_3b91df2e05cb81db_000000004498.jpg.jpg,complete
cf_train_v3_gan_matched_real_3c12b3d81fa7a5d9,gan_matched_real,data/HFCF_small_131.parquet,0,2314,000000566756.jpg,JPEG,COCO,,train,0,Real,train_v3_additions/real/cf_train_v3_gan_matched_real_3c12b3d81fa7a5d9_000000566756.jpg.jpg,complete
cf_train_v3_gan_matched_real_3c38d3ea765b12b3,gan_matched_real,data/HFCF_small_131.parquet,0,724,000000335321.jpg,JPEG,COCO,,train,0,Real,train_v3_additions/real/cf_train_v3_gan_matched_real_3c38d3ea765b12b3_000000335321.jpg.jpg,complete
cf_train_v3_gan_matched_real_3c66268056ff1a95,gan_matched_real,data/HFCF_small_131.parquet,0,454,000000515347.jpg,JPEG,COCO,,train,0,Real,train_v3_additions/real/cf_train_v3_gan_matched_real_3c66268056ff1a95_000000515347.jpg.jpg,complete
cf_train_v3_gan_matched_real_3cb8bbcaab62e30e,gan_matched_real,data/HFCF_small_131.parquet,0,96,000000518163.jpg,JPEG,COCO,,train,0,Real,train_v3_additions/real/cf_train_v3_gan_matched_real_3cb8bbcaab62e30e_000000518163.jpg.jpg,complete
cf_train_v3_gan_matched_real_3dc6a63a59cdb026,gan_matched_real,data/HFCF_small_131.parquet,0,574,000000191716.jpg,JPEG,COCO,,train,0,Real,train_v3_additions/real/cf_train_v3_gan_matched_real_3dc6a63a59cdb026_000000191716.jpg.jpg,complete
cf_train_v3_gan_matched_real_3e0dd2e5e73f78af,gan_matched_real,data/HFCF_small_131.parquet,0,992,000000490187.jpg,JPEG,COCO,,train,0,Real,train_v3_additions/real/cf_train_v3_gan_matched_real_3e0dd2e5e73f78af_000000490187.jpg.jpg,complete
cf_train_v3_gan_matched_real_3e6715af6ef40a15,gan_matched_real,data/HFCF_small_131.parquet,0,475,000000080455.jpg,JPEG,COCO,,train,0,Real,train_v3_additions/real/cf_train_v3_gan_matched_real_3e6715af6ef40a15_000000080455.jpg.jpg,complete
cf_train_v3_gan_matched_real_3ecccf84663c2bea,gan_matched_real,data/HFCF_small_131.parquet,0,2432,000000127942.jpg,JPEG,COCO,,train,0,Real,train_v3_additions/real/cf_train_v3_gan_matched_real_3ecccf84663c2bea_000000127942.jpg.jpg,complete
cf_train_v3_gan_matched_real_3f7ec46168446287,gan_matched_real,data/HFCF_small_131.parquet,0,461,000000001025.jpg,JPEG,COCO,,train,0,Real,train_v3_additions/real/cf_train_v3_gan_matched_real_3f7ec46168446287_000000001025.jpg.jpg,complete
cf_train_v3_gan_matched_real_3f81f9bbd4bf84dd,gan_matched_real,data/HFCF_small_131.parquet,0,1607,000000068597.jpg,JPEG,COCO,,train,0,Real,train_v3_additions/real/cf_train_v3_gan_matched_real_3f81f9bbd4bf84dd_000000068597.jpg.jpg,complete
cf_train_v3_gan_matched_real_3fa5903694083e86,gan_matched_real,data/HFCF_small_131.parquet,0,30,000000080305.jpg,JPEG,COCO,,train,0,Real,train_v3_additions/real/cf_train_v3_gan_matched_real_3fa5903694083e86_000000080305.jpg.jpg,complete
cf_train_v3_gan_matched_real_3fc791b44382a571,gan_matched_real,data/HFCF_small_131.parquet,0,1534,000000052596.jpg,JPEG,COCO,,train,0,Real,train_v3_additions/real/cf_train_v3_gan_matched_real_3fc791b44382a571_000000052596.jpg.jpg,complete
cf_train_v3_gan_matched_real_3fd9b6dd0e612e8e,gan_matched_real,data/HFCF_small_131.parquet,0,274,000000440066.jpg,JPEG,COCO,,train,0,Real,train_v3_additions/real/cf_train_v3_gan_matched_real_3fd9b6dd0e612e8e_000000440066.jpg.jpg,complete
cf_train_v3_gan_matched_real_3ff4b8031053d445,gan_matched_real,data/HFCF_small_131.parquet,0,1723,000000248033.jpg,JPEG,COCO,,train,0,Real,train_v3_additions/real/cf_train_v3_gan_matched_real_3ff4b8031053d445_000000248033.jpg.jpg,complete
cf_train_v3_gan_matched_real_402a07bf7bd7490e,gan_matched_real,data/HFCF_small_131.parquet,0,1635,000000097526.jpg,JPEG,COCO,,train,0,Real,train_v3_additions/real/cf_train_v3_gan_matched_real_402a07bf7bd7490e_000000097526.jpg.jpg,complete
cf_train_v3_gan_matched_real_403557906552673c,gan_matched_real,data/HFCF_small_131.parquet,0,678,000000335233.jpg,JPEG,COCO,,train,0,Real,train_v3_additions/real/cf_train_v3_gan_matched_real_403557906552673c_000000335233.jpg.jpg,complete
cf_train_v3_gan_matched_real_4068d6c360457b23,gan_matched_real,data/HFCF_small_131.parquet,0,774,000000008958.jpg,JPEG,COCO,,train,0,Real,train_v3_additions/real/cf_train_v3_gan_matched_real_4068d6c360457b23_000000008958.jpg.jpg,complete
cf_train_v3_gan_matched_real_4095cf690634e250,gan_matched_real,data/HFCF_small_131.parquet,0,1247,000000004916.jpg,JPEG,COCO,,train,0,Real,train_v3_additions/real/cf_train_v3_gan_matched_real_4095cf690634e250_000000004916.jpg.jpg,complete
cf_train_v3_gan_matched_real_414c35c0c30cc37d,gan_matched_real,data/HFCF_small_131.parquet,0,2606,000000147375.jpg,JPEG,COCO,,train,0,Real,train_v3_additions/real/cf_train_v3_gan_matched_real_414c35c0c30cc37d_000000147375.jpg.jpg,complete
cf_train_v3_gan_matched_real_41aa7313030aeb87,gan_matched_real,data/HFCF_small_131.parquet,0,2211,000000197638.jpg,JPEG,COCO,,train,0,Real,train_v3_additions/real/cf_train_v3_gan_matched_real_41aa7313030aeb87_000000197638.jpg.jpg,complete
cf_train_v3_gan_matched_real_4215e4473d83bd77,gan_matched_real,data/HFCF_small_131.parquet,0,481,000000530925.jpg,JPEG,COCO,,train,0,Real,train_v3_additions/real/cf_train_v3_gan_matched_real_4215e4473d83bd77_000000530925.jpg.jpg,complete
cf_train_v3_gan_matched_real_42c89318c4d83260,gan_matched_real,data/HFCF_small_131.parquet,0,2961,000000176275.jpg,JPEG,COCO,,train,0,Real,train_v3_additions/real/cf_train_v3_gan_matched_real_42c89318c4d83260_000000176275.jpg.jpg,complete
cf_train_v3_gan_matched_real_430dff391709c27f,gan_matched_real,data/HFCF_small_131.parquet,0,829,000000150919.jpg,JPEG,COCO,,train,0,Real,train_v3_additions/real/cf_train_v3_gan_matched_real_430dff391709c27f_000000150919.jpg.jpg,complete
cf_train_v3_gan_matched_real_431c1a591bbc7520,gan_matched_real,data/HFCF_small_131.parquet,0,2535,000000325327.jpg,JPEG,COCO,,train,0,Real,train_v3_additions/real/cf_train_v3_gan_matched_real_431c1a591bbc7520_000000325327.jpg.jpg,complete
cf_train_v3_gan_matched_real_4344243037cd84d1,gan_matched_real,data/HFCF_small_131.parquet,0,883,000000516471.jpg,JPEG,COCO,,train,0,Real,train_v3_additions/real/cf_train_v3_gan_matched_real_4344243037cd84d1_000000516471.jpg.jpg,complete
cf_train_v3_gan_matched_real_435736b93a497a90,gan_matched_real,data/HFCF_small_131.parquet,0,968,000000425161.jpg,JPEG,COCO,,train,0,Real,train_v3_additions/real/cf_train_v3_gan_matched_real_435736b93a497a90_000000425161.jpg.jpg,complete
cf_train_v3_gan_matched_real_43bca6e3624ffe7a,gan_matched_real,data/HFCF_small_131.parquet,0,2001,000000475182.jpg,JPEG,COCO,,train,0,Real,train_v3_additions/real/cf_train_v3_gan_matched_real_43bca6e3624ffe7a_000000475182.jpg.jpg,complete
cf_train_v3_gan_matched_real_43c4b67185edb966,gan_matched_real,data/HFCF_small_131.parquet,0,1177,000000204767.jpg,JPEG,COCO,,train,0,Real,train_v3_additions/real/cf_train_v3_gan_matched_real_43c4b67185edb966_000000204767.jpg.jpg,complete
cf_train_v3_gan_matched_real_43f4e569f3f6e210,gan_matched_real,data/HFCF_small_131.parquet,0,2351,000000546295.jpg,JPEG,COCO,,train,0,Real,train_v3_additions/real/cf_train_v3_gan_matched_real_43f4e569f3f6e210_000000546295.jpg.jpg,complete
cf_train_v3_gan_matched_real_43fa0c43793bdbf4,gan_matched_real,data/HFCF_small_131.parquet,0,1410,000000087956.jpg,JPEG,COCO,,train,0,Real,train_v3_additions/real/cf_train_v3_gan_matched_real_43fa0c43793bdbf4_000000087956.jpg.jpg,complete
cf_train_v3_gan_matched_real_44590b26c17be5a0,gan_matched_real,data/HFCF_small_131.parquet,0,551,000000552641.jpg,JPEG,COCO,,train,0,Real,train_v3_additions/real/cf_train_v3_gan_matched_real_44590b26c17be5a0_000000552641.jpg.jpg,complete
cf_train_v3_gan_matched_real_4489946e94410f1c,gan_matched_real,data/HFCF_small_131.parquet,0,2698,000000148859.jpg,JPEG,COCO,,train,0,Real,train_v3_additions/real/cf_train_v3_gan_matched_real_4489946e94410f1c_000000148859.jpg.jpg,complete
cf_train_v3_gan_matched_real_44c9300c0287d5e8,gan_matched_real,data/HFCF_small_131.parquet,0,1583,000000503799.jpg,JPEG,COCO,,train,0,Real,train_v3_additions/real/cf_train_v3_gan_matched_real_44c9300c0287d5e8_000000503799.jpg.jpg,complete
cf_train_v3_gan_matched_real_451ba786c08ba7f7,gan_matched_real,data/HFCF_small_131.parquet,0,1732,000000306267.jpg,JPEG,COCO,,train,0,Real,train_v3_additions/real/cf_train_v3_gan_matched_real_451ba786c08ba7f7_000000306267.jpg.jpg,complete
cf_train_v3_gan_matched_real_4570b5d0018494cd,gan_matched_real,data/HFCF_small_131.parquet,0,2960,000000373309.jpg,JPEG,COCO,,train,0,Real,train_v3_additions/real/cf_train_v3_gan_matched_real_4570b5d0018494cd_000000373309.jpg.jpg,complete
cf_train_v3_gan_matched_real_4572cc03fe7f5f47,gan_matched_real,data/HFCF_small_131.parquet,0,2756,000000096497.jpg,JPEG,COCO,,train,0,Real,train_v3_additions/real/cf_train_v3_gan_matched_real_4572cc03fe7f5f47_000000096497.jpg.jpg,complete
cf_train_v3_gan_matched_real_45a8fb7d54e2a438,gan_matched_real,data/HFCF_small_131.parquet,0,181,000000068204.jpg,JPEG,COCO,,train,0,Real,train_v3_additions/real/cf_train_v3_gan_matched_real_45a8fb7d54e2a438_000000068204.jpg.jpg,complete
cf_train_v3_gan_matched_real_4618a7239fac8a5d,gan_matched_real,data/HFCF_small_131.parquet,0,1425,000000512989.jpg,JPEG,COCO,,train,0,Real,train_v3_additions/real/cf_train_v3_gan_matched_real_4618a7239fac8a5d_000000512989.jpg.jpg,complete
cf_train_v3_gan_matched_real_4638d7f2f35874ea,gan_matched_real,data/HFCF_small_131.parquet,0,2791,000000212675.jpg,JPEG,COCO,,train,0,Real,train_v3_additions/real/cf_train_v3_gan_matched_real_4638d7f2f35874ea_000000212675.jpg.jpg,complete
cf_train_v3_gan_matched_real_4696c7ee52f1b5bf,gan_matched_real,data/HFCF_small_131.parquet,0,2889,000000435340.jpg,JPEG,COCO,,train,0,Real,train_v3_additions/real/cf_train_v3_gan_matched_real_4696c7ee52f1b5bf_000000435340.jpg.jpg,complete
cf_train_v3_gan_matched_real_469d2217a38fee6a,gan_matched_real,data/HFCF_small_131.parquet,0,1433,000000015902.jpg,JPEG,COCO,,train,0,Real,train_v3_additions/real/cf_train_v3_gan_matched_real_469d2217a38fee6a_000000015902.jpg.jpg,complete
cf_train_v3_gan_matched_real_469e4b39977d7bd6,gan_matched_real,data/HFCF_small_131.parquet,0,2298,000000053139.jpg,JPEG,COCO,,train,0,Real,train_v3_additions/real/cf_train_v3_gan_matched_real_469e4b39977d7bd6_000000053139.jpg.jpg,complete
cf_train_v3_gan_matched_real_46d1f59da4d8ae03,gan_matched_real,data/HFCF_small_131.parquet,0,175,000000170293.jpg,JPEG,COCO,,train,0,Real,train_v3_additions/real/cf_train_v3_gan_matched_real_46d1f59da4d8ae03_000000170293.jpg.jpg,complete
cf_train_v3_gan_matched_real_46e66a4cb290075d,gan_matched_real,data/HFCF_small_131.parquet,0,1544,000000510593.jpg,JPEG,COCO,,train,0,Real,train_v3_additions/real/cf_train_v3_gan_matched_real_46e66a4cb290075d_000000510593.jpg.jpg,complete
cf_train_v3_gan_matched_real_4700d7638d83270e,gan_matched_real,data/HFCF_small_131.parquet,0,289,000000278936.jpg,JPEG,COCO,,train,0,Real,train_v3_additions/real/cf_train_v3_gan_matched_real_4700d7638d83270e_000000278936.jpg.jpg,complete
cf_train_v3_gan_matched_real_472335f6368a7e39,gan_matched_real,data/HFCF_small_131.parquet,0,2356,000000113571.jpg,JPEG,COCO,,train,0,Real,train_v3_additions/real/cf_train_v3_gan_matched_real_472335f6368a7e39_000000113571.jpg.jpg,complete
cf_train_v3_gan_matched_real_47ca18952aa50c8c,gan_matched_real,data/HFCF_small_131.parquet,0,984,000000549232.jpg,JPEG,COCO,,train,0,Real,train_v3_additions/real/cf_train_v3_gan_matched_real_47ca18952aa50c8c_000000549232.jpg.jpg,complete
cf_train_v3_gan_matched_real_48304455c17039ee,gan_matched_real,data/HFCF_small_131.parquet,0,744,000000323054.jpg,JPEG,COCO,,train,0,Real,train_v3_additions/real/cf_train_v3_gan_matched_real_48304455c17039ee_000000323054.jpg.jpg,complete
cf_train_v3_gan_matched_real_4862243caf73c177,gan_matched_real,data/HFCF_small_131.parquet,0,763,000000563713.jpg,JPEG,COCO,,train,0,Real,train_v3_additions/real/cf_train_v3_gan_matched_real_4862243caf73c177_000000563713.jpg.jpg,complete
cf_train_v3_gan_matched_real_48cac6b17098b434,gan_matched_real,data/HFCF_small_131.parquet,0,1436,000000520337.jpg,JPEG,COCO,,train,0,Real,train_v3_additions/real/cf_train_v3_gan_matched_real_48cac6b17098b434_000000520337.jpg.jpg,complete
cf_train_v3_gan_matched_real_48e3ca05e30aa57e,gan_matched_real,data/HFCF_small_131.parquet,0,2313,000000175111.jpg,JPEG,COCO,,train,0,Real,train_v3_additions/real/cf_train_v3_gan_matched_real_48e3ca05e30aa57e_000000175111.jpg.jpg,complete
cf_train_v3_gan_matched_real_491ce5fa307ef619,gan_matched_real,data/HFCF_small_131.parquet,0,354,000000394214.jpg,JPEG,COCO,,train,0,Real,train_v3_additions/real/cf_train_v3_gan_matched_real_491ce5fa307ef619_000000394214.jpg.jpg,complete
cf_train_v3_gan_matched_real_497698c7778665ae,gan_matched_real,data/HFCF_small_131.parquet,0,382,000000305277.jpg,JPEG,COCO,,train,0,Real,train_v3_additions/real/cf_train_v3_gan_matched_real_497698c7778665ae_000000305277.jpg.jpg,complete
cf_train_v3_gan_matched_real_49fa0c40adec6c1c,gan_matched_real,data/HFCF_small_131.parquet,0,952,000000054943.jpg,JPEG,COCO,,train,0,Real,train_v3_additions/real/cf_train_v3_gan_matched_real_49fa0c40adec6c1c_000000054943.jpg.jpg,complete
cf_train_v3_gan_matched_real_49fa877567df5570,gan_matched_real,data/HFCF_small_131.parquet,0,2103,000000022103.jpg,JPEG,COCO,,train,0,Real,train_v3_additions/real/cf_train_v3_gan_matched_real_49fa877567df5570_000000022103.jpg.jpg,complete
cf_train_v3_gan_matched_real_4a2e106cd84cd00e,gan_matched_real,data/HFCF_small_131.parquet,0,340,000000237851.jpg,JPEG,COCO,,train,0,Real,train_v3_additions/real/cf_train_v3_gan_matched_real_4a2e106cd84cd00e_000000237851.jpg.jpg,complete
cf_train_v3_gan_matched_real_4a6fbe70d477bcc0,gan_matched_real,data/HFCF_small_131.parquet,0,938,000000493923.jpg,JPEG,COCO,,train,0,Real,train_v3_additions/real/cf_train_v3_gan_matched_real_4a6fbe70d477bcc0_000000493923.jpg.jpg,complete
cf_train_v3_gan_matched_real_4a71b05d3547c026,gan_matched_real,data/HFCF_small_131.parquet,0,1684,000000233381.jpg,JPEG,COCO,,train,0,Real,train_v3_additions/real/cf_train_v3_gan_matched_real_4a71b05d3547c026_000000233381.jpg.jpg,complete
cf_train_v3_gan_matched_real_4a80173dd6add4d6,gan_matched_real,data/HFCF_small_131.parquet,0,70,000000075494.jpg,JPEG,COCO,,train,0,Real,train_v3_additions/real/cf_train_v3_gan_matched_real_4a80173dd6add4d6_000000075494.jpg.jpg,complete
cf_train_v3_gan_matched_real_4b0ef1c1bbf86802,gan_matched_real,data/HFCF_small_131.parquet,0,1250,000000376087.jpg,JPEG,COCO,,train,0,Real,train_v3_additions/real/cf_train_v3_gan_matched_real_4b0ef1c1bbf86802_000000376087.jpg.jpg,complete
cf_train_v3_gan_matched_real_4b3bf033885fcb11,gan_matched_real,data/HFCF_small_131.parquet,0,1402,000000442185.jpg,JPEG,COCO,,train,0,Real,train_v3_additions/real/cf_train_v3_gan_matched_real_4b3bf033885fcb11_000000442185.jpg.jpg,complete
cf_train_v3_gan_matched_real_4ba32db6f3dc45d5,gan_matched_real,data/HFCF_small_131.parquet,0,1,000000263176.jpg,JPEG,COCO,,train,0,Real,train_v3_additions/real/cf_train_v3_gan_matched_real_4ba32db6f3dc45d5_000000263176.jpg.jpg,complete
cf_train_v3_gan_matched_real_4bb552b2bf5e908c,gan_matched_real,data/HFCF_small_131.parquet,0,554,000000189156.jpg,JPEG,COCO,,train,0,Real,train_v3_additions/real/cf_train_v3_gan_matched_real_4bb552b2bf5e908c_000000189156.jpg.jpg,complete
cf_train_v3_gan_matched_real_4c2252b9dc8e1c3f,gan_matched_real,data/HFCF_small_131.parquet,0,1722,000000337425.jpg,JPEG,COCO,,train,0,Real,train_v3_additions/real/cf_train_v3_gan_matched_real_4c2252b9dc8e1c3f_000000337425.jpg.jpg,complete
cf_train_v3_gan_matched_real_4c38bb23ab0d71be,gan_matched_real,data/HFCF_small_131.parquet,0,2932,000000196205.jpg,JPEG,COCO,,train,0,Real,train_v3_additions/real/cf_train_v3_gan_matched_real_4c38bb23ab0d71be_000000196205.jpg.jpg,complete
cf_train_v3_gan_matched_real_4c3d2996207aca0b,gan_matched_real,data/HFCF_small_131.parquet,0,2180,000000266486.jpg,JPEG,COCO,,train,0,Real,train_v3_additions/real/cf_train_v3_gan_matched_real_4c3d2996207aca0b_000000266486.jpg.jpg,complete
cf_train_v3_gan_matched_real_4c3f25d196ed2013,gan_matched_real,data/HFCF_small_131.parquet,0,2318,000000534771.jpg,JPEG,COCO,,train,0,Real,train_v3_additions/real/cf_train_v3_gan_matched_real_4c3f25d196ed2013_000000534771.jpg.jpg,complete
cf_train_v3_gan_matched_real_4c5d9ba0b38ac38e,gan_matched_real,data/HFCF_small_131.parquet,0,1840,000000045222.jpg,JPEG,COCO,,train,0,Real,train_v3_additions/real/cf_train_v3_gan_matched_real_4c5d9ba0b38ac38e_000000045222.jpg.jpg,complete
cf_train_v3_gan_matched_real_4cc7386a6f6bc19b,gan_matched_real,data/HFCF_small_131.parquet,0,1301,000000491830.jpg,JPEG,COCO,,train,0,Real,train_v3_additions/real/cf_train_v3_gan_matched_real_4cc7386a6f6bc19b_000000491830.jpg.jpg,complete
cf_train_v3_gan_matched_real_4df10c78a0889e86,gan_matched_real,data/HFCF_small_131.parquet,0,462,000000258440.jpg,JPEG,COCO,,train,0,Real,train_v3_additions/real/cf_train_v3_gan_matched_real_4df10c78a0889e86_000000258440.jpg.jpg,complete
cf_train_v3_gan_matched_real_4df6f05f5cd9ed4a,gan_matched_real,data/HFCF_small_131.parquet,0,506,000000291586.jpg,JPEG,COCO,,train,0,Real,train_v3_additions/real/cf_train_v3_gan_matched_real_4df6f05f5cd9ed4a_000000291586.jpg.jpg,complete
cf_train_v3_gan_matched_real_4e6986341d5f1dd7,gan_matched_real,data/HFCF_small_131.parquet,0,2711,000000410225.jpg,JPEG,COCO,,train,0,Real,train_v3_additions/real/cf_train_v3_gan_matched_real_4e6986341d5f1dd7_000000410225.jpg.jpg,complete
cf_train_v3_gan_matched_real_4e79ca83a459a4a1,gan_matched_real,data/HFCF_small_131.parquet,0,1949,000000284056.jpg,JPEG,COCO,,train,0,Real,train_v3_additions/real/cf_train_v3_gan_matched_real_4e79ca83a459a4a1_000000284056.jpg.jpg,complete
cf_train_v3_gan_matched_real_4efcac406d89e40e,gan_matched_real,data/HFCF_small_131.parquet,0,1392,000000333216.jpg,JPEG,COCO,,train,0,Real,train_v3_additions/real/cf_train_v3_gan_matched_real_4efcac406d89e40e_000000333216.jpg.jpg,complete
cf_train_v3_gan_matched_real_4f0f429ca1e1fe1d,gan_matched_real,data/HFCF_small_131.parquet,0,2022,000000543683.jpg,JPEG,COCO,,train,0,Real,train_v3_additions/real/cf_train_v3_gan_matched_real_4f0f429ca1e1fe1d_000000543683.jpg.jpg,complete
cf_train_v3_gan_matched_real_50303ce8e8cd799d,gan_matched_real,data/HFCF_small_131.parquet,0,496,000000072794.jpg,JPEG,COCO,,train,0,Real,train_v3_additions/real/cf_train_v3_gan_matched_real_50303ce8e8cd799d_000000072794.jpg.jpg,complete
cf_train_v3_gan_matched_real_504cd7189431d57d,gan_matched_real,data/HFCF_small_131.parquet,0,1151,000000440899.jpg,JPEG,COCO,,train,0,Real,train_v3_additions/real/cf_train_v3_gan_matched_real_504cd7189431d57d_000000440899.jpg.jpg,complete
cf_train_v3_gan_matched_real_51311f7868c2532e,gan_matched_real,data/HFCF_small_131.parquet,0,2732,000000009725.jpg,JPEG,COCO,,train,0,Real,train_v3_additions/real/cf_train_v3_gan_matched_real_51311f7868c2532e_000000009725.jpg.jpg,complete
cf_train_v3_gan_matched_real_513303772b4cbb38,gan_matched_real,data/HFCF_small_131.parquet,0,1947,000000183330.jpg,JPEG,COCO,,train,0,Real,train_v3_additions/real/cf_train_v3_gan_matched_real_513303772b4cbb38_000000183330.jpg.jpg,complete
cf_train_v3_gan_matched_real_513678317bff9780,gan_matched_real,data/HFCF_small_131.parquet,0,1167,000000148263.jpg,JPEG,COCO,,train,0,Real,train_v3_additions/real/cf_train_v3_gan_matched_real_513678317bff9780_000000148263.jpg.jpg,complete
cf_train_v3_gan_matched_real_51ec66ecf0f5ce7a,gan_matched_real,data/HFCF_small_131.parquet,0,2699,000000407968.jpg,JPEG,COCO,,train,0,Real,train_v3_additions/real/cf_train_v3_gan_matched_real_51ec66ecf0f5ce7a_000000407968.jpg.jpg,complete
cf_train_v3_gan_matched_real_523c7ed683a24cf1,gan_matched_real,data/HFCF_small_131.parquet,0,1195,000000230004.jpg,JPEG,COCO,,train,0,Real,train_v3_additions/real/cf_train_v3_gan_matched_real_523c7ed683a24cf1_000000230004.jpg.jpg,complete
cf_train_v3_gan_matched_real_52608f88f799aa97,gan_matched_real,data/HFCF_small_131.parquet,0,2840,000000143777.jpg,JPEG,COCO,,train,0,Real,train_v3_additions/real/cf_train_v3_gan_matched_real_52608f88f799aa97_000000143777.jpg.jpg,complete
cf_train_v3_gan_matched_real_52d2095769e5b42c,gan_matched_real,data/HFCF_small_131.parquet,0,681,000000296153.jpg,JPEG,COCO,,train,0,Real,train_v3_additions/real/cf_train_v3_gan_matched_real_52d2095769e5b42c_000000296153.jpg.jpg,complete
cf_train_v3_gan_matched_real_52d851b43fbc45b6,gan_matched_real,data/HFCF_small_131.parquet,0,1961,000000033489.jpg,JPEG,COCO,,train,0,Real,train_v3_additions/real/cf_train_v3_gan_matched_real_52d851b43fbc45b6_000000033489.jpg.jpg,complete
cf_train_v3_gan_matched_real_52e08908ff9bd3a5,gan_matched_real,data/HFCF_small_131.parquet,0,1355,000000381413.jpg,JPEG,COCO,,train,0,Real,train_v3_additions/real/cf_train_v3_gan_matched_real_52e08908ff9bd3a5_000000381413.jpg.jpg,complete
cf_train_v3_gan_matched_real_53019dbe512982a2,gan_matched_real,data/HFCF_small_131.parquet,0,1023,000000044928.jpg,JPEG,COCO,,train,0,Real,train_v3_additions/real/cf_train_v3_gan_matched_real_53019dbe512982a2_000000044928.jpg.jpg,complete
cf_train_v3_gan_matched_real_5311d51bdae80256,gan_matched_real,data/HFCF_small_131.parquet,0,555,000000349485.jpg,JPEG,COCO,,train,0,Real,train_v3_additions/real/cf_train_v3_gan_matched_real_5311d51bdae80256_000000349485.jpg.jpg,complete
cf_train_v3_gan_matched_real_53405cd860544f46,gan_matched_real,data/HFCF_small_131.parquet,0,1942,000000436002.jpg,JPEG,COCO,,train,0,Real,train_v3_additions/real/cf_train_v3_gan_matched_real_53405cd860544f46_000000436002.jpg.jpg,complete
cf_train_v3_gan_matched_real_539cbb6172bfa1aa,gan_matched_real,data/HFCF_small_131.parquet,0,2102,000000104800.jpg,JPEG,COCO,,train,0,Real,train_v3_additions/real/cf_train_v3_gan_matched_real_539cbb6172bfa1aa_000000104800.jpg.jpg,complete
cf_train_v3_gan_matched_real_53b6dfccc7a5760d,gan_matched_real,data/HFCF_small_131.parquet,0,2965,000000029431.jpg,JPEG,COCO,,train,0,Real,train_v3_additions/real/cf_train_v3_gan_matched_real_53b6dfccc7a5760d_000000029431.jpg.jpg,complete
cf_train_v3_gan_matched_real_53cf707f7a4be1ce,gan_matched_real,data/HFCF_small_131.parquet,0,139,000000379235.jpg,JPEG,COCO,,train,0,Real,train_v3_additions/real/cf_train_v3_gan_matched_real_53cf707f7a4be1ce_000000379235.jpg.jpg,complete
cf_train_v3_gan_matched_real_53d37ae73f8dacb1,gan_matched_real,data/HFCF_small_131.parquet,0,762,000000371255.jpg,JPEG,COCO,,train,0,Real,train_v3_additions/real/cf_train_v3_gan_matched_real_53d37ae73f8dacb1_000000371255.jpg.jpg,complete
cf_train_v3_gan_matched_real_53ebe2e74e465c90,gan_matched_real,data/HFCF_small_131.parquet,0,1293,000000304530.jpg,JPEG,COCO,,train,0,Real,train_v3_additions/real/cf_train_v3_gan_matched_real_53ebe2e74e465c90_000000304530.jpg.jpg,complete
cf_train_v3_gan_matched_real_5468ef224e1570f8,gan_matched_real,data/HFCF_small_131.parquet,0,1972,000000438200.jpg,JPEG,COCO,,train,0,Real,train_v3_additions/real/cf_train_v3_gan_matched_real_5468ef224e1570f8_000000438200.jpg.jpg,complete
cf_train_v3_gan_matched_real_54767588cc8d697a,gan_matched_real,data/HFCF_small_131.parquet,0,1958,000000394879.jpg,JPEG,COCO,,train,0,Real,train_v3_additions/real/cf_train_v3_gan_matched_real_54767588cc8d697a_000000394879.jpg.jpg,complete
cf_train_v3_gan_matched_real_549b304193025b95,gan_matched_real,data/HFCF_small_131.parquet,0,384,000000415723.jpg,JPEG,COCO,,train,0,Real,train_v3_additions/real/cf_train_v3_gan_matched_real_549b304193025b95_000000415723.jpg.jpg,complete
cf_train_v3_gan_matched_real_54f89f07fe6b67a0,gan_matched_real,data/HFCF_small_131.parquet,0,1307,000000555045.jpg,JPEG,COCO,,train,0,Real,train_v3_additions/real/cf_train_v3_gan_matched_real_54f89f07fe6b67a0_000000555045.jpg.jpg,complete
cf_train_v3_gan_matched_real_55333287fb4b5854,gan_matched_real,data/HFCF_small_131.parquet,0,2802,000000560756.jpg,JPEG,COCO,,train,0,Real,train_v3_additions/real/cf_train_v3_gan_matched_real_55333287fb4b5854_000000560756.jpg.jpg,complete
cf_train_v3_gan_matched_real_55dd6dfa248d61b8,gan_matched_real,data/HFCF_small_131.parquet,0,2812,000000562650.jpg,JPEG,COCO,,train,0,Real,train_v3_additions/real/cf_train_v3_gan_matched_real_55dd6dfa248d61b8_000000562650.jpg.jpg,complete
cf_train_v3_gan_matched_real_565df3a41369fbe5,gan_matched_real,data/HFCF_small_131.parquet,0,2601,000000308086.jpg,JPEG,COCO,,train,0,Real,train_v3_additions/real/cf_train_v3_gan_matched_real_565df3a41369fbe5_000000308086.jpg.jpg,complete
cf_train_v3_gan_matched_real_568167c71e56d687,gan_matched_real,data/HFCF_small_131.parquet,0,658,000000195233.jpg,JPEG,COCO,,train,0,Real,train_v3_additions/real/cf_train_v3_gan_matched_real_568167c71e56d687_000000195233.jpg.jpg,complete
cf_train_v3_gan_matched_real_569253736f305bcb,gan_matched_real,data/HFCF_small_131.parquet,0,1935,000000544686.jpg,JPEG,COCO,,train,0,Real,train_v3_additions/real/cf_train_v3_gan_matched_real_569253736f305bcb_000000544686.jpg.jpg,complete
cf_train_v3_gan_matched_real_56c39db4f1710e3e,gan_matched_real,data/HFCF_small_131.parquet,0,1646,000000409614.jpg,JPEG,COCO,,train,0,Real,train_v3_additions/real/cf_train_v3_gan_matched_real_56c39db4f1710e3e_000000409614.jpg.jpg,complete
cf_train_v3_gan_matched_real_56da9a077ae2ff82,gan_matched_real,data/HFCF_small_131.parquet,0,40,000000174615.jpg,JPEG,COCO,,train,0,Real,train_v3_additions/real/cf_train_v3_gan_matched_real_56da9a077ae2ff82_000000174615.jpg.jpg,complete
cf_train_v3_gan_matched_real_5709083bd1867df7,gan_matched_real,data/HFCF_small_131.parquet,0,2452,000000477243.jpg,JPEG,COCO,,train,0,Real,train_v3_additions/real/cf_train_v3_gan_matched_real_5709083bd1867df7_000000477243.jpg.jpg,complete
cf_train_v3_gan_matched_real_5762997c440b7723,gan_matched_real,data/HFCF_small_131.parquet,0,1680,000000279187.jpg,JPEG,COCO,,train,0,Real,train_v3_additions/real/cf_train_v3_gan_matched_real_5762997c440b7723_000000279187.jpg.jpg,complete
cf_train_v3_gan_matched_real_579f6bab1fcee75f,gan_matched_real,data/HFCF_small_131.parquet,0,1370,000000296455.jpg,JPEG,COCO,,train,0,Real,train_v3_additions/real/cf_train_v3_gan_matched_real_579f6bab1fcee75f_000000296455.jpg.jpg,complete
cf_train_v3_gan_matched_real_57a551628f7e2cf3,gan_matched_real,data/HFCF_small_131.parquet,0,1467,000000223874.jpg,JPEG,COCO,,train,0,Real,train_v3_additions/real/cf_train_v3_gan_matched_real_57a551628f7e2cf3_000000223874.jpg.jpg,complete
cf_train_v3_gan_matched_real_57a7b71000d419e0,gan_matched_real,data/HFCF_small_131.parquet,0,1002,000000001510.jpg,JPEG,COCO,,train,0,Real,train_v3_additions/real/cf_train_v3_gan_matched_real_57a7b71000d419e0_000000001510.jpg.jpg,complete
cf_train_v3_gan_matched_real_57e3a06d0ea815aa,gan_matched_real,data/HFCF_small_131.parquet,0,2416,000000539566.jpg,JPEG,COCO,,train,0,Real,train_v3_additions/real/cf_train_v3_gan_matched_real_57e3a06d0ea815aa_000000539566.jpg.jpg,complete
cf_train_v3_gan_matched_real_58356b26e586da90,gan_matched_real,data/HFCF_small_131.parquet,0,1894,000000518383.jpg,JPEG,COCO,,train,0,Real,train_v3_additions/real/cf_train_v3_gan_matched_real_58356b26e586da90_000000518383.jpg.jpg,complete
cf_train_v3_gan_matched_real_583e899eca46f2e8,gan_matched_real,data/HFCF_small_131.parquet,0,440,000000127926.jpg,JPEG,COCO,,train,0,Real,train_v3_additions/real/cf_train_v3_gan_matched_real_583e899eca46f2e8_000000127926.jpg.jpg,complete
cf_train_v3_gan_matched_real_5864955e64188aee,gan_matched_real,data/HFCF_small_131.parquet,0,730,000000300758.jpg,JPEG,COCO,,train,0,Real,train_v3_additions/real/cf_train_v3_gan_matched_real_5864955e64188aee_000000300758.jpg.jpg,complete
cf_train_v3_gan_matched_real_58fcbe409a1dbbb2,gan_matched_real,data/HFCF_small_131.parquet,0,64,000000465996.jpg,JPEG,COCO,,train,0,Real,train_v3_additions/real/cf_train_v3_gan_matched_real_58fcbe409a1dbbb2_000000465996.jpg.jpg,complete
cf_train_v3_gan_matched_real_596a47128f3ef2c8,gan_matched_real,data/HFCF_small_131.parquet,0,2963,000000488731.jpg,JPEG,COCO,,train,0,Real,train_v3_additions/real/cf_train_v3_gan_matched_real_596a47128f3ef2c8_000000488731.jpg.jpg,complete
cf_train_v3_gan_matched_real_59700196dfd0411d,gan_matched_real,data/HFCF_small_131.parquet,0,2176,000000223714.jpg,JPEG,COCO,,train,0,Real,train_v3_additions/real/cf_train_v3_gan_matched_real_59700196dfd0411d_000000223714.jpg.jpg,complete
cf_train_v3_gan_matched_real_5999f1c8fe28c06b,gan_matched_real,data/HFCF_small_131.parquet,0,376,000000172079.jpg,JPEG,COCO,,train,0,Real,train_v3_additions/real/cf_train_v3_gan_matched_real_5999f1c8fe28c06b_000000172079.jpg.jpg,complete
cf_train_v3_gan_matched_real_59f36e19714e7701,gan_matched_real,data/HFCF_small_131.parquet,0,1254,000000090777.jpg,JPEG,COCO,,train,0,Real,train_v3_additions/real/cf_train_v3_gan_matched_real_59f36e19714e7701_000000090777.jpg.jpg,complete
cf_train_v3_gan_matched_real_5a031e08d610faa3,gan_matched_real,data/HFCF_small_131.parquet,0,1428,000000287299.jpg,JPEG,COCO,,train,0,Real,train_v3_additions/real/cf_train_v3_gan_matched_real_5a031e08d610faa3_000000287299.jpg.jpg,complete
cf_train_v3_gan_matched_real_5a9d908c9ca7c497,gan_matched_real,data/HFCF_small_131.parquet,0,14,000000266623.jpg,JPEG,COCO,,train,0,Real,train_v3_additions/real/cf_train_v3_gan_matched_real_5a9d908c9ca7c497_000000266623.jpg.jpg,complete
cf_train_v3_gan_matched_real_5aa4227381e2683b,gan_matched_real,data/HFCF_small_131.parquet,0,2563,000000052270.jpg,JPEG,COCO,,train,0,Real,train_v3_additions/real/cf_train_v3_gan_matched_real_5aa4227381e2683b_000000052270.jpg.jpg,complete
cf_train_v3_gan_matched_real_5aaadbd2189053da,gan_matched_real,data/HFCF_small_131.parquet,0,204,000000284507.jpg,JPEG,COCO,,train,0,Real,train_v3_additions/real/cf_train_v3_gan_matched_real_5aaadbd2189053da_000000284507.jpg.jpg,complete
cf_train_v3_gan_matched_real_5ac96d505ade90e7,gan_matched_real,data/HFCF_small_131.parquet,0,279,000000173425.jpg,JPEG,COCO,,train,0,Real,train_v3_additions/real/cf_train_v3_gan_matched_real_5ac96d505ade90e7_000000173425.jpg.jpg,complete
cf_train_v3_gan_matched_real_5adc11be0d1cbf15,gan_matched_real,data/HFCF_small_131.parquet,0,369,000000078188.jpg,JPEG,COCO,,train,0,Real,train_v3_additions/real/cf_train_v3_gan_matched_real_5adc11be0d1cbf15_000000078188.jpg.jpg,complete
cf_train_v3_gan_matched_real_5c176c26a0158b14,gan_matched_real,data/HFCF_small_131.parquet,0,800,000000421745.jpg,JPEG,COCO,,train,0,Real,train_v3_additions/real/cf_train_v3_gan_matched_real_5c176c26a0158b14_000000421745.jpg.jpg,complete
cf_train_v3_gan_matched_real_5c3f344991dc2f5f,gan_matched_real,data/HFCF_small_131.parquet,0,611,000000063394.jpg,JPEG,COCO,,train,0,Real,train_v3_additions/real/cf_train_v3_gan_matched_real_5c3f344991dc2f5f_000000063394.jpg.jpg,complete
cf_train_v3_gan_matched_real_5c5a389b2bd5bb5f,gan_matched_real,data/HFCF_small_131.parquet,0,269,000000219905.jpg,JPEG,COCO,,train,0,Real,train_v3_additions/real/cf_train_v3_gan_matched_real_5c5a389b2bd5bb5f_000000219905.jpg.jpg,complete
cf_train_v3_gan_matched_real_5d543d2c77966769,gan_matched_real,data/HFCF_small_131.parquet,0,2967,000000384401.jpg,JPEG,COCO,,train,0,Real,train_v3_additions/real/cf_train_v3_gan_matched_real_5d543d2c77966769_000000384401.jpg.jpg,complete
cf_train_v3_gan_matched_real_5daaab3625e627dc,gan_matched_real,data/HFCF_small_131.parquet,0,2797,000000281573.jpg,JPEG,COCO,,train,0,Real,train_v3_additions/real/cf_train_v3_gan_matched_real_5daaab3625e627dc_000000281573.jpg.jpg,complete
cf_train_v3_gan_matched_real_5dad155565e2773c,gan_matched_real,data/HFCF_small_131.parquet,0,1885,000000294659.jpg,JPEG,COCO,,train,0,Real,train_v3_additions/real/cf_train_v3_gan_matched_real_5dad155565e2773c_000000294659.jpg.jpg,complete
cf_train_v3_gan_matched_real_5df5c4a2039bc63c,gan_matched_real,data/HFCF_small_131.parquet,0,1407,000000074166.jpg,JPEG,COCO,,train,0,Real,train_v3_additions/real/cf_train_v3_gan_matched_real_5df5c4a2039bc63c_000000074166.jpg.jpg,complete
cf_train_v3_gan_matched_real_5e093cae577b542e,gan_matched_real,data/HFCF_small_131.parquet,0,1313,000000084607.jpg,JPEG,COCO,,train,0,Real,train_v3_additions/real/cf_train_v3_gan_matched_real_5e093cae577b542e_000000084607.jpg.jpg,complete
cf_train_v3_gan_matched_real_5e11306130ac81d8,gan_matched_real,data/HFCF_small_131.parquet,0,2536,000000312887.jpg,JPEG,COCO,,train,0,Real,train_v3_additions/real/cf_train_v3_gan_matched_real_5e11306130ac81d8_000000312887.jpg.jpg,complete
cf_train_v3_gan_matched_real_5e64b99dd0205a6e,gan_matched_real,data/HFCF_small_131.parquet,0,81,000000038840.jpg,JPEG,COCO,,train,0,Real,train_v3_additions/real/cf_train_v3_gan_matched_real_5e64b99dd0205a6e_000000038840.jpg.jpg,complete
cf_train_v3_gan_matched_real_5e84f3c4befef912,gan_matched_real,data/HFCF_small_131.parquet,0,1904,000000067833.jpg,JPEG,COCO,,train,0,Real,train_v3_additions/real/cf_train_v3_gan_matched_real_5e84f3c4befef912_000000067833.jpg.jpg,complete
cf_train_v3_gan_matched_real_5e984436e062576f,gan_matched_real,data/HFCF_small_131.parquet,0,443,000000360986.jpg,JPEG,COCO,,train,0,Real,train_v3_additions/real/cf_train_v3_gan_matched_real_5e984436e062576f_000000360986.jpg.jpg,complete
cf_train_v3_gan_matched_real_5eb1cd04f1167293,gan_matched_real,data/HFCF_small_131.parquet,0,1316,000000334441.jpg,JPEG,COCO,,train,0,Real,train_v3_additions/real/cf_train_v3_gan_matched_real_5eb1cd04f1167293_000000334441.jpg.jpg,complete
cf_train_v3_gan_matched_real_5ee21b6d19bcad11,gan_matched_real,data/HFCF_small_131.parquet,0,1223,000000451228.jpg,JPEG,COCO,,train,0,Real,train_v3_additions/real/cf_train_v3_gan_matched_real_5ee21b6d19bcad11_000000451228.jpg.jpg,complete
cf_train_v3_gan_matched_real_5f18a6c2ddfc9869,gan_matched_real,data/HFCF_small_131.parquet,0,779,000000011796.jpg,JPEG,COCO,,train,0,Real,train_v3_additions/real/cf_train_v3_gan_matched_real_5f18a6c2ddfc9869_000000011796.jpg.jpg,complete
cf_train_v3_gan_matched_real_5f56cd56921aa04e,gan_matched_real,data/HFCF_small_131.parquet,0,1576,000000308277.jpg,JPEG,COCO,,train,0,Real,train_v3_additions/real/cf_train_v3_gan_matched_real_5f56cd56921aa04e_000000308277.jpg.jpg,complete
cf_train_v3_gan_matched_real_604b927a71005367,gan_matched_real,data/HFCF_small_131.parquet,0,1993,000000436759.jpg,JPEG,COCO,,train,0,Real,train_v3_additions/real/cf_train_v3_gan_matched_real_604b927a71005367_000000436759.jpg.jpg,complete
cf_train_v3_gan_matched_real_6059aa60a5f27d88,gan_matched_real,data/HFCF_small_131.parquet,0,1221,000000516114.jpg,JPEG,COCO,,train,0,Real,train_v3_additions/real/cf_train_v3_gan_matched_real_6059aa60a5f27d88_000000516114.jpg.jpg,complete
cf_train_v3_gan_matched_real_605c470accc38d86,gan_matched_real,data/HFCF_small_131.parquet,0,190,000000369575.jpg,JPEG,COCO,,train,0,Real,train_v3_additions/real/cf_train_v3_gan_matched_real_605c470accc38d86_000000369575.jpg.jpg,complete
cf_train_v3_gan_matched_real_60fb986fabe980ea,gan_matched_real,data/HFCF_small_131.parquet,0,1563,000000499930.jpg,JPEG,COCO,,train,0,Real,train_v3_additions/real/cf_train_v3_gan_matched_real_60fb986fabe980ea_000000499930.jpg.jpg,complete
cf_train_v3_gan_matched_real_6120efb5baf3ffde,gan_matched_real,data/HFCF_small_131.parquet,0,2189,000000218119.jpg,JPEG,COCO,,train,0,Real,train_v3_additions/real/cf_train_v3_gan_matched_real_6120efb5baf3ffde_000000218119.jpg.jpg,complete
cf_train_v3_gan_matched_real_61314b4a00970992,gan_matched_real,data/HFCF_small_131.parquet,0,1110,000000415747.jpg,JPEG,COCO,,train,0,Real,train_v3_additions/real/cf_train_v3_gan_matched_real_61314b4a00970992_000000415747.jpg.jpg,complete
cf_train_v3_gan_matched_real_613880f6050f1416,gan_matched_real,data/HFCF_small_131.parquet,0,2931,000000224735.jpg,JPEG,COCO,,train,0,Real,train_v3_additions/real/cf_train_v3_gan_matched_real_613880f6050f1416_000000224735.jpg.jpg,complete
cf_train_v3_gan_matched_real_61be5bdd79207df0,gan_matched_real,data/HFCF_small_131.parquet,0,1269,000000042182.jpg,JPEG,COCO,,train,0,Real,train_v3_additions/real/cf_train_v3_gan_matched_real_61be5bdd79207df0_000000042182.jpg.jpg,complete
cf_train_v3_gan_matched_real_61d19fbce53cb5e4,gan_matched_real,data/HFCF_small_131.parquet,0,1601,000000288589.jpg,JPEG,COCO,,train,0,Real,train_v3_additions/real/cf_train_v3_gan_matched_real_61d19fbce53cb5e4_000000288589.jpg.jpg,complete
cf_train_v3_gan_matched_real_61e903412f8f0807,gan_matched_real,data/HFCF_small_131.parquet,0,1707,000000398866.jpg,JPEG,COCO,,train,0,Real,train_v3_additions/real/cf_train_v3_gan_matched_real_61e903412f8f0807_000000398866.jpg.jpg,complete
cf_train_v3_gan_matched_real_623303d5e78b1ad0,gan_matched_real,data/HFCF_small_131.parquet,0,1575,000000482476.jpg,JPEG,COCO,,train,0,Real,train_v3_additions/real/cf_train_v3_gan_matched_real_623303d5e78b1ad0_000000482476.jpg.jpg,complete
cf_train_v3_gan_matched_real_62933435bdabf742,gan_matched_real,data/HFCF_small_131.parquet,0,2617,000000306812.jpg,JPEG,COCO,,train,0,Real,train_v3_additions/real/cf_train_v3_gan_matched_real_62933435bdabf742_000000306812.jpg.jpg,complete
cf_train_v3_gan_matched_real_62a81ae9181588db,gan_matched_real,data/HFCF_small_131.parquet,0,2140,000000053635.jpg,JPEG,COCO,,train,0,Real,train_v3_additions/real/cf_train_v3_gan_matched_real_62a81ae9181588db_000000053635.jpg.jpg,complete
cf_train_v3_gan_matched_real_62db18557bac0687,gan_matched_real,data/HFCF_small_131.parquet,0,2122,000000326903.jpg,JPEG,COCO,,train,0,Real,train_v3_additions/real/cf_train_v3_gan_matched_real_62db18557bac0687_000000326903.jpg.jpg,complete
cf_train_v3_gan_matched_real_63726acf0e5581d7,gan_matched_real,data/HFCF_small_131.parquet,0,1519,000000200439.jpg,JPEG,COCO,,train,0,Real,train_v3_additions/real/cf_train_v3_gan_matched_real_63726acf0e5581d7_000000200439.jpg.jpg,complete
cf_train_v3_gan_matched_real_63935e25789086e1,gan_matched_real,data/HFCF_small_131.parquet,0,238,000000256196.jpg,JPEG,COCO,,train,0,Real,train_v3_additions/real/cf_train_v3_gan_matched_real_63935e25789086e1_000000256196.jpg.jpg,complete
cf_train_v3_gan_matched_real_63cc849be80269ce,gan_matched_real,data/HFCF_small_131.parquet,0,433,000000223499.jpg,JPEG,COCO,,train,0,Real,train_v3_additions/real/cf_train_v3_gan_matched_real_63cc849be80269ce_000000223499.jpg.jpg,complete
cf_train_v3_gan_matched_real_6424d8731db153a6,gan_matched_real,data/HFCF_small_131.parquet,0,1975,000000247918.jpg,JPEG,COCO,,train,0,Real,train_v3_additions/real/cf_train_v3_gan_matched_real_6424d8731db153a6_000000247918.jpg.jpg,complete
cf_train_v3_gan_matched_real_642ff54b2742c79d,gan_matched_real,data/HFCF_small_131.parquet,0,2700,000000244365.jpg,JPEG,COCO,,train,0,Real,train_v3_additions/real/cf_train_v3_gan_matched_real_642ff54b2742c79d_000000244365.jpg.jpg,complete
cf_train_v3_gan_matched_real_64b82152acce89da,gan_matched_real,data/HFCF_small_131.parquet,0,2231,000000443733.jpg,JPEG,COCO,,train,0,Real,train_v3_additions/real/cf_train_v3_gan_matched_real_64b82152acce89da_000000443733.jpg.jpg,complete
cf_train_v3_gan_matched_real_64c183ab8f4f6f85,gan_matched_real,data/HFCF_small_131.parquet,0,241,000000197503.jpg,JPEG,COCO,,train,0,Real,train_v3_additions/real/cf_train_v3_gan_matched_real_64c183ab8f4f6f85_000000197503.jpg.jpg,complete
cf_train_v3_gan_matched_real_650544364270028f,gan_matched_real,data/HFCF_small_131.parquet,0,1120,000000251754.jpg,JPEG,COCO,,train,0,Real,train_v3_additions/real/cf_train_v3_gan_matched_real_650544364270028f_000000251754.jpg.jpg,complete
cf_train_v3_gan_matched_real_656f05f12374c6f9,gan_matched_real,data/HFCF_small_131.parquet,0,2191,000000242906.jpg,JPEG,COCO,,train,0,Real,train_v3_additions/real/cf_train_v3_gan_matched_real_656f05f12374c6f9_000000242906.jpg.jpg,complete
cf_train_v3_gan_matched_real_658931f158a3fa50,gan_matched_real,data/HFCF_small_131.parquet,0,1376,000000258642.jpg,JPEG,COCO,,train,0,Real,train_v3_additions/real/cf_train_v3_gan_matched_real_658931f158a3fa50_000000258642.jpg.jpg,complete
cf_train_v3_gan_matched_real_660699939b64262e,gan_matched_real,data/HFCF_small_131.parquet,0,1541,000000099539.jpg,JPEG,COCO,,train,0,Real,train_v3_additions/real/cf_train_v3_gan_matched_real_660699939b64262e_000000099539.jpg.jpg,complete
cf_train_v3_gan_matched_real_661316e8977a1b8a,gan_matched_real,data/HFCF_small_131.parquet,0,856,000000467925.jpg,JPEG,COCO,,train,0,Real,train_v3_additions/real/cf_train_v3_gan_matched_real_661316e8977a1b8a_000000467925.jpg.jpg,complete
cf_train_v3_gan_matched_real_666796e0976c696a,gan_matched_real,data/HFCF_small_131.parquet,0,1882,000000047837.jpg,JPEG,COCO,,train,0,Real,train_v3_additions/real/cf_train_v3_gan_matched_real_666796e0976c696a_000000047837.jpg.jpg,complete
cf_train_v3_gan_matched_real_66b0f389709152ff,gan_matched_real,data/HFCF_small_131.parquet,0,402,000000337726.jpg,JPEG,COCO,,train,0,Real,train_v3_additions/real/cf_train_v3_gan_matched_real_66b0f389709152ff_000000337726.jpg.jpg,complete
cf_train_v3_gan_matched_real_66e53153edb2b753,gan_matched_real,data/HFCF_small_131.parquet,0,333,000000551651.jpg,JPEG,COCO,,train,0,Real,train_v3_additions/real/cf_train_v3_gan_matched_real_66e53153edb2b753_000000551651.jpg.jpg,complete
cf_train_v3_gan_matched_real_66f74a6c13d268a7,gan_matched_real,data/HFCF_small_131.parquet,0,627,000000263724.jpg,JPEG,COCO,,train,0,Real,train_v3_additions/real/cf_train_v3_gan_matched_real_66f74a6c13d268a7_000000263724.jpg.jpg,complete
cf_train_v3_gan_matched_real_671abc43fd921684,gan_matched_real,data/HFCF_small_131.parquet,0,2882,000000012803.jpg,JPEG,COCO,,train,0,Real,train_v3_additions/real/cf_train_v3_gan_matched_real_671abc43fd921684_000000012803.jpg.jpg,complete
cf_train_v3_gan_matched_real_67c3cf925c8f664e,gan_matched_real,data/HFCF_small_131.parquet,0,1504,000000044129.jpg,JPEG,COCO,,train,0,Real,train_v3_additions/real/cf_train_v3_gan_matched_real_67c3cf925c8f664e_000000044129.jpg.jpg,complete
cf_train_v3_gan_matched_real_68626f6bdc1319a6,gan_matched_real,data/HFCF_small_131.parquet,0,2817,000000104343.jpg,JPEG,COCO,,train,0,Real,train_v3_additions/real/cf_train_v3_gan_matched_real_68626f6bdc1319a6_000000104343.jpg.jpg,complete
cf_train_v3_gan_matched_real_6933d56fa5601633,gan_matched_real,data/HFCF_small_131.parquet,0,148,000000276200.jpg,JPEG,COCO,,train,0,Real,train_v3_additions/real/cf_train_v3_gan_matched_real_6933d56fa5601633_000000276200.jpg.jpg,complete
cf_train_v3_gan_matched_real_694f2ca576c5d19f,gan_matched_real,data/HFCF_small_131.parquet,0,2330,000000449705.jpg,JPEG,COCO,,train,0,Real,train_v3_additions/real/cf_train_v3_gan_matched_real_694f2ca576c5d19f_000000449705.jpg.jpg,complete
cf_train_v3_gan_matched_real_697435253d2fe904,gan_matched_real,data/HFCF_small_131.parquet,0,1788,000000300380.jpg,JPEG,COCO,,train,0,Real,train_v3_additions/real/cf_train_v3_gan_matched_real_697435253d2fe904_000000300380.jpg.jpg,complete
cf_train_v3_gan_matched_real_6a169aa7d9365e62,gan_matched_real,data/HFCF_small_131.parquet,0,941,000000195204.jpg,JPEG,COCO,,train,0,Real,train_v3_additions/real/cf_train_v3_gan_matched_real_6a169aa7d9365e62_000000195204.jpg.jpg,complete
cf_train_v3_gan_matched_real_6a36570c034efcec,gan_matched_real,data/HFCF_small_131.parquet,0,2216,000000460458.jpg,JPEG,COCO,,train,0,Real,train_v3_additions/real/cf_train_v3_gan_matched_real_6a36570c034efcec_000000460458.jpg.jpg,complete
cf_train_v3_gan_matched_real_6a98ac82d588b1b4,gan_matched_real,data/HFCF_small_131.parquet,0,2160,000000492321.jpg,JPEG,COCO,,train,0,Real,train_v3_additions/real/cf_train_v3_gan_matched_real_6a98ac82d588b1b4_000000492321.jpg.jpg,complete
cf_train_v3_gan_matched_real_6b0e1a3d987dab44,gan_matched_real,data/HFCF_small_131.parquet,0,179,000000242828.jpg,JPEG,COCO,,train,0,Real,train_v3_additions/real/cf_train_v3_gan_matched_real_6b0e1a3d987dab44_000000242828.jpg.jpg,complete
cf_train_v3_gan_matched_real_6b2509ec1e99bd59,gan_matched_real,data/HFCF_small_131.parquet,0,26,000000511402.jpg,JPEG,COCO,,train,0,Real,train_v3_additions/real/cf_train_v3_gan_matched_real_6b2509ec1e99bd59_000000511402.jpg.jpg,complete
cf_train_v3_gan_matched_real_6b3f23c651f9b7a0,gan_matched_real,data/HFCF_small_131.parquet,0,1697,000000034811.jpg,JPEG,COCO,,train,0,Real,train_v3_additions/real/cf_train_v3_gan_matched_real_6b3f23c651f9b7a0_000000034811.jpg.jpg,complete
cf_train_v3_gan_matched_real_6c0cf0c3eca9dc8d,gan_matched_real,data/HFCF_small_131.parquet,0,2331,000000474069.jpg,JPEG,COCO,,train,0,Real,train_v3_additions/real/cf_train_v3_gan_matched_real_6c0cf0c3eca9dc8d_000000474069.jpg.jpg,complete
cf_train_v3_gan_matched_real_6cf51bedbf9592a7,gan_matched_real,data/HFCF_small_131.parquet,0,1328,000000330609.jpg,JPEG,COCO,,train,0,Real,train_v3_additions/real/cf_train_v3_gan_matched_real_6cf51bedbf9592a7_000000330609.jpg.jpg,complete
cf_train_v3_gan_matched_real_6d03cc66007a3163,gan_matched_real,data/HFCF_small_131.parquet,0,708,000000072539.jpg,JPEG,COCO,,train,0,Real,train_v3_additions/real/cf_train_v3_gan_matched_real_6d03cc66007a3163_000000072539.jpg.jpg,complete
cf_train_v3_gan_matched_real_6d0e15657e23f96a,gan_matched_real,data/HFCF_small_131.parquet,0,1322,000000024591.jpg,JPEG,COCO,,train,0,Real,train_v3_additions/real/cf_train_v3_gan_matched_real_6d0e15657e23f96a_000000024591.jpg.jpg,complete
cf_train_v3_gan_matched_real_6d2dea20d0197e68,gan_matched_real,data/HFCF_small_131.parquet,0,1980,000000492805.jpg,JPEG,COCO,,train,0,Real,train_v3_additions/real/cf_train_v3_gan_matched_real_6d2dea20d0197e68_000000492805.jpg.jpg,complete
cf_train_v3_gan_matched_real_6dcd12b860bda0cf,gan_matched_real,data/HFCF_small_131.parquet,0,45,000000145444.jpg,JPEG,COCO,,train,0,Real,train_v3_additions/real/cf_train_v3_gan_matched_real_6dcd12b860bda0cf_000000145444.jpg.jpg,complete
cf_train_v3_gan_matched_real_6dd36592b9f41da3,gan_matched_real,data/HFCF_small_131.parquet,0,1951,000000049957.jpg,JPEG,COCO,,train,0,Real,train_v3_additions/real/cf_train_v3_gan_matched_real_6dd36592b9f41da3_000000049957.jpg.jpg,complete
cf_train_v3_gan_matched_real_6e2f9d91ccff69b2,gan_matched_real,data/HFCF_small_131.parquet,0,2688,000000113857.jpg,JPEG,COCO,,train,0,Real,train_v3_additions/real/cf_train_v3_gan_matched_real_6e2f9d91ccff69b2_000000113857.jpg.jpg,complete
cf_train_v3_gan_matched_real_6e75c48232e9e49b,gan_matched_real,data/HFCF_small_131.parquet,0,1135,000000053601.jpg,JPEG,COCO,,train,0,Real,train_v3_additions/real/cf_train_v3_gan_matched_real_6e75c48232e9e49b_000000053601.jpg.jpg,complete
cf_train_v3_gan_matched_real_6ee0df53e5671239,gan_matched_real,data/HFCF_small_131.parquet,0,1055,000000223932.jpg,JPEG,COCO,,train,0,Real,train_v3_additions/real/cf_train_v3_gan_matched_real_6ee0df53e5671239_000000223932.jpg.jpg,complete
cf_train_v3_gan_matched_real_6f53e09aa0c75a4d,gan_matched_real,data/HFCF_small_131.parquet,0,100,000000351829.jpg,JPEG,COCO,,train,0,Real,train_v3_additions/real/cf_train_v3_gan_matched_real_6f53e09aa0c75a4d_000000351829.jpg.jpg,complete
cf_train_v3_gan_matched_real_6fc2b6b17580f698,gan_matched_real,data/HFCF_small_131.parquet,0,257,000000231538.jpg,JPEG,COCO,,train,0,Real,train_v3_additions/real/cf_train_v3_gan_matched_real_6fc2b6b17580f698_000000231538.jpg.jpg,complete
cf_train_v3_gan_matched_real_707b68c7513fb753,gan_matched_real,data/HFCF_small_131.parquet,0,264,000000385115.jpg,JPEG,COCO,,train,0,Real,train_v3_additions/real/cf_train_v3_gan_matched_real_707b68c7513fb753_000000385115.jpg.jpg,complete
cf_train_v3_gan_matched_real_70f29a1f50ac9e7e,gan_matched_real,data/HFCF_small_131.parquet,0,2513,000000513039.jpg,JPEG,COCO,,train,0,Real,train_v3_additions/real/cf_train_v3_gan_matched_real_70f29a1f50ac9e7e_000000513039.jpg.jpg,complete
cf_train_v3_gan_matched_real_70f9e3d62930cf6e,gan_matched_real,data/HFCF_small_131.parquet,0,648,000000258566.jpg,JPEG,COCO,,train,0,Real,train_v3_additions/real/cf_train_v3_gan_matched_real_70f9e3d62930cf6e_000000258566.jpg.jpg,complete
cf_train_v3_gan_matched_real_71ebf378711ac273,gan_matched_real,data/HFCF_small_131.parquet,0,1580,000000439400.jpg,JPEG,COCO,,train,0,Real,train_v3_additions/real/cf_train_v3_gan_matched_real_71ebf378711ac273_000000439400.jpg.jpg,complete
cf_train_v3_gan_matched_real_72296e5ba10f3b63,gan_matched_real,data/HFCF_small_131.parquet,0,271,000000490267.jpg,JPEG,COCO,,train,0,Real,train_v3_additions/real/cf_train_v3_gan_matched_real_72296e5ba10f3b63_000000490267.jpg.jpg,complete
cf_train_v3_gan_matched_real_73747cbedd3b78e0,gan_matched_real,data/HFCF_small_131.parquet,0,2409,000000043193.jpg,JPEG,COCO,,train,0,Real,train_v3_additions/real/cf_train_v3_gan_matched_real_73747cbedd3b78e0_000000043193.jpg.jpg,complete
cf_train_v3_gan_matched_real_7470006dcc2157b7,gan_matched_real,data/HFCF_small_131.parquet,0,756,000000097283.jpg,JPEG,COCO,,train,0,Real,train_v3_additions/real/cf_train_v3_gan_matched_real_7470006dcc2157b7_000000097283.jpg.jpg,complete
cf_train_v3_gan_matched_real_748be729d0c232a0,gan_matched_real,data/HFCF_small_131.parquet,0,1775,000000195712.jpg,JPEG,COCO,,train,0,Real,train_v3_additions/real/cf_train_v3_gan_matched_real_748be729d0c232a0_000000195712.jpg.jpg,complete
cf_train_v3_gan_matched_real_74b4e5622581c055,gan_matched_real,data/HFCF_small_131.parquet,0,2454,000000180494.jpg,JPEG,COCO,,train,0,Real,train_v3_additions/real/cf_train_v3_gan_matched_real_74b4e5622581c055_000000180494.jpg.jpg,complete
cf_train_v3_gan_matched_real_753572435184ffd8,gan_matched_real,data/HFCF_small_131.parquet,0,2012,000000084168.jpg,JPEG,COCO,,train,0,Real,train_v3_additions/real/cf_train_v3_gan_matched_real_753572435184ffd8_000000084168.jpg.jpg,complete
cf_train_v3_gan_matched_real_7573d0ce66b2d350,gan_matched_real,data/HFCF_small_131.parquet,0,2881,000000478148.jpg,JPEG,COCO,,train,0,Real,train_v3_additions/real/cf_train_v3_gan_matched_real_7573d0ce66b2d350_000000478148.jpg.jpg,complete
cf_train_v3_gan_matched_real_75785af8b5519570,gan_matched_real,data/HFCF_small_131.parquet,0,1095,000000224905.jpg,JPEG,COCO,,train,0,Real,train_v3_additions/real/cf_train_v3_gan_matched_real_75785af8b5519570_000000224905.jpg.jpg,complete
cf_train_v3_gan_matched_real_75eceed0730336e3,gan_matched_real,data/HFCF_small_131.parquet,0,56,000000293159.jpg,JPEG,COCO,,train,0,Real,train_v3_additions/real/cf_train_v3_gan_matched_real_75eceed0730336e3_000000293159.jpg.jpg,complete
cf_train_v3_gan_matched_real_75ffc237c339b7d1,gan_matched_real,data/HFCF_small_131.parquet,0,2031,000000532411.jpg,JPEG,COCO,,train,0,Real,train_v3_additions/real/cf_train_v3_gan_matched_real_75ffc237c339b7d1_000000532411.jpg.jpg,complete
cf_train_v3_gan_matched_real_760d5e79d732df21,gan_matched_real,data/HFCF_small_131.parquet,0,1478,000000121612.jpg,JPEG,COCO,,train,0,Real,train_v3_additions/real/cf_train_v3_gan_matched_real_760d5e79d732df21_000000121612.jpg.jpg,complete
cf_train_v3_gan_matched_real_768505a61a9cc4b3,gan_matched_real,data/HFCF_small_131.parquet,0,1194,000000299074.jpg,JPEG,COCO,,train,0,Real,train_v3_additions/real/cf_train_v3_gan_matched_real_768505a61a9cc4b3_000000299074.jpg.jpg,complete
cf_train_v3_gan_matched_real_76a7f6e398401181,gan_matched_real,data/HFCF_small_131.parquet,0,2075,000000393971.jpg,JPEG,COCO,,train,0,Real,train_v3_additions/real/cf_train_v3_gan_matched_real_76a7f6e398401181_000000393971.jpg.jpg,complete
cf_train_v3_gan_matched_real_770678d6985febed,gan_matched_real,data/HFCF_small_131.parquet,0,2903,000000547224.jpg,JPEG,COCO,,train,0,Real,train_v3_additions/real/cf_train_v3_gan_matched_real_770678d6985febed_000000547224.jpg.jpg,complete
cf_train_v3_gan_matched_real_775e1bb087e7578e,gan_matched_real,data/HFCF_small_131.parquet,0,601,000000161051.jpg,JPEG,COCO,,train,0,Real,train_v3_additions/real/cf_train_v3_gan_matched_real_775e1bb087e7578e_000000161051.jpg.jpg,complete
cf_train_v3_gan_matched_real_783e5ba2f511b6b1,gan_matched_real,data/HFCF_small_131.parquet,0,1032,000000377011.jpg,JPEG,COCO,,train,0,Real,train_v3_additions/real/cf_train_v3_gan_matched_real_783e5ba2f511b6b1_000000377011.jpg.jpg,complete
cf_train_v3_gan_matched_real_784c619e5c604bb4,gan_matched_real,data/HFCF_small_131.parquet,0,1114,000000054750.jpg,JPEG,COCO,,train,0,Real,train_v3_additions/real/cf_train_v3_gan_matched_real_784c619e5c604bb4_000000054750.jpg.jpg,complete
cf_train_v3_gan_matched_real_786ba57b2927f8c8,gan_matched_real,data/HFCF_small_131.parquet,0,2600,000000210591.jpg,JPEG,COCO,,train,0,Real,train_v3_additions/real/cf_train_v3_gan_matched_real_786ba57b2927f8c8_000000210591.jpg.jpg,complete
cf_train_v3_gan_matched_real_78729fa2f69ad7aa,gan_matched_real,data/HFCF_small_131.parquet,0,2635,000000306089.jpg,JPEG,COCO,,train,0,Real,train_v3_additions/real/cf_train_v3_gan_matched_real_78729fa2f69ad7aa_000000306089.jpg.jpg,complete
cf_train_v3_gan_matched_real_789a28d396265aa9,gan_matched_real,data/HFCF_small_131.parquet,0,1283,000000001464.jpg,JPEG,COCO,,train,0,Real,train_v3_additions/real/cf_train_v3_gan_matched_real_789a28d396265aa9_000000001464.jpg.jpg,complete
cf_train_v3_gan_matched_real_78b7e3de8543fb42,gan_matched_real,data/HFCF_small_131.parquet,0,1638,000000046023.jpg,JPEG,COCO,,train,0,Real,train_v3_additions/real/cf_train_v3_gan_matched_real_78b7e3de8543fb42_000000046023.jpg.jpg,complete
cf_train_v3_gan_matched_real_78d9a103ce34d432,gan_matched_real,data/HFCF_small_131.parquet,0,20,000000233575.jpg,JPEG,COCO,,train,0,Real,train_v3_additions/real/cf_train_v3_gan_matched_real_78d9a103ce34d432_000000233575.jpg.jpg,complete
cf_train_v3_gan_matched_real_791de68c391802a5,gan_matched_real,data/HFCF_small_131.parquet,0,2641,000000368811.jpg,JPEG,COCO,,train,0,Real,train_v3_additions/real/cf_train_v3_gan_matched_real_791de68c391802a5_000000368811.jpg.jpg,complete
cf_train_v3_gan_matched_real_7929feba6bc30996,gan_matched_real,data/HFCF_small_131.parquet,0,1465,000000511742.jpg,JPEG,COCO,,train,0,Real,train_v3_additions/real/cf_train_v3_gan_matched_real_7929feba6bc30996_000000511742.jpg.jpg,complete
cf_train_v3_gan_matched_real_792de8e212880bdb,gan_matched_real,data/HFCF_small_131.parquet,0,2933,000000291527.jpg,JPEG,COCO,,train,0,Real,train_v3_additions/real/cf_train_v3_gan_matched_real_792de8e212880bdb_000000291527.jpg.jpg,complete
cf_train_v3_gan_matched_real_79d9d536f0f6649d,gan_matched_real,data/HFCF_small_131.parquet,0,1117,000000264708.jpg,JPEG,COCO,,train,0,Real,train_v3_additions/real/cf_train_v3_gan_matched_real_79d9d536f0f6649d_000000264708.jpg.jpg,complete
cf_train_v3_gan_matched_real_7b334c24364ee68c,gan_matched_real,data/HFCF_small_131.parquet,0,2371,000000226716.jpg,JPEG,COCO,,train,0,Real,train_v3_additions/real/cf_train_v3_gan_matched_real_7b334c24364ee68c_000000226716.jpg.jpg,complete
cf_train_v3_gan_matched_real_7b741823e744ec14,gan_matched_real,data/HFCF_small_131.parquet,0,114,000000142656.jpg,JPEG,COCO,,train,0,Real,train_v3_additions/real/cf_train_v3_gan_matched_real_7b741823e744ec14_000000142656.jpg.jpg,complete
cf_train_v3_gan_matched_real_7baeb05fc6d70584,gan_matched_real,data/HFCF_small_131.parquet,0,1790,000000057926.jpg,JPEG,COCO,,train,0,Real,train_v3_additions/real/cf_train_v3_gan_matched_real_7baeb05fc6d70584_000000057926.jpg.jpg,complete
cf_train_v3_gan_matched_real_7bbc5c070e9a2825,gan_matched_real,data/HFCF_small_131.parquet,0,822,000000333067.jpg,JPEG,COCO,,train,0,Real,train_v3_additions/real/cf_train_v3_gan_matched_real_7bbc5c070e9a2825_000000333067.jpg.jpg,complete
cf_train_v3_gan_matched_real_7bd35bfeddbefa7b,gan_matched_real,data/HFCF_small_131.parquet,0,2504,000000224908.jpg,JPEG,COCO,,train,0,Real,train_v3_additions/real/cf_train_v3_gan_matched_real_7bd35bfeddbefa7b_000000224908.jpg.jpg,complete
cf_train_v3_gan_matched_real_7c41b0e5cda087da,gan_matched_real,data/HFCF_small_131.parquet,0,423,000000422314.jpg,JPEG,COCO,,train,0,Real,train_v3_additions/real/cf_train_v3_gan_matched_real_7c41b0e5cda087da_000000422314.jpg.jpg,complete
cf_train_v3_gan_matched_real_7c7b1d0868b4b713,gan_matched_real,data/HFCF_small_131.parquet,0,267,000000415823.jpg,JPEG,COCO,,train,0,Real,train_v3_additions/real/cf_train_v3_gan_matched_real_7c7b1d0868b4b713_000000415823.jpg.jpg,complete
cf_train_v3_gan_matched_real_7c8e0c5781ac2f00,gan_matched_real,data/HFCF_small_131.parquet,0,980,000000438531.jpg,JPEG,COCO,,train,0,Real,train_v3_additions/real/cf_train_v3_gan_matched_real_7c8e0c5781ac2f00_000000438531.jpg.jpg,complete
cf_train_v3_gan_matched_real_7d076e2de74a4532,gan_matched_real,data/HFCF_small_131.parquet,0,1148,000000024319.jpg,JPEG,COCO,,train,0,Real,train_v3_additions/real/cf_train_v3_gan_matched_real_7d076e2de74a4532_000000024319.jpg.jpg,complete
cf_train_v3_gan_matched_real_7d4c926b2d764767,gan_matched_real,data/HFCF_small_131.parquet,0,2226,000000189740.jpg,JPEG,COCO,,train,0,Real,train_v3_additions/real/cf_train_v3_gan_matched_real_7d4c926b2d764767_000000189740.jpg.jpg,complete
cf_train_v3_gan_matched_real_7d92ee26a2df2be9,gan_matched_real,data/HFCF_small_131.parquet,0,2747,000000551023.jpg,JPEG,COCO,,train,0,Real,train_v3_additions/real/cf_train_v3_gan_matched_real_7d92ee26a2df2be9_000000551023.jpg.jpg,complete
cf_train_v3_gan_matched_real_7e05ec84c39bfeed,gan_matched_real,data/HFCF_small_131.parquet,0,1683,000000292833.jpg,JPEG,COCO,,train,0,Real,train_v3_additions/real/cf_train_v3_gan_matched_real_7e05ec84c39bfeed_000000292833.jpg.jpg,complete
cf_train_v3_gan_matched_real_7e4484ec861adce5,gan_matched_real,data/HFCF_small_131.parquet,0,1205,000000018395.jpg,JPEG,COCO,,train,0,Real,train_v3_additions/real/cf_train_v3_gan_matched_real_7e4484ec861adce5_000000018395.jpg.jpg,complete
cf_train_v3_gan_matched_real_7ebba094d8a4094c,gan_matched_real,data/HFCF_small_131.parquet,0,361,000000029906.jpg,JPEG,COCO,,train,0,Real,train_v3_additions/real/cf_train_v3_gan_matched_real_7ebba094d8a4094c_000000029906.jpg.jpg,complete
cf_train_v3_gan_matched_real_7ed3f810c2a05ee4,gan_matched_real,data/HFCF_small_131.parquet,0,1836,000000284835.jpg,JPEG,COCO,,train,0,Real,train_v3_additions/real/cf_train_v3_gan_matched_real_7ed3f810c2a05ee4_000000284835.jpg.jpg,complete
cf_train_v3_gan_matched_real_7f726a3e80498dd5,gan_matched_real,data/HFCF_small_131.parquet,0,2445,000000469300.jpg,JPEG,COCO,,train,0,Real,train_v3_additions/real/cf_train_v3_gan_matched_real_7f726a3e80498dd5_000000469300.jpg.jpg,complete
cf_train_v3_gan_matched_real_7fd50d7474953fac,gan_matched_real,data/HFCF_small_131.parquet,0,1404,000000490505.jpg,JPEG,COCO,,train,0,Real,train_v3_additions/real/cf_train_v3_gan_matched_real_7fd50d7474953fac_000000490505.jpg.jpg,complete
cf_train_v3_gan_matched_real_807b3ff14f2aa9da,gan_matched_real,data/HFCF_small_131.parquet,0,1108,000000302713.jpg,JPEG,COCO,,train,0,Real,train_v3_additions/real/cf_train_v3_gan_matched_real_807b3ff14f2aa9da_000000302713.jpg.jpg,complete
cf_train_v3_gan_matched_real_80a79fc7f5ce9917,gan_matched_real,data/HFCF_small_131.parquet,0,1133,000000518843.jpg,JPEG,COCO,,train,0,Real,train_v3_additions/real/cf_train_v3_gan_matched_real_80a79fc7f5ce9917_000000518843.jpg.jpg,complete
cf_train_v3_gan_matched_real_80aafdf0f2382ae3,gan_matched_real,data/HFCF_small_131.parquet,0,2059,000000077662.jpg,JPEG,COCO,,train,0,Real,train_v3_additions/real/cf_train_v3_gan_matched_real_80aafdf0f2382ae3_000000077662.jpg.jpg,complete
cf_train_v3_gan_matched_real_81762f3b2c3a01ac,gan_matched_real,data/HFCF_small_131.parquet,0,1224,000000051376.jpg,JPEG,COCO,,train,0,Real,train_v3_additions/real/cf_train_v3_gan_matched_real_81762f3b2c3a01ac_000000051376.jpg.jpg,complete
cf_train_v3_gan_matched_real_81790a8531b1f499,gan_matched_real,data/HFCF_small_131.parquet,0,1971,000000453106.jpg,JPEG,COCO,,train,0,Real,train_v3_additions/real/cf_train_v3_gan_matched_real_81790a8531b1f499_000000453106.jpg.jpg,complete
cf_train_v3_gan_matched_real_817f4d0b34ec9365,gan_matched_real,data/HFCF_small_131.parquet,0,2084,000000091541.jpg,JPEG,COCO,,train,0,Real,train_v3_additions/real/cf_train_v3_gan_matched_real_817f4d0b34ec9365_000000091541.jpg.jpg,complete
cf_train_v3_gan_matched_real_8191ee51eb766c07,gan_matched_real,data/HFCF_small_131.parquet,0,1367,000000368253.jpg,JPEG,COCO,,train,0,Real,train_v3_additions/real/cf_train_v3_gan_matched_real_8191ee51eb766c07_000000368253.jpg.jpg,complete
cf_train_v3_gan_matched_real_819af0abae084650,gan_matched_real,data/HFCF_small_131.parquet,0,458,000000129433.jpg,JPEG,COCO,,train,0,Real,train_v3_additions/real/cf_train_v3_gan_matched_real_819af0abae084650_000000129433.jpg.jpg,complete
cf_train_v3_gan_matched_real_81ac8008be9b7d0e,gan_matched_real,data/HFCF_small_131.parquet,0,88,000000493004.jpg,JPEG,COCO,,train,0,Real,train_v3_additions/real/cf_train_v3_gan_matched_real_81ac8008be9b7d0e_000000493004.jpg.jpg,complete
cf_train_v3_gan_matched_real_81d8c98b574bde32,gan_matched_real,data/HFCF_small_131.parquet,0,2716,000000314667.jpg,JPEG,COCO,,train,0,Real,train_v3_additions/real/cf_train_v3_gan_matched_real_81d8c98b574bde32_000000314667.jpg.jpg,complete
cf_train_v3_gan_matched_real_81eb88975cceeec9,gan_matched_real,data/HFCF_small_131.parquet,0,1036,000000373540.jpg,JPEG,COCO,,train,0,Real,train_v3_additions/real/cf_train_v3_gan_matched_real_81eb88975cceeec9_000000373540.jpg.jpg,complete
cf_train_v3_gan_matched_real_820925e6f090385a,gan_matched_real,data/HFCF_small_131.parquet,0,2058,000000579065.jpg,JPEG,COCO,,train,0,Real,train_v3_additions/real/cf_train_v3_gan_matched_real_820925e6f090385a_000000579065.jpg.jpg,complete
cf_train_v3_gan_matched_real_82d4095202d47b01,gan_matched_real,data/HFCF_small_131.parquet,0,1227,000000425032.jpg,JPEG,COCO,,train,0,Real,train_v3_additions/real/cf_train_v3_gan_matched_real_82d4095202d47b01_000000425032.jpg.jpg,complete
cf_train_v3_gan_matched_real_82d7f99d69d9d2bf,gan_matched_real,data/HFCF_small_131.parquet,0,2357,000000453330.jpg,JPEG,COCO,,train,0,Real,train_v3_additions/real/cf_train_v3_gan_matched_real_82d7f99d69d9d2bf_000000453330.jpg.jpg,complete
cf_train_v3_gan_matched_real_830b6da91049be4c,gan_matched_real,data/HFCF_small_131.parquet,0,2623,000000139617.jpg,JPEG,COCO,,train,0,Real,train_v3_additions/real/cf_train_v3_gan_matched_real_830b6da91049be4c_000000139617.jpg.jpg,complete
cf_train_v3_gan_matched_real_831ddd8aac5ed915,gan_matched_real,data/HFCF_small_131.parquet,0,944,000000030820.jpg,JPEG,COCO,,train,0,Real,train_v3_additions/real/cf_train_v3_gan_matched_real_831ddd8aac5ed915_000000030820.jpg.jpg,complete
cf_train_v3_gan_matched_real_831fe51898451eaa,gan_matched_real,data/HFCF_small_131.parquet,0,2545,000000296137.jpg,JPEG,COCO,,train,0,Real,train_v3_additions/real/cf_train_v3_gan_matched_real_831fe51898451eaa_000000296137.jpg.jpg,complete
cf_train_v3_gan_matched_real_8346b10350698bde,gan_matched_real,data/HFCF_small_131.parquet,0,2237,000000079846.jpg,JPEG,COCO,,train,0,Real,train_v3_additions/real/cf_train_v3_gan_matched_real_8346b10350698bde_000000079846.jpg.jpg,complete
cf_train_v3_gan_matched_real_837eb4f00d186d00,gan_matched_real,data/HFCF_small_131.parquet,0,1964,000000169679.jpg,JPEG,COCO,,train,0,Real,train_v3_additions/real/cf_train_v3_gan_matched_real_837eb4f00d186d00_000000169679.jpg.jpg,complete
cf_train_v3_gan_matched_real_83c154de6f57617d,gan_matched_real,data/HFCF_small_131.parquet,0,336,000000322307.jpg,JPEG,COCO,,train,0,Real,train_v3_additions/real/cf_train_v3_gan_matched_real_83c154de6f57617d_000000322307.jpg.jpg,complete
cf_train_v3_gan_matched_real_83dc12895a9965e6,gan_matched_real,data/HFCF_small_131.parquet,0,745,000000242113.jpg,JPEG,COCO,,train,0,Real,train_v3_additions/real/cf_train_v3_gan_matched_real_83dc12895a9965e6_000000242113.jpg.jpg,complete
cf_train_v3_gan_matched_real_845a48f3fe3d31af,gan_matched_real,data/HFCF_small_131.parquet,0,3,000000304758.jpg,JPEG,COCO,,train,0,Real,train_v3_additions/real/cf_train_v3_gan_matched_real_845a48f3fe3d31af_000000304758.jpg.jpg,complete
cf_train_v3_gan_matched_real_84ccd534c0ede0cd,gan_matched_real,data/HFCF_small_131.parquet,0,2799,000000491689.jpg,JPEG,COCO,,train,0,Real,train_v3_additions/real/cf_train_v3_gan_matched_real_84ccd534c0ede0cd_000000491689.jpg.jpg,complete
cf_train_v3_gan_matched_real_8527ef37bc5a25ad,gan_matched_real,data/HFCF_small_131.parquet,0,514,000000557291.jpg,JPEG,COCO,,train,0,Real,train_v3_additions/real/cf_train_v3_gan_matched_real_8527ef37bc5a25ad_000000557291.jpg.jpg,complete
cf_train_v3_gan_matched_real_8529961c4ef6efc1,gan_matched_real,data/HFCF_small_131.parquet,0,2589,000000005360.jpg,JPEG,COCO,,train,0,Real,train_v3_additions/real/cf_train_v3_gan_matched_real_8529961c4ef6efc1_000000005360.jpg.jpg,complete
cf_train_v3_gan_matched_real_85317ed162d57a93,gan_matched_real,data/HFCF_small_131.parquet,0,1937,000000428440.jpg,JPEG,COCO,,train,0,Real,train_v3_additions/real/cf_train_v3_gan_matched_real_85317ed162d57a93_000000428440.jpg.jpg,complete
cf_train_v3_gan_matched_real_85a9b5ae4a584a1b,gan_matched_real,data/HFCF_small_131.parquet,0,1939,000000401557.jpg,JPEG,COCO,,train,0,Real,train_v3_additions/real/cf_train_v3_gan_matched_real_85a9b5ae4a584a1b_000000401557.jpg.jpg,complete
cf_train_v3_gan_matched_real_86679288c5136bc3,gan_matched_real,data/HFCF_small_131.parquet,0,2655,000000490647.jpg,JPEG,COCO,,train,0,Real,train_v3_additions/real/cf_train_v3_gan_matched_real_86679288c5136bc3_000000490647.jpg.jpg,complete
cf_train_v3_gan_matched_real_873371c750ecdc08,gan_matched_real,data/HFCF_small_131.parquet,0,141,000000001360.jpg,JPEG,COCO,,train,0,Real,train_v3_additions/real/cf_train_v3_gan_matched_real_873371c750ecdc08_000000001360.jpg.jpg,complete
cf_train_v3_gan_matched_real_8772ca5b990cd1cf,gan_matched_real,data/HFCF_small_131.parquet,0,1496,000000214252.jpg,JPEG,COCO,,train,0,Real,train_v3_additions/real/cf_train_v3_gan_matched_real_8772ca5b990cd1cf_000000214252.jpg.jpg,complete
cf_train_v3_gan_matched_real_87eb440bb6cc250d,gan_matched_real,data/HFCF_small_131.parquet,0,1052,000000486605.jpg,JPEG,COCO,,train,0,Real,train_v3_additions/real/cf_train_v3_gan_matched_real_87eb440bb6cc250d_000000486605.jpg.jpg,complete
cf_train_v3_gan_matched_real_88084d009c890345,gan_matched_real,data/HFCF_small_131.parquet,0,298,000000435889.jpg,JPEG,COCO,,train,0,Real,train_v3_additions/real/cf_train_v3_gan_matched_real_88084d009c890345_000000435889.jpg.jpg,complete
cf_train_v3_gan_matched_real_8818002f7e4167c3,gan_matched_real,data/HFCF_small_131.parquet,0,1046,000000109092.jpg,JPEG,COCO,,train,0,Real,train_v3_additions/real/cf_train_v3_gan_matched_real_8818002f7e4167c3_000000109092.jpg.jpg,complete
cf_train_v3_gan_matched_real_886292a38f00cbe8,gan_matched_real,data/HFCF_small_131.parquet,0,1782,000000484007.jpg,JPEG,COCO,,train,0,Real,train_v3_additions/real/cf_train_v3_gan_matched_real_886292a38f00cbe8_000000484007.jpg.jpg,complete
cf_train_v3_gan_matched_real_8870e49d0ab10741,gan_matched_real,data/HFCF_small_131.parquet,0,1162,000000062880.jpg,JPEG,COCO,,train,0,Real,train_v3_additions/real/cf_train_v3_gan_matched_real_8870e49d0ab10741_000000062880.jpg.jpg,complete
cf_train_v3_gan_matched_real_88aa74b652711c07,gan_matched_real,data/HFCF_small_131.parquet,0,2672,000000139496.jpg,JPEG,COCO,,train,0,Real,train_v3_additions/real/cf_train_v3_gan_matched_real_88aa74b652711c07_000000139496.jpg.jpg,complete
cf_train_v3_gan_matched_real_88f72b3932b8c6a0,gan_matched_real,data/HFCF_small_131.parquet,0,767,000000040251.jpg,JPEG,COCO,,train,0,Real,train_v3_additions/real/cf_train_v3_gan_matched_real_88f72b3932b8c6a0_000000040251.jpg.jpg,complete
cf_train_v3_gan_matched_real_897eacd99bbc588a,gan_matched_real,data/HFCF_small_131.parquet,0,1878,000000221874.jpg,JPEG,COCO,,train,0,Real,train_v3_additions/real/cf_train_v3_gan_matched_real_897eacd99bbc588a_000000221874.jpg.jpg,complete
cf_train_v3_gan_matched_real_8a7acd9a05146db6,gan_matched_real,data/HFCF_small_131.parquet,0,2094,000000166711.jpg,JPEG,COCO,,train,0,Real,train_v3_additions/real/cf_train_v3_gan_matched_real_8a7acd9a05146db6_000000166711.jpg.jpg,complete
cf_train_v3_gan_matched_real_8b704d409591651c,gan_matched_real,data/HFCF_small_131.parquet,0,1720,000000451949.jpg,JPEG,COCO,,train,0,Real,train_v3_additions/real/cf_train_v3_gan_matched_real_8b704d409591651c_000000451949.jpg.jpg,complete
cf_train_v3_gan_matched_real_8b7b0df780a070cd,gan_matched_real,data/HFCF_small_131.parquet,0,2981,000000381577.jpg,JPEG,COCO,,train,0,Real,train_v3_additions/real/cf_train_v3_gan_matched_real_8b7b0df780a070cd_000000381577.jpg.jpg,complete
cf_train_v3_gan_matched_real_8bd523dbe3108f9a,gan_matched_real,data/HFCF_small_131.parquet,0,888,000000022167.jpg,JPEG,COCO,,train,0,Real,train_v3_additions/real/cf_train_v3_gan_matched_real_8bd523dbe3108f9a_000000022167.jpg.jpg,complete
cf_train_v3_gan_matched_real_8bd6fd16a234aff7,gan_matched_real,data/HFCF_small_131.parquet,0,1620,000000479315.jpg,JPEG,COCO,,train,0,Real,train_v3_additions/real/cf_train_v3_gan_matched_real_8bd6fd16a234aff7_000000479315.jpg.jpg,complete
cf_train_v3_gan_matched_real_8c012449bd756445,gan_matched_real,data/HFCF_small_131.parquet,0,849,000000142153.jpg,JPEG,COCO,,train,0,Real,train_v3_additions/real/cf_train_v3_gan_matched_real_8c012449bd756445_000000142153.jpg.jpg,complete
cf_train_v3_gan_matched_real_8c26311dcbb352a9,gan_matched_real,data/HFCF_small_131.parquet,0,540,000000540933.jpg,JPEG,COCO,,train,0,Real,train_v3_additions/real/cf_train_v3_gan_matched_real_8c26311dcbb352a9_000000540933.jpg.jpg,complete
cf_train_v3_gan_matched_real_8c5d3fe70c3585a0,gan_matched_real,data/HFCF_small_131.parquet,0,2389,000000089541.jpg,JPEG,COCO,,train,0,Real,train_v3_additions/real/cf_train_v3_gan_matched_real_8c5d3fe70c3585a0_000000089541.jpg.jpg,complete
cf_train_v3_gan_matched_real_8c7ec496eb9f944f,gan_matched_real,data/HFCF_small_131.parquet,0,136,000000278921.jpg,JPEG,COCO,,train,0,Real,train_v3_additions/real/cf_train_v3_gan_matched_real_8c7ec496eb9f944f_000000278921.jpg.jpg,complete
cf_train_v3_gan_matched_real_8cade8ece3cde62d,gan_matched_real,data/HFCF_small_131.parquet,0,191,000000160712.jpg,JPEG,COCO,,train,0,Real,train_v3_additions/real/cf_train_v3_gan_matched_real_8cade8ece3cde62d_000000160712.jpg.jpg,complete
cf_train_v3_gan_matched_real_8cd87a829c829079,gan_matched_real,data/HFCF_small_131.parquet,0,2271,000000331664.jpg,JPEG,COCO,,train,0,Real,train_v3_additions/real/cf_train_v3_gan_matched_real_8cd87a829c829079_000000331664.jpg.jpg,complete
cf_train_v3_gan_matched_real_8ce761e83a63594b,gan_matched_real,data/HFCF_small_131.parquet,0,87,000000540843.jpg,JPEG,COCO,,train,0,Real,train_v3_additions/real/cf_train_v3_gan_matched_real_8ce761e83a63594b_000000540843.jpg.jpg,complete
cf_train_v3_gan_matched_real_8d362bba24d5af3f,gan_matched_real,data/HFCF_small_131.parquet,0,1893,000000355984.jpg,JPEG,COCO,,train,0,Real,train_v3_additions/real/cf_train_v3_gan_matched_real_8d362bba24d5af3f_000000355984.jpg.jpg,complete
cf_train_v3_gan_matched_real_8d6121c6b3a74248,gan_matched_real,data/HFCF_small_131.parquet,0,697,000000382717.jpg,JPEG,COCO,,train,0,Real,train_v3_additions/real/cf_train_v3_gan_matched_real_8d6121c6b3a74248_000000382717.jpg.jpg,complete
cf_train_v3_gan_matched_real_8dd66e679715fbe3,gan_matched_real,data/HFCF_small_131.parquet,0,641,000000082597.jpg,JPEG,COCO,,train,0,Real,train_v3_additions/real/cf_train_v3_gan_matched_real_8dd66e679715fbe3_000000082597.jpg.jpg,complete
cf_train_v3_gan_matched_real_8e4de5671236242a,gan_matched_real,data/HFCF_small_131.parquet,0,1226,000000267105.jpg,JPEG,COCO,,train,0,Real,train_v3_additions/real/cf_train_v3_gan_matched_real_8e4de5671236242a_000000267105.jpg.jpg,complete
cf_train_v3_gan_matched_real_8eb082a0ed8d8cbe,gan_matched_real,data/HFCF_small_131.parquet,0,1679,000000546499.jpg,JPEG,COCO,,train,0,Real,train_v3_additions/real/cf_train_v3_gan_matched_real_8eb082a0ed8d8cbe_000000546499.jpg.jpg,complete
cf_train_v3_gan_matched_real_8eec708ac3224875,gan_matched_real,data/HFCF_small_131.parquet,0,2728,000000043882.jpg,JPEG,COCO,,train,0,Real,train_v3_additions/real/cf_train_v3_gan_matched_real_8eec708ac3224875_000000043882.jpg.jpg,complete
cf_train_v3_gan_matched_real_8eeeba07243eeb45,gan_matched_real,data/HFCF_small_131.parquet,0,1416,000000439939.jpg,JPEG,COCO,,train,0,Real,train_v3_additions/real/cf_train_v3_gan_matched_real_8eeeba07243eeb45_000000439939.jpg.jpg,complete
cf_train_v3_gan_matched_real_8fbb5cabdb85a06c,gan_matched_real,data/HFCF_small_131.parquet,0,2987,000000450864.jpg,JPEG,COCO,,train,0,Real,train_v3_additions/real/cf_train_v3_gan_matched_real_8fbb5cabdb85a06c_000000450864.jpg.jpg,complete
cf_train_v3_gan_matched_real_904983c4f3f5035f,gan_matched_real,data/HFCF_small_131.parquet,0,1272,000000319096.jpg,JPEG,COCO,,train,0,Real,train_v3_additions/real/cf_train_v3_gan_matched_real_904983c4f3f5035f_000000319096.jpg.jpg,complete
cf_train_v3_gan_matched_real_905a23ae7783323b,gan_matched_real,data/HFCF_small_131.parquet,0,122,000000465795.jpg,JPEG,COCO,,train,0,Real,train_v3_additions/real/cf_train_v3_gan_matched_real_905a23ae7783323b_000000465795.jpg.jpg,complete
cf_train_v3_gan_matched_real_90d73fcda74af050,gan_matched_real,data/HFCF_small_131.parquet,0,1183,000000477555.jpg,JPEG,COCO,,train,0,Real,train_v3_additions/real/cf_train_v3_gan_matched_real_90d73fcda74af050_000000477555.jpg.jpg,complete
cf_train_v3_gan_matched_real_912929080d3bb1cb,gan_matched_real,data/HFCF_small_131.parquet,0,2411,000000159118.jpg,JPEG,COCO,,train,0,Real,train_v3_additions/real/cf_train_v3_gan_matched_real_912929080d3bb1cb_000000159118.jpg.jpg,complete
cf_train_v3_gan_matched_real_912b96eeb7fedd11,gan_matched_real,data/HFCF_small_131.parquet,0,850,000000273059.jpg,JPEG,COCO,,train,0,Real,train_v3_additions/real/cf_train_v3_gan_matched_real_912b96eeb7fedd11_000000273059.jpg.jpg,complete
cf_train_v3_gan_matched_real_9133a21f2f82d9e4,gan_matched_real,data/HFCF_small_131.parquet,0,2354,000000097599.jpg,JPEG,COCO,,train,0,Real,train_v3_additions/real/cf_train_v3_gan_matched_real_9133a21f2f82d9e4_000000097599.jpg.jpg,complete
cf_train_v3_gan_matched_real_914b522fa342717e,gan_matched_real,data/HFCF_small_131.parquet,0,1784,000000258671.jpg,JPEG,COCO,,train,0,Real,train_v3_additions/real/cf_train_v3_gan_matched_real_914b522fa342717e_000000258671.jpg.jpg,complete
cf_train_v3_gan_matched_real_91cafa635ff03d34,gan_matched_real,data/HFCF_small_131.parquet,0,127,000000308128.jpg,JPEG,COCO,,train,0,Real,train_v3_additions/real/cf_train_v3_gan_matched_real_91cafa635ff03d34_000000308128.jpg.jpg,complete
cf_train_v3_gan_matched_real_92686a99265d23d6,gan_matched_real,data/HFCF_small_131.parquet,0,1237,000000357255.jpg,JPEG,COCO,,train,0,Real,train_v3_additions/real/cf_train_v3_gan_matched_real_92686a99265d23d6_000000357255.jpg.jpg,complete
cf_train_v3_gan_matched_real_92b962d38b0bd1e5,gan_matched_real,data/HFCF_small_131.parquet,0,1940,000000116562.jpg,JPEG,COCO,,train,0,Real,train_v3_additions/real/cf_train_v3_gan_matched_real_92b962d38b0bd1e5_000000116562.jpg.jpg,complete
cf_train_v3_gan_matched_real_92e81fb158a7e668,gan_matched_real,data/HFCF_small_131.parquet,0,2922,000000178572.jpg,JPEG,COCO,,train,0,Real,train_v3_additions/real/cf_train_v3_gan_matched_real_92e81fb158a7e668_000000178572.jpg.jpg,complete
cf_train_v3_gan_matched_real_93fa82716e06ede8,gan_matched_real,data/HFCF_small_131.parquet,0,1670,000000109622.jpg,JPEG,COCO,,train,0,Real,train_v3_additions/real/cf_train_v3_gan_matched_real_93fa82716e06ede8_000000109622.jpg.jpg,complete
cf_train_v3_gan_matched_real_94242e8a10791afa,gan_matched_real,data/HFCF_small_131.parquet,0,2076,000000480939.jpg,JPEG,COCO,,train,0,Real,train_v3_additions/real/cf_train_v3_gan_matched_real_94242e8a10791afa_000000480939.jpg.jpg,complete
cf_train_v3_gan_matched_real_942958cada372cd5,gan_matched_real,data/HFCF_small_131.parquet,0,206,000000564341.jpg,JPEG,COCO,,train,0,Real,train_v3_additions/real/cf_train_v3_gan_matched_real_942958cada372cd5_000000564341.jpg.jpg,complete
cf_train_v3_gan_matched_real_946a7173341c2c0a,gan_matched_real,data/HFCF_small_131.parquet,0,1159,000000545440.jpg,JPEG,COCO,,train,0,Real,train_v3_additions/real/cf_train_v3_gan_matched_real_946a7173341c2c0a_000000545440.jpg.jpg,complete
cf_train_v3_gan_matched_real_94b1c1614766488a,gan_matched_real,data/HFCF_small_131.parquet,0,1916,000000434886.jpg,JPEG,COCO,,train,0,Real,train_v3_additions/real/cf_train_v3_gan_matched_real_94b1c1614766488a_000000434886.jpg.jpg,complete
cf_train_v3_gan_matched_real_94da02360b8555bf,gan_matched_real,data/HFCF_small_131.parquet,0,1339,000000452331.jpg,JPEG,COCO,,train,0,Real,train_v3_additions/real/cf_train_v3_gan_matched_real_94da02360b8555bf_000000452331.jpg.jpg,complete
cf_train_v3_gan_matched_real_94e0662a6eb000ed,gan_matched_real,data/HFCF_small_131.parquet,0,2181,000000335815.jpg,JPEG,COCO,,train,0,Real,train_v3_additions/real/cf_train_v3_gan_matched_real_94e0662a6eb000ed_000000335815.jpg.jpg,complete
cf_train_v3_gan_matched_real_94e8b0a2b7809787,gan_matched_real,data/HFCF_small_131.parquet,0,2322,000000556722.jpg,JPEG,COCO,,train,0,Real,train_v3_additions/real/cf_train_v3_gan_matched_real_94e8b0a2b7809787_000000556722.jpg.jpg,complete
cf_train_v3_gan_matched_real_95104ed06b4b2c56,gan_matched_real,data/HFCF_small_131.parquet,0,2419,000000199072.jpg,JPEG,COCO,,train,0,Real,train_v3_additions/real/cf_train_v3_gan_matched_real_95104ed06b4b2c56_000000199072.jpg.jpg,complete
cf_train_v3_gan_matched_real_951aaa981910074d,gan_matched_real,data/HFCF_small_131.parquet,0,1604,000000314023.jpg,JPEG,COCO,,train,0,Real,train_v3_additions/real/cf_train_v3_gan_matched_real_951aaa981910074d_000000314023.jpg.jpg,complete
cf_train_v3_gan_matched_real_951e3a575d9ddae0,gan_matched_real,data/HFCF_small_131.parquet,0,1657,000000300056.jpg,JPEG,COCO,,train,0,Real,train_v3_additions/real/cf_train_v3_gan_matched_real_951e3a575d9ddae0_000000300056.jpg.jpg,complete
cf_train_v3_gan_matched_real_9575f83b0df6348a,gan_matched_real,data/HFCF_small_131.parquet,0,1341,000000275656.jpg,JPEG,COCO,,train,0,Real,train_v3_additions/real/cf_train_v3_gan_matched_real_9575f83b0df6348a_000000275656.jpg.jpg,complete
cf_train_v3_gan_matched_real_95854ca221664396,gan_matched_real,data/HFCF_small_131.parquet,0,546,000000364757.jpg,JPEG,COCO,,train,0,Real,train_v3_additions/real/cf_train_v3_gan_matched_real_95854ca221664396_000000364757.jpg.jpg,complete
cf_train_v3_gan_matched_real_95e9742c156b7e73,gan_matched_real,data/HFCF_small_131.parquet,0,2796,000000564636.jpg,JPEG,COCO,,train,0,Real,train_v3_additions/real/cf_train_v3_gan_matched_real_95e9742c156b7e73_000000564636.jpg.jpg,complete
cf_train_v3_gan_matched_real_960453b0fbd73b01,gan_matched_real,data/HFCF_small_131.parquet,0,405,000000250022.jpg,JPEG,COCO,,train,0,Real,train_v3_additions/real/cf_train_v3_gan_matched_real_960453b0fbd73b01_000000250022.jpg.jpg,complete
cf_train_v3_gan_matched_real_9632c594b3665a93,gan_matched_real,data/HFCF_small_131.parquet,0,511,000000445814.jpg,JPEG,COCO,,train,0,Real,train_v3_additions/real/cf_train_v3_gan_matched_real_9632c594b3665a93_000000445814.jpg.jpg,complete
cf_train_v3_gan_matched_real_9673ed3e76b59e12,gan_matched_real,data/HFCF_small_131.parquet,0,1973,000000173791.jpg,JPEG,COCO,,train,0,Real,train_v3_additions/real/cf_train_v3_gan_matched_real_9673ed3e76b59e12_000000173791.jpg.jpg,complete
cf_train_v3_gan_matched_real_96dcbb86d0a94055,gan_matched_real,data/HFCF_small_131.parquet,0,381,000000064522.jpg,JPEG,COCO,,train,0,Real,train_v3_additions/real/cf_train_v3_gan_matched_real_96dcbb86d0a94055_000000064522.jpg.jpg,complete
cf_train_v3_gan_matched_real_96e31ef649609227,gan_matched_real,data/HFCF_small_131.parquet,0,737,000000322629.jpg,JPEG,COCO,,train,0,Real,train_v3_additions/real/cf_train_v3_gan_matched_real_96e31ef649609227_000000322629.jpg.jpg,complete
cf_train_v3_gan_matched_real_972a0e403cc5bcdd,gan_matched_real,data/HFCF_small_131.parquet,0,1319,000000445250.jpg,JPEG,COCO,,train,0,Real,train_v3_additions/real/cf_train_v3_gan_matched_real_972a0e403cc5bcdd_000000445250.jpg.jpg,complete
cf_train_v3_gan_matched_real_97a2d38a4580d706,gan_matched_real,data/HFCF_small_131.parquet,0,1072,000000073688.jpg,JPEG,COCO,,train,0,Real,train_v3_additions/real/cf_train_v3_gan_matched_real_97a2d38a4580d706_000000073688.jpg.jpg,complete
cf_train_v3_gan_matched_real_97d407a8b84d72cf,gan_matched_real,data/HFCF_small_131.parquet,0,19,000000406097.jpg,JPEG,COCO,,train,0,Real,train_v3_additions/real/cf_train_v3_gan_matched_real_97d407a8b84d72cf_000000406097.jpg.jpg,complete
cf_train_v3_gan_matched_real_981f5e29b27d3c45,gan_matched_real,data/HFCF_small_131.parquet,0,1689,000000227733.jpg,JPEG,COCO,,train,0,Real,train_v3_additions/real/cf_train_v3_gan_matched_real_981f5e29b27d3c45_000000227733.jpg.jpg,complete
cf_train_v3_gan_matched_real_9854ca726beaaefc,gan_matched_real,data/HFCF_small_131.parquet,0,2857,000000534898.jpg,JPEG,COCO,,train,0,Real,train_v3_additions/real/cf_train_v3_gan_matched_real_9854ca726beaaefc_000000534898.jpg.jpg,complete
cf_train_v3_gan_matched_real_98bab18c33b6d211,gan_matched_real,data/HFCF_small_131.parquet,0,491,000000128002.jpg,JPEG,COCO,,train,0,Real,train_v3_additions/real/cf_train_v3_gan_matched_real_98bab18c33b6d211_000000128002.jpg.jpg,complete
cf_train_v3_gan_matched_real_98bb066c010fef2a,gan_matched_real,data/HFCF_small_131.parquet,0,1819,000000328951.jpg,JPEG,COCO,,train,0,Real,train_v3_additions/real/cf_train_v3_gan_matched_real_98bb066c010fef2a_000000328951.jpg.jpg,complete
cf_train_v3_gan_matched_real_98bd358dcabff14f,gan_matched_real,data/HFCF_small_131.parquet,0,1015,000000518472.jpg,JPEG,COCO,,train,0,Real,train_v3_additions/real/cf_train_v3_gan_matched_real_98bd358dcabff14f_000000518472.jpg.jpg,complete
cf_train_v3_gan_matched_real_98c379f42fed5cc3,gan_matched_real,data/HFCF_small_131.parquet,0,2573,000000183392.jpg,JPEG,COCO,,train,0,Real,train_v3_additions/real/cf_train_v3_gan_matched_real_98c379f42fed5cc3_000000183392.jpg.jpg,complete
cf_train_v3_gan_matched_real_98d54d9e46ec6000,gan_matched_real,data/HFCF_small_131.parquet,0,2696,000000569050.jpg,JPEG,COCO,,train,0,Real,train_v3_additions/real/cf_train_v3_gan_matched_real_98d54d9e46ec6000_000000569050.jpg.jpg,complete
cf_train_v3_gan_matched_real_98e5d529d536435e,gan_matched_real,data/HFCF_small_131.parquet,0,661,000000288340.jpg,JPEG,COCO,,train,0,Real,train_v3_additions/real/cf_train_v3_gan_matched_real_98e5d529d536435e_000000288340.jpg.jpg,complete
cf_train_v3_gan_matched_real_99bdc5afedc882e9,gan_matched_real,data/HFCF_small_131.parquet,0,833,000000326508.jpg,JPEG,COCO,,train,0,Real,train_v3_additions/real/cf_train_v3_gan_matched_real_99bdc5afedc882e9_000000326508.jpg.jpg,complete
cf_train_v3_gan_matched_real_9a072f1795ea8c95,gan_matched_real,data/HFCF_small_131.parquet,0,622,000000431352.jpg,JPEG,COCO,,train,0,Real,train_v3_additions/real/cf_train_v3_gan_matched_real_9a072f1795ea8c95_000000431352.jpg.jpg,complete
cf_train_v3_gan_matched_real_9a29f51b45b61c5b,gan_matched_real,data/HFCF_small_131.parquet,0,1532,000000014928.jpg,JPEG,COCO,,train,0,Real,train_v3_additions/real/cf_train_v3_gan_matched_real_9a29f51b45b61c5b_000000014928.jpg.jpg,complete
cf_train_v3_gan_matched_real_9af4d6b84c85cf7b,gan_matched_real,data/HFCF_small_131.parquet,0,2509,000000040111.jpg,JPEG,COCO,,train,0,Real,train_v3_additions/real/cf_train_v3_gan_matched_real_9af4d6b84c85cf7b_000000040111.jpg.jpg,complete
cf_train_v3_gan_matched_real_9af4fe848c71b6b4,gan_matched_real,data/HFCF_small_131.parquet,0,720,000000001757.jpg,JPEG,COCO,,train,0,Real,train_v3_additions/real/cf_train_v3_gan_matched_real_9af4fe848c71b6b4_000000001757.jpg.jpg,complete
cf_train_v3_gan_matched_real_9b02a0ed9366f367,gan_matched_real,data/HFCF_small_131.parquet,0,334,000000037945.jpg,JPEG,COCO,,train,0,Real,train_v3_additions/real/cf_train_v3_gan_matched_real_9b02a0ed9366f367_000000037945.jpg.jpg,complete
cf_train_v3_gan_matched_real_9b2c679f830d229f,gan_matched_real,data/HFCF_small_131.parquet,0,1236,000000043678.jpg,JPEG,COCO,,train,0,Real,train_v3_additions/real/cf_train_v3_gan_matched_real_9b2c679f830d229f_000000043678.jpg.jpg,complete
cf_train_v3_gan_matched_real_9b319ccbfdfc611f,gan_matched_real,data/HFCF_small_131.parquet,0,2475,000000313201.jpg,JPEG,COCO,,train,0,Real,train_v3_additions/real/cf_train_v3_gan_matched_real_9b319ccbfdfc611f_000000313201.jpg.jpg,complete
cf_train_v3_gan_matched_real_9b5d1ea35d06ed32,gan_matched_real,data/HFCF_small_131.parquet,0,961,000000151840.jpg,JPEG,COCO,,train,0,Real,train_v3_additions/real/cf_train_v3_gan_matched_real_9b5d1ea35d06ed32_000000151840.jpg.jpg,complete
cf_train_v3_gan_matched_real_9b68dcf697386f65,gan_matched_real,data/HFCF_small_131.parquet,0,2562,000000416851.jpg,JPEG,COCO,,train,0,Real,train_v3_additions/real/cf_train_v3_gan_matched_real_9b68dcf697386f65_000000416851.jpg.jpg,complete
cf_train_v3_gan_matched_real_9bb77743facfbfc2,gan_matched_real,data/HFCF_small_131.parquet,0,2970,000000058937.jpg,JPEG,COCO,,train,0,Real,train_v3_additions/real/cf_train_v3_gan_matched_real_9bb77743facfbfc2_000000058937.jpg.jpg,complete
cf_train_v3_gan_matched_real_9c3a527f77addd8e,gan_matched_real,data/HFCF_small_131.parquet,0,2244,000000173797.jpg,JPEG,COCO,,train,0,Real,train_v3_additions/real/cf_train_v3_gan_matched_real_9c3a527f77addd8e_000000173797.jpg.jpg,complete
cf_train_v3_gan_matched_real_9c4a1177489652e0,gan_matched_real,data/HFCF_small_131.parquet,0,492,000000180071.jpg,JPEG,COCO,,train,0,Real,train_v3_additions/real/cf_train_v3_gan_matched_real_9c4a1177489652e0_000000180071.jpg.jpg,complete
cf_train_v3_gan_matched_real_9c7ac2773ac3bb03,gan_matched_real,data/HFCF_small_131.parquet,0,1296,000000107313.jpg,JPEG,COCO,,train,0,Real,train_v3_additions/real/cf_train_v3_gan_matched_real_9c7ac2773ac3bb03_000000107313.jpg.jpg,complete
cf_train_v3_gan_matched_real_9ca62d197ed914d5,gan_matched_real,data/HFCF_small_131.parquet,0,1932,000000388955.jpg,JPEG,COCO,,train,0,Real,train_v3_additions/real/cf_train_v3_gan_matched_real_9ca62d197ed914d5_000000388955.jpg.jpg,complete
cf_train_v3_gan_matched_real_9caadbefe847584d,gan_matched_real,data/HFCF_small_131.parquet,0,2466,000000579000.jpg,JPEG,COCO,,train,0,Real,train_v3_additions/real/cf_train_v3_gan_matched_real_9caadbefe847584d_000000579000.jpg.jpg,complete
cf_train_v3_gan_matched_real_9cb40e82ece5e819,gan_matched_real,data/HFCF_small_131.parquet,0,1791,000000063519.jpg,JPEG,COCO,,train,0,Real,train_v3_additions/real/cf_train_v3_gan_matched_real_9cb40e82ece5e819_000000063519.jpg.jpg,complete
cf_train_v3_gan_matched_real_9d1cec45b16acc5c,gan_matched_real,data/HFCF_small_131.parquet,0,1786,000000169902.jpg,JPEG,COCO,,train,0,Real,train_v3_additions/real/cf_train_v3_gan_matched_real_9d1cec45b16acc5c_000000169902.jpg.jpg,complete
cf_train_v3_gan_matched_real_9d8f1210a9792ccd,gan_matched_real,data/HFCF_small_131.parquet,0,2964,000000148871.jpg,JPEG,COCO,,train,0,Real,train_v3_additions/real/cf_train_v3_gan_matched_real_9d8f1210a9792ccd_000000148871.jpg.jpg,complete
cf_train_v3_gan_matched_real_9dbfbffd79a5cc12,gan_matched_real,data/HFCF_small_131.parquet,0,2112,000000517246.jpg,JPEG,COCO,,train,0,Real,train_v3_additions/real/cf_train_v3_gan_matched_real_9dbfbffd79a5cc12_000000517246.jpg.jpg,complete
cf_train_v3_gan_matched_real_9e1fe364187b9851,gan_matched_real,data/HFCF_small_131.parquet,0,2485,000000310833.jpg,JPEG,COCO,,train,0,Real,train_v3_additions/real/cf_train_v3_gan_matched_real_9e1fe364187b9851_000000310833.jpg.jpg,complete
cf_train_v3_gan_matched_real_9eee7f7c24bd457e,gan_matched_real,data/HFCF_small_131.parquet,0,936,000000550643.jpg,JPEG,COCO,,train,0,Real,train_v3_additions/real/cf_train_v3_gan_matched_real_9eee7f7c24bd457e_000000550643.jpg.jpg,complete
cf_train_v3_gan_matched_real_9f7b9005eb61dba5,gan_matched_real,data/HFCF_small_131.parquet,0,1394,000000281085.jpg,JPEG,COCO,,train,0,Real,train_v3_additions/real/cf_train_v3_gan_matched_real_9f7b9005eb61dba5_000000281085.jpg.jpg,complete
cf_train_v3_gan_matched_real_9fb87ee572a18e71,gan_matched_real,data/HFCF_small_131.parquet,0,1426,000000237357.jpg,JPEG,COCO,,train,0,Real,train_v3_additions/real/cf_train_v3_gan_matched_real_9fb87ee572a18e71_000000237357.jpg.jpg,complete
cf_train_v3_gan_matched_real_9fe233eb046b3626,gan_matched_real,data/HFCF_small_131.parquet,0,1830,000000383026.jpg,JPEG,COCO,,train,0,Real,train_v3_additions/real/cf_train_v3_gan_matched_real_9fe233eb046b3626_000000383026.jpg.jpg,complete
cf_train_v3_gan_matched_real_9fe588bf34d5b7fa,gan_matched_real,data/HFCF_small_131.parquet,0,2829,000000102822.jpg,JPEG,COCO,,train,0,Real,train_v3_additions/real/cf_train_v3_gan_matched_real_9fe588bf34d5b7fa_000000102822.jpg.jpg,complete
cf_train_v3_gan_matched_real_a0246f307efefe9f,gan_matched_real,data/HFCF_small_131.parquet,0,1266,000000412330.jpg,JPEG,COCO,,train,0,Real,train_v3_additions/real/cf_train_v3_gan_matched_real_a0246f307efefe9f_000000412330.jpg.jpg,complete
cf_train_v3_gan_matched_real_a056bb1c533c328a,gan_matched_real,data/HFCF_small_131.parquet,0,203,000000550745.jpg,JPEG,COCO,,train,0,Real,train_v3_additions/real/cf_train_v3_gan_matched_real_a056bb1c533c328a_000000550745.jpg.jpg,complete
cf_train_v3_gan_matched_real_a087740a5214946f,gan_matched_real,data/HFCF_small_131.parquet,0,1792,000000015307.jpg,JPEG,COCO,,train,0,Real,train_v3_additions/real/cf_train_v3_gan_matched_real_a087740a5214946f_000000015307.jpg.jpg,complete
cf_train_v3_gan_matched_real_a08fd3f7d804405c,gan_matched_real,data/HFCF_small_131.parquet,0,1989,000000056865.jpg,JPEG,COCO,,train,0,Real,train_v3_additions/real/cf_train_v3_gan_matched_real_a08fd3f7d804405c_000000056865.jpg.jpg,complete
cf_train_v3_gan_matched_real_a17fbfed9bdbe697,gan_matched_real,data/HFCF_small_131.parquet,0,414,000000035738.jpg,JPEG,COCO,,train,0,Real,train_v3_additions/real/cf_train_v3_gan_matched_real_a17fbfed9bdbe697_000000035738.jpg.jpg,complete
cf_train_v3_gan_matched_real_a1847499735896c4,gan_matched_real,data/HFCF_small_131.parquet,0,1275,000000241421.jpg,JPEG,COCO,,train,0,Real,train_v3_additions/real/cf_train_v3_gan_matched_real_a1847499735896c4_000000241421.jpg.jpg,complete
cf_train_v3_gan_matched_real_a1ae153b0b0ee872,gan_matched_real,data/HFCF_small_131.parquet,0,754,000000423767.jpg,JPEG,COCO,,train,0,Real,train_v3_additions/real/cf_train_v3_gan_matched_real_a1ae153b0b0ee872_000000423767.jpg.jpg,complete
cf_train_v3_gan_matched_real_a1b6b040861b5ea7,gan_matched_real,data/HFCF_small_131.parquet,0,2979,000000246311.jpg,JPEG,COCO,,train,0,Real,train_v3_additions/real/cf_train_v3_gan_matched_real_a1b6b040861b5ea7_000000246311.jpg.jpg,complete
cf_train_v3_gan_matched_real_a20d561ee48b2469,gan_matched_real,data/HFCF_small_131.parquet,0,967,000000521199.jpg,JPEG,COCO,,train,0,Real,train_v3_additions/real/cf_train_v3_gan_matched_real_a20d561ee48b2469_000000521199.jpg.jpg,complete
cf_train_v3_gan_matched_real_a226142325683bf2,gan_matched_real,data/HFCF_small_131.parquet,0,1017,000000177102.jpg,JPEG,COCO,,train,0,Real,train_v3_additions/real/cf_train_v3_gan_matched_real_a226142325683bf2_000000177102.jpg.jpg,complete
cf_train_v3_gan_matched_real_a244b87351bef0ae,gan_matched_real,data/HFCF_small_131.parquet,0,2816,000000041456.jpg,JPEG,COCO,,train,0,Real,train_v3_additions/real/cf_train_v3_gan_matched_real_a244b87351bef0ae_000000041456.jpg.jpg,complete
cf_train_v3_gan_matched_real_a261bfb8c3cd4188,gan_matched_real,data/HFCF_small_131.parquet,0,2014,000000113259.jpg,JPEG,COCO,,train,0,Real,train_v3_additions/real/cf_train_v3_gan_matched_real_a261bfb8c3cd4188_000000113259.jpg.jpg,complete
cf_train_v3_gan_matched_real_a28880e1c00aebc6,gan_matched_real,data/HFCF_small_131.parquet,0,870,000000156171.jpg,JPEG,COCO,,train,0,Real,train_v3_additions/real/cf_train_v3_gan_matched_real_a28880e1c00aebc6_000000156171.jpg.jpg,complete
cf_train_v3_gan_matched_real_a28b91215d0a9eb1,gan_matched_real,data/HFCF_small_131.parquet,0,2579,000000028864.jpg,JPEG,COCO,,train,0,Real,train_v3_additions/real/cf_train_v3_gan_matched_real_a28b91215d0a9eb1_000000028864.jpg.jpg,complete
cf_train_v3_gan_matched_real_a2aa9b98d7119561,gan_matched_real,data/HFCF_small_131.parquet,0,115,000000433452.jpg,JPEG,COCO,,train,0,Real,train_v3_additions/real/cf_train_v3_gan_matched_real_a2aa9b98d7119561_000000433452.jpg.jpg,complete
cf_train_v3_gan_matched_real_a2bc6f0888a7555f,gan_matched_real,data/HFCF_small_131.parquet,0,1357,000000308883.jpg,JPEG,COCO,,train,0,Real,train_v3_additions/real/cf_train_v3_gan_matched_real_a2bc6f0888a7555f_000000308883.jpg.jpg,complete
cf_train_v3_gan_matched_real_a3697fefc7e84734,gan_matched_real,data/HFCF_small_131.parquet,0,1709,000000028878.jpg,JPEG,COCO,,train,0,Real,train_v3_additions/real/cf_train_v3_gan_matched_real_a3697fefc7e84734_000000028878.jpg.jpg,complete
cf_train_v3_gan_matched_real_a3c46dd61e5bb117,gan_matched_real,data/HFCF_small_131.parquet,0,2659,000000158717.jpg,JPEG,COCO,,train,0,Real,train_v3_additions/real/cf_train_v3_gan_matched_real_a3c46dd61e5bb117_000000158717.jpg.jpg,complete
cf_train_v3_gan_matched_real_a3ce31f8e2375c9a,gan_matched_real,data/HFCF_small_131.parquet,0,2424,000000351477.jpg,JPEG,COCO,,train,0,Real,train_v3_additions/real/cf_train_v3_gan_matched_real_a3ce31f8e2375c9a_000000351477.jpg.jpg,complete
cf_train_v3_gan_matched_real_a3ef2531f76fb9fc,gan_matched_real,data/HFCF_small_131.parquet,0,2404,000000277544.jpg,JPEG,COCO,,train,0,Real,train_v3_additions/real/cf_train_v3_gan_matched_real_a3ef2531f76fb9fc_000000277544.jpg.jpg,complete
cf_train_v3_gan_matched_real_a42a5d4733782bdb,gan_matched_real,data/HFCF_small_131.parquet,0,1584,000000504991.jpg,JPEG,COCO,,train,0,Real,train_v3_additions/real/cf_train_v3_gan_matched_real_a42a5d4733782bdb_000000504991.jpg.jpg,complete
cf_train_v3_gan_matched_real_a4d58188443ea739,gan_matched_real,data/HFCF_small_131.parquet,0,1388,000000220502.jpg,JPEG,COCO,,train,0,Real,train_v3_additions/real/cf_train_v3_gan_matched_real_a4d58188443ea739_000000220502.jpg.jpg,complete
cf_train_v3_gan_matched_real_a526c830ccd93ae7,gan_matched_real,data/HFCF_small_131.parquet,0,1372,000000141986.jpg,JPEG,COCO,,train,0,Real,train_v3_additions/real/cf_train_v3_gan_matched_real_a526c830ccd93ae7_000000141986.jpg.jpg,complete
cf_train_v3_gan_matched_real_a58cabdd94b08005,gan_matched_real,data/HFCF_small_131.parquet,0,2602,000000081481.jpg,JPEG,COCO,,train,0,Real,train_v3_additions/real/cf_train_v3_gan_matched_real_a58cabdd94b08005_000000081481.jpg.jpg,complete
cf_train_v3_gan_matched_real_a593a9a834110127,gan_matched_real,data/HFCF_small_131.parquet,0,786,000000290881.jpg,JPEG,COCO,,train,0,Real,train_v3_additions/real/cf_train_v3_gan_matched_real_a593a9a834110127_000000290881.jpg.jpg,complete
cf_train_v3_gan_matched_real_a5b9a4c43f43b08a,gan_matched_real,data/HFCF_small_131.parquet,0,943,000000514901.jpg,JPEG,COCO,,train,0,Real,train_v3_additions/real/cf_train_v3_gan_matched_real_a5b9a4c43f43b08a_000000514901.jpg.jpg,complete
cf_train_v3_gan_matched_real_a64ea93a3b1e83cd,gan_matched_real,data/HFCF_small_131.parquet,0,2337,000000534889.jpg,JPEG,COCO,,train,0,Real,train_v3_additions/real/cf_train_v3_gan_matched_real_a64ea93a3b1e83cd_000000534889.jpg.jpg,complete
cf_train_v3_gan_matched_real_a66fb02acebe3d99,gan_matched_real,data/HFCF_small_131.parquet,0,958,000000023648.jpg,JPEG,COCO,,train,0,Real,train_v3_additions/real/cf_train_v3_gan_matched_real_a66fb02acebe3d99_000000023648.jpg.jpg,complete
cf_train_v3_gan_matched_real_a6ad292acc9f0f4a,gan_matched_real,data/HFCF_small_131.parquet,0,792,000000502311.jpg,JPEG,COCO,,train,0,Real,train_v3_additions/real/cf_train_v3_gan_matched_real_a6ad292acc9f0f4a_000000502311.jpg.jpg,complete
cf_train_v3_gan_matched_real_a6cc6d3acf5e25b1,gan_matched_real,data/HFCF_small_131.parquet,0,2026,000000094926.jpg,JPEG,COCO,,train,0,Real,train_v3_additions/real/cf_train_v3_gan_matched_real_a6cc6d3acf5e25b1_000000094926.jpg.jpg,complete
cf_train_v3_gan_matched_real_a6e642216a5f6379,gan_matched_real,data/HFCF_small_131.parquet,0,1077,000000473910.jpg,JPEG,COCO,,train,0,Real,train_v3_additions/real/cf_train_v3_gan_matched_real_a6e642216a5f6379_000000473910.jpg.jpg,complete
cf_train_v3_gan_matched_real_a70dbc6342cf2328,gan_matched_real,data/HFCF_small_131.parquet,0,2257,000000236243.jpg,JPEG,COCO,,train,0,Real,train_v3_additions/real/cf_train_v3_gan_matched_real_a70dbc6342cf2328_000000236243.jpg.jpg,complete
cf_train_v3_gan_matched_real_a7123b097298bcfb,gan_matched_real,data/HFCF_small_131.parquet,0,1025,000000070603.jpg,JPEG,COCO,,train,0,Real,train_v3_additions/real/cf_train_v3_gan_matched_real_a7123b097298bcfb_000000070603.jpg.jpg,complete
cf_train_v3_gan_matched_real_a782b5e5c39ebc2a,gan_matched_real,data/HFCF_small_131.parquet,0,2167,000000391584.jpg,JPEG,COCO,,train,0,Real,train_v3_additions/real/cf_train_v3_gan_matched_real_a782b5e5c39ebc2a_000000391584.jpg.jpg,complete
cf_train_v3_gan_matched_real_a7d6f75ae8974325,gan_matched_real,data/HFCF_small_131.parquet,0,2028,000000165868.jpg,JPEG,COCO,,train,0,Real,train_v3_additions/real/cf_train_v3_gan_matched_real_a7d6f75ae8974325_000000165868.jpg.jpg,complete
cf_train_v3_gan_matched_real_a80794eef080eec1,gan_matched_real,data/HFCF_small_131.parquet,0,1907,000000432395.jpg,JPEG,COCO,,train,0,Real,train_v3_additions/real/cf_train_v3_gan_matched_real_a80794eef080eec1_000000432395.jpg.jpg,complete
cf_train_v3_gan_matched_real_a835a7e32d1cad21,gan_matched_real,data/HFCF_small_131.parquet,0,317,000000067046.jpg,JPEG,COCO,,train,0,Real,train_v3_additions/real/cf_train_v3_gan_matched_real_a835a7e32d1cad21_000000067046.jpg.jpg,complete
cf_train_v3_gan_matched_real_a85f00be751d198e,gan_matched_real,data/HFCF_small_131.parquet,0,832,000000079077.jpg,JPEG,COCO,,train,0,Real,train_v3_additions/real/cf_train_v3_gan_matched_real_a85f00be751d198e_000000079077.jpg.jpg,complete
cf_train_v3_gan_matched_real_a88c864ac0c33302,gan_matched_real,data/HFCF_small_131.parquet,0,1414,000000025972.jpg,JPEG,COCO,,train,0,Real,train_v3_additions/real/cf_train_v3_gan_matched_real_a88c864ac0c33302_000000025972.jpg.jpg,complete
cf_train_v3_gan_matched_real_a88cad19bfe97827,gan_matched_real,data/HFCF_small_131.parquet,0,1020,000000324995.jpg,JPEG,COCO,,train,0,Real,train_v3_additions/real/cf_train_v3_gan_matched_real_a88cad19bfe97827_000000324995.jpg.jpg,complete
cf_train_v3_gan_matched_real_a8b442a1516a9a99,gan_matched_real,data/HFCF_small_131.parquet,0,812,000000498596.jpg,JPEG,COCO,,train,0,Real,train_v3_additions/real/cf_train_v3_gan_matched_real_a8b442a1516a9a99_000000498596.jpg.jpg,complete
cf_train_v3_gan_matched_real_a8f6287eb80b0b1a,gan_matched_real,data/HFCF_small_131.parquet,0,2228,000000414999.jpg,JPEG,COCO,,train,0,Real,train_v3_additions/real/cf_train_v3_gan_matched_real_a8f6287eb80b0b1a_000000414999.jpg.jpg,complete
cf_train_v3_gan_matched_real_a90984392a5f9ca7,gan_matched_real,data/HFCF_small_131.parquet,0,1857,000000035160.jpg,JPEG,COCO,,train,0,Real,train_v3_additions/real/cf_train_v3_gan_matched_real_a90984392a5f9ca7_000000035160.jpg.jpg,complete
cf_train_v3_gan_matched_real_a913bc547b1ad5e2,gan_matched_real,data/HFCF_small_131.parquet,0,1777,000000225108.jpg,JPEG,COCO,,train,0,Real,train_v3_additions/real/cf_train_v3_gan_matched_real_a913bc547b1ad5e2_000000225108.jpg.jpg,complete
cf_train_v3_gan_matched_real_a990aaf29468d487,gan_matched_real,data/HFCF_small_131.parquet,0,802,000000440592.jpg,JPEG,COCO,,train,0,Real,train_v3_additions/real/cf_train_v3_gan_matched_real_a990aaf29468d487_000000440592.jpg.jpg,complete
cf_train_v3_gan_matched_real_a9a20ceacc0db7d3,gan_matched_real,data/HFCF_small_131.parquet,0,1291,000000165071.jpg,JPEG,COCO,,train,0,Real,train_v3_additions/real/cf_train_v3_gan_matched_real_a9a20ceacc0db7d3_000000165071.jpg.jpg,complete
cf_train_v3_gan_matched_real_a9d7a315113cef74,gan_matched_real,data/HFCF_small_131.parquet,0,1021,000000365117.jpg,JPEG,COCO,,train,0,Real,train_v3_additions/real/cf_train_v3_gan_matched_real_a9d7a315113cef74_000000365117.jpg.jpg,complete
cf_train_v3_gan_matched_real_a9f976fcc1648fb5,gan_matched_real,data/HFCF_small_131.parquet,0,2819,000000131919.jpg,JPEG,COCO,,train,0,Real,train_v3_additions/real/cf_train_v3_gan_matched_real_a9f976fcc1648fb5_000000131919.jpg.jpg,complete
cf_train_v3_gan_matched_real_aa43dc0ef34bf4a6,gan_matched_real,data/HFCF_small_131.parquet,0,1647,000000294892.jpg,JPEG,COCO,,train,0,Real,train_v3_additions/real/cf_train_v3_gan_matched_real_aa43dc0ef34bf4a6_000000294892.jpg.jpg,complete
cf_train_v3_gan_matched_real_aa87a35b2178fb55,gan_matched_real,data/HFCF_small_131.parquet,0,2697,000000575421.jpg,JPEG,COCO,,train,0,Real,train_v3_additions/real/cf_train_v3_gan_matched_real_aa87a35b2178fb55_000000575421.jpg.jpg,complete
cf_train_v3_gan_matched_real_aae0ecc90a14f91a,gan_matched_real,data/HFCF_small_131.parquet,0,2066,000000035696.jpg,JPEG,COCO,,train,0,Real,train_v3_additions/real/cf_train_v3_gan_matched_real_aae0ecc90a14f91a_000000035696.jpg.jpg,complete
cf_train_v3_gan_matched_real_ab2dca56fd5156b4,gan_matched_real,data/HFCF_small_131.parquet,0,2336,000000064392.jpg,JPEG,COCO,,train,0,Real,train_v3_additions/real/cf_train_v3_gan_matched_real_ab2dca56fd5156b4_000000064392.jpg.jpg,complete
cf_train_v3_gan_matched_real_ab9d5be145b5dc59,gan_matched_real,data/HFCF_small_131.parquet,0,455,000000155794.jpg,JPEG,COCO,,train,0,Real,train_v3_additions/real/cf_train_v3_gan_matched_real_ab9d5be145b5dc59_000000155794.jpg.jpg,complete
cf_train_v3_gan_matched_real_abf4da80e3f553ac,gan_matched_real,data/HFCF_small_131.parquet,0,592,000000076414.jpg,JPEG,COCO,,train,0,Real,train_v3_additions/real/cf_train_v3_gan_matched_real_abf4da80e3f553ac_000000076414.jpg.jpg,complete
cf_train_v3_gan_matched_real_ac1cea4bd3c11bd7,gan_matched_real,data/HFCF_small_131.parquet,0,1859,000000238858.jpg,JPEG,COCO,,train,0,Real,train_v3_additions/real/cf_train_v3_gan_matched_real_ac1cea4bd3c11bd7_000000238858.jpg.jpg,complete
cf_train_v3_gan_matched_real_ac28d2c7a95ba7b6,gan_matched_real,data/HFCF_small_131.parquet,0,2072,000000291592.jpg,JPEG,COCO,,train,0,Real,train_v3_additions/real/cf_train_v3_gan_matched_real_ac28d2c7a95ba7b6_000000291592.jpg.jpg,complete
cf_train_v3_gan_matched_real_acd2c2fe738b07fb,gan_matched_real,data/HFCF_small_131.parquet,0,2207,000000265532.jpg,JPEG,COCO,,train,0,Real,train_v3_additions/real/cf_train_v3_gan_matched_real_acd2c2fe738b07fb_000000265532.jpg.jpg,complete
cf_train_v3_gan_matched_real_ad1dec2f853f43a4,gan_matched_real,data/HFCF_small_131.parquet,0,1631,000000481129.jpg,JPEG,COCO,,train,0,Real,train_v3_additions/real/cf_train_v3_gan_matched_real_ad1dec2f853f43a4_000000481129.jpg.jpg,complete
cf_train_v3_gan_matched_real_ad9666f5674cacb5,gan_matched_real,data/HFCF_small_131.parquet,0,84,000000088726.jpg,JPEG,COCO,,train,0,Real,train_v3_additions/real/cf_train_v3_gan_matched_real_ad9666f5674cacb5_000000088726.jpg.jpg,complete
cf_train_v3_gan_matched_real_ae34341b916a401c,gan_matched_real,data/HFCF_small_131.parquet,0,2309,000000554936.jpg,JPEG,COCO,,train,0,Real,train_v3_additions/real/cf_train_v3_gan_matched_real_ae34341b916a401c_000000554936.jpg.jpg,complete
cf_train_v3_gan_matched_real_ae3c114103235b0e,gan_matched_real,data/HFCF_small_131.parquet,0,775,000000475336.jpg,JPEG,COCO,,train,0,Real,train_v3_additions/real/cf_train_v3_gan_matched_real_ae3c114103235b0e_000000475336.jpg.jpg,complete
cf_train_v3_gan_matched_real_ae4f080c3d80a17f,gan_matched_real,data/HFCF_small_131.parquet,0,1616,000000287842.jpg,JPEG,COCO,,train,0,Real,train_v3_additions/real/cf_train_v3_gan_matched_real_ae4f080c3d80a17f_000000287842.jpg.jpg,complete
cf_train_v3_gan_matched_real_ae5b4b0eeb05cfc4,gan_matched_real,data/HFCF_small_131.parquet,0,1644,000000097981.jpg,JPEG,COCO,,train,0,Real,train_v3_additions/real/cf_train_v3_gan_matched_real_ae5b4b0eeb05cfc4_000000097981.jpg.jpg,complete
cf_train_v3_gan_matched_real_ae77d2eda76831d0,gan_matched_real,data/HFCF_small_131.parquet,0,2144,000000483046.jpg,JPEG,COCO,,train,0,Real,train_v3_additions/real/cf_train_v3_gan_matched_real_ae77d2eda76831d0_000000483046.jpg.jpg,complete
cf_train_v3_gan_matched_real_ae83e4daeb9552a2,gan_matched_real,data/HFCF_small_131.parquet,0,339,000000007932.jpg,JPEG,COCO,,train,0,Real,train_v3_additions/real/cf_train_v3_gan_matched_real_ae83e4daeb9552a2_000000007932.jpg.jpg,complete
cf_train_v3_gan_matched_real_aec7af9e05aa899c,gan_matched_real,data/HFCF_small_131.parquet,0,2128,000000151709.jpg,JPEG,COCO,,train,0,Real,train_v3_additions/real/cf_train_v3_gan_matched_real_aec7af9e05aa899c_000000151709.jpg.jpg,complete
cf_train_v3_gan_matched_real_af0a74e42f2b0de6,gan_matched_real,data/HFCF_small_131.parquet,0,2851,000000404066.jpg,JPEG,COCO,,train,0,Real,train_v3_additions/real/cf_train_v3_gan_matched_real_af0a74e42f2b0de6_000000404066.jpg.jpg,complete
cf_train_v3_gan_matched_real_afe89a2d4a3122fd,gan_matched_real,data/HFCF_small_131.parquet,0,2751,000000277776.jpg,JPEG,COCO,,train,0,Real,train_v3_additions/real/cf_train_v3_gan_matched_real_afe89a2d4a3122fd_000000277776.jpg.jpg,complete
cf_train_v3_gan_matched_real_aff00cfd8b73e709,gan_matched_real,data/HFCF_small_131.parquet,0,2917,000000435444.jpg,JPEG,COCO,,train,0,Real,train_v3_additions/real/cf_train_v3_gan_matched_real_aff00cfd8b73e709_000000435444.jpg.jpg,complete
cf_train_v3_gan_matched_real_affe57ccd7b1808d,gan_matched_real,data/HFCF_small_131.parquet,0,1318,000000048747.jpg,JPEG,COCO,,train,0,Real,train_v3_additions/real/cf_train_v3_gan_matched_real_affe57ccd7b1808d_000000048747.jpg.jpg,complete
cf_train_v3_gan_matched_real_b064e1841160b440,gan_matched_real,data/HFCF_small_131.parquet,0,1640,000000326207.jpg,JPEG,COCO,,train,0,Real,train_v3_additions/real/cf_train_v3_gan_matched_real_b064e1841160b440_000000326207.jpg.jpg,complete
cf_train_v3_gan_matched_real_b07c98ce05c3d21b,gan_matched_real,data/HFCF_small_131.parquet,0,2403,000000102330.jpg,JPEG,COCO,,train,0,Real,train_v3_additions/real/cf_train_v3_gan_matched_real_b07c98ce05c3d21b_000000102330.jpg.jpg,complete
cf_train_v3_gan_matched_real_b0d7ccb25a302145,gan_matched_real,data/HFCF_small_131.parquet,0,1119,000000419232.jpg,JPEG,COCO,,train,0,Real,train_v3_additions/real/cf_train_v3_gan_matched_real_b0d7ccb25a302145_000000419232.jpg.jpg,complete
cf_train_v3_gan_matched_real_b1f1b6999b06b826,gan_matched_real,data/HFCF_small_131.parquet,0,309,000000368764.jpg,JPEG,COCO,,train,0,Real,train_v3_additions/real/cf_train_v3_gan_matched_real_b1f1b6999b06b826_000000368764.jpg.jpg,complete
cf_train_v3_gan_matched_real_b280171f47cc3000,gan_matched_real,data/HFCF_small_131.parquet,0,516,000000132515.jpg,JPEG,COCO,,train,0,Real,train_v3_additions/real/cf_train_v3_gan_matched_real_b280171f47cc3000_000000132515.jpg.jpg,complete
cf_train_v3_gan_matched_real_b315c60eb680e4b6,gan_matched_real,data/HFCF_small_131.parquet,0,1314,000000251311.jpg,JPEG,COCO,,train,0,Real,train_v3_additions/real/cf_train_v3_gan_matched_real_b315c60eb680e4b6_000000251311.jpg.jpg,complete
cf_train_v3_gan_matched_real_b32fb0e74cdfaa8a,gan_matched_real,data/HFCF_small_131.parquet,0,807,000000195594.jpg,JPEG,COCO,,train,0,Real,train_v3_additions/real/cf_train_v3_gan_matched_real_b32fb0e74cdfaa8a_000000195594.jpg.jpg,complete
cf_train_v3_gan_matched_real_b3990c2dc35ba41c,gan_matched_real,data/HFCF_small_131.parquet,0,1627,000000297273.jpg,JPEG,COCO,,train,0,Real,train_v3_additions/real/cf_train_v3_gan_matched_real_b3990c2dc35ba41c_000000297273.jpg.jpg,complete
cf_train_v3_gan_matched_real_b3d1e4a92b959ae7,gan_matched_real,data/HFCF_small_131.parquet,0,1545,000000461880.jpg,JPEG,COCO,,train,0,Real,train_v3_additions/real/cf_train_v3_gan_matched_real_b3d1e4a92b959ae7_000000461880.jpg.jpg,complete
cf_train_v3_gan_matched_real_b403501219aba74c,gan_matched_real,data/HFCF_small_131.parquet,0,1841,000000295565.jpg,JPEG,COCO,,train,0,Real,train_v3_additions/real/cf_train_v3_gan_matched_real_b403501219aba74c_000000295565.jpg.jpg,complete
cf_train_v3_gan_matched_real_b46bb0dbee7adb3a,gan_matched_real,data/HFCF_small_131.parquet,0,816,000000150053.jpg,JPEG,COCO,,train,0,Real,train_v3_additions/real/cf_train_v3_gan_matched_real_b46bb0dbee7adb3a_000000150053.jpg.jpg,complete
cf_train_v3_gan_matched_real_b48959526cf1080a,gan_matched_real,data/HFCF_small_131.parquet,0,656,000000082518.jpg,JPEG,COCO,,train,0,Real,train_v3_additions/real/cf_train_v3_gan_matched_real_b48959526cf1080a_000000082518.jpg.jpg,complete
cf_train_v3_gan_matched_real_b4911fa84a98f2d9,gan_matched_real,data/HFCF_small_131.parquet,0,1115,000000247849.jpg,JPEG,COCO,,train,0,Real,train_v3_additions/real/cf_train_v3_gan_matched_real_b4911fa84a98f2d9_000000247849.jpg.jpg,complete
cf_train_v3_gan_matched_real_b53cf7855e9986d5,gan_matched_real,data/HFCF_small_131.parquet,0,283,000000083000.jpg,JPEG,COCO,,train,0,Real,train_v3_additions/real/cf_train_v3_gan_matched_real_b53cf7855e9986d5_000000083000.jpg.jpg,complete
cf_train_v3_gan_matched_real_b5517ef217766ae1,gan_matched_real,data/HFCF_small_131.parquet,0,210,000000232592.jpg,JPEG,COCO,,train,0,Real,train_v3_additions/real/cf_train_v3_gan_matched_real_b5517ef217766ae1_000000232592.jpg.jpg,complete
cf_train_v3_gan_matched_real_b5f08fd0f0157411,gan_matched_real,data/HFCF_small_131.parquet,0,1945,000000534468.jpg,JPEG,COCO,,train,0,Real,train_v3_additions/real/cf_train_v3_gan_matched_real_b5f08fd0f0157411_000000534468.jpg.jpg,complete
cf_train_v3_gan_matched_real_b62b665df64744fc,gan_matched_real,data/HFCF_small_131.parquet,0,1062,000000248856.jpg,JPEG,COCO,,train,0,Real,train_v3_additions/real/cf_train_v3_gan_matched_real_b62b665df64744fc_000000248856.jpg.jpg,complete
cf_train_v3_gan_matched_real_b6374c91337365e9,gan_matched_real,data/HFCF_small_131.parquet,0,1806,000000439602.jpg,JPEG,COCO,,train,0,Real,train_v3_additions/real/cf_train_v3_gan_matched_real_b6374c91337365e9_000000439602.jpg.jpg,complete
cf_train_v3_gan_matched_real_b6a5d5e2b60859fd,gan_matched_real,data/HFCF_small_131.parquet,0,1837,000000356286.jpg,JPEG,COCO,,train,0,Real,train_v3_additions/real/cf_train_v3_gan_matched_real_b6a5d5e2b60859fd_000000356286.jpg.jpg,complete
cf_train_v3_gan_matched_real_b6b3b18f59b7b256,gan_matched_real,data/HFCF_small_131.parquet,0,1116,000000235073.jpg,JPEG,COCO,,train,0,Real,train_v3_additions/real/cf_train_v3_gan_matched_real_b6b3b18f59b7b256_000000235073.jpg.jpg,complete
cf_train_v3_gan_matched_real_b6dbbfe7ceb691f8,gan_matched_real,data/HFCF_small_131.parquet,0,1086,000000345685.jpg,JPEG,COCO,,train,0,Real,train_v3_additions/real/cf_train_v3_gan_matched_real_b6dbbfe7ceb691f8_000000345685.jpg.jpg,complete
cf_train_v3_gan_matched_real_b6e6555fbf6cc322,gan_matched_real,data/HFCF_small_131.parquet,0,318,000000292363.jpg,JPEG,COCO,,train,0,Real,train_v3_additions/real/cf_train_v3_gan_matched_real_b6e6555fbf6cc322_000000292363.jpg.jpg,complete
cf_train_v3_gan_matched_real_b728ab5105a9c717,gan_matched_real,data/HFCF_small_131.parquet,0,54,000000110404.jpg,JPEG,COCO,,train,0,Real,train_v3_additions/real/cf_train_v3_gan_matched_real_b728ab5105a9c717_000000110404.jpg.jpg,complete
cf_train_v3_gan_matched_real_b734c09086a6cf19,gan_matched_real,data/HFCF_small_131.parquet,0,1825,000000185186.jpg,JPEG,COCO,,train,0,Real,train_v3_additions/real/cf_train_v3_gan_matched_real_b734c09086a6cf19_000000185186.jpg.jpg,complete
cf_train_v3_gan_matched_real_b73f070a614e4e20,gan_matched_real,data/HFCF_small_131.parquet,0,2790,000000492654.jpg,JPEG,COCO,,train,0,Real,train_v3_additions/real/cf_train_v3_gan_matched_real_b73f070a614e4e20_000000492654.jpg.jpg,complete
cf_train_v3_gan_matched_real_b74a913c01541233,gan_matched_real,data/HFCF_small_131.parquet,0,1828,000000453772.jpg,JPEG,COCO,,train,0,Real,train_v3_additions/real/cf_train_v3_gan_matched_real_b74a913c01541233_000000453772.jpg.jpg,complete
cf_train_v3_gan_matched_real_b75efce525679c48,gan_matched_real,data/HFCF_small_131.parquet,0,2474,000000406155.jpg,JPEG,COCO,,train,0,Real,train_v3_additions/real/cf_train_v3_gan_matched_real_b75efce525679c48_000000406155.jpg.jpg,complete
cf_train_v3_gan_matched_real_b78ca588630b43b3,gan_matched_real,data/HFCF_small_131.parquet,0,1524,000000062558.jpg,JPEG,COCO,,train,0,Real,train_v3_additions/real/cf_train_v3_gan_matched_real_b78ca588630b43b3_000000062558.jpg.jpg,complete
cf_train_v3_gan_matched_real_b794abb0a20c0bb1,gan_matched_real,data/HFCF_small_131.parquet,0,2200,000000382341.jpg,JPEG,COCO,,train,0,Real,train_v3_additions/real/cf_train_v3_gan_matched_real_b794abb0a20c0bb1_000000382341.jpg.jpg,complete
cf_train_v3_gan_matched_real_b7d17cb9ec969cda,gan_matched_real,data/HFCF_small_131.parquet,0,2396,000000390056.jpg,JPEG,COCO,,train,0,Real,train_v3_additions/real/cf_train_v3_gan_matched_real_b7d17cb9ec969cda_000000390056.jpg.jpg,complete
cf_train_v3_gan_matched_real_b83742b16845abac,gan_matched_real,data/HFCF_small_131.parquet,0,577,000000546124.jpg,JPEG,COCO,,train,0,Real,train_v3_additions/real/cf_train_v3_gan_matched_real_b83742b16845abac_000000546124.jpg.jpg,complete
cf_train_v3_gan_matched_real_b8527ad480711e53,gan_matched_real,data/HFCF_small_131.parquet,0,1789,000000033008.jpg,JPEG,COCO,,train,0,Real,train_v3_additions/real/cf_train_v3_gan_matched_real_b8527ad480711e53_000000033008.jpg.jpg,complete
cf_train_v3_gan_matched_real_b88ee498e7fb0e91,gan_matched_real,data/HFCF_small_131.parquet,0,552,000000167636.jpg,JPEG,COCO,,train,0,Real,train_v3_additions/real/cf_train_v3_gan_matched_real_b88ee498e7fb0e91_000000167636.jpg.jpg,complete
cf_train_v3_gan_matched_real_b8eb46741b31f7b6,gan_matched_real,data/HFCF_small_131.parquet,0,1571,000000488261.jpg,JPEG,COCO,,train,0,Real,train_v3_additions/real/cf_train_v3_gan_matched_real_b8eb46741b31f7b6_000000488261.jpg.jpg,complete
cf_train_v3_gan_matched_real_b8f25dc9f50c4e91,gan_matched_real,data/HFCF_small_131.parquet,0,1018,000000482363.jpg,JPEG,COCO,,train,0,Real,train_v3_additions/real/cf_train_v3_gan_matched_real_b8f25dc9f50c4e91_000000482363.jpg.jpg,complete
cf_train_v3_gan_matched_real_b933ce0b210cb68d,gan_matched_real,data/HFCF_small_131.parquet,0,1716,000000482858.jpg,JPEG,COCO,,train,0,Real,train_v3_additions/real/cf_train_v3_gan_matched_real_b933ce0b210cb68d_000000482858.jpg.jpg,complete
cf_train_v3_gan_matched_real_b96a8ceab9ef5e34,gan_matched_real,data/HFCF_small_131.parquet,0,1166,000000155666.jpg,JPEG,COCO,,train,0,Real,train_v3_additions/real/cf_train_v3_gan_matched_real_b96a8ceab9ef5e34_000000155666.jpg.jpg,complete
cf_train_v3_gan_matched_real_ba54440aa5dd90e6,gan_matched_real,data/HFCF_small_131.parquet,0,1171,000000227178.jpg,JPEG,COCO,,train,0,Real,train_v3_additions/real/cf_train_v3_gan_matched_real_ba54440aa5dd90e6_000000227178.jpg.jpg,complete
cf_train_v3_gan_matched_real_baf0d967443744c9,gan_matched_real,data/HFCF_small_131.parquet,0,1449,000000452524.jpg,JPEG,COCO,,train,0,Real,train_v3_additions/real/cf_train_v3_gan_matched_real_baf0d967443744c9_000000452524.jpg.jpg,complete
cf_train_v3_gan_matched_real_bb630841f7319464,gan_matched_real,data/HFCF_small_131.parquet,0,2138,000000015112.jpg,JPEG,COCO,,train,0,Real,train_v3_additions/real/cf_train_v3_gan_matched_real_bb630841f7319464_000000015112.jpg.jpg,complete
cf_train_v3_gan_matched_real_bcf63ef0cb678f0c,gan_matched_real,data/HFCF_small_131.parquet,0,1056,000000421451.jpg,JPEG,COCO,,train,0,Real,train_v3_additions/real/cf_train_v3_gan_matched_real_bcf63ef0cb678f0c_000000421451.jpg.jpg,complete
cf_train_v3_gan_matched_real_bcfbff5b6368bd12,gan_matched_real,data/HFCF_small_131.parquet,0,1290,000000566547.jpg,JPEG,COCO,,train,0,Real,train_v3_additions/real/cf_train_v3_gan_matched_real_bcfbff5b6368bd12_000000566547.jpg.jpg,complete
cf_train_v3_gan_matched_real_bd07aadd7db91e33,gan_matched_real,data/HFCF_small_131.parquet,0,1633,000000242145.jpg,JPEG,COCO,,train,0,Real,train_v3_additions/real/cf_train_v3_gan_matched_real_bd07aadd7db91e33_000000242145.jpg.jpg,complete
cf_train_v3_gan_matched_real_bd1f15bffbc58c5a,gan_matched_real,data/HFCF_small_131.parquet,0,2988,000000141519.jpg,JPEG,COCO,,train,0,Real,train_v3_additions/real/cf_train_v3_gan_matched_real_bd1f15bffbc58c5a_000000141519.jpg.jpg,complete
cf_train_v3_gan_matched_real_bd2e9cd0057b6164,gan_matched_real,data/HFCF_small_131.parquet,0,879,000000180402.jpg,JPEG,COCO,,train,0,Real,train_v3_additions/real/cf_train_v3_gan_matched_real_bd2e9cd0057b6164_000000180402.jpg.jpg,complete
cf_train_v3_gan_matched_real_bd6caa3d87963822,gan_matched_real,data/HFCF_small_131.parquet,0,1178,000000522569.jpg,JPEG,COCO,,train,0,Real,train_v3_additions/real/cf_train_v3_gan_matched_real_bd6caa3d87963822_000000522569.jpg.jpg,complete
cf_train_v3_gan_matched_real_bd886cb978f5eeb3,gan_matched_real,data/HFCF_small_131.parquet,0,426,000000081363.jpg,JPEG,COCO,,train,0,Real,train_v3_additions/real/cf_train_v3_gan_matched_real_bd886cb978f5eeb3_000000081363.jpg.jpg,complete
cf_train_v3_gan_matched_real_be8e2a83ae0644c7,gan_matched_real,data/HFCF_small_131.parquet,0,1675,000000362123.jpg,JPEG,COCO,,train,0,Real,train_v3_additions/real/cf_train_v3_gan_matched_real_be8e2a83ae0644c7_000000362123.jpg.jpg,complete
cf_train_v3_gan_matched_real_be9f3c327820a55b,gan_matched_real,data/HFCF_small_131.parquet,0,1437,000000556332.jpg,JPEG,COCO,,train,0,Real,train_v3_additions/real/cf_train_v3_gan_matched_real_be9f3c327820a55b_000000556332.jpg.jpg,complete
cf_train_v3_gan_matched_real_bf26ddf89ea0c251,gan_matched_real,data/HFCF_small_131.parquet,0,2793,000000295016.jpg,JPEG,COCO,,train,0,Real,train_v3_additions/real/cf_train_v3_gan_matched_real_bf26ddf89ea0c251_000000295016.jpg.jpg,complete
cf_train_v3_gan_matched_real_bf2ef7ef252518d6,gan_matched_real,data/HFCF_small_131.parquet,0,2516,000000214699.jpg,JPEG,COCO,,train,0,Real,train_v3_additions/real/cf_train_v3_gan_matched_real_bf2ef7ef252518d6_000000214699.jpg.jpg,complete
cf_train_v3_gan_matched_real_bf3b109c9d0cd029,gan_matched_real,data/HFCF_small_131.parquet,0,1895,000000053490.jpg,JPEG,COCO,,train,0,Real,train_v3_additions/real/cf_train_v3_gan_matched_real_bf3b109c9d0cd029_000000053490.jpg.jpg,complete
cf_train_v3_gan_matched_real_bf62c14a98af4d6c,gan_matched_real,data/HFCF_small_131.parquet,0,2537,000000100974.jpg,JPEG,COCO,,train,0,Real,train_v3_additions/real/cf_train_v3_gan_matched_real_bf62c14a98af4d6c_000000100974.jpg.jpg,complete
cf_train_v3_gan_matched_real_c032b17f603dddbd,gan_matched_real,data/HFCF_small_131.parquet,0,2567,000000364590.jpg,JPEG,COCO,,train,0,Real,train_v3_additions/real/cf_train_v3_gan_matched_real_c032b17f603dddbd_000000364590.jpg.jpg,complete
cf_train_v3_gan_matched_real_c08669ad0b67d84b,gan_matched_real,data/HFCF_small_131.parquet,0,429,000000370229.jpg,JPEG,COCO,,train,0,Real,train_v3_additions/real/cf_train_v3_gan_matched_real_c08669ad0b67d84b_000000370229.jpg.jpg,complete
cf_train_v3_gan_matched_real_c09407c8ad123cb6,gan_matched_real,data/HFCF_small_131.parquet,0,1294,000000171353.jpg,JPEG,COCO,,train,0,Real,train_v3_additions/real/cf_train_v3_gan_matched_real_c09407c8ad123cb6_000000171353.jpg.jpg,complete
cf_train_v3_gan_matched_real_c0b4cc5f44def1e8,gan_matched_real,data/HFCF_small_131.parquet,0,497,000000544644.jpg,JPEG,COCO,,train,0,Real,train_v3_additions/real/cf_train_v3_gan_matched_real_c0b4cc5f44def1e8_000000544644.jpg.jpg,complete
cf_train_v3_gan_matched_real_c0b5a9dfe66ed5b4,gan_matched_real,data/HFCF_small_131.parquet,0,142,000000285473.jpg,JPEG,COCO,,train,0,Real,train_v3_additions/real/cf_train_v3_gan_matched_real_c0b5a9dfe66ed5b4_000000285473.jpg.jpg,complete
cf_train_v3_gan_matched_real_c0de71089e57d73b,gan_matched_real,data/HFCF_small_131.parquet,0,2113,000000316581.jpg,JPEG,COCO,,train,0,Real,train_v3_additions/real/cf_train_v3_gan_matched_real_c0de71089e57d73b_000000316581.jpg.jpg,complete
cf_train_v3_gan_matched_real_c15949d46cc03056,gan_matched_real,data/HFCF_small_131.parquet,0,2909,000000564098.jpg,JPEG,COCO,,train,0,Real,train_v3_additions/real/cf_train_v3_gan_matched_real_c15949d46cc03056_000000564098.jpg.jpg,complete
cf_train_v3_gan_matched_real_c1b1be32389c01c1,gan_matched_real,data/HFCF_small_131.parquet,0,232,000000060319.jpg,JPEG,COCO,,train,0,Real,train_v3_additions/real/cf_train_v3_gan_matched_real_c1b1be32389c01c1_000000060319.jpg.jpg,complete
cf_train_v3_gan_matched_real_c1bccdfeb7d2b6ab,gan_matched_real,data/HFCF_small_131.parquet,0,2651,000000013714.jpg,JPEG,COCO,,train,0,Real,train_v3_additions/real/cf_train_v3_gan_matched_real_c1bccdfeb7d2b6ab_000000013714.jpg.jpg,complete
cf_train_v3_gan_matched_real_c201b5904214e235,gan_matched_real,data/HFCF_small_131.parquet,0,777,000000133750.jpg,JPEG,COCO,,train,0,Real,train_v3_additions/real/cf_train_v3_gan_matched_real_c201b5904214e235_000000133750.jpg.jpg,complete
cf_train_v3_gan_matched_real_c24665b1e9936c73,gan_matched_real,data/HFCF_small_131.parquet,0,2647,000000516777.jpg,JPEG,COCO,,train,0,Real,train_v3_additions/real/cf_train_v3_gan_matched_real_c24665b1e9936c73_000000516777.jpg.jpg,complete
cf_train_v3_gan_matched_real_c26fe87457b3f8be,gan_matched_real,data/HFCF_small_131.parquet,0,273,000000481214.jpg,JPEG,COCO,,train,0,Real,train_v3_additions/real/cf_train_v3_gan_matched_real_c26fe87457b3f8be_000000481214.jpg.jpg,complete
cf_train_v3_gan_matched_real_c29ebcdac56ad595,gan_matched_real,data/HFCF_small_131.parquet,0,2020,000000552184.jpg,JPEG,COCO,,train,0,Real,train_v3_additions/real/cf_train_v3_gan_matched_real_c29ebcdac56ad595_000000552184.jpg.jpg,complete
cf_train_v3_gan_matched_real_c2a469fc4a76a530,gan_matched_real,data/HFCF_small_131.parquet,0,2629,000000372816.jpg,JPEG,COCO,,train,0,Real,train_v3_additions/real/cf_train_v3_gan_matched_real_c2a469fc4a76a530_000000372816.jpg.jpg,complete
cf_train_v3_gan_matched_real_c2f5d01265eb9c8e,gan_matched_real,data/HFCF_small_131.parquet,0,1514,000000429042.jpg,JPEG,COCO,,train,0,Real,train_v3_additions/real/cf_train_v3_gan_matched_real_c2f5d01265eb9c8e_000000429042.jpg.jpg,complete
cf_train_v3_gan_matched_real_c30d6c823de02077,gan_matched_real,data/HFCF_small_131.parquet,0,842,000000115316.jpg,JPEG,COCO,,train,0,Real,train_v3_additions/real/cf_train_v3_gan_matched_real_c30d6c823de02077_000000115316.jpg.jpg,complete
cf_train_v3_gan_matched_real_c32b7cedef872a3d,gan_matched_real,data/HFCF_small_131.parquet,0,348,000000117360.jpg,JPEG,COCO,,train,0,Real,train_v3_additions/real/cf_train_v3_gan_matched_real_c32b7cedef872a3d_000000117360.jpg.jpg,complete
cf_train_v3_gan_matched_real_c39c8147056ae8e2,gan_matched_real,data/HFCF_small_131.parquet,0,764,000000122997.jpg,JPEG,COCO,,train,0,Real,train_v3_additions/real/cf_train_v3_gan_matched_real_c39c8147056ae8e2_000000122997.jpg.jpg,complete
cf_train_v3_gan_matched_real_c3d5f7a8d4753f3e,gan_matched_real,data/HFCF_small_131.parquet,0,2117,000000045750.jpg,JPEG,COCO,,train,0,Real,train_v3_additions/real/cf_train_v3_gan_matched_real_c3d5f7a8d4753f3e_000000045750.jpg.jpg,complete
cf_train_v3_gan_matched_real_c3d6abbfd0bb3fc6,gan_matched_real,data/HFCF_small_131.parquet,0,2838,000000520979.jpg,JPEG,COCO,,train,0,Real,train_v3_additions/real/cf_train_v3_gan_matched_real_c3d6abbfd0bb3fc6_000000520979.jpg.jpg,complete
cf_train_v3_gan_matched_real_c3df22d7d3b7feb5,gan_matched_real,data/HFCF_small_131.parquet,0,235,000000549236.jpg,JPEG,COCO,,train,0,Real,train_v3_additions/real/cf_train_v3_gan_matched_real_c3df22d7d3b7feb5_000000549236.jpg.jpg,complete
cf_train_v3_gan_matched_real_c40d73467868f37a,gan_matched_real,data/HFCF_small_131.parquet,0,785,000000053608.jpg,JPEG,COCO,,train,0,Real,train_v3_additions/real/cf_train_v3_gan_matched_real_c40d73467868f37a_000000053608.jpg.jpg,complete
cf_train_v3_gan_matched_real_c4c51ab057cc720f,gan_matched_real,data/HFCF_small_131.parquet,0,5,000000547431.jpg,JPEG,COCO,,train,0,Real,train_v3_additions/real/cf_train_v3_gan_matched_real_c4c51ab057cc720f_000000547431.jpg.jpg,complete
cf_train_v3_gan_matched_real_c6108d7e9c89dc36,gan_matched_real,data/HFCF_small_131.parquet,0,2876,000000199835.jpg,JPEG,COCO,,train,0,Real,train_v3_additions/real/cf_train_v3_gan_matched_real_c6108d7e9c89dc36_000000199835.jpg.jpg,complete
cf_train_v3_gan_matched_real_c653ef08139576a9,gan_matched_real,data/HFCF_small_131.parquet,0,1297,000000565715.jpg,JPEG,COCO,,train,0,Real,train_v3_additions/real/cf_train_v3_gan_matched_real_c653ef08139576a9_000000565715.jpg.jpg,complete
cf_train_v3_gan_matched_real_c6a189465e869514,gan_matched_real,data/HFCF_small_131.parquet,0,1522,000000028645.jpg,JPEG,COCO,,train,0,Real,train_v3_additions/real/cf_train_v3_gan_matched_real_c6a189465e869514_000000028645.jpg.jpg,complete
cf_train_v3_gan_matched_real_c6a289c100e5318b,gan_matched_real,data/HFCF_small_131.parquet,0,360,000000055478.jpg,JPEG,COCO,,train,0,Real,train_v3_additions/real/cf_train_v3_gan_matched_real_c6a289c100e5318b_000000055478.jpg.jpg,complete
cf_train_v3_gan_matched_real_c73aab3cd245503c,gan_matched_real,data/HFCF_small_131.parquet,0,1756,000000210214.jpg,JPEG,COCO,,train,0,Real,train_v3_additions/real/cf_train_v3_gan_matched_real_c73aab3cd245503c_000000210214.jpg.jpg,complete
cf_train_v3_gan_matched_real_c75aeb11cac085e3,gan_matched_real,data/HFCF_small_131.parquet,0,2247,000000084103.jpg,JPEG,COCO,,train,0,Real,train_v3_additions/real/cf_train_v3_gan_matched_real_c75aeb11cac085e3_000000084103.jpg.jpg,complete
cf_train_v3_gan_matched_real_c76e6bafde816874,gan_matched_real,data/HFCF_small_131.parquet,0,2921,000000124167.jpg,JPEG,COCO,,train,0,Real,train_v3_additions/real/cf_train_v3_gan_matched_real_c76e6bafde816874_000000124167.jpg.jpg,complete
cf_train_v3_gan_matched_real_c7f946011772c02d,gan_matched_real,data/HFCF_small_131.parquet,0,797,000000526133.jpg,JPEG,COCO,,train,0,Real,train_v3_additions/real/cf_train_v3_gan_matched_real_c7f946011772c02d_000000526133.jpg.jpg,complete
cf_train_v3_gan_matched_real_c809a1565e4c8797,gan_matched_real,data/HFCF_small_131.parquet,0,2821,000000292549.jpg,JPEG,COCO,,train,0,Real,train_v3_additions/real/cf_train_v3_gan_matched_real_c809a1565e4c8797_000000292549.jpg.jpg,complete
cf_train_v3_gan_matched_real_c82a171e12514f26,gan_matched_real,data/HFCF_small_131.parquet,0,463,000000039698.jpg,JPEG,COCO,,train,0,Real,train_v3_additions/real/cf_train_v3_gan_matched_real_c82a171e12514f26_000000039698.jpg.jpg,complete
cf_train_v3_gan_matched_real_c8a9e554016122fd,gan_matched_real,data/HFCF_small_131.parquet,0,2534,000000385141.jpg,JPEG,COCO,,train,0,Real,train_v3_additions/real/cf_train_v3_gan_matched_real_c8a9e554016122fd_000000385141.jpg.jpg,complete
cf_train_v3_gan_matched_real_c9556bceb7f974ac,gan_matched_real,data/HFCF_small_131.parquet,0,1356,000000266990.jpg,JPEG,COCO,,train,0,Real,train_v3_additions/real/cf_train_v3_gan_matched_real_c9556bceb7f974ac_000000266990.jpg.jpg,complete
cf_train_v3_gan_matched_real_c9772be3f573edf4,gan_matched_real,data/HFCF_small_131.parquet,0,1881,000000341596.jpg,JPEG,COCO,,train,0,Real,train_v3_additions/real/cf_train_v3_gan_matched_real_c9772be3f573edf4_000000341596.jpg.jpg,complete
cf_train_v3_gan_matched_real_c9ba08f266b0461f,gan_matched_real,data/HFCF_small_131.parquet,0,963,000000408417.jpg,JPEG,COCO,,train,0,Real,train_v3_additions/real/cf_train_v3_gan_matched_real_c9ba08f266b0461f_000000408417.jpg.jpg,complete
cf_train_v3_gan_matched_real_c9c052be69184244,gan_matched_real,data/HFCF_small_131.parquet,0,2083,000000498015.jpg,JPEG,COCO,,train,0,Real,train_v3_additions/real/cf_train_v3_gan_matched_real_c9c052be69184244_000000498015.jpg.jpg,complete
cf_train_v3_gan_matched_real_c9d1426171830c9d,gan_matched_real,data/HFCF_small_131.parquet,0,2429,000000277235.jpg,JPEG,COCO,,train,0,Real,train_v3_additions/real/cf_train_v3_gan_matched_real_c9d1426171830c9d_000000277235.jpg.jpg,complete
cf_train_v3_gan_matched_real_ca7965e038205aac,gan_matched_real,data/HFCF_small_131.parquet,0,2581,000000326723.jpg,JPEG,COCO,,train,0,Real,train_v3_additions/real/cf_train_v3_gan_matched_real_ca7965e038205aac_000000326723.jpg.jpg,complete
cf_train_v3_gan_matched_real_ca9a356a8e4e59f1,gan_matched_real,data/HFCF_small_131.parquet,0,1843,000000232451.jpg,JPEG,COCO,,train,0,Real,train_v3_additions/real/cf_train_v3_gan_matched_real_ca9a356a8e4e59f1_000000232451.jpg.jpg,complete
cf_train_v3_gan_matched_real_caae3c9dca3b825f,gan_matched_real,data/HFCF_small_131.parquet,0,1241,000000466262.jpg,JPEG,COCO,,train,0,Real,train_v3_additions/real/cf_train_v3_gan_matched_real_caae3c9dca3b825f_000000466262.jpg.jpg,complete
cf_train_v3_gan_matched_real_cabf89194f622f0f,gan_matched_real,data/HFCF_small_131.parquet,0,2438,000000274035.jpg,JPEG,COCO,,train,0,Real,train_v3_additions/real/cf_train_v3_gan_matched_real_cabf89194f622f0f_000000274035.jpg.jpg,complete
cf_train_v3_gan_matched_real_cb1868447371b94e,gan_matched_real,data/HFCF_small_131.parquet,0,2564,000000080104.jpg,JPEG,COCO,,train,0,Real,train_v3_additions/real/cf_train_v3_gan_matched_real_cb1868447371b94e_000000080104.jpg.jpg,complete
cf_train_v3_gan_matched_real_cb2ee55242f0b75b,gan_matched_real,data/HFCF_small_131.parquet,0,677,000000062648.jpg,JPEG,COCO,,train,0,Real,train_v3_additions/real/cf_train_v3_gan_matched_real_cb2ee55242f0b75b_000000062648.jpg.jpg,complete
cf_train_v3_gan_matched_real_cba735eb67234404,gan_matched_real,data/HFCF_small_131.parquet,0,2252,000000332485.jpg,JPEG,COCO,,train,0,Real,train_v3_additions/real/cf_train_v3_gan_matched_real_cba735eb67234404_000000332485.jpg.jpg,complete
cf_train_v3_gan_matched_real_cbf1bc7dcb5202cd,gan_matched_real,data/HFCF_small_131.parquet,0,1833,000000043704.jpg,JPEG,COCO,,train,0,Real,train_v3_additions/real/cf_train_v3_gan_matched_real_cbf1bc7dcb5202cd_000000043704.jpg.jpg,complete
cf_train_v3_gan_matched_real_cbfc17e069739efc,gan_matched_real,data/HFCF_small_131.parquet,0,1497,000000204170.jpg,JPEG,COCO,,train,0,Real,train_v3_additions/real/cf_train_v3_gan_matched_real_cbfc17e069739efc_000000204170.jpg.jpg,complete
cf_train_v3_gan_matched_real_cc2e86aa6e70fed4,gan_matched_real,data/HFCF_small_131.parquet,0,385,000000363146.jpg,JPEG,COCO,,train,0,Real,train_v3_additions/real/cf_train_v3_gan_matched_real_cc2e86aa6e70fed4_000000363146.jpg.jpg,complete
cf_train_v3_gan_matched_real_cc5f2cd4bb840a9a,gan_matched_real,data/HFCF_small_131.parquet,0,852,000000156002.jpg,JPEG,COCO,,train,0,Real,train_v3_additions/real/cf_train_v3_gan_matched_real_cc5f2cd4bb840a9a_000000156002.jpg.jpg,complete
cf_train_v3_gan_matched_real_cc8aa0937b1fe72a,gan_matched_real,data/HFCF_small_131.parquet,0,734,000000004978.jpg,JPEG,COCO,,train,0,Real,train_v3_additions/real/cf_train_v3_gan_matched_real_cc8aa0937b1fe72a_000000004978.jpg.jpg,complete
cf_train_v3_gan_matched_real_ccc6b6582fb87b04,gan_matched_real,data/HFCF_small_131.parquet,0,2506,000000390238.jpg,JPEG,COCO,,train,0,Real,train_v3_additions/real/cf_train_v3_gan_matched_real_ccc6b6582fb87b04_000000390238.jpg.jpg,complete
cf_train_v3_gan_matched_real_ccf879b10b22599b,gan_matched_real,data/HFCF_small_131.parquet,0,351,000000349069.jpg,JPEG,COCO,,train,0,Real,train_v3_additions/real/cf_train_v3_gan_matched_real_ccf879b10b22599b_000000349069.jpg.jpg,complete
cf_train_v3_gan_matched_real_cd4d7da65c0ebb50,gan_matched_real,data/HFCF_small_131.parquet,0,161,000000331279.jpg,JPEG,COCO,,train,0,Real,train_v3_additions/real/cf_train_v3_gan_matched_real_cd4d7da65c0ebb50_000000331279.jpg.jpg,complete
cf_train_v3_gan_matched_real_cd54cc71ab5f9a56,gan_matched_real,data/HFCF_small_131.parquet,0,2868,000000509915.jpg,JPEG,COCO,,train,0,Real,train_v3_additions/real/cf_train_v3_gan_matched_real_cd54cc71ab5f9a56_000000509915.jpg.jpg,complete
cf_train_v3_gan_matched_real_cd7fb8f7c3aeee64,gan_matched_real,data/HFCF_small_131.parquet,0,999,000000043444.jpg,JPEG,COCO,,train,0,Real,train_v3_additions/real/cf_train_v3_gan_matched_real_cd7fb8f7c3aeee64_000000043444.jpg.jpg,complete
cf_train_v3_gan_matched_real_cde748d2592f042b,gan_matched_real,data/HFCF_small_131.parquet,0,2198,000000475734.jpg,JPEG,COCO,,train,0,Real,train_v3_additions/real/cf_train_v3_gan_matched_real_cde748d2592f042b_000000475734.jpg.jpg,complete
cf_train_v3_gan_matched_real_cde9ae23be9f2a1f,gan_matched_real,data/HFCF_small_131.parquet,0,1382,000000262954.jpg,JPEG,COCO,,train,0,Real,train_v3_additions/real/cf_train_v3_gan_matched_real_cde9ae23be9f2a1f_000000262954.jpg.jpg,complete
cf_train_v3_gan_matched_real_ce17180e1771bf08,gan_matched_real,data/HFCF_small_131.parquet,0,480,000000281208.jpg,JPEG,COCO,,train,0,Real,train_v3_additions/real/cf_train_v3_gan_matched_real_ce17180e1771bf08_000000281208.jpg.jpg,complete
cf_train_v3_gan_matched_real_ce52bccf4d689979,gan_matched_real,data/HFCF_small_131.parquet,0,925,000000310532.jpg,JPEG,COCO,,train,0,Real,train_v3_additions/real/cf_train_v3_gan_matched_real_ce52bccf4d689979_000000310532.jpg.jpg,complete
cf_train_v3_gan_matched_real_ce91ded049b789c4,gan_matched_real,data/HFCF_small_131.parquet,0,778,000000036574.jpg,JPEG,COCO,,train,0,Real,train_v3_additions/real/cf_train_v3_gan_matched_real_ce91ded049b789c4_000000036574.jpg.jpg,complete
cf_train_v3_gan_matched_real_cec0b076c5015857,gan_matched_real,data/HFCF_small_131.parquet,0,278,000000228344.jpg,JPEG,COCO,,train,0,Real,train_v3_additions/real/cf_train_v3_gan_matched_real_cec0b076c5015857_000000228344.jpg.jpg,complete
cf_train_v3_gan_matched_real_cedf3782ccf2e149,gan_matched_real,data/HFCF_small_131.parquet,0,2151,000000337661.jpg,JPEG,COCO,,train,0,Real,train_v3_additions/real/cf_train_v3_gan_matched_real_cedf3782ccf2e149_000000337661.jpg.jpg,complete
cf_train_v3_gan_matched_real_cee5a9f658b11942,gan_matched_real,data/HFCF_small_131.parquet,0,2025,000000217671.jpg,JPEG,COCO,,train,0,Real,train_v3_additions/real/cf_train_v3_gan_matched_real_cee5a9f658b11942_000000217671.jpg.jpg,complete
cf_train_v3_gan_matched_real_cef2cd08e31b8c19,gan_matched_real,data/HFCF_small_131.parquet,0,2660,000000547459.jpg,JPEG,COCO,,train,0,Real,train_v3_additions/real/cf_train_v3_gan_matched_real_cef2cd08e31b8c19_000000547459.jpg.jpg,complete
cf_train_v3_gan_matched_real_cf0a0ed4bad324ab,gan_matched_real,data/HFCF_small_131.parquet,0,550,000000329268.jpg,JPEG,COCO,,train,0,Real,train_v3_additions/real/cf_train_v3_gan_matched_real_cf0a0ed4bad324ab_000000329268.jpg.jpg,complete
cf_train_v3_gan_matched_real_cf215dffee90c8d4,gan_matched_real,data/HFCF_small_131.parquet,0,1101,000000412592.jpg,JPEG,COCO,,train,0,Real,train_v3_additions/real/cf_train_v3_gan_matched_real_cf215dffee90c8d4_000000412592.jpg.jpg,complete
cf_train_v3_gan_matched_real_cf52c530df75b453,gan_matched_real,data/HFCF_small_131.parquet,0,413,000000443727.jpg,JPEG,COCO,,train,0,Real,train_v3_additions/real/cf_train_v3_gan_matched_real_cf52c530df75b453_000000443727.jpg.jpg,complete
cf_train_v3_gan_matched_real_cf884c77c2a74b46,gan_matched_real,data/HFCF_small_131.parquet,0,1866,000000479125.jpg,JPEG,COCO,,train,0,Real,train_v3_additions/real/cf_train_v3_gan_matched_real_cf884c77c2a74b46_000000479125.jpg.jpg,complete
cf_train_v3_gan_matched_real_cf992b73f0c173dd,gan_matched_real,data/HFCF_small_131.parquet,0,417,000000544855.jpg,JPEG,COCO,,train,0,Real,train_v3_additions/real/cf_train_v3_gan_matched_real_cf992b73f0c173dd_000000544855.jpg.jpg,complete
cf_train_v3_gan_matched_real_cfaae161af998fcd,gan_matched_real,data/HFCF_small_131.parquet,0,1408,000000420500.jpg,JPEG,COCO,,train,0,Real,train_v3_additions/real/cf_train_v3_gan_matched_real_cfaae161af998fcd_000000420500.jpg.jpg,complete
cf_train_v3_gan_matched_real_cfe6b1249360988b,gan_matched_real,data/HFCF_small_131.parquet,0,2749,000000432300.jpg,JPEG,COCO,,train,0,Real,train_v3_additions/real/cf_train_v3_gan_matched_real_cfe6b1249360988b_000000432300.jpg.jpg,complete
cf_train_v3_gan_matched_real_cfe701dd2410d128,gan_matched_real,data/HFCF_small_131.parquet,0,169,000000231614.jpg,JPEG,COCO,,train,0,Real,train_v3_additions/real/cf_train_v3_gan_matched_real_cfe701dd2410d128_000000231614.jpg.jpg,complete
cf_train_v3_gan_matched_real_d01ce116ddf73fc9,gan_matched_real,data/HFCF_small_131.parquet,0,524,000000471039.jpg,JPEG,COCO,,train,0,Real,train_v3_additions/real/cf_train_v3_gan_matched_real_d01ce116ddf73fc9_000000471039.jpg.jpg,complete
cf_train_v3_gan_matched_real_d02176557ed4f182,gan_matched_real,data/HFCF_small_131.parquet,0,229,000000571275.jpg,JPEG,COCO,,train,0,Real,train_v3_additions/real/cf_train_v3_gan_matched_real_d02176557ed4f182_000000571275.jpg.jpg,complete
cf_train_v3_gan_matched_real_d05c6226d8361769,gan_matched_real,data/HFCF_small_131.parquet,0,1063,000000404578.jpg,JPEG,COCO,,train,0,Real,train_v3_additions/real/cf_train_v3_gan_matched_real_d05c6226d8361769_000000404578.jpg.jpg,complete
cf_train_v3_gan_matched_real_d065144f9c08cad1,gan_matched_real,data/HFCF_small_131.parquet,0,1391,000000520047.jpg,JPEG,COCO,,train,0,Real,train_v3_additions/real/cf_train_v3_gan_matched_real_d065144f9c08cad1_000000520047.jpg.jpg,complete
cf_train_v3_gan_matched_real_d0735693d462a59f,gan_matched_real,data/HFCF_small_131.parquet,0,2873,000000063855.jpg,JPEG,COCO,,train,0,Real,train_v3_additions/real/cf_train_v3_gan_matched_real_d0735693d462a59f_000000063855.jpg.jpg,complete
cf_train_v3_gan_matched_real_d0cf30956861944a,gan_matched_real,data/HFCF_small_131.parquet,0,1854,000000277026.jpg,JPEG,COCO,,train,0,Real,train_v3_additions/real/cf_train_v3_gan_matched_real_d0cf30956861944a_000000277026.jpg.jpg,complete
cf_train_v3_gan_matched_real_d0e2773ab6b6993c,gan_matched_real,data/HFCF_small_131.parquet,0,1542,000000381664.jpg,JPEG,COCO,,train,0,Real,train_v3_additions/real/cf_train_v3_gan_matched_real_d0e2773ab6b6993c_000000381664.jpg.jpg,complete
cf_train_v3_gan_matched_real_d173f5185821fa94,gan_matched_real,data/HFCF_small_131.parquet,0,2131,000000046029.jpg,JPEG,COCO,,train,0,Real,train_v3_additions/real/cf_train_v3_gan_matched_real_d173f5185821fa94_000000046029.jpg.jpg,complete
cf_train_v3_gan_matched_real_d1d2d7c1e2d5bcee,gan_matched_real,data/HFCF_small_131.parquet,0,1956,000000239254.jpg,JPEG,COCO,,train,0,Real,train_v3_additions/real/cf_train_v3_gan_matched_real_d1d2d7c1e2d5bcee_000000239254.jpg.jpg,complete
cf_train_v3_gan_matched_real_d22d1e927648107b,gan_matched_real,data/HFCF_small_131.parquet,0,1648,000000526911.jpg,JPEG,COCO,,train,0,Real,train_v3_additions/real/cf_train_v3_gan_matched_real_d22d1e927648107b_000000526911.jpg.jpg,complete
cf_train_v3_gan_matched_real_d2e4af567de9c58c,gan_matched_real,data/HFCF_small_131.parquet,0,2729,000000472164.jpg,JPEG,COCO,,train,0,Real,train_v3_additions/real/cf_train_v3_gan_matched_real_d2e4af567de9c58c_000000472164.jpg.jpg,complete
cf_train_v3_gan_matched_real_d303a2586c0e8aa7,gan_matched_real,data/HFCF_small_131.parquet,0,2353,000000413754.jpg,JPEG,COCO,,train,0,Real,train_v3_additions/real/cf_train_v3_gan_matched_real_d303a2586c0e8aa7_000000413754.jpg.jpg,complete
cf_train_v3_gan_matched_real_d36811f831d74210,gan_matched_real,data/HFCF_small_131.parquet,0,2784,000000077351.jpg,JPEG,COCO,,train,0,Real,train_v3_additions/real/cf_train_v3_gan_matched_real_d36811f831d74210_000000077351.jpg.jpg,complete
cf_train_v3_gan_matched_real_d423b4e9e1131e29,gan_matched_real,data/HFCF_small_131.parquet,0,2378,000000092761.jpg,JPEG,COCO,,train,0,Real,train_v3_additions/real/cf_train_v3_gan_matched_real_d423b4e9e1131e29_000000092761.jpg.jpg,complete
cf_train_v3_gan_matched_real_d4bc90621e8df273,gan_matched_real,data/HFCF_small_131.parquet,0,589,000000228411.jpg,JPEG,COCO,,train,0,Real,train_v3_additions/real/cf_train_v3_gan_matched_real_d4bc90621e8df273_000000228411.jpg.jpg,complete
cf_train_v3_gan_matched_real_d4dedfc9be372b37,gan_matched_real,data/HFCF_small_131.parquet,0,2954,000000240358.jpg,JPEG,COCO,,train,0,Real,train_v3_additions/real/cf_train_v3_gan_matched_real_d4dedfc9be372b37_000000240358.jpg.jpg,complete
cf_train_v3_gan_matched_real_d50162fe66a60330,gan_matched_real,data/HFCF_small_131.parquet,0,1324,000000289805.jpg,JPEG,COCO,,train,0,Real,train_v3_additions/real/cf_train_v3_gan_matched_real_d50162fe66a60330_000000289805.jpg.jpg,complete
cf_train_v3_gan_matched_real_d56487f1c81eb38d,gan_matched_real,data/HFCF_small_131.parquet,0,1220,000000571835.jpg,JPEG,COCO,,train,0,Real,train_v3_additions/real/cf_train_v3_gan_matched_real_d56487f1c81eb38d_000000571835.jpg.jpg,complete
cf_train_v3_gan_matched_real_d65eb3ebffcc8d31,gan_matched_real,data/HFCF_small_131.parquet,0,739,000000267586.jpg,JPEG,COCO,,train,0,Real,train_v3_additions/real/cf_train_v3_gan_matched_real_d65eb3ebffcc8d31_000000267586.jpg.jpg,complete
cf_train_v3_gan_matched_real_d7422053d879b094,gan_matched_real,data/HFCF_small_131.parquet,0,1065,000000414849.jpg,JPEG,COCO,,train,0,Real,train_v3_additions/real/cf_train_v3_gan_matched_real_d7422053d879b094_000000414849.jpg.jpg,complete
cf_train_v3_gan_matched_real_d792485505dee0ea,gan_matched_real,data/HFCF_small_131.parquet,0,1088,000000253004.jpg,JPEG,COCO,,train,0,Real,train_v3_additions/real/cf_train_v3_gan_matched_real_d792485505dee0ea_000000253004.jpg.jpg,complete
cf_train_v3_gan_matched_real_d7a851cf383da144,gan_matched_real,data/HFCF_small_131.parquet,0,848,000000303879.jpg,JPEG,COCO,,train,0,Real,train_v3_additions/real/cf_train_v3_gan_matched_real_d7a851cf383da144_000000303879.jpg.jpg,complete
cf_train_v3_gan_matched_real_d7ac57c1162a3a18,gan_matched_real,data/HFCF_small_131.parquet,0,2107,000000528112.jpg,JPEG,COCO,,train,0,Real,train_v3_additions/real/cf_train_v3_gan_matched_real_d7ac57c1162a3a18_000000528112.jpg.jpg,complete
cf_train_v3_gan_matched_real_d7d54589da884505,gan_matched_real,data/HFCF_small_131.parquet,0,1630,000000197785.jpg,JPEG,COCO,,train,0,Real,train_v3_additions/real/cf_train_v3_gan_matched_real_d7d54589da884505_000000197785.jpg.jpg,complete
cf_train_v3_gan_matched_real_d7e545433d8b199f,gan_matched_real,data/HFCF_small_131.parquet,0,585,000000089834.jpg,JPEG,COCO,,train,0,Real,train_v3_additions/real/cf_train_v3_gan_matched_real_d7e545433d8b199f_000000089834.jpg.jpg,complete
cf_train_v3_gan_matched_real_d7f8bbd11322709f,gan_matched_real,data/HFCF_small_131.parquet,0,380,000000065628.jpg,JPEG,COCO,,train,0,Real,train_v3_additions/real/cf_train_v3_gan_matched_real_d7f8bbd11322709f_000000065628.jpg.jpg,complete
cf_train_v3_gan_matched_real_d80ad67c49a46ee4,gan_matched_real,data/HFCF_small_131.parquet,0,814,000000152963.jpg,JPEG,COCO,,train,0,Real,train_v3_additions/real/cf_train_v3_gan_matched_real_d80ad67c49a46ee4_000000152963.jpg.jpg,complete
cf_train_v3_gan_matched_real_d94ee426941293ed,gan_matched_real,data/HFCF_small_131.parquet,0,862,000000443541.jpg,JPEG,COCO,,train,0,Real,train_v3_additions/real/cf_train_v3_gan_matched_real_d94ee426941293ed_000000443541.jpg.jpg,complete
cf_train_v3_gan_matched_real_d9a4b86a3c2bcdb6,gan_matched_real,data/HFCF_small_131.parquet,0,484,000000072495.jpg,JPEG,COCO,,train,0,Real,train_v3_additions/real/cf_train_v3_gan_matched_real_d9a4b86a3c2bcdb6_000000072495.jpg.jpg,complete
cf_train_v3_gan_matched_real_da413d183dfe9d29,gan_matched_real,data/HFCF_small_131.parquet,0,63,000000393844.jpg,JPEG,COCO,,train,0,Real,train_v3_additions/real/cf_train_v3_gan_matched_real_da413d183dfe9d29_000000393844.jpg.jpg,complete
cf_train_v3_gan_matched_real_da63bd78e42fe58a,gan_matched_real,data/HFCF_small_131.parquet,0,2098,000000468013.jpg,JPEG,COCO,,train,0,Real,train_v3_additions/real/cf_train_v3_gan_matched_real_da63bd78e42fe58a_000000468013.jpg.jpg,complete
cf_train_v3_gan_matched_real_da81023332c93399,gan_matched_real,data/HFCF_small_131.parquet,0,1480,000000293825.jpg,JPEG,COCO,,train,0,Real,train_v3_additions/real/cf_train_v3_gan_matched_real_da81023332c93399_000000293825.jpg.jpg,complete
cf_train_v3_gan_matched_real_dab5ec3613b3f8ed,gan_matched_real,data/HFCF_small_131.parquet,0,2300,000000241126.jpg,JPEG,COCO,,train,0,Real,train_v3_additions/real/cf_train_v3_gan_matched_real_dab5ec3613b3f8ed_000000241126.jpg.jpg,complete
cf_train_v3_gan_matched_real_dae6223907c105e9,gan_matched_real,data/HFCF_small_131.parquet,0,837,000000472173.jpg,JPEG,COCO,,train,0,Real,train_v3_additions/real/cf_train_v3_gan_matched_real_dae6223907c105e9_000000472173.jpg.jpg,complete
cf_train_v3_gan_matched_real_dae6ae2d9f9038f1,gan_matched_real,data/HFCF_small_131.parquet,0,806,000000120747.jpg,JPEG,COCO,,train,0,Real,train_v3_additions/real/cf_train_v3_gan_matched_real_dae6ae2d9f9038f1_000000120747.jpg.jpg,complete
cf_train_v3_gan_matched_real_db115e1afcbedbcf,gan_matched_real,data/HFCF_small_131.parquet,0,1083,000000160823.jpg,JPEG,COCO,,train,0,Real,train_v3_additions/real/cf_train_v3_gan_matched_real_db115e1afcbedbcf_000000160823.jpg.jpg,complete
cf_train_v3_gan_matched_real_dbdb6eff3a040676,gan_matched_real,data/HFCF_small_131.parquet,0,1246,000000442428.jpg,JPEG,COCO,,train,0,Real,train_v3_additions/real/cf_train_v3_gan_matched_real_dbdb6eff3a040676_000000442428.jpg.jpg,complete
cf_train_v3_gan_matched_real_dbee01f2a394acfa,gan_matched_real,data/HFCF_small_131.parquet,0,945,000000411415.jpg,JPEG,COCO,,train,0,Real,train_v3_additions/real/cf_train_v3_gan_matched_real_dbee01f2a394acfa_000000411415.jpg.jpg,complete
cf_train_v3_gan_matched_real_dc2a3da7e28e063b,gan_matched_real,data/HFCF_small_131.parquet,0,2639,000000361291.jpg,JPEG,COCO,,train,0,Real,train_v3_additions/real/cf_train_v3_gan_matched_real_dc2a3da7e28e063b_000000361291.jpg.jpg,complete
cf_train_v3_gan_matched_real_dc7fdf3fedd3f2db,gan_matched_real,data/HFCF_small_131.parquet,0,1126,000000358767.jpg,JPEG,COCO,,train,0,Real,train_v3_additions/real/cf_train_v3_gan_matched_real_dc7fdf3fedd3f2db_000000358767.jpg.jpg,complete
cf_train_v3_gan_matched_real_dc8b12ccc7a971c3,gan_matched_real,data/HFCF_small_131.parquet,0,1165,000000280347.jpg,JPEG,COCO,,train,0,Real,train_v3_additions/real/cf_train_v3_gan_matched_real_dc8b12ccc7a971c3_000000280347.jpg.jpg,complete
cf_train_v3_gan_matched_real_dc9c697214cafd47,gan_matched_real,data/HFCF_small_131.parquet,0,184,000000190381.jpg,JPEG,COCO,,train,0,Real,train_v3_additions/real/cf_train_v3_gan_matched_real_dc9c697214cafd47_000000190381.jpg.jpg,complete
cf_train_v3_gan_matched_real_dcca6026fbe37d90,gan_matched_real,data/HFCF_small_131.parquet,0,1918,000000152320.jpg,JPEG,COCO,,train,0,Real,train_v3_additions/real/cf_train_v3_gan_matched_real_dcca6026fbe37d90_000000152320.jpg.jpg,complete
cf_train_v3_gan_matched_real_dcca664dbb901b80,gan_matched_real,data/HFCF_small_131.parquet,0,1040,000000106463.jpg,JPEG,COCO,,train,0,Real,train_v3_additions/real/cf_train_v3_gan_matched_real_dcca664dbb901b80_000000106463.jpg.jpg,complete
cf_train_v3_gan_matched_real_dd1b1b607c5c44b0,gan_matched_real,data/HFCF_small_131.parquet,0,1772,000000457161.jpg,JPEG,COCO,,train,0,Real,train_v3_additions/real/cf_train_v3_gan_matched_real_dd1b1b607c5c44b0_000000457161.jpg.jpg,complete
cf_train_v3_gan_matched_real_dd58f3408e4df0ad,gan_matched_real,data/HFCF_small_131.parquet,0,438,000000322952.jpg,JPEG,COCO,,train,0,Real,train_v3_additions/real/cf_train_v3_gan_matched_real_dd58f3408e4df0ad_000000322952.jpg.jpg,complete
cf_train_v3_gan_matched_real_dd6d554c115872d3,gan_matched_real,data/HFCF_small_131.parquet,0,1880,000000254931.jpg,JPEG,COCO,,train,0,Real,train_v3_additions/real/cf_train_v3_gan_matched_real_dd6d554c115872d3_000000254931.jpg.jpg,complete
cf_train_v3_gan_matched_real_dd8f34722d7bed06,gan_matched_real,data/HFCF_small_131.parquet,0,2916,000000378692.jpg,JPEG,COCO,,train,0,Real,train_v3_additions/real/cf_train_v3_gan_matched_real_dd8f34722d7bed06_000000378692.jpg.jpg,complete
cf_train_v3_gan_matched_real_de13c3a2b6c9c763,gan_matched_real,data/HFCF_small_131.parquet,0,503,000000072126.jpg,JPEG,COCO,,train,0,Real,train_v3_additions/real/cf_train_v3_gan_matched_real_de13c3a2b6c9c763_000000072126.jpg.jpg,complete
cf_train_v3_gan_matched_real_de581d40e2fc83c3,gan_matched_real,data/HFCF_small_131.parquet,0,194,000000578843.jpg,JPEG,COCO,,train,0,Real,train_v3_additions/real/cf_train_v3_gan_matched_real_de581d40e2fc83c3_000000578843.jpg.jpg,complete
cf_train_v3_gan_matched_real_debc04bc786ad115,gan_matched_real,data/HFCF_small_131.parquet,0,2653,000000564443.jpg,JPEG,COCO,,train,0,Real,train_v3_additions/real/cf_train_v3_gan_matched_real_debc04bc786ad115_000000564443.jpg.jpg,complete
cf_train_v3_gan_matched_real_df382f09ced53130,gan_matched_real,data/HFCF_small_131.parquet,0,2063,000000313234.jpg,JPEG,COCO,,train,0,Real,train_v3_additions/real/cf_train_v3_gan_matched_real_df382f09ced53130_000000313234.jpg.jpg,complete
cf_train_v3_gan_matched_real_df59537668cdf0b8,gan_matched_real,data/HFCF_small_131.parquet,0,1632,000000564865.jpg,JPEG,COCO,,train,0,Real,train_v3_additions/real/cf_train_v3_gan_matched_real_df59537668cdf0b8_000000564865.jpg.jpg,complete
cf_train_v3_gan_matched_real_dfa042c2821f0eac,gan_matched_real,data/HFCF_small_131.parquet,0,2544,000000138503.jpg,JPEG,COCO,,train,0,Real,train_v3_additions/real/cf_train_v3_gan_matched_real_dfa042c2821f0eac_000000138503.jpg.jpg,complete
cf_train_v3_gan_matched_real_dfeb030a37221604,gan_matched_real,data/HFCF_small_131.parquet,0,643,000000163828.jpg,JPEG,COCO,,train,0,Real,train_v3_additions/real/cf_train_v3_gan_matched_real_dfeb030a37221604_000000163828.jpg.jpg,complete
cf_train_v3_gan_matched_real_e054913401c54801,gan_matched_real,data/HFCF_small_131.parquet,0,2570,000000086843.jpg,JPEG,COCO,,train,0,Real,train_v3_additions/real/cf_train_v3_gan_matched_real_e054913401c54801_000000086843.jpg.jpg,complete
cf_train_v3_gan_matched_real_e05c1f939e14ef0f,gan_matched_real,data/HFCF_small_131.parquet,0,1970,000000111635.jpg,JPEG,COCO,,train,0,Real,train_v3_additions/real/cf_train_v3_gan_matched_real_e05c1f939e14ef0f_000000111635.jpg.jpg,complete
cf_train_v3_gan_matched_real_e0829cd957b30d96,gan_matched_real,data/HFCF_small_131.parquet,0,1752,000000249817.jpg,JPEG,COCO,,train,0,Real,train_v3_additions/real/cf_train_v3_gan_matched_real_e0829cd957b30d96_000000249817.jpg.jpg,complete
cf_train_v3_gan_matched_real_e0a89056a9c090ec,gan_matched_real,data/HFCF_small_131.parquet,0,162,000000126628.jpg,JPEG,COCO,,train,0,Real,train_v3_additions/real/cf_train_v3_gan_matched_real_e0a89056a9c090ec_000000126628.jpg.jpg,complete
cf_train_v3_gan_matched_real_e10f80088ff819f0,gan_matched_real,data/HFCF_small_131.parquet,0,2555,000000408833.jpg,JPEG,COCO,,train,0,Real,train_v3_additions/real/cf_train_v3_gan_matched_real_e10f80088ff819f0_000000408833.jpg.jpg,complete
cf_train_v3_gan_matched_real_e16e69962978cc5d,gan_matched_real,data/HFCF_small_131.parquet,0,1418,000000260721.jpg,JPEG,COCO,,train,0,Real,train_v3_additions/real/cf_train_v3_gan_matched_real_e16e69962978cc5d_000000260721.jpg.jpg,complete
cf_train_v3_gan_matched_real_e1a0d98ec53831a9,gan_matched_real,data/HFCF_small_131.parquet,0,36,000000440404.jpg,JPEG,COCO,,train,0,Real,train_v3_additions/real/cf_train_v3_gan_matched_real_e1a0d98ec53831a9_000000440404.jpg.jpg,complete
cf_train_v3_gan_matched_real_e2338c6380801a4d,gan_matched_real,data/HFCF_small_131.parquet,0,1289,000000321338.jpg,JPEG,COCO,,train,0,Real,train_v3_additions/real/cf_train_v3_gan_matched_real_e2338c6380801a4d_000000321338.jpg.jpg,complete
cf_train_v3_gan_matched_real_e281867e9d3f3845,gan_matched_real,data/HFCF_small_131.parquet,0,642,000000367873.jpg,JPEG,COCO,,train,0,Real,train_v3_additions/real/cf_train_v3_gan_matched_real_e281867e9d3f3845_000000367873.jpg.jpg,complete
cf_train_v3_gan_matched_real_e2b8013f3e6c0c61,gan_matched_real,data/HFCF_small_131.parquet,0,1352,000000492618.jpg,JPEG,COCO,,train,0,Real,train_v3_additions/real/cf_train_v3_gan_matched_real_e2b8013f3e6c0c61_000000492618.jpg.jpg,complete
cf_train_v3_gan_matched_real_e316a6e847304c80,gan_matched_real,data/HFCF_small_131.parquet,0,711,000000197279.jpg,JPEG,COCO,,train,0,Real,train_v3_additions/real/cf_train_v3_gan_matched_real_e316a6e847304c80_000000197279.jpg.jpg,complete
cf_train_v3_gan_matched_real_e38e3fa7461270c2,gan_matched_real,data/HFCF_small_131.parquet,0,1429,000000167755.jpg,JPEG,COCO,,train,0,Real,train_v3_additions/real/cf_train_v3_gan_matched_real_e38e3fa7461270c2_000000167755.jpg.jpg,complete
cf_train_v3_gan_matched_real_e4397dfc48d20c38,gan_matched_real,data/HFCF_small_131.parquet,0,2904,000000147492.jpg,JPEG,COCO,,train,0,Real,train_v3_additions/real/cf_train_v3_gan_matched_real_e4397dfc48d20c38_000000147492.jpg.jpg,complete
cf_train_v3_gan_matched_real_e443df5f78e13227,gan_matched_real,data/HFCF_small_131.parquet,0,301,000000284365.jpg,JPEG,COCO,,train,0,Real,train_v3_additions/real/cf_train_v3_gan_matched_real_e443df5f78e13227_000000284365.jpg.jpg,complete
cf_train_v3_gan_matched_real_e44c142850ce07c8,gan_matched_real,data/HFCF_small_131.parquet,0,2514,000000500527.jpg,JPEG,COCO,,train,0,Real,train_v3_additions/real/cf_train_v3_gan_matched_real_e44c142850ce07c8_000000500527.jpg.jpg,complete
cf_train_v3_gan_matched_real_e51474ee9c407472,gan_matched_real,data/HFCF_small_131.parquet,0,2810,000000496678.jpg,JPEG,COCO,,train,0,Real,train_v3_additions/real/cf_train_v3_gan_matched_real_e51474ee9c407472_000000496678.jpg.jpg,complete
cf_train_v3_gan_matched_real_e5366ed3b0a7da64,gan_matched_real,data/HFCF_small_131.parquet,0,1282,000000283059.jpg,JPEG,COCO,,train,0,Real,train_v3_additions/real/cf_train_v3_gan_matched_real_e5366ed3b0a7da64_000000283059.jpg.jpg,complete
cf_train_v3_gan_matched_real_e558fbd95724a731,gan_matched_real,data/HFCF_small_131.parquet,0,2258,000000368153.jpg,JPEG,COCO,,train,0,Real,train_v3_additions/real/cf_train_v3_gan_matched_real_e558fbd95724a731_000000368153.jpg.jpg,complete
cf_train_v3_gan_matched_real_e5ac6dd138b024eb,gan_matched_real,data/HFCF_small_131.parquet,0,487,000000163483.jpg,JPEG,COCO,,train,0,Real,train_v3_additions/real/cf_train_v3_gan_matched_real_e5ac6dd138b024eb_000000163483.jpg.jpg,complete
cf_train_v3_gan_matched_real_e5ad3b07051861d1,gan_matched_real,data/HFCF_small_131.parquet,0,819,000000534906.jpg,JPEG,COCO,,train,0,Real,train_v3_additions/real/cf_train_v3_gan_matched_real_e5ad3b07051861d1_000000534906.jpg.jpg,complete
cf_train_v3_gan_matched_real_e5bd52fab64a2019,gan_matched_real,data/HFCF_small_131.parquet,0,43,000000518782.jpg,JPEG,COCO,,train,0,Real,train_v3_additions/real/cf_train_v3_gan_matched_real_e5bd52fab64a2019_000000518782.jpg.jpg,complete
cf_train_v3_gan_matched_real_e5e8df8b4ee3a37d,gan_matched_real,data/HFCF_small_131.parquet,0,1915,000000072811.jpg,JPEG,COCO,,train,0,Real,train_v3_additions/real/cf_train_v3_gan_matched_real_e5e8df8b4ee3a37d_000000072811.jpg.jpg,complete
cf_train_v3_gan_matched_real_e648755ff618f05a,gan_matched_real,data/HFCF_small_131.parquet,0,1398,000000271035.jpg,JPEG,COCO,,train,0,Real,train_v3_additions/real/cf_train_v3_gan_matched_real_e648755ff618f05a_000000271035.jpg.jpg,complete
cf_train_v3_gan_matched_real_e6a317b1a133323a,gan_matched_real,data/HFCF_small_131.parquet,0,2484,000000359140.jpg,JPEG,COCO,,train,0,Real,train_v3_additions/real/cf_train_v3_gan_matched_real_e6a317b1a133323a_000000359140.jpg.jpg,complete
cf_train_v3_gan_matched_real_e6b737f7aeaa2033,gan_matched_real,data/HFCF_small_131.parquet,0,1303,000000414482.jpg,JPEG,COCO,,train,0,Real,train_v3_additions/real/cf_train_v3_gan_matched_real_e6b737f7aeaa2033_000000414482.jpg.jpg,complete
cf_train_v3_gan_matched_real_e6cdbb1d08bf2aa8,gan_matched_real,data/HFCF_small_131.parquet,0,575,000000404718.jpg,JPEG,COCO,,train,0,Real,train_v3_additions/real/cf_train_v3_gan_matched_real_e6cdbb1d08bf2aa8_000000404718.jpg.jpg,complete
cf_train_v3_gan_matched_real_e6e5cac61875c683,gan_matched_real,data/HFCF_small_131.parquet,0,623,000000086108.jpg,JPEG,COCO,,train,0,Real,train_v3_additions/real/cf_train_v3_gan_matched_real_e6e5cac61875c683_000000086108.jpg.jpg,complete
cf_train_v3_gan_matched_real_e6f19dff38636eca,gan_matched_real,data/HFCF_small_131.parquet,0,2490,000000440354.jpg,JPEG,COCO,,train,0,Real,train_v3_additions/real/cf_train_v3_gan_matched_real_e6f19dff38636eca_000000440354.jpg.jpg,complete
cf_train_v3_gan_matched_real_e70d8fb8be1f0e06,gan_matched_real,data/HFCF_small_131.parquet,0,445,000000393513.jpg,JPEG,COCO,,train,0,Real,train_v3_additions/real/cf_train_v3_gan_matched_real_e70d8fb8be1f0e06_000000393513.jpg.jpg,complete
cf_train_v3_gan_matched_real_e7b5dfe912f943eb,gan_matched_real,data/HFCF_small_131.parquet,0,2859,000000229563.jpg,JPEG,COCO,,train,0,Real,train_v3_additions/real/cf_train_v3_gan_matched_real_e7b5dfe912f943eb_000000229563.jpg.jpg,complete
cf_train_v3_gan_matched_real_e7d7d54d1da18bf0,gan_matched_real,data/HFCF_small_131.parquet,0,1559,000000203690.jpg,JPEG,COCO,,train,0,Real,train_v3_additions/real/cf_train_v3_gan_matched_real_e7d7d54d1da18bf0_000000203690.jpg.jpg,complete
cf_train_v3_gan_matched_real_e83c7473d3957e3a,gan_matched_real,data/HFCF_small_131.parquet,0,1946,000000236015.jpg,JPEG,COCO,,train,0,Real,train_v3_additions/real/cf_train_v3_gan_matched_real_e83c7473d3957e3a_000000236015.jpg.jpg,complete
cf_train_v3_gan_matched_real_e85c84c9309b7796,gan_matched_real,data/HFCF_small_131.parquet,0,2671,000000028134.jpg,JPEG,COCO,,train,0,Real,train_v3_additions/real/cf_train_v3_gan_matched_real_e85c84c9309b7796_000000028134.jpg.jpg,complete
cf_train_v3_gan_matched_real_e91ebe647f9f2a07,gan_matched_real,data/HFCF_small_131.parquet,0,2202,000000208724.jpg,JPEG,COCO,,train,0,Real,train_v3_additions/real/cf_train_v3_gan_matched_real_e91ebe647f9f2a07_000000208724.jpg.jpg,complete
cf_train_v3_gan_matched_real_e958066d738de6a2,gan_matched_real,data/HFCF_small_131.parquet,0,904,000000385078.jpg,JPEG,COCO,,train,0,Real,train_v3_additions/real/cf_train_v3_gan_matched_real_e958066d738de6a2_000000385078.jpg.jpg,complete
cf_train_v3_gan_matched_real_e9a7c4467d2666a4,gan_matched_real,data/HFCF_small_131.parquet,0,150,000000131942.jpg,JPEG,COCO,,train,0,Real,train_v3_additions/real/cf_train_v3_gan_matched_real_e9a7c4467d2666a4_000000131942.jpg.jpg,complete
cf_train_v3_gan_matched_real_ea1567e5af75e752,gan_matched_real,data/HFCF_small_131.parquet,0,2348,000000329433.jpg,JPEG,COCO,,train,0,Real,train_v3_additions/real/cf_train_v3_gan_matched_real_ea1567e5af75e752_000000329433.jpg.jpg,complete
cf_train_v3_gan_matched_real_ea43a7e8cfc34a73,gan_matched_real,data/HFCF_small_131.parquet,0,889,000000477273.jpg,JPEG,COCO,,train,0,Real,train_v3_additions/real/cf_train_v3_gan_matched_real_ea43a7e8cfc34a73_000000477273.jpg.jpg,complete
cf_train_v3_gan_matched_real_ea673ad52a9edfe9,gan_matched_real,data/HFCF_small_131.parquet,0,1814,000000044977.jpg,JPEG,COCO,,train,0,Real,train_v3_additions/real/cf_train_v3_gan_matched_real_ea673ad52a9edfe9_000000044977.jpg.jpg,complete
cf_train_v3_gan_matched_real_ea71eec4b0d43fbc,gan_matched_real,data/HFCF_small_131.parquet,0,305,000000258402.jpg,JPEG,COCO,,train,0,Real,train_v3_additions/real/cf_train_v3_gan_matched_real_ea71eec4b0d43fbc_000000258402.jpg.jpg,complete
cf_train_v3_gan_matched_real_eaae3d4ab172d7e2,gan_matched_real,data/HFCF_small_131.parquet,0,827,000000500693.jpg,JPEG,COCO,,train,0,Real,train_v3_additions/real/cf_train_v3_gan_matched_real_eaae3d4ab172d7e2_000000500693.jpg.jpg,complete
cf_train_v3_gan_matched_real_eac6d5a6a0f3da21,gan_matched_real,data/HFCF_small_131.parquet,0,1347,000000365027.jpg,JPEG,COCO,,train,0,Real,train_v3_additions/real/cf_train_v3_gan_matched_real_eac6d5a6a0f3da21_000000365027.jpg.jpg,complete
cf_train_v3_gan_matched_real_eae9f8e66621cb76,gan_matched_real,data/HFCF_small_131.parquet,0,690,000000556426.jpg,JPEG,COCO,,train,0,Real,train_v3_additions/real/cf_train_v3_gan_matched_real_eae9f8e66621cb76_000000556426.jpg.jpg,complete
cf_train_v3_gan_matched_real_eb1c5202ed5d9e94,gan_matched_real,data/HFCF_small_131.parquet,0,1139,000000382411.jpg,JPEG,COCO,,train,0,Real,train_v3_additions/real/cf_train_v3_gan_matched_real_eb1c5202ed5d9e94_000000382411.jpg.jpg,complete
cf_train_v3_gan_matched_real_eb8e0daa37477a10,gan_matched_real,data/HFCF_small_131.parquet,0,1889,000000436538.jpg,JPEG,COCO,,train,0,Real,train_v3_additions/real/cf_train_v3_gan_matched_real_eb8e0daa37477a10_000000436538.jpg.jpg,complete
cf_train_v3_gan_matched_real_ebb41a7635ec69d8,gan_matched_real,data/HFCF_small_131.parquet,0,755,000000304706.jpg,JPEG,COCO,,train,0,Real,train_v3_additions/real/cf_train_v3_gan_matched_real_ebb41a7635ec69d8_000000304706.jpg.jpg,complete
cf_train_v3_gan_matched_real_ebb547dc99d176cd,gan_matched_real,data/HFCF_small_131.parquet,0,2281,000000389128.jpg,JPEG,COCO,,train,0,Real,train_v3_additions/real/cf_train_v3_gan_matched_real_ebb547dc99d176cd_000000389128.jpg.jpg,complete
cf_train_v3_gan_matched_real_ec069c53bfd356a9,gan_matched_real,data/HFCF_small_131.parquet,0,828,000000116166.jpg,JPEG,COCO,,train,0,Real,train_v3_additions/real/cf_train_v3_gan_matched_real_ec069c53bfd356a9_000000116166.jpg.jpg,complete
cf_train_v3_gan_matched_real_ec0f13202c443296,gan_matched_real,data/HFCF_small_131.parquet,0,1377,000000407355.jpg,JPEG,COCO,,train,0,Real,train_v3_additions/real/cf_train_v3_gan_matched_real_ec0f13202c443296_000000407355.jpg.jpg,complete
cf_train_v3_gan_matched_real_ec127794a7f9c790,gan_matched_real,data/HFCF_small_131.parquet,0,780,000000533431.jpg,JPEG,COCO,,train,0,Real,train_v3_additions/real/cf_train_v3_gan_matched_real_ec127794a7f9c790_000000533431.jpg.jpg,complete
cf_train_v3_gan_matched_real_ec85a7726bf241d0,gan_matched_real,data/HFCF_small_131.parquet,0,2522,000000335243.jpg,JPEG,COCO,,train,0,Real,train_v3_additions/real/cf_train_v3_gan_matched_real_ec85a7726bf241d0_000000335243.jpg.jpg,complete
cf_train_v3_gan_matched_real_ecad0f3d509a6f7e,gan_matched_real,data/HFCF_small_131.parquet,0,1823,000000144618.jpg,JPEG,COCO,,train,0,Real,train_v3_additions/real/cf_train_v3_gan_matched_real_ecad0f3d509a6f7e_000000144618.jpg.jpg,complete
cf_train_v3_gan_matched_real_ecf2c8c0f0e5fde9,gan_matched_real,data/HFCF_small_131.parquet,0,1397,000000118034.jpg,JPEG,COCO,,train,0,Real,train_v3_additions/real/cf_train_v3_gan_matched_real_ecf2c8c0f0e5fde9_000000118034.jpg.jpg,complete
cf_train_v3_gan_matched_real_ed28fad6382075e6,gan_matched_real,data/HFCF_small_131.parquet,0,2444,000000492658.jpg,JPEG,COCO,,train,0,Real,train_v3_additions/real/cf_train_v3_gan_matched_real_ed28fad6382075e6_000000492658.jpg.jpg,complete
cf_train_v3_gan_matched_real_edd9542fcf7ba578,gan_matched_real,data/HFCF_small_131.parquet,0,1279,000000231379.jpg,JPEG,COCO,,train,0,Real,train_v3_additions/real/cf_train_v3_gan_matched_real_edd9542fcf7ba578_000000231379.jpg.jpg,complete
cf_train_v3_gan_matched_real_edd959c7630bfb53,gan_matched_real,data/HFCF_small_131.parquet,0,668,000000330238.jpg,JPEG,COCO,,train,0,Real,train_v3_additions/real/cf_train_v3_gan_matched_real_edd959c7630bfb53_000000330238.jpg.jpg,complete
cf_train_v3_gan_matched_real_ee086587d6aa4803,gan_matched_real,data/HFCF_small_131.parquet,0,2338,000000568396.jpg,JPEG,COCO,,train,0,Real,train_v3_additions/real/cf_train_v3_gan_matched_real_ee086587d6aa4803_000000568396.jpg.jpg,complete
cf_train_v3_gan_matched_real_ee1d4f930f1ded15,gan_matched_real,data/HFCF_small_131.parquet,0,1192,000000417830.jpg,JPEG,COCO,,train,0,Real,train_v3_additions/real/cf_train_v3_gan_matched_real_ee1d4f930f1ded15_000000417830.jpg.jpg,complete
cf_train_v3_gan_matched_real_ee647240f8094868,gan_matched_real,data/HFCF_small_131.parquet,0,1995,000000020965.jpg,JPEG,COCO,,train,0,Real,train_v3_additions/real/cf_train_v3_gan_matched_real_ee647240f8094868_000000020965.jpg.jpg,complete
cf_train_v3_gan_matched_real_ee9ef062b099f6bb,gan_matched_real,data/HFCF_small_131.parquet,0,2915,000000248643.jpg,JPEG,COCO,,train,0,Real,train_v3_additions/real/cf_train_v3_gan_matched_real_ee9ef062b099f6bb_000000248643.jpg.jpg,complete
cf_train_v3_gan_matched_real_eec6b6af3c8ee036,gan_matched_real,data/HFCF_small_131.parquet,0,422,000000105150.jpg,JPEG,COCO,,train,0,Real,train_v3_additions/real/cf_train_v3_gan_matched_real_eec6b6af3c8ee036_000000105150.jpg.jpg,complete
cf_train_v3_gan_matched_real_ef49515d9898fbd2,gan_matched_real,data/HFCF_small_131.parquet,0,614,000000284373.jpg,JPEG,COCO,,train,0,Real,train_v3_additions/real/cf_train_v3_gan_matched_real_ef49515d9898fbd2_000000284373.jpg.jpg,complete
cf_train_v3_gan_matched_real_efc55c8abe22dc80,gan_matched_real,data/HFCF_small_131.parquet,0,2505,000000216867.jpg,JPEG,COCO,,train,0,Real,train_v3_additions/real/cf_train_v3_gan_matched_real_efc55c8abe22dc80_000000216867.jpg.jpg,complete
cf_train_v3_gan_matched_real_efeb3876fc356e81,gan_matched_real,data/HFCF_small_131.parquet,0,2427,000000530377.jpg,JPEG,COCO,,train,0,Real,train_v3_additions/real/cf_train_v3_gan_matched_real_efeb3876fc356e81_000000530377.jpg.jpg,complete
cf_train_v3_gan_matched_real_effaefce66446d96,gan_matched_real,data/HFCF_small_131.parquet,0,570,000000092553.jpg,JPEG,COCO,,train,0,Real,train_v3_additions/real/cf_train_v3_gan_matched_real_effaefce66446d96_000000092553.jpg.jpg,complete
cf_train_v3_gan_matched_real_f048a922afcbcd36,gan_matched_real,data/HFCF_small_131.parquet,0,2772,000000009321.jpg,JPEG,COCO,,train,0,Real,train_v3_additions/real/cf_train_v3_gan_matched_real_f048a922afcbcd36_000000009321.jpg.jpg,complete
cf_train_v3_gan_matched_real_f0752020329f533f,gan_matched_real,data/HFCF_small_131.parquet,0,692,000000292226.jpg,JPEG,COCO,,train,0,Real,train_v3_additions/real/cf_train_v3_gan_matched_real_f0752020329f533f_000000292226.jpg.jpg,complete
cf_train_v3_gan_matched_real_f14d2a419e59434d,gan_matched_real,data/HFCF_small_131.parquet,0,110,000000461860.jpg,JPEG,COCO,,train,0,Real,train_v3_additions/real/cf_train_v3_gan_matched_real_f14d2a419e59434d_000000461860.jpg.jpg,complete
cf_train_v3_gan_matched_real_f2928f218b5b545f,gan_matched_real,data/HFCF_small_131.parquet,0,1815,000000487471.jpg,JPEG,COCO,,train,0,Real,train_v3_additions/real/cf_train_v3_gan_matched_real_f2928f218b5b545f_000000487471.jpg.jpg,complete
cf_train_v3_gan_matched_real_f2961b926564f142,gan_matched_real,data/HFCF_small_131.parquet,0,1100,000000220321.jpg,JPEG,COCO,,train,0,Real,train_v3_additions/real/cf_train_v3_gan_matched_real_f2961b926564f142_000000220321.jpg.jpg,complete
cf_train_v3_gan_matched_real_f2d774215d328c93,gan_matched_real,data/HFCF_small_131.parquet,0,2546,000000309169.jpg,JPEG,COCO,,train,0,Real,train_v3_additions/real/cf_train_v3_gan_matched_real_f2d774215d328c93_000000309169.jpg.jpg,complete
cf_train_v3_gan_matched_real_f2dddbee9d77ed7c,gan_matched_real,data/HFCF_small_131.parquet,0,286,000000549876.jpg,JPEG,COCO,,train,0,Real,train_v3_additions/real/cf_train_v3_gan_matched_real_f2dddbee9d77ed7c_000000549876.jpg.jpg,complete
cf_train_v3_gan_matched_real_f32cd315d5da7cad,gan_matched_real,data/HFCF_small_131.parquet,0,400,000000107183.jpg,JPEG,COCO,,train,0,Real,train_v3_additions/real/cf_train_v3_gan_matched_real_f32cd315d5da7cad_000000107183.jpg.jpg,complete
cf_train_v3_gan_matched_real_f334d3dc05d8c538,gan_matched_real,data/HFCF_small_131.parquet,0,2869,000000277134.jpg,JPEG,COCO,,train,0,Real,train_v3_additions/real/cf_train_v3_gan_matched_real_f334d3dc05d8c538_000000277134.jpg.jpg,complete
cf_train_v3_gan_matched_real_f363a953a06806e9,gan_matched_real,data/HFCF_small_131.parquet,0,2392,000000011638.jpg,JPEG,COCO,,train,0,Real,train_v3_additions/real/cf_train_v3_gan_matched_real_f363a953a06806e9_000000011638.jpg.jpg,complete
cf_train_v3_gan_matched_real_f39a392583ca7954,gan_matched_real,data/HFCF_small_131.parquet,0,265,000000518139.jpg,JPEG,COCO,,train,0,Real,train_v3_additions/real/cf_train_v3_gan_matched_real_f39a392583ca7954_000000518139.jpg.jpg,complete
cf_train_v3_gan_matched_real_f3d954f7ef7a6fc8,gan_matched_real,data/HFCF_small_131.parquet,0,1671,000000246809.jpg,JPEG,COCO,,train,0,Real,train_v3_additions/real/cf_train_v3_gan_matched_real_f3d954f7ef7a6fc8_000000246809.jpg.jpg,complete
cf_train_v3_gan_matched_real_f41914d48d26e2cf,gan_matched_real,data/HFCF_small_131.parquet,0,748,000000062710.jpg,JPEG,COCO,,train,0,Real,train_v3_additions/real/cf_train_v3_gan_matched_real_f41914d48d26e2cf_000000062710.jpg.jpg,complete
cf_train_v3_gan_matched_real_f41c7433f8e231f3,gan_matched_real,data/HFCF_small_131.parquet,0,699,000000213305.jpg,JPEG,COCO,,train,0,Real,train_v3_additions/real/cf_train_v3_gan_matched_real_f41c7433f8e231f3_000000213305.jpg.jpg,complete
cf_train_v3_gan_matched_real_f47d9af6f62e4c0c,gan_matched_real,data/HFCF_small_131.parquet,0,2706,000000296033.jpg,JPEG,COCO,,train,0,Real,train_v3_additions/real/cf_train_v3_gan_matched_real_f47d9af6f62e4c0c_000000296033.jpg.jpg,complete
cf_train_v3_gan_matched_real_f486165f4a652cbf,gan_matched_real,data/HFCF_small_131.parquet,0,1515,000000545833.jpg,JPEG,COCO,,train,0,Real,train_v3_additions/real/cf_train_v3_gan_matched_real_f486165f4a652cbf_000000545833.jpg.jpg,complete
cf_train_v3_gan_matched_real_f49818db0109815c,gan_matched_real,data/HFCF_small_131.parquet,0,230,000000455756.jpg,JPEG,COCO,,train,0,Real,train_v3_additions/real/cf_train_v3_gan_matched_real_f49818db0109815c_000000455756.jpg.jpg,complete
cf_train_v3_gan_matched_real_f52d8975f33189dd,gan_matched_real,data/HFCF_small_131.parquet,0,2044,000000352835.jpg,JPEG,COCO,,train,0,Real,train_v3_additions/real/cf_train_v3_gan_matched_real_f52d8975f33189dd_000000352835.jpg.jpg,complete
cf_train_v3_gan_matched_real_f56a3ae726238930,gan_matched_real,data/HFCF_small_131.parquet,0,504,000000138496.jpg,JPEG,COCO,,train,0,Real,train_v3_additions/real/cf_train_v3_gan_matched_real_f56a3ae726238930_000000138496.jpg.jpg,complete
cf_train_v3_gan_matched_real_f56c73b3dd468dd6,gan_matched_real,data/HFCF_small_131.parquet,0,2526,000000425988.jpg,JPEG,COCO,,train,0,Real,train_v3_additions/real/cf_train_v3_gan_matched_real_f56c73b3dd468dd6_000000425988.jpg.jpg,complete
cf_train_v3_gan_matched_real_f581f28e2e8ed106,gan_matched_real,data/HFCF_small_131.parquet,0,2188,000000112011.jpg,JPEG,COCO,,train,0,Real,train_v3_additions/real/cf_train_v3_gan_matched_real_f581f28e2e8ed106_000000112011.jpg.jpg,complete
cf_train_v3_gan_matched_real_f5b2cabfc3b2b31b,gan_matched_real,data/HFCF_small_131.parquet,0,1731,000000519461.jpg,JPEG,COCO,,train,0,Real,train_v3_additions/real/cf_train_v3_gan_matched_real_f5b2cabfc3b2b31b_000000519461.jpg.jpg,complete
cf_train_v3_gan_matched_real_f5c1199c83719f2a,gan_matched_real,data/HFCF_small_131.parquet,0,579,000000297512.jpg,JPEG,COCO,,train,0,Real,train_v3_additions/real/cf_train_v3_gan_matched_real_f5c1199c83719f2a_000000297512.jpg.jpg,complete
cf_train_v3_gan_matched_real_f633419d16235431,gan_matched_real,data/HFCF_small_131.parquet,0,2842,000000039309.jpg,JPEG,COCO,,train,0,Real,train_v3_additions/real/cf_train_v3_gan_matched_real_f633419d16235431_000000039309.jpg.jpg,complete
cf_train_v3_gan_matched_real_f6f998502553bdbe,gan_matched_real,data/HFCF_small_131.parquet,0,2550,000000091636.jpg,JPEG,COCO,,train,0,Real,train_v3_additions/real/cf_train_v3_gan_matched_real_f6f998502553bdbe_000000091636.jpg.jpg,complete
cf_train_v3_gan_matched_real_f73a4048658f834f,gan_matched_real,data/HFCF_small_131.parquet,0,1838,000000061567.jpg,JPEG,COCO,,train,0,Real,train_v3_additions/real/cf_train_v3_gan_matched_real_f73a4048658f834f_000000061567.jpg.jpg,complete
cf_train_v3_gan_matched_real_f76527bbc6792586,gan_matched_real,data/HFCF_small_131.parquet,0,421,000000495131.jpg,JPEG,COCO,,train,0,Real,train_v3_additions/real/cf_train_v3_gan_matched_real_f76527bbc6792586_000000495131.jpg.jpg,complete
cf_train_v3_gan_matched_real_f7b9ea0518708c19,gan_matched_real,data/HFCF_small_131.parquet,0,2625,000000387169.jpg,JPEG,COCO,,train,0,Real,train_v3_additions/real/cf_train_v3_gan_matched_real_f7b9ea0518708c19_000000387169.jpg.jpg,complete
cf_train_v3_gan_matched_real_f817541e1336eff5,gan_matched_real,data/HFCF_small_131.parquet,0,2382,000000015097.jpg,JPEG,COCO,,train,0,Real,train_v3_additions/real/cf_train_v3_gan_matched_real_f817541e1336eff5_000000015097.jpg.jpg,complete
cf_train_v3_gan_matched_real_f82103393b4c873b,gan_matched_real,data/HFCF_small_131.parquet,0,2312,000000247545.jpg,JPEG,COCO,,train,0,Real,train_v3_additions/real/cf_train_v3_gan_matched_real_f82103393b4c873b_000000247545.jpg.jpg,complete
cf_train_v3_gan_matched_real_f8403d68ba4d7605,gan_matched_real,data/HFCF_small_131.parquet,0,2478,000000088025.jpg,JPEG,COCO,,train,0,Real,train_v3_additions/real/cf_train_v3_gan_matched_real_f8403d68ba4d7605_000000088025.jpg.jpg,complete
cf_train_v3_gan_matched_real_f923a724b218f196,gan_matched_real,data/HFCF_small_131.parquet,0,51,000000252544.jpg,JPEG,COCO,,train,0,Real,train_v3_additions/real/cf_train_v3_gan_matched_real_f923a724b218f196_000000252544.jpg.jpg,complete
cf_train_v3_gan_matched_real_f95be2b1ce0cae69,gan_matched_real,data/HFCF_small_131.parquet,0,263,000000517861.jpg,JPEG,COCO,,train,0,Real,train_v3_additions/real/cf_train_v3_gan_matched_real_f95be2b1ce0cae69_000000517861.jpg.jpg,complete
cf_train_v3_gan_matched_real_f98e2e62e73215de,gan_matched_real,data/HFCF_small_131.parquet,0,1871,000000549639.jpg,JPEG,COCO,,train,0,Real,train_v3_additions/real/cf_train_v3_gan_matched_real_f98e2e62e73215de_000000549639.jpg.jpg,complete
cf_train_v3_gan_matched_real_f9b9ec019e6d737e,gan_matched_real,data/HFCF_small_131.parquet,0,2661,000000222702.jpg,JPEG,COCO,,train,0,Real,train_v3_additions/real/cf_train_v3_gan_matched_real_f9b9ec019e6d737e_000000222702.jpg.jpg,complete
cf_train_v3_gan_matched_real_f9c4e6a5ab32842d,gan_matched_real,data/HFCF_small_131.parquet,0,715,000000402378.jpg,JPEG,COCO,,train,0,Real,train_v3_additions/real/cf_train_v3_gan_matched_real_f9c4e6a5ab32842d_000000402378.jpg.jpg,complete
cf_train_v3_gan_matched_real_f9e27723b5a7aa06,gan_matched_real,data/HFCF_small_131.parquet,0,362,000000050790.jpg,JPEG,COCO,,train,0,Real,train_v3_additions/real/cf_train_v3_gan_matched_real_f9e27723b5a7aa06_000000050790.jpg.jpg,complete
cf_train_v3_gan_matched_real_fa3d8e232014336c,gan_matched_real,data/HFCF_small_131.parquet,0,986,000000188727.jpg,JPEG,COCO,,train,0,Real,train_v3_additions/real/cf_train_v3_gan_matched_real_fa3d8e232014336c_000000188727.jpg.jpg,complete
cf_train_v3_gan_matched_real_fa6f4ed805fa6947,gan_matched_real,data/HFCF_small_131.parquet,0,0,000000040346.jpg,JPEG,COCO,,train,0,Real,train_v3_additions/real/cf_train_v3_gan_matched_real_fa6f4ed805fa6947_000000040346.jpg.jpg,complete
cf_train_v3_gan_matched_real_fa9e6e6359fe89c3,gan_matched_real,data/HFCF_small_131.parquet,0,2774,000000081841.jpg,JPEG,COCO,,train,0,Real,train_v3_additions/real/cf_train_v3_gan_matched_real_fa9e6e6359fe89c3_000000081841.jpg.jpg,complete
cf_train_v3_gan_matched_real_faac20e32bde4c43,gan_matched_real,data/HFCF_small_131.parquet,0,836,000000345532.jpg,JPEG,COCO,,train,0,Real,train_v3_additions/real/cf_train_v3_gan_matched_real_faac20e32bde4c43_000000345532.jpg.jpg,complete
cf_train_v3_gan_matched_real_fb1c3f71010bef5b,gan_matched_real,data/HFCF_small_131.parquet,0,1734,000000039716.jpg,JPEG,COCO,,train,0,Real,train_v3_additions/real/cf_train_v3_gan_matched_real_fb1c3f71010bef5b_000000039716.jpg.jpg,complete
cf_train_v3_gan_matched_real_fb22b96d61040aa2,gan_matched_real,data/HFCF_small_131.parquet,0,2296,000000159609.jpg,JPEG,COCO,,train,0,Real,train_v3_additions/real/cf_train_v3_gan_matched_real_fb22b96d61040aa2_000000159609.jpg.jpg,complete
cf_train_v3_gan_matched_real_fb3926b65026cbe5,gan_matched_real,data/HFCF_small_131.parquet,0,2619,000000575459.jpg,JPEG,COCO,,train,0,Real,train_v3_additions/real/cf_train_v3_gan_matched_real_fb3926b65026cbe5_000000575459.jpg.jpg,complete
cf_train_v3_gan_matched_real_fb52b27ec036d370,gan_matched_real,data/HFCF_small_131.parquet,0,364,000000206858.jpg,JPEG,COCO,,train,0,Real,train_v3_additions/real/cf_train_v3_gan_matched_real_fb52b27ec036d370_000000206858.jpg.jpg,complete
cf_train_v3_gan_matched_real_fbde0d1c18618d0e,gan_matched_real,data/HFCF_small_131.parquet,0,67,000000315383.jpg,JPEG,COCO,,train,0,Real,train_v3_additions/real/cf_train_v3_gan_matched_real_fbde0d1c18618d0e_000000315383.jpg.jpg,complete
cf_train_v3_gan_matched_real_fbe958849af7797b,gan_matched_real,data/HFCF_small_131.parquet,0,2099,000000307149.jpg,JPEG,COCO,,train,0,Real,train_v3_additions/real/cf_train_v3_gan_matched_real_fbe958849af7797b_000000307149.jpg.jpg,complete
cf_train_v3_gan_matched_real_fc2fe497ac4f508f,gan_matched_real,data/HFCF_small_131.parquet,0,167,000000073020.jpg,JPEG,COCO,,train,0,Real,train_v3_additions/real/cf_train_v3_gan_matched_real_fc2fe497ac4f508f_000000073020.jpg.jpg,complete
cf_train_v3_gan_matched_real_fc37606e8a00d030,gan_matched_real,data/HFCF_small_131.parquet,0,246,000000183413.jpg,JPEG,COCO,,train,0,Real,train_v3_additions/real/cf_train_v3_gan_matched_real_fc37606e8a00d030_000000183413.jpg.jpg,complete
cf_train_v3_gan_matched_real_fc409b76ee4645de,gan_matched_real,data/HFCF_small_131.parquet,0,1193,000000006651.jpg,JPEG,COCO,,train,0,Real,train_v3_additions/real/cf_train_v3_gan_matched_real_fc409b76ee4645de_000000006651.jpg.jpg,complete
cf_train_v3_gan_matched_real_fc51940a777abda0,gan_matched_real,data/HFCF_small_131.parquet,0,272,000000041288.jpg,JPEG,COCO,,train,0,Real,train_v3_additions/real/cf_train_v3_gan_matched_real_fc51940a777abda0_000000041288.jpg.jpg,complete
cf_train_v3_gan_matched_real_fcc985baa0c87dde,gan_matched_real,data/HFCF_small_131.parquet,0,163,000000363165.jpg,JPEG,COCO,,train,0,Real,train_v3_additions/real/cf_train_v3_gan_matched_real_fcc985baa0c87dde_000000363165.jpg.jpg,complete
cf_train_v3_gan_matched_real_fcfd6565a59456ab,gan_matched_real,data/HFCF_small_131.parquet,0,1455,000000150996.jpg,JPEG,COCO,,train,0,Real,train_v3_additions/real/cf_train_v3_gan_matched_real_fcfd6565a59456ab_000000150996.jpg.jpg,complete
cf_train_v3_gan_matched_real_fd82fc4b3e3ffce2,gan_matched_real,data/HFCF_small_131.parquet,0,2794,000000162204.jpg,JPEG,COCO,,train,0,Real,train_v3_additions/real/cf_train_v3_gan_matched_real_fd82fc4b3e3ffce2_000000162204.jpg.jpg,complete
cf_train_v3_gan_matched_real_fd930cf98031ce94,gan_matched_real,data/HFCF_small_131.parquet,0,1028,000000008813.jpg,JPEG,COCO,,train,0,Real,train_v3_additions/real/cf_train_v3_gan_matched_real_fd930cf98031ce94_000000008813.jpg.jpg,complete
cf_train_v3_gan_matched_real_fd94f040b24722c6,gan_matched_real,data/HFCF_small_131.parquet,0,2766,000000519664.jpg,JPEG,COCO,,train,0,Real,train_v3_additions/real/cf_train_v3_gan_matched_real_fd94f040b24722c6_000000519664.jpg.jpg,complete
cf_train_v3_gan_matched_real_fdfd953307029d26,gan_matched_real,data/HFCF_small_131.parquet,0,2164,000000040274.jpg,JPEG,COCO,,train,0,Real,train_v3_additions/real/cf_train_v3_gan_matched_real_fdfd953307029d26_000000040274.jpg.jpg,complete
cf_train_v3_gan_matched_real_fe43700b390b82c0,gan_matched_real,data/HFCF_small_131.parquet,0,733,000000134007.jpg,JPEG,COCO,,train,0,Real,train_v3_additions/real/cf_train_v3_gan_matched_real_fe43700b390b82c0_000000134007.jpg.jpg,complete
cf_train_v3_gan_matched_real_fe557de5ca541940,gan_matched_real,data/HFCF_small_131.parquet,0,383,000000190915.jpg,JPEG,COCO,,train,0,Real,train_v3_additions/real/cf_train_v3_gan_matched_real_fe557de5ca541940_000000190915.jpg.jpg,complete
cf_train_v3_gan_matched_real_ff2b895a337524c3,gan_matched_real,data/HFCF_small_131.parquet,0,1943,000000515422.jpg,JPEG,COCO,,train,0,Real,train_v3_additions/real/cf_train_v3_gan_matched_real_ff2b895a337524c3_000000515422.jpg.jpg,complete
cf_train_v3_gan_matched_real_ffbac9d2504b8e7e,gan_matched_real,data/HFCF_small_131.parquet,0,457,000000110710.jpg,JPEG,COCO,,train,0,Real,train_v3_additions/real/cf_train_v3_gan_matched_real_ffbac9d2504b8e7e_000000110710.jpg.jpg,complete
cf_train_v3_gan_matched_real_ffbd440edeccbdb4,gan_matched_real,data/HFCF_small_131.parquet,0,2240,000000329354.jpg,JPEG,COCO,,train,0,Real,train_v3_additions/real/cf_train_v3_gan_matched_real_ffbd440edeccbdb4_000000329354.jpg.jpg,complete
cf_train_v3_pixdiff_aigi_00124a5d035e3407,pixdiff_aigi,data/HFCF_small_82.parquet,0,517,002144.png,PNG,glide,glide,train,1,PixDiff,train_v3_additions/aigi/cf_train_v3_pixdiff_aigi_00124a5d035e3407_002144.png.png,complete
cf_train_v3_pixdiff_aigi_001340847c17612f,pixdiff_aigi,data/HFCF_small_82.parquet,0,487,013484.png,PNG,glide,glide,train,1,PixDiff,train_v3_additions/aigi/cf_train_v3_pixdiff_aigi_001340847c17612f_013484.png.png,complete
cf_train_v3_pixdiff_aigi_0034cd297e686e5a,pixdiff_aigi,data/HFCF_small_67.parquet,0,1491,009300.png,PNG,guidedDiffusion,guideddiffusion,train,1,PixDiff,train_v3_additions/aigi/cf_train_v3_pixdiff_aigi_0034cd297e686e5a_009300.png.png,complete
cf_train_v3_pixdiff_aigi_005a282035df5355,pixdiff_aigi,data/HFCF_small_83.parquet,0,1817,005172.png,PNG,DeepFloyd,deepfloyd,train,1,PixDiff,train_v3_additions/aigi/cf_train_v3_pixdiff_aigi_005a282035df5355_005172.png.png,complete
cf_train_v3_pixdiff_aigi_0074b8807cd55ba4,pixdiff_aigi,data/HFCF_small_83.parquet,0,1265,009002.png,PNG,DeepFloyd,deepfloyd,train,1,PixDiff,train_v3_additions/aigi/cf_train_v3_pixdiff_aigi_0074b8807cd55ba4_009002.png.png,complete
cf_train_v3_pixdiff_aigi_008123363931cbad,pixdiff_aigi,data/HFCF_small_67.parquet,0,1550,001471.png,PNG,guidedDiffusion,guideddiffusion,train,1,PixDiff,train_v3_additions/aigi/cf_train_v3_pixdiff_aigi_008123363931cbad_001471.png.png,complete
cf_train_v3_pixdiff_aigi_0086655496e8bf83,pixdiff_aigi,data/HFCF_small_67.parquet,0,1930,000293.png,PNG,guidedDiffusion,guideddiffusion,train,1,PixDiff,train_v3_additions/aigi/cf_train_v3_pixdiff_aigi_0086655496e8bf83_000293.png.png,complete
cf_train_v3_pixdiff_aigi_00bd649e44eb5afa,pixdiff_aigi,data/HFCF_small_83.parquet,0,1429,003038.png,PNG,DeepFloyd,deepfloyd,train,1,PixDiff,train_v3_additions/aigi/cf_train_v3_pixdiff_aigi_00bd649e44eb5afa_003038.png.png,complete
cf_train_v3_pixdiff_aigi_0135368ea05c4b25,pixdiff_aigi,data/HFCF_small_67.parquet,0,1101,005723.png,PNG,guidedDiffusion,guideddiffusion,train,1,PixDiff,train_v3_additions/aigi/cf_train_v3_pixdiff_aigi_0135368ea05c4b25_005723.png.png,complete
cf_train_v3_pixdiff_aigi_0153dcad86cd6707,pixdiff_aigi,data/HFCF_small_83.parquet,0,1396,002087.png,PNG,DeepFloyd,deepfloyd,train,1,PixDiff,train_v3_additions/aigi/cf_train_v3_pixdiff_aigi_0153dcad86cd6707_002087.png.png,complete
cf_train_v3_pixdiff_aigi_01770e2d1a784ac3,pixdiff_aigi,data/HFCF_small_67.parquet,0,1835,007031.png,PNG,guidedDiffusion,guideddiffusion,train,1,PixDiff,train_v3_additions/aigi/cf_train_v3_pixdiff_aigi_01770e2d1a784ac3_007031.png.png,complete
cf_train_v3_pixdiff_aigi_026292099d2bfcbe,pixdiff_aigi,data/HFCF_small_82.parquet,0,1089,038741.png,PNG,glide,glide,train,1,PixDiff,train_v3_additions/aigi/cf_train_v3_pixdiff_aigi_026292099d2bfcbe_038741.png.png,complete
cf_train_v3_pixdiff_aigi_02b63ab01a6d1076,pixdiff_aigi,data/HFCF_small_83.parquet,0,1621,005757.png,PNG,DeepFloyd,deepfloyd,train,1,PixDiff,train_v3_additions/aigi/cf_train_v3_pixdiff_aigi_02b63ab01a6d1076_005757.png.png,complete
cf_train_v3_pixdiff_aigi_035a2bad6a0e8c00,pixdiff_aigi,data/HFCF_small_67.parquet,0,1766,006936.png,PNG,guidedDiffusion,guideddiffusion,train,1,PixDiff,train_v3_additions/aigi/cf_train_v3_pixdiff_aigi_035a2bad6a0e8c00_006936.png.png,complete
cf_train_v3_pixdiff_aigi_03e15a1dc94197c8,pixdiff_aigi,data/HFCF_small_67.parquet,0,1429,007978.png,PNG,guidedDiffusion,guideddiffusion,train,1,PixDiff,train_v3_additions/aigi/cf_train_v3_pixdiff_aigi_03e15a1dc94197c8_007978.png.png,complete
cf_train_v3_pixdiff_aigi_03f7dcfb752c4fd7,pixdiff_aigi,data/HFCF_small_83.parquet,0,1498,008316.png,PNG,DeepFloyd,deepfloyd,train,1,PixDiff,train_v3_additions/aigi/cf_train_v3_pixdiff_aigi_03f7dcfb752c4fd7_008316.png.png,complete
cf_train_v3_pixdiff_aigi_03f8d4796e97791c,pixdiff_aigi,data/HFCF_small_67.parquet,0,2032,001199.png,PNG,guidedDiffusion,guideddiffusion,train,1,PixDiff,train_v3_additions/aigi/cf_train_v3_pixdiff_aigi_03f8d4796e97791c_001199.png.png,complete
cf_train_v3_pixdiff_aigi_03fce7abedaa74c4,pixdiff_aigi,data/HFCF_small_82.parquet,0,76,017076.png,PNG,glide,glide,train,1,PixDiff,train_v3_additions/aigi/cf_train_v3_pixdiff_aigi_03fce7abedaa74c4_017076.png.png,complete
cf_train_v3_pixdiff_aigi_04473ab156f97de2,pixdiff_aigi,data/HFCF_small_82.parquet,0,1514,024354.png,PNG,glide,glide,train,1,PixDiff,train_v3_additions/aigi/cf_train_v3_pixdiff_aigi_04473ab156f97de2_024354.png.png,complete
cf_train_v3_pixdiff_aigi_0484c9c4287e0bf6,pixdiff_aigi,data/HFCF_small_83.parquet,0,1219,005248.png,PNG,DeepFloyd,deepfloyd,train,1,PixDiff,train_v3_additions/aigi/cf_train_v3_pixdiff_aigi_0484c9c4287e0bf6_005248.png.png,complete
cf_train_v3_pixdiff_aigi_0492af32b379720f,pixdiff_aigi,data/HFCF_small_83.parquet,0,1594,001501.png,PNG,DeepFloyd,deepfloyd,train,1,PixDiff,train_v3_additions/aigi/cf_train_v3_pixdiff_aigi_0492af32b379720f_001501.png.png,complete
cf_train_v3_pixdiff_aigi_04bd4cea390e35b3,pixdiff_aigi,data/HFCF_small_83.parquet,0,1964,006506.png,PNG,DeepFloyd,deepfloyd,train,1,PixDiff,train_v3_additions/aigi/cf_train_v3_pixdiff_aigi_04bd4cea390e35b3_006506.png.png,complete
cf_train_v3_pixdiff_aigi_04d1508831121f17,pixdiff_aigi,data/HFCF_small_82.parquet,0,2032,035517.png,PNG,glide,glide,train,1,PixDiff,train_v3_additions/aigi/cf_train_v3_pixdiff_aigi_04d1508831121f17_035517.png.png,complete
cf_train_v3_pixdiff_aigi_04d48d417afd1b4c,pixdiff_aigi,data/HFCF_small_83.parquet,0,1476,001002.png,PNG,DeepFloyd,deepfloyd,train,1,PixDiff,train_v3_additions/aigi/cf_train_v3_pixdiff_aigi_04d48d417afd1b4c_001002.png.png,complete
cf_train_v3_pixdiff_aigi_04d88f41105b32b4,pixdiff_aigi,data/HFCF_small_67.parquet,0,1927,001461.png,PNG,guidedDiffusion,guideddiffusion,train,1,PixDiff,train_v3_additions/aigi/cf_train_v3_pixdiff_aigi_04d88f41105b32b4_001461.png.png,complete
cf_train_v3_pixdiff_aigi_05199cfe9cc41345,pixdiff_aigi,data/HFCF_small_83.parquet,0,1688,000260.png,PNG,DeepFloyd,deepfloyd,train,1,PixDiff,train_v3_additions/aigi/cf_train_v3_pixdiff_aigi_05199cfe9cc41345_000260.png.png,complete
cf_train_v3_pixdiff_aigi_05199d00e1fccec1,pixdiff_aigi,data/HFCF_small_67.parquet,0,1811,000436.png,PNG,guidedDiffusion,guideddiffusion,train,1,PixDiff,train_v3_additions/aigi/cf_train_v3_pixdiff_aigi_05199d00e1fccec1_000436.png.png,complete
cf_train_v3_pixdiff_aigi_05f405c69de8f364,pixdiff_aigi,data/HFCF_small_67.parquet,0,1588,002874.png,PNG,guidedDiffusion,guideddiffusion,train,1,PixDiff,train_v3_additions/aigi/cf_train_v3_pixdiff_aigi_05f405c69de8f364_002874.png.png,complete
cf_train_v3_pixdiff_aigi_06196f38c71a6233,pixdiff_aigi,data/HFCF_small_82.parquet,0,1232,030104.png,PNG,glide,glide,train,1,PixDiff,train_v3_additions/aigi/cf_train_v3_pixdiff_aigi_06196f38c71a6233_030104.png.png,complete
cf_train_v3_pixdiff_aigi_0637b770214028e8,pixdiff_aigi,data/HFCF_small_83.parquet,0,1114,006719.png,PNG,DeepFloyd,deepfloyd,train,1,PixDiff,train_v3_additions/aigi/cf_train_v3_pixdiff_aigi_0637b770214028e8_006719.png.png,complete
cf_train_v3_pixdiff_aigi_067193aed79f8862,pixdiff_aigi,data/HFCF_small_83.parquet,0,2070,000310.png,PNG,DeepFloyd,deepfloyd,train,1,PixDiff,train_v3_additions/aigi/cf_train_v3_pixdiff_aigi_067193aed79f8862_000310.png.png,complete
cf_train_v3_pixdiff_aigi_068c50ddf5616906,pixdiff_aigi,data/HFCF_small_67.parquet,0,1307,009509.png,PNG,guidedDiffusion,guideddiffusion,train,1,PixDiff,train_v3_additions/aigi/cf_train_v3_pixdiff_aigi_068c50ddf5616906_009509.png.png,complete
cf_train_v3_pixdiff_aigi_06bbc28e3afe764b,pixdiff_aigi,data/HFCF_small_82.parquet,0,2480,020099.png,PNG,glide,glide,train,1,PixDiff,train_v3_additions/aigi/cf_train_v3_pixdiff_aigi_06bbc28e3afe764b_020099.png.png,complete
cf_train_v3_pixdiff_aigi_0704901a684668dc,pixdiff_aigi,data/HFCF_small_67.parquet,0,2077,000310.png,PNG,guidedDiffusion,guideddiffusion,train,1,PixDiff,train_v3_additions/aigi/cf_train_v3_pixdiff_aigi_0704901a684668dc_000310.png.png,complete
cf_train_v3_pixdiff_aigi_0713bcbc15258163,pixdiff_aigi,data/HFCF_small_82.parquet,0,2134,015626.png,PNG,glide,glide,train,1,PixDiff,train_v3_additions/aigi/cf_train_v3_pixdiff_aigi_0713bcbc15258163_015626.png.png,complete
cf_train_v3_pixdiff_aigi_071f18b127798632,pixdiff_aigi,data/HFCF_small_82.parquet,0,2947,028647.png,PNG,glide,glide,train,1,PixDiff,train_v3_additions/aigi/cf_train_v3_pixdiff_aigi_071f18b127798632_028647.png.png,complete
cf_train_v3_pixdiff_aigi_0733518305efee4d,pixdiff_aigi,data/HFCF_small_83.parquet,0,1203,007370.png,PNG,DeepFloyd,deepfloyd,train,1,PixDiff,train_v3_additions/aigi/cf_train_v3_pixdiff_aigi_0733518305efee4d_007370.png.png,complete
cf_train_v3_pixdiff_aigi_0734b047dff2fb5a,pixdiff_aigi,data/HFCF_small_82.parquet,0,2151,009337.png,PNG,glide,glide,train,1,PixDiff,train_v3_additions/aigi/cf_train_v3_pixdiff_aigi_0734b047dff2fb5a_009337.png.png,complete
cf_train_v3_pixdiff_aigi_078b69683a3f8d78,pixdiff_aigi,data/HFCF_small_82.parquet,0,2803,038280.png,PNG,glide,glide,train,1,PixDiff,train_v3_additions/aigi/cf_train_v3_pixdiff_aigi_078b69683a3f8d78_038280.png.png,complete
cf_train_v3_pixdiff_aigi_07b1459276ba6790,pixdiff_aigi,data/HFCF_small_67.parquet,0,1515,000880.png,PNG,guidedDiffusion,guideddiffusion,train,1,PixDiff,train_v3_additions/aigi/cf_train_v3_pixdiff_aigi_07b1459276ba6790_000880.png.png,complete
cf_train_v3_pixdiff_aigi_08102bb25da5ffd0,pixdiff_aigi,data/HFCF_small_82.parquet,0,1250,027637.png,PNG,glide,glide,train,1,PixDiff,train_v3_additions/aigi/cf_train_v3_pixdiff_aigi_08102bb25da5ffd0_027637.png.png,complete
cf_train_v3_pixdiff_aigi_082f22d42f599845,pixdiff_aigi,data/HFCF_small_82.parquet,0,2323,026097.png,PNG,glide,glide,train,1,PixDiff,train_v3_additions/aigi/cf_train_v3_pixdiff_aigi_082f22d42f599845_026097.png.png,complete
cf_train_v3_pixdiff_aigi_08c2b05d9ea560f8,pixdiff_aigi,data/HFCF_small_83.parquet,0,1967,002274.png,PNG,DeepFloyd,deepfloyd,train,1,PixDiff,train_v3_additions/aigi/cf_train_v3_pixdiff_aigi_08c2b05d9ea560f8_002274.png.png,complete
cf_train_v3_pixdiff_aigi_08f2d4ce3fc10a7d,pixdiff_aigi,data/HFCF_small_82.parquet,0,1289,007032.png,PNG,glide,glide,train,1,PixDiff,train_v3_additions/aigi/cf_train_v3_pixdiff_aigi_08f2d4ce3fc10a7d_007032.png.png,complete
cf_train_v3_pixdiff_aigi_09090b02a6876c92,pixdiff_aigi,data/HFCF_small_83.parquet,0,1132,001487.png,PNG,DeepFloyd,deepfloyd,train,1,PixDiff,train_v3_additions/aigi/cf_train_v3_pixdiff_aigi_09090b02a6876c92_001487.png.png,complete
cf_train_v3_pixdiff_aigi_09343fdd042218fc,pixdiff_aigi,data/HFCF_small_82.parquet,0,1990,040322.png,PNG,glide,glide,train,1,PixDiff,train_v3_additions/aigi/cf_train_v3_pixdiff_aigi_09343fdd042218fc_040322.png.png,complete
cf_train_v3_pixdiff_aigi_0940ee74c44eb23d,pixdiff_aigi,data/HFCF_small_82.parquet,0,1237,013824.png,PNG,glide,glide,train,1,PixDiff,train_v3_additions/aigi/cf_train_v3_pixdiff_aigi_0940ee74c44eb23d_013824.png.png,complete
cf_train_v3_pixdiff_aigi_0965319896ab0b9c,pixdiff_aigi,data/HFCF_small_67.parquet,0,1451,002452.png,PNG,guidedDiffusion,guideddiffusion,train,1,PixDiff,train_v3_additions/aigi/cf_train_v3_pixdiff_aigi_0965319896ab0b9c_002452.png.png,complete
cf_train_v3_pixdiff_aigi_09726b2a10e9225b,pixdiff_aigi,data/HFCF_small_83.parquet,0,1837,005478.png,PNG,DeepFloyd,deepfloyd,train,1,PixDiff,train_v3_additions/aigi/cf_train_v3_pixdiff_aigi_09726b2a10e9225b_005478.png.png,complete
cf_train_v3_pixdiff_aigi_0a3aa42d14e95c6b,pixdiff_aigi,data/HFCF_small_67.parquet,0,2094,000297.png,PNG,guidedDiffusion,guideddiffusion,train,1,PixDiff,train_v3_additions/aigi/cf_train_v3_pixdiff_aigi_0a3aa42d14e95c6b_000297.png.png,complete
cf_train_v3_pixdiff_aigi_0a641adeb2e13451,pixdiff_aigi,data/HFCF_small_67.parquet,0,1726,009841.png,PNG,guidedDiffusion,guideddiffusion,train,1,PixDiff,train_v3_additions/aigi/cf_train_v3_pixdiff_aigi_0a641adeb2e13451_009841.png.png,complete
cf_train_v3_pixdiff_aigi_0a97a578f851c2fe,pixdiff_aigi,data/HFCF_small_83.parquet,0,1381,004269.png,PNG,DeepFloyd,deepfloyd,train,1,PixDiff,train_v3_additions/aigi/cf_train_v3_pixdiff_aigi_0a97a578f851c2fe_004269.png.png,complete
cf_train_v3_pixdiff_aigi_0aa247ad758e9c31,pixdiff_aigi,data/HFCF_small_83.parquet,0,1653,000512.png,PNG,DeepFloyd,deepfloyd,train,1,PixDiff,train_v3_additions/aigi/cf_train_v3_pixdiff_aigi_0aa247ad758e9c31_000512.png.png,complete
cf_train_v3_pixdiff_aigi_0abd9ce53dbca575,pixdiff_aigi,data/HFCF_small_67.parquet,0,1558,009481.png,PNG,guidedDiffusion,guideddiffusion,train,1,PixDiff,train_v3_additions/aigi/cf_train_v3_pixdiff_aigi_0abd9ce53dbca575_009481.png.png,complete
cf_train_v3_pixdiff_aigi_0acdf1eb05733e51,pixdiff_aigi,data/HFCF_small_67.parquet,0,1375,006493.png,PNG,guidedDiffusion,guideddiffusion,train,1,PixDiff,train_v3_additions/aigi/cf_train_v3_pixdiff_aigi_0acdf1eb05733e51_006493.png.png,complete
cf_train_v3_pixdiff_aigi_0af0b79996df94b3,pixdiff_aigi,data/HFCF_small_83.parquet,0,1915,001701.png,PNG,DeepFloyd,deepfloyd,train,1,PixDiff,train_v3_additions/aigi/cf_train_v3_pixdiff_aigi_0af0b79996df94b3_001701.png.png,complete
cf_train_v3_pixdiff_aigi_0b76f80eb4f7ac5f,pixdiff_aigi,data/HFCF_small_83.parquet,0,1395,000283.png,PNG,DeepFloyd,deepfloyd,train,1,PixDiff,train_v3_additions/aigi/cf_train_v3_pixdiff_aigi_0b76f80eb4f7ac5f_000283.png.png,complete
cf_train_v3_pixdiff_aigi_0b8fef1b8700481a,pixdiff_aigi,data/HFCF_small_83.parquet,0,1109,008817.png,PNG,DeepFloyd,deepfloyd,train,1,PixDiff,train_v3_additions/aigi/cf_train_v3_pixdiff_aigi_0b8fef1b8700481a_008817.png.png,complete
cf_train_v3_pixdiff_aigi_0bf26de135d26cb6,pixdiff_aigi,data/HFCF_small_83.parquet,0,1422,007978.png,PNG,DeepFloyd,deepfloyd,train,1,PixDiff,train_v3_additions/aigi/cf_train_v3_pixdiff_aigi_0bf26de135d26cb6_007978.png.png,complete
cf_train_v3_pixdiff_aigi_0c07e642725b3257,pixdiff_aigi,data/HFCF_small_83.parquet,0,1647,007126.png,PNG,DeepFloyd,deepfloyd,train,1,PixDiff,train_v3_additions/aigi/cf_train_v3_pixdiff_aigi_0c07e642725b3257_007126.png.png,complete
cf_train_v3_pixdiff_aigi_0c19866c64a99f2c,pixdiff_aigi,data/HFCF_small_82.parquet,0,924,034134.png,PNG,glide,glide,train,1,PixDiff,train_v3_additions/aigi/cf_train_v3_pixdiff_aigi_0c19866c64a99f2c_034134.png.png,complete
cf_train_v3_pixdiff_aigi_0c20f00e00e4d05e,pixdiff_aigi,data/HFCF_small_83.parquet,0,1390,003031.png,PNG,DeepFloyd,deepfloyd,train,1,PixDiff,train_v3_additions/aigi/cf_train_v3_pixdiff_aigi_0c20f00e00e4d05e_003031.png.png,complete
cf_train_v3_pixdiff_aigi_0c3e2064a0bef400,pixdiff_aigi,data/HFCF_small_83.parquet,0,1264,008670.png,PNG,DeepFloyd,deepfloyd,train,1,PixDiff,train_v3_additions/aigi/cf_train_v3_pixdiff_aigi_0c3e2064a0bef400_008670.png.png,complete
cf_train_v3_pixdiff_aigi_0c4b2c8afa875e78,pixdiff_aigi,data/HFCF_small_82.parquet,0,1772,005404.png,PNG,glide,glide,train,1,PixDiff,train_v3_additions/aigi/cf_train_v3_pixdiff_aigi_0c4b2c8afa875e78_005404.png.png,complete
cf_train_v3_pixdiff_aigi_0caa8106b639e436,pixdiff_aigi,data/HFCF_small_82.parquet,0,973,009895.png,PNG,glide,glide,train,1,PixDiff,train_v3_additions/aigi/cf_train_v3_pixdiff_aigi_0caa8106b639e436_009895.png.png,complete
cf_train_v3_pixdiff_aigi_0cfc13dba107b266,pixdiff_aigi,data/HFCF_small_82.parquet,0,2983,007836.png,PNG,glide,glide,train,1,PixDiff,train_v3_additions/aigi/cf_train_v3_pixdiff_aigi_0cfc13dba107b266_007836.png.png,complete
cf_train_v3_pixdiff_aigi_0d18dcc8f32ecaa0,pixdiff_aigi,data/HFCF_small_82.parquet,0,2544,043231.png,PNG,glide,glide,train,1,PixDiff,train_v3_additions/aigi/cf_train_v3_pixdiff_aigi_0d18dcc8f32ecaa0_043231.png.png,complete
cf_train_v3_pixdiff_aigi_0e137a9221471be8,pixdiff_aigi,data/HFCF_small_67.parquet,0,1296,008792.png,PNG,guidedDiffusion,guideddiffusion,train,1,PixDiff,train_v3_additions/aigi/cf_train_v3_pixdiff_aigi_0e137a9221471be8_008792.png.png,complete
cf_train_v3_pixdiff_aigi_0e322c0168648ec3,pixdiff_aigi,data/HFCF_small_83.parquet,0,1110,008624.png,PNG,DeepFloyd,deepfloyd,train,1,PixDiff,train_v3_additions/aigi/cf_train_v3_pixdiff_aigi_0e322c0168648ec3_008624.png.png,complete
cf_train_v3_pixdiff_aigi_0e34b66936eda451,pixdiff_aigi,data/HFCF_small_83.parquet,0,1340,002028.png,PNG,DeepFloyd,deepfloyd,train,1,PixDiff,train_v3_additions/aigi/cf_train_v3_pixdiff_aigi_0e34b66936eda451_002028.png.png,complete
cf_train_v3_pixdiff_aigi_0eb6264b759a6b73,pixdiff_aigi,data/HFCF_small_82.parquet,0,272,022132.png,PNG,glide,glide,train,1,PixDiff,train_v3_additions/aigi/cf_train_v3_pixdiff_aigi_0eb6264b759a6b73_022132.png.png,complete
cf_train_v3_pixdiff_aigi_0eea10536619c3be,pixdiff_aigi,data/HFCF_small_83.parquet,0,1684,001598.png,PNG,DeepFloyd,deepfloyd,train,1,PixDiff,train_v3_additions/aigi/cf_train_v3_pixdiff_aigi_0eea10536619c3be_001598.png.png,complete
cf_train_v3_pixdiff_aigi_0f60d961d1c8c342,pixdiff_aigi,data/HFCF_small_82.parquet,0,2824,040938.png,PNG,glide,glide,train,1,PixDiff,train_v3_additions/aigi/cf_train_v3_pixdiff_aigi_0f60d961d1c8c342_040938.png.png,complete
cf_train_v3_pixdiff_aigi_0f6b398a7390c668,pixdiff_aigi,data/HFCF_small_82.parquet,0,2070,033268.png,PNG,glide,glide,train,1,PixDiff,train_v3_additions/aigi/cf_train_v3_pixdiff_aigi_0f6b398a7390c668_033268.png.png,complete
cf_train_v3_pixdiff_aigi_0f84629e880fd596,pixdiff_aigi,data/HFCF_small_67.parquet,0,1992,004975.png,PNG,guidedDiffusion,guideddiffusion,train,1,PixDiff,train_v3_additions/aigi/cf_train_v3_pixdiff_aigi_0f84629e880fd596_004975.png.png,complete
cf_train_v3_pixdiff_aigi_0fadc22697963be2,pixdiff_aigi,data/HFCF_small_83.parquet,0,1314,006712.png,PNG,DeepFloyd,deepfloyd,train,1,PixDiff,train_v3_additions/aigi/cf_train_v3_pixdiff_aigi_0fadc22697963be2_006712.png.png,complete
cf_train_v3_pixdiff_aigi_0fe65ff956be7937,pixdiff_aigi,data/HFCF_small_67.parquet,0,1595,002516.png,PNG,guidedDiffusion,guideddiffusion,train,1,PixDiff,train_v3_additions/aigi/cf_train_v3_pixdiff_aigi_0fe65ff956be7937_002516.png.png,complete
cf_train_v3_pixdiff_aigi_11b91a1e281924e8,pixdiff_aigi,data/HFCF_small_67.parquet,0,1338,006795.png,PNG,guidedDiffusion,guideddiffusion,train,1,PixDiff,train_v3_additions/aigi/cf_train_v3_pixdiff_aigi_11b91a1e281924e8_006795.png.png,complete
cf_train_v3_pixdiff_aigi_11c5ffef33cbe96c,pixdiff_aigi,data/HFCF_small_83.parquet,0,1492,000586.png,PNG,DeepFloyd,deepfloyd,train,1,PixDiff,train_v3_additions/aigi/cf_train_v3_pixdiff_aigi_11c5ffef33cbe96c_000586.png.png,complete
cf_train_v3_pixdiff_aigi_12053796f119c772,pixdiff_aigi,data/HFCF_small_82.parquet,0,1688,000873.png,PNG,glide,glide,train,1,PixDiff,train_v3_additions/aigi/cf_train_v3_pixdiff_aigi_12053796f119c772_000873.png.png,complete
cf_train_v3_pixdiff_aigi_1234e6567f0ef7ee,pixdiff_aigi,data/HFCF_small_82.parquet,0,1430,012475.png,PNG,glide,glide,train,1,PixDiff,train_v3_additions/aigi/cf_train_v3_pixdiff_aigi_1234e6567f0ef7ee_012475.png.png,complete
cf_train_v3_pixdiff_aigi_1244a13b52fb3fd7,pixdiff_aigi,data/HFCF_small_82.parquet,0,1403,042108.png,PNG,glide,glide,train,1,PixDiff,train_v3_additions/aigi/cf_train_v3_pixdiff_aigi_1244a13b52fb3fd7_042108.png.png,complete
cf_train_v3_pixdiff_aigi_126c123ee4b60802,pixdiff_aigi,data/HFCF_small_82.parquet,0,137,042048.png,PNG,glide,glide,train,1,PixDiff,train_v3_additions/aigi/cf_train_v3_pixdiff_aigi_126c123ee4b60802_042048.png.png,complete
cf_train_v3_pixdiff_aigi_12ec864c7f4d4136,pixdiff_aigi,data/HFCF_small_67.parquet,0,1427,007288.png,PNG,guidedDiffusion,guideddiffusion,train,1,PixDiff,train_v3_additions/aigi/cf_train_v3_pixdiff_aigi_12ec864c7f4d4136_007288.png.png,complete
cf_train_v3_pixdiff_aigi_138d33a29a8a6808,pixdiff_aigi,data/HFCF_small_82.parquet,0,1964,048468.png,PNG,glide,glide,train,1,PixDiff,train_v3_additions/aigi/cf_train_v3_pixdiff_aigi_138d33a29a8a6808_048468.png.png,complete
cf_train_v3_pixdiff_aigi_14c37baf17e36d69,pixdiff_aigi,data/HFCF_small_83.parquet,0,1926,005869.png,PNG,DeepFloyd,deepfloyd,train,1,PixDiff,train_v3_additions/aigi/cf_train_v3_pixdiff_aigi_14c37baf17e36d69_005869.png.png,complete
cf_train_v3_pixdiff_aigi_14e3a55655d889b7,pixdiff_aigi,data/HFCF_small_83.parquet,0,1822,002079.png,PNG,DeepFloyd,deepfloyd,train,1,PixDiff,train_v3_additions/aigi/cf_train_v3_pixdiff_aigi_14e3a55655d889b7_002079.png.png,complete
cf_train_v3_pixdiff_aigi_14e43732ebf213d2,pixdiff_aigi,data/HFCF_small_82.parquet,0,2265,047619.png,PNG,glide,glide,train,1,PixDiff,train_v3_additions/aigi/cf_train_v3_pixdiff_aigi_14e43732ebf213d2_047619.png.png,complete
cf_train_v3_pixdiff_aigi_151675b04735f7ec,pixdiff_aigi,data/HFCF_small_82.parquet,0,2031,036454.png,PNG,glide,glide,train,1,PixDiff,train_v3_additions/aigi/cf_train_v3_pixdiff_aigi_151675b04735f7ec_036454.png.png,complete
cf_train_v3_pixdiff_aigi_152cb95295d09e86,pixdiff_aigi,data/HFCF_small_67.parquet,0,1626,004805.png,PNG,guidedDiffusion,guideddiffusion,train,1,PixDiff,train_v3_additions/aigi/cf_train_v3_pixdiff_aigi_152cb95295d09e86_004805.png.png,complete
cf_train_v3_pixdiff_aigi_15a5434e6d926677,pixdiff_aigi,data/HFCF_small_82.parquet,0,1270,030617.png,PNG,glide,glide,train,1,PixDiff,train_v3_additions/aigi/cf_train_v3_pixdiff_aigi_15a5434e6d926677_030617.png.png,complete
cf_train_v3_pixdiff_aigi_15d60391223533c2,pixdiff_aigi,data/HFCF_small_83.parquet,0,1899,004754.png,PNG,DeepFloyd,deepfloyd,train,1,PixDiff,train_v3_additions/aigi/cf_train_v3_pixdiff_aigi_15d60391223533c2_004754.png.png,complete
cf_train_v3_pixdiff_aigi_16429fe669e56c1d,pixdiff_aigi,data/HFCF_small_67.parquet,0,2081,001499.png,PNG,guidedDiffusion,guideddiffusion,train,1,PixDiff,train_v3_additions/aigi/cf_train_v3_pixdiff_aigi_16429fe669e56c1d_001499.png.png,complete
cf_train_v3_pixdiff_aigi_16439a48649c7b64,pixdiff_aigi,data/HFCF_small_67.parquet,0,1270,004333.png,PNG,guidedDiffusion,guideddiffusion,train,1,PixDiff,train_v3_additions/aigi/cf_train_v3_pixdiff_aigi_16439a48649c7b64_004333.png.png,complete
cf_train_v3_pixdiff_aigi_16575e31a7c4de42,pixdiff_aigi,data/HFCF_small_67.parquet,0,1528,005023.png,PNG,guidedDiffusion,guideddiffusion,train,1,PixDiff,train_v3_additions/aigi/cf_train_v3_pixdiff_aigi_16575e31a7c4de42_005023.png.png,complete
cf_train_v3_pixdiff_aigi_168abc47c537b449,pixdiff_aigi,data/HFCF_small_82.parquet,0,882,038332.png,PNG,glide,glide,train,1,PixDiff,train_v3_additions/aigi/cf_train_v3_pixdiff_aigi_168abc47c537b449_038332.png.png,complete
cf_train_v3_pixdiff_aigi_169f7d46efd2048a,pixdiff_aigi,data/HFCF_small_82.parquet,0,2676,027209.png,PNG,glide,glide,train,1,PixDiff,train_v3_additions/aigi/cf_train_v3_pixdiff_aigi_169f7d46efd2048a_027209.png.png,complete
cf_train_v3_pixdiff_aigi_16dc8d93af678403,pixdiff_aigi,data/HFCF_small_82.parquet,0,105,049104.png,PNG,glide,glide,train,1,PixDiff,train_v3_additions/aigi/cf_train_v3_pixdiff_aigi_16dc8d93af678403_049104.png.png,complete
cf_train_v3_pixdiff_aigi_16f59fbb46b4c4b7,pixdiff_aigi,data/HFCF_small_83.parquet,0,1382,001172.png,PNG,DeepFloyd,deepfloyd,train,1,PixDiff,train_v3_additions/aigi/cf_train_v3_pixdiff_aigi_16f59fbb46b4c4b7_001172.png.png,complete
cf_train_v3_pixdiff_aigi_17c35bdfdcf312c9,pixdiff_aigi,data/HFCF_small_83.parquet,0,1495,004793.png,PNG,DeepFloyd,deepfloyd,train,1,PixDiff,train_v3_additions/aigi/cf_train_v3_pixdiff_aigi_17c35bdfdcf312c9_004793.png.png,complete
cf_train_v3_pixdiff_aigi_18546b54cfa07f8d,pixdiff_aigi,data/HFCF_small_82.parquet,0,965,042381.png,PNG,glide,glide,train,1,PixDiff,train_v3_additions/aigi/cf_train_v3_pixdiff_aigi_18546b54cfa07f8d_042381.png.png,complete
cf_train_v3_pixdiff_aigi_18777635598ccc85,pixdiff_aigi,data/HFCF_small_67.parquet,0,2100,006048.png,PNG,guidedDiffusion,guideddiffusion,train,1,PixDiff,train_v3_additions/aigi/cf_train_v3_pixdiff_aigi_18777635598ccc85_006048.png.png,complete
cf_train_v3_pixdiff_aigi_18e63c79802c74c7,pixdiff_aigi,data/HFCF_small_82.parquet,0,2800,033053.png,PNG,glide,glide,train,1,PixDiff,train_v3_additions/aigi/cf_train_v3_pixdiff_aigi_18e63c79802c74c7_033053.png.png,complete
cf_train_v3_pixdiff_aigi_18e7d0e7afe25a98,pixdiff_aigi,data/HFCF_small_67.parquet,0,1575,001489.png,PNG,guidedDiffusion,guideddiffusion,train,1,PixDiff,train_v3_additions/aigi/cf_train_v3_pixdiff_aigi_18e7d0e7afe25a98_001489.png.png,complete
cf_train_v3_pixdiff_aigi_18f2c831c6bee345,pixdiff_aigi,data/HFCF_small_82.parquet,0,1199,040375.png,PNG,glide,glide,train,1,PixDiff,train_v3_additions/aigi/cf_train_v3_pixdiff_aigi_18f2c831c6bee345_040375.png.png,complete
cf_train_v3_pixdiff_aigi_18ff250740429679,pixdiff_aigi,data/HFCF_small_67.parquet,0,1951,006214.png,PNG,guidedDiffusion,guideddiffusion,train,1,PixDiff,train_v3_additions/aigi/cf_train_v3_pixdiff_aigi_18ff250740429679_006214.png.png,complete
cf_train_v3_pixdiff_aigi_1a915e12e8a7c50a,pixdiff_aigi,data/HFCF_small_67.parquet,0,1919,009380.png,PNG,guidedDiffusion,guideddiffusion,train,1,PixDiff,train_v3_additions/aigi/cf_train_v3_pixdiff_aigi_1a915e12e8a7c50a_009380.png.png,complete
cf_train_v3_pixdiff_aigi_1abdaf3fe2302a2e,pixdiff_aigi,data/HFCF_small_67.parquet,0,1271,008670.png,PNG,guidedDiffusion,guideddiffusion,train,1,PixDiff,train_v3_additions/aigi/cf_train_v3_pixdiff_aigi_1abdaf3fe2302a2e_008670.png.png,complete
cf_train_v3_pixdiff_aigi_1ae107ba3ea1b1d8,pixdiff_aigi,data/HFCF_small_83.parquet,0,1602,002091.png,PNG,DeepFloyd,deepfloyd,train,1,PixDiff,train_v3_additions/aigi/cf_train_v3_pixdiff_aigi_1ae107ba3ea1b1d8_002091.png.png,complete
cf_train_v3_pixdiff_aigi_1ae70d20204aac1d,pixdiff_aigi,data/HFCF_small_83.parquet,0,2013,007911.png,PNG,DeepFloyd,deepfloyd,train,1,PixDiff,train_v3_additions/aigi/cf_train_v3_pixdiff_aigi_1ae70d20204aac1d_007911.png.png,complete
cf_train_v3_pixdiff_aigi_1ae90039ba91fe71,pixdiff_aigi,data/HFCF_small_82.parquet,0,2823,048757.png,PNG,glide,glide,train,1,PixDiff,train_v3_additions/aigi/cf_train_v3_pixdiff_aigi_1ae90039ba91fe71_048757.png.png,complete
cf_train_v3_pixdiff_aigi_1b598d733f5e9fa6,pixdiff_aigi,data/HFCF_small_83.parquet,0,1997,004298.png,PNG,DeepFloyd,deepfloyd,train,1,PixDiff,train_v3_additions/aigi/cf_train_v3_pixdiff_aigi_1b598d733f5e9fa6_004298.png.png,complete
cf_train_v3_pixdiff_aigi_1bd12b4c329ed1e7,pixdiff_aigi,data/HFCF_small_83.parquet,0,1576,009889.png,PNG,DeepFloyd,deepfloyd,train,1,PixDiff,train_v3_additions/aigi/cf_train_v3_pixdiff_aigi_1bd12b4c329ed1e7_009889.png.png,complete
cf_train_v3_pixdiff_aigi_1c0a9e7200f118e2,pixdiff_aigi,data/HFCF_small_82.parquet,0,1623,037942.png,PNG,glide,glide,train,1,PixDiff,train_v3_additions/aigi/cf_train_v3_pixdiff_aigi_1c0a9e7200f118e2_037942.png.png,complete
cf_train_v3_pixdiff_aigi_1c1afad93ae56fd7,pixdiff_aigi,data/HFCF_small_82.parquet,0,1361,024242.png,PNG,glide,glide,train,1,PixDiff,train_v3_additions/aigi/cf_train_v3_pixdiff_aigi_1c1afad93ae56fd7_024242.png.png,complete
cf_train_v3_pixdiff_aigi_1c706b925c7b844e,pixdiff_aigi,data/HFCF_small_83.parquet,0,2086,003060.png,PNG,DeepFloyd,deepfloyd,train,1,PixDiff,train_v3_additions/aigi/cf_train_v3_pixdiff_aigi_1c706b925c7b844e_003060.png.png,complete
cf_train_v3_pixdiff_aigi_1ce698c38b0f6c64,pixdiff_aigi,data/HFCF_small_67.parquet,0,1765,009494.png,PNG,guidedDiffusion,guideddiffusion,train,1,PixDiff,train_v3_additions/aigi/cf_train_v3_pixdiff_aigi_1ce698c38b0f6c64_009494.png.png,complete
cf_train_v3_pixdiff_aigi_1d15ef93e28e66c2,pixdiff_aigi,data/HFCF_small_67.parquet,0,1802,009463.png,PNG,guidedDiffusion,guideddiffusion,train,1,PixDiff,train_v3_additions/aigi/cf_train_v3_pixdiff_aigi_1d15ef93e28e66c2_009463.png.png,complete
cf_train_v3_pixdiff_aigi_1d638a7156860f9a,pixdiff_aigi,data/HFCF_small_82.parquet,0,1590,032326.png,PNG,glide,glide,train,1,PixDiff,train_v3_additions/aigi/cf_train_v3_pixdiff_aigi_1d638a7156860f9a_032326.png.png,complete
cf_train_v3_pixdiff_aigi_1d69f2456c92a7e8,pixdiff_aigi,data/HFCF_small_82.parquet,0,331,038254.png,PNG,glide,glide,train,1,PixDiff,train_v3_additions/aigi/cf_train_v3_pixdiff_aigi_1d69f2456c92a7e8_038254.png.png,complete
cf_train_v3_pixdiff_aigi_1dadc7c5575af5e5,pixdiff_aigi,data/HFCF_small_83.parquet,0,2065,006288.png,PNG,DeepFloyd,deepfloyd,train,1,PixDiff,train_v3_additions/aigi/cf_train_v3_pixdiff_aigi_1dadc7c5575af5e5_006288.png.png,complete
cf_train_v3_pixdiff_aigi_1db2363c55f4836e,pixdiff_aigi,data/HFCF_small_67.parquet,0,1952,000945.png,PNG,guidedDiffusion,guideddiffusion,train,1,PixDiff,train_v3_additions/aigi/cf_train_v3_pixdiff_aigi_1db2363c55f4836e_000945.png.png,complete
cf_train_v3_pixdiff_aigi_1db9a350aa4fc5d5,pixdiff_aigi,data/HFCF_small_82.parquet,0,1809,020720.png,PNG,glide,glide,train,1,PixDiff,train_v3_additions/aigi/cf_train_v3_pixdiff_aigi_1db9a350aa4fc5d5_020720.png.png,complete
cf_train_v3_pixdiff_aigi_1e6b02400d27c1a9,pixdiff_aigi,data/HFCF_small_82.parquet,0,2256,018137.png,PNG,glide,glide,train,1,PixDiff,train_v3_additions/aigi/cf_train_v3_pixdiff_aigi_1e6b02400d27c1a9_018137.png.png,complete
cf_train_v3_pixdiff_aigi_1e8351edade5aff2,pixdiff_aigi,data/HFCF_small_82.parquet,0,1247,016471.png,PNG,glide,glide,train,1,PixDiff,train_v3_additions/aigi/cf_train_v3_pixdiff_aigi_1e8351edade5aff2_016471.png.png,complete
cf_train_v3_pixdiff_aigi_1eb30eca2bd68f11,pixdiff_aigi,data/HFCF_small_82.parquet,0,1129,002064.png,PNG,glide,glide,train,1,PixDiff,train_v3_additions/aigi/cf_train_v3_pixdiff_aigi_1eb30eca2bd68f11_002064.png.png,complete
cf_train_v3_pixdiff_aigi_1f2f325479dd7c1b,pixdiff_aigi,data/HFCF_small_82.parquet,0,413,030280.png,PNG,glide,glide,train,1,PixDiff,train_v3_additions/aigi/cf_train_v3_pixdiff_aigi_1f2f325479dd7c1b_030280.png.png,complete
cf_train_v3_pixdiff_aigi_1f50e3dfad068cc4,pixdiff_aigi,data/HFCF_small_83.parquet,0,1351,003061.png,PNG,DeepFloyd,deepfloyd,train,1,PixDiff,train_v3_additions/aigi/cf_train_v3_pixdiff_aigi_1f50e3dfad068cc4_003061.png.png,complete
cf_train_v3_pixdiff_aigi_1f6eda408c8408d5,pixdiff_aigi,data/HFCF_small_67.parquet,0,1565,006116.png,PNG,guidedDiffusion,guideddiffusion,train,1,PixDiff,train_v3_additions/aigi/cf_train_v3_pixdiff_aigi_1f6eda408c8408d5_006116.png.png,complete
cf_train_v3_pixdiff_aigi_1fbff6362f952d11,pixdiff_aigi,data/HFCF_small_83.parquet,0,1690,000022.png,PNG,DeepFloyd,deepfloyd,train,1,PixDiff,train_v3_additions/aigi/cf_train_v3_pixdiff_aigi_1fbff6362f952d11_000022.png.png,complete
cf_train_v3_pixdiff_aigi_2056b6eb158a5476,pixdiff_aigi,data/HFCF_small_82.parquet,0,2363,020316.png,PNG,glide,glide,train,1,PixDiff,train_v3_additions/aigi/cf_train_v3_pixdiff_aigi_2056b6eb158a5476_020316.png.png,complete
cf_train_v3_pixdiff_aigi_20749135859287dd,pixdiff_aigi,data/HFCF_small_67.parquet,0,2108,005951.png,PNG,guidedDiffusion,guideddiffusion,train,1,PixDiff,train_v3_additions/aigi/cf_train_v3_pixdiff_aigi_20749135859287dd_005951.png.png,complete
cf_train_v3_pixdiff_aigi_20e8871f437c4b82,pixdiff_aigi,data/HFCF_small_83.parquet,0,1948,008130.png,PNG,DeepFloyd,deepfloyd,train,1,PixDiff,train_v3_additions/aigi/cf_train_v3_pixdiff_aigi_20e8871f437c4b82_008130.png.png,complete
cf_train_v3_pixdiff_aigi_20effa54532763ba,pixdiff_aigi,data/HFCF_small_67.parquet,0,1112,000752.png,PNG,guidedDiffusion,guideddiffusion,train,1,PixDiff,train_v3_additions/aigi/cf_train_v3_pixdiff_aigi_20effa54532763ba_000752.png.png,complete
cf_train_v3_pixdiff_aigi_21094b372be07b88,pixdiff_aigi,data/HFCF_small_83.parquet,0,1984,006553.png,PNG,DeepFloyd,deepfloyd,train,1,PixDiff,train_v3_additions/aigi/cf_train_v3_pixdiff_aigi_21094b372be07b88_006553.png.png,complete
cf_train_v3_pixdiff_aigi_214fc83875ede913,pixdiff_aigi,data/HFCF_small_82.parquet,0,1382,005103.png,PNG,glide,glide,train,1,PixDiff,train_v3_additions/aigi/cf_train_v3_pixdiff_aigi_214fc83875ede913_005103.png.png,complete
cf_train_v3_pixdiff_aigi_215c3a810712b49e,pixdiff_aigi,data/HFCF_small_82.parquet,0,1120,036222.png,PNG,glide,glide,train,1,PixDiff,train_v3_additions/aigi/cf_train_v3_pixdiff_aigi_215c3a810712b49e_036222.png.png,complete
cf_train_v3_pixdiff_aigi_21654d04241b8748,pixdiff_aigi,data/HFCF_small_67.parquet,0,1452,009832.png,PNG,guidedDiffusion,guideddiffusion,train,1,PixDiff,train_v3_additions/aigi/cf_train_v3_pixdiff_aigi_21654d04241b8748_009832.png.png,complete
cf_train_v3_pixdiff_aigi_21a8e76a6e1691ca,pixdiff_aigi,data/HFCF_small_67.parquet,0,1973,008374.png,PNG,guidedDiffusion,guideddiffusion,train,1,PixDiff,train_v3_additions/aigi/cf_train_v3_pixdiff_aigi_21a8e76a6e1691ca_008374.png.png,complete
cf_train_v3_pixdiff_aigi_21e07ca2dc035c61,pixdiff_aigi,data/HFCF_small_82.parquet,0,1848,026261.png,PNG,glide,glide,train,1,PixDiff,train_v3_additions/aigi/cf_train_v3_pixdiff_aigi_21e07ca2dc035c61_026261.png.png,complete
cf_train_v3_pixdiff_aigi_222287901e788592,pixdiff_aigi,data/HFCF_small_82.parquet,0,1986,009609.png,PNG,glide,glide,train,1,PixDiff,train_v3_additions/aigi/cf_train_v3_pixdiff_aigi_222287901e788592_009609.png.png,complete
cf_train_v3_pixdiff_aigi_22336b68f690dc17,pixdiff_aigi,data/HFCF_small_82.parquet,0,1594,023193.png,PNG,glide,glide,train,1,PixDiff,train_v3_additions/aigi/cf_train_v3_pixdiff_aigi_22336b68f690dc17_023193.png.png,complete
cf_train_v3_pixdiff_aigi_226b6ce4d4fe3f55,pixdiff_aigi,data/HFCF_small_83.parquet,0,1826,009437.png,PNG,DeepFloyd,deepfloyd,train,1,PixDiff,train_v3_additions/aigi/cf_train_v3_pixdiff_aigi_226b6ce4d4fe3f55_009437.png.png,complete
cf_train_v3_pixdiff_aigi_2281224279b85d91,pixdiff_aigi,data/HFCF_small_67.parquet,0,1461,006819.png,PNG,guidedDiffusion,guideddiffusion,train,1,PixDiff,train_v3_additions/aigi/cf_train_v3_pixdiff_aigi_2281224279b85d91_006819.png.png,complete
cf_train_v3_pixdiff_aigi_23a0c70004e0daa2,pixdiff_aigi,data/HFCF_small_83.parquet,0,1935,005069.png,PNG,DeepFloyd,deepfloyd,train,1,PixDiff,train_v3_additions/aigi/cf_train_v3_pixdiff_aigi_23a0c70004e0daa2_005069.png.png,complete
cf_train_v3_pixdiff_aigi_23b9919cacee8c1f,pixdiff_aigi,data/HFCF_small_83.parquet,0,1638,005526.png,PNG,DeepFloyd,deepfloyd,train,1,PixDiff,train_v3_additions/aigi/cf_train_v3_pixdiff_aigi_23b9919cacee8c1f_005526.png.png,complete
cf_train_v3_pixdiff_aigi_23d6ea9bbff145e3,pixdiff_aigi,data/HFCF_small_67.parquet,0,1867,002170.png,PNG,guidedDiffusion,guideddiffusion,train,1,PixDiff,train_v3_additions/aigi/cf_train_v3_pixdiff_aigi_23d6ea9bbff145e3_002170.png.png,complete
cf_train_v3_pixdiff_aigi_240ac66ab097c870,pixdiff_aigi,data/HFCF_small_67.parquet,0,1668,006972.png,PNG,guidedDiffusion,guideddiffusion,train,1,PixDiff,train_v3_additions/aigi/cf_train_v3_pixdiff_aigi_240ac66ab097c870_006972.png.png,complete
cf_train_v3_pixdiff_aigi_24a6741ec77ebcd6,pixdiff_aigi,data/HFCF_small_82.parquet,0,717,038226.png,PNG,glide,glide,train,1,PixDiff,train_v3_additions/aigi/cf_train_v3_pixdiff_aigi_24a6741ec77ebcd6_038226.png.png,complete
cf_train_v3_pixdiff_aigi_24e6b0ff0fd47dc4,pixdiff_aigi,data/HFCF_small_82.parquet,0,968,036336.png,PNG,glide,glide,train,1,PixDiff,train_v3_additions/aigi/cf_train_v3_pixdiff_aigi_24e6b0ff0fd47dc4_036336.png.png,complete
cf_train_v3_pixdiff_aigi_2514fcd0222b2d82,pixdiff_aigi,data/HFCF_small_82.parquet,0,1209,009838.png,PNG,glide,glide,train,1,PixDiff,train_v3_additions/aigi/cf_train_v3_pixdiff_aigi_2514fcd0222b2d82_009838.png.png,complete
cf_train_v3_pixdiff_aigi_252f8de8bdc61c21,pixdiff_aigi,data/HFCF_small_82.parquet,0,1360,030702.png,PNG,glide,glide,train,1,PixDiff,train_v3_additions/aigi/cf_train_v3_pixdiff_aigi_252f8de8bdc61c21_030702.png.png,complete
cf_train_v3_pixdiff_aigi_25801a6d321925db,pixdiff_aigi,data/HFCF_small_67.parquet,0,2040,008288.png,PNG,guidedDiffusion,guideddiffusion,train,1,PixDiff,train_v3_additions/aigi/cf_train_v3_pixdiff_aigi_25801a6d321925db_008288.png.png,complete
cf_train_v3_pixdiff_aigi_25b50a2855915b14,pixdiff_aigi,data/HFCF_small_67.parquet,0,1673,008077.png,PNG,guidedDiffusion,guideddiffusion,train,1,PixDiff,train_v3_additions/aigi/cf_train_v3_pixdiff_aigi_25b50a2855915b14_008077.png.png,complete
cf_train_v3_pixdiff_aigi_25d0bdad8352e575,pixdiff_aigi,data/HFCF_small_67.parquet,0,1147,003865.png,PNG,guidedDiffusion,guideddiffusion,train,1,PixDiff,train_v3_additions/aigi/cf_train_v3_pixdiff_aigi_25d0bdad8352e575_003865.png.png,complete
cf_train_v3_pixdiff_aigi_264510a41bba3302,pixdiff_aigi,data/HFCF_small_67.parquet,0,2030,007368.png,PNG,guidedDiffusion,guideddiffusion,train,1,PixDiff,train_v3_additions/aigi/cf_train_v3_pixdiff_aigi_264510a41bba3302_007368.png.png,complete
cf_train_v3_pixdiff_aigi_2691f9faf51b4d34,pixdiff_aigi,data/HFCF_small_83.parquet,0,1404,001906.png,PNG,DeepFloyd,deepfloyd,train,1,PixDiff,train_v3_additions/aigi/cf_train_v3_pixdiff_aigi_2691f9faf51b4d34_001906.png.png,complete
cf_train_v3_pixdiff_aigi_26c2310c2ccbc902,pixdiff_aigi,data/HFCF_small_67.parquet,0,1925,005376.png,PNG,guidedDiffusion,guideddiffusion,train,1,PixDiff,train_v3_additions/aigi/cf_train_v3_pixdiff_aigi_26c2310c2ccbc902_005376.png.png,complete
cf_train_v3_pixdiff_aigi_26d529ca46835aad,pixdiff_aigi,data/HFCF_small_83.parquet,0,1740,008610.png,PNG,DeepFloyd,deepfloyd,train,1,PixDiff,train_v3_additions/aigi/cf_train_v3_pixdiff_aigi_26d529ca46835aad_008610.png.png,complete
cf_train_v3_pixdiff_aigi_271272e641e5f488,pixdiff_aigi,data/HFCF_small_67.parquet,0,1576,004894.png,PNG,guidedDiffusion,guideddiffusion,train,1,PixDiff,train_v3_additions/aigi/cf_train_v3_pixdiff_aigi_271272e641e5f488_004894.png.png,complete
cf_train_v3_pixdiff_aigi_27ac75a028cfd701,pixdiff_aigi,data/HFCF_small_83.parquet,0,1302,005283.png,PNG,DeepFloyd,deepfloyd,train,1,PixDiff,train_v3_additions/aigi/cf_train_v3_pixdiff_aigi_27ac75a028cfd701_005283.png.png,complete
cf_train_v3_pixdiff_aigi_27ec9faa9920a75f,pixdiff_aigi,data/HFCF_small_82.parquet,0,651,022640.png,PNG,glide,glide,train,1,PixDiff,train_v3_additions/aigi/cf_train_v3_pixdiff_aigi_27ec9faa9920a75f_022640.png.png,complete
cf_train_v3_pixdiff_aigi_2843f354aaea3877,pixdiff_aigi,data/HFCF_small_82.parquet,0,513,034067.png,PNG,glide,glide,train,1,PixDiff,train_v3_additions/aigi/cf_train_v3_pixdiff_aigi_2843f354aaea3877_034067.png.png,complete
cf_train_v3_pixdiff_aigi_293bd203cd834aef,pixdiff_aigi,data/HFCF_small_67.parquet,0,1304,007092.png,PNG,guidedDiffusion,guideddiffusion,train,1,PixDiff,train_v3_additions/aigi/cf_train_v3_pixdiff_aigi_293bd203cd834aef_007092.png.png,complete
cf_train_v3_pixdiff_aigi_295d73e704e91718,pixdiff_aigi,data/HFCF_small_67.parquet,0,1667,001463.png,PNG,guidedDiffusion,guideddiffusion,train,1,PixDiff,train_v3_additions/aigi/cf_train_v3_pixdiff_aigi_295d73e704e91718_001463.png.png,complete
cf_train_v3_pixdiff_aigi_29acab522f545657,pixdiff_aigi,data/HFCF_small_82.parquet,0,842,010436.png,PNG,glide,glide,train,1,PixDiff,train_v3_additions/aigi/cf_train_v3_pixdiff_aigi_29acab522f545657_010436.png.png,complete
cf_train_v3_pixdiff_aigi_2a59b7fa4ed2d822,pixdiff_aigi,data/HFCF_small_83.parquet,0,1499,008128.png,PNG,DeepFloyd,deepfloyd,train,1,PixDiff,train_v3_additions/aigi/cf_train_v3_pixdiff_aigi_2a59b7fa4ed2d822_008128.png.png,complete
cf_train_v3_pixdiff_aigi_2ae6b9047b02b8e7,pixdiff_aigi,data/HFCF_small_82.parquet,0,78,021504.png,PNG,glide,glide,train,1,PixDiff,train_v3_additions/aigi/cf_train_v3_pixdiff_aigi_2ae6b9047b02b8e7_021504.png.png,complete
cf_train_v3_pixdiff_aigi_2b1080eb8a0dd444,pixdiff_aigi,data/HFCF_small_82.parquet,0,1461,004171.png,PNG,glide,glide,train,1,PixDiff,train_v3_additions/aigi/cf_train_v3_pixdiff_aigi_2b1080eb8a0dd444_004171.png.png,complete
cf_train_v3_pixdiff_aigi_2b178284eae10223,pixdiff_aigi,data/HFCF_small_83.parquet,0,2042,002441.png,PNG,DeepFloyd,deepfloyd,train,1,PixDiff,train_v3_additions/aigi/cf_train_v3_pixdiff_aigi_2b178284eae10223_002441.png.png,complete
cf_train_v3_pixdiff_aigi_2b17c98bed7f0a59,pixdiff_aigi,data/HFCF_small_83.parquet,0,1284,002866.png,PNG,DeepFloyd,deepfloyd,train,1,PixDiff,train_v3_additions/aigi/cf_train_v3_pixdiff_aigi_2b17c98bed7f0a59_002866.png.png,complete
cf_train_v3_pixdiff_aigi_2b788e7b6ad0d3b0,pixdiff_aigi,data/HFCF_small_83.parquet,0,2074,001499.png,PNG,DeepFloyd,deepfloyd,train,1,PixDiff,train_v3_additions/aigi/cf_train_v3_pixdiff_aigi_2b788e7b6ad0d3b0_001499.png.png,complete
cf_train_v3_pixdiff_aigi_2b8ac3b0a99d8e6e,pixdiff_aigi,data/HFCF_small_82.parquet,0,2838,007710.png,PNG,glide,glide,train,1,PixDiff,train_v3_additions/aigi/cf_train_v3_pixdiff_aigi_2b8ac3b0a99d8e6e_007710.png.png,complete
cf_train_v3_pixdiff_aigi_2bf048623542a6a0,pixdiff_aigi,data/HFCF_small_67.parquet,0,1981,001561.png,PNG,guidedDiffusion,guideddiffusion,train,1,PixDiff,train_v3_additions/aigi/cf_train_v3_pixdiff_aigi_2bf048623542a6a0_001561.png.png,complete
cf_train_v3_pixdiff_aigi_2c2a26193b8b94fb,pixdiff_aigi,data/HFCF_small_82.parquet,0,1978,042982.png,PNG,glide,glide,train,1,PixDiff,train_v3_additions/aigi/cf_train_v3_pixdiff_aigi_2c2a26193b8b94fb_042982.png.png,complete
cf_train_v3_pixdiff_aigi_2c652e7caf396f05,pixdiff_aigi,data/HFCF_small_67.parquet,0,1282,000122.png,PNG,guidedDiffusion,guideddiffusion,train,1,PixDiff,train_v3_additions/aigi/cf_train_v3_pixdiff_aigi_2c652e7caf396f05_000122.png.png,complete
cf_train_v3_pixdiff_aigi_2ccae375092a5d31,pixdiff_aigi,data/HFCF_small_83.parquet,0,1503,004528.png,PNG,DeepFloyd,deepfloyd,train,1,PixDiff,train_v3_additions/aigi/cf_train_v3_pixdiff_aigi_2ccae375092a5d31_004528.png.png,complete
cf_train_v3_pixdiff_aigi_2cea01fb7e18f6c2,pixdiff_aigi,data/HFCF_small_83.parquet,0,1332,006686.png,PNG,DeepFloyd,deepfloyd,train,1,PixDiff,train_v3_additions/aigi/cf_train_v3_pixdiff_aigi_2cea01fb7e18f6c2_006686.png.png,complete
cf_train_v3_pixdiff_aigi_2cefbab3e08eb617,pixdiff_aigi,data/HFCF_small_67.parquet,0,1617,007068.png,PNG,guidedDiffusion,guideddiffusion,train,1,PixDiff,train_v3_additions/aigi/cf_train_v3_pixdiff_aigi_2cefbab3e08eb617_007068.png.png,complete
cf_train_v3_pixdiff_aigi_2d345c84221eb72f,pixdiff_aigi,data/HFCF_small_82.parquet,0,208,046318.png,PNG,glide,glide,train,1,PixDiff,train_v3_additions/aigi/cf_train_v3_pixdiff_aigi_2d345c84221eb72f_046318.png.png,complete
cf_train_v3_pixdiff_aigi_2d55398b9a7d4544,pixdiff_aigi,data/HFCF_small_67.parquet,0,1949,005862.png,PNG,guidedDiffusion,guideddiffusion,train,1,PixDiff,train_v3_additions/aigi/cf_train_v3_pixdiff_aigi_2d55398b9a7d4544_005862.png.png,complete
cf_train_v3_pixdiff_aigi_2d994980b0c66b2e,pixdiff_aigi,data/HFCF_small_83.parquet,0,1425,009103.png,PNG,DeepFloyd,deepfloyd,train,1,PixDiff,train_v3_additions/aigi/cf_train_v3_pixdiff_aigi_2d994980b0c66b2e_009103.png.png,complete
cf_train_v3_pixdiff_aigi_2e0e0303f3bf415a,pixdiff_aigi,data/HFCF_small_67.parquet,0,2047,003671.png,PNG,guidedDiffusion,guideddiffusion,train,1,PixDiff,train_v3_additions/aigi/cf_train_v3_pixdiff_aigi_2e0e0303f3bf415a_003671.png.png,complete
cf_train_v3_pixdiff_aigi_2e2721161863bfda,pixdiff_aigi,data/HFCF_small_83.parquet,0,2098,000067.png,PNG,DeepFloyd,deepfloyd,train,1,PixDiff,train_v3_additions/aigi/cf_train_v3_pixdiff_aigi_2e2721161863bfda_000067.png.png,complete
cf_train_v3_pixdiff_aigi_2ee3f28858d5f5c7,pixdiff_aigi,data/HFCF_small_82.parquet,0,2403,000830.png,PNG,glide,glide,train,1,PixDiff,train_v3_additions/aigi/cf_train_v3_pixdiff_aigi_2ee3f28858d5f5c7_000830.png.png,complete
cf_train_v3_pixdiff_aigi_2f43a0a1a86a9820,pixdiff_aigi,data/HFCF_small_82.parquet,0,2744,010485.png,PNG,glide,glide,train,1,PixDiff,train_v3_additions/aigi/cf_train_v3_pixdiff_aigi_2f43a0a1a86a9820_010485.png.png,complete
cf_train_v3_pixdiff_aigi_2f57049197043463,pixdiff_aigi,data/HFCF_small_82.parquet,0,1831,016686.png,PNG,glide,glide,train,1,PixDiff,train_v3_additions/aigi/cf_train_v3_pixdiff_aigi_2f57049197043463_016686.png.png,complete
cf_train_v3_pixdiff_aigi_2f81afe4bca2899d,pixdiff_aigi,data/HFCF_small_82.parquet,0,2975,023543.png,PNG,glide,glide,train,1,PixDiff,train_v3_additions/aigi/cf_train_v3_pixdiff_aigi_2f81afe4bca2899d_023543.png.png,complete
cf_train_v3_pixdiff_aigi_2f9a8d3542121d73,pixdiff_aigi,data/HFCF_small_83.parquet,0,1248,009532.png,PNG,DeepFloyd,deepfloyd,train,1,PixDiff,train_v3_additions/aigi/cf_train_v3_pixdiff_aigi_2f9a8d3542121d73_009532.png.png,complete
cf_train_v3_pixdiff_aigi_307817c01b31a62b,pixdiff_aigi,data/HFCF_small_67.parquet,0,1702,001169.png,PNG,guidedDiffusion,guideddiffusion,train,1,PixDiff,train_v3_additions/aigi/cf_train_v3_pixdiff_aigi_307817c01b31a62b_001169.png.png,complete
cf_train_v3_pixdiff_aigi_30c2cd052143882f,pixdiff_aigi,data/HFCF_small_67.parquet,0,1840,005438.png,PNG,guidedDiffusion,guideddiffusion,train,1,PixDiff,train_v3_additions/aigi/cf_train_v3_pixdiff_aigi_30c2cd052143882f_005438.png.png,complete
cf_train_v3_pixdiff_aigi_31127518d547dab4,pixdiff_aigi,data/HFCF_small_67.parquet,0,1614,008757.png,PNG,guidedDiffusion,guideddiffusion,train,1,PixDiff,train_v3_additions/aigi/cf_train_v3_pixdiff_aigi_31127518d547dab4_008757.png.png,complete
cf_train_v3_pixdiff_aigi_313563e21cb6543f,pixdiff_aigi,data/HFCF_small_82.parquet,0,1305,014377.png,PNG,glide,glide,train,1,PixDiff,train_v3_additions/aigi/cf_train_v3_pixdiff_aigi_313563e21cb6543f_014377.png.png,complete
cf_train_v3_pixdiff_aigi_317984558cb317d3,pixdiff_aigi,data/HFCF_small_82.parquet,0,1268,001865.png,PNG,glide,glide,train,1,PixDiff,train_v3_additions/aigi/cf_train_v3_pixdiff_aigi_317984558cb317d3_001865.png.png,complete
cf_train_v3_pixdiff_aigi_31bbd223d60c4894,pixdiff_aigi,data/HFCF_small_83.parquet,0,1932,009660.png,PNG,DeepFloyd,deepfloyd,train,1,PixDiff,train_v3_additions/aigi/cf_train_v3_pixdiff_aigi_31bbd223d60c4894_009660.png.png,complete
cf_train_v3_pixdiff_aigi_3232c29131890a73,pixdiff_aigi,data/HFCF_small_83.parquet,0,1981,002212.png,PNG,DeepFloyd,deepfloyd,train,1,PixDiff,train_v3_additions/aigi/cf_train_v3_pixdiff_aigi_3232c29131890a73_002212.png.png,complete
cf_train_v3_pixdiff_aigi_32724307f11fef9f,pixdiff_aigi,data/HFCF_small_67.parquet,0,1414,005009.png,PNG,guidedDiffusion,guideddiffusion,train,1,PixDiff,train_v3_additions/aigi/cf_train_v3_pixdiff_aigi_32724307f11fef9f_005009.png.png,complete
cf_train_v3_pixdiff_aigi_3272adf3a23c3a62,pixdiff_aigi,data/HFCF_small_82.parquet,0,1879,011487.png,PNG,glide,glide,train,1,PixDiff,train_v3_additions/aigi/cf_train_v3_pixdiff_aigi_3272adf3a23c3a62_011487.png.png,complete
cf_train_v3_pixdiff_aigi_327d2b2d45f1e6f6,pixdiff_aigi,data/HFCF_small_67.parquet,0,1809,000623.png,PNG,guidedDiffusion,guideddiffusion,train,1,PixDiff,train_v3_additions/aigi/cf_train_v3_pixdiff_aigi_327d2b2d45f1e6f6_000623.png.png,complete
cf_train_v3_pixdiff_aigi_33308a4cf840c79c,pixdiff_aigi,data/HFCF_small_82.parquet,0,2954,047696.png,PNG,glide,glide,train,1,PixDiff,train_v3_additions/aigi/cf_train_v3_pixdiff_aigi_33308a4cf840c79c_047696.png.png,complete
cf_train_v3_pixdiff_aigi_33f54c0773f4b15e,pixdiff_aigi,data/HFCF_small_83.parquet,0,1870,009501.png,PNG,DeepFloyd,deepfloyd,train,1,PixDiff,train_v3_additions/aigi/cf_train_v3_pixdiff_aigi_33f54c0773f4b15e_009501.png.png,complete
cf_train_v3_pixdiff_aigi_33fa17443ee85034,pixdiff_aigi,data/HFCF_small_83.parquet,0,1858,009560.png,PNG,DeepFloyd,deepfloyd,train,1,PixDiff,train_v3_additions/aigi/cf_train_v3_pixdiff_aigi_33fa17443ee85034_009560.png.png,complete
cf_train_v3_pixdiff_aigi_3464fa85c015298c,pixdiff_aigi,data/HFCF_small_67.parquet,0,2002,001551.png,PNG,guidedDiffusion,guideddiffusion,train,1,PixDiff,train_v3_additions/aigi/cf_train_v3_pixdiff_aigi_3464fa85c015298c_001551.png.png,complete
cf_train_v3_pixdiff_aigi_34ec1ec1ea2a566e,pixdiff_aigi,data/HFCF_small_82.parquet,0,1819,013530.png,PNG,glide,glide,train,1,PixDiff,train_v3_additions/aigi/cf_train_v3_pixdiff_aigi_34ec1ec1ea2a566e_013530.png.png,complete
cf_train_v3_pixdiff_aigi_354543863174bb75,pixdiff_aigi,data/HFCF_small_83.parquet,0,1274,006902.png,PNG,DeepFloyd,deepfloyd,train,1,PixDiff,train_v3_additions/aigi/cf_train_v3_pixdiff_aigi_354543863174bb75_006902.png.png,complete
cf_train_v3_pixdiff_aigi_358564df78aa3df5,pixdiff_aigi,data/HFCF_small_83.parquet,0,1814,001576.png,PNG,DeepFloyd,deepfloyd,train,1,PixDiff,train_v3_additions/aigi/cf_train_v3_pixdiff_aigi_358564df78aa3df5_001576.png.png,complete
cf_train_v3_pixdiff_aigi_35d6457e3e4cbaca,pixdiff_aigi,data/HFCF_small_67.parquet,0,2023,009457.png,PNG,guidedDiffusion,guideddiffusion,train,1,PixDiff,train_v3_additions/aigi/cf_train_v3_pixdiff_aigi_35d6457e3e4cbaca_009457.png.png,complete
cf_train_v3_pixdiff_aigi_35e1757cbdd4fd7a,pixdiff_aigi,data/HFCF_small_82.parquet,0,1338,027151.png,PNG,glide,glide,train,1,PixDiff,train_v3_additions/aigi/cf_train_v3_pixdiff_aigi_35e1757cbdd4fd7a_027151.png.png,complete
cf_train_v3_pixdiff_aigi_36bc428d1bb900aa,pixdiff_aigi,data/HFCF_small_67.parquet,0,1123,003269.png,PNG,guidedDiffusion,guideddiffusion,train,1,PixDiff,train_v3_additions/aigi/cf_train_v3_pixdiff_aigi_36bc428d1bb900aa_003269.png.png,complete
cf_train_v3_pixdiff_aigi_375d42fc8384bef8,pixdiff_aigi,data/HFCF_small_67.parquet,0,1100,009622.png,PNG,guidedDiffusion,guideddiffusion,train,1,PixDiff,train_v3_additions/aigi/cf_train_v3_pixdiff_aigi_375d42fc8384bef8_009622.png.png,complete
cf_train_v3_pixdiff_aigi_377cc3c48ebe5aac,pixdiff_aigi,data/HFCF_small_82.parquet,0,2660,013078.png,PNG,glide,glide,train,1,PixDiff,train_v3_additions/aigi/cf_train_v3_pixdiff_aigi_377cc3c48ebe5aac_013078.png.png,complete
cf_train_v3_pixdiff_aigi_37886739eb0660a2,pixdiff_aigi,data/HFCF_small_67.parquet,0,1260,006311.png,PNG,guidedDiffusion,guideddiffusion,train,1,PixDiff,train_v3_additions/aigi/cf_train_v3_pixdiff_aigi_37886739eb0660a2_006311.png.png,complete
cf_train_v3_pixdiff_aigi_37b8eebf9bc74140,pixdiff_aigi,data/HFCF_small_83.parquet,0,1387,002357.png,PNG,DeepFloyd,deepfloyd,train,1,PixDiff,train_v3_additions/aigi/cf_train_v3_pixdiff_aigi_37b8eebf9bc74140_002357.png.png,complete
cf_train_v3_pixdiff_aigi_37baa944e4ced089,pixdiff_aigi,data/HFCF_small_82.parquet,0,1182,030763.png,PNG,glide,glide,train,1,PixDiff,train_v3_additions/aigi/cf_train_v3_pixdiff_aigi_37baa944e4ced089_030763.png.png,complete
cf_train_v3_pixdiff_aigi_37fd2d5af1bd36e2,pixdiff_aigi,data/HFCF_small_83.parquet,0,1548,005039.png,PNG,DeepFloyd,deepfloyd,train,1,PixDiff,train_v3_additions/aigi/cf_train_v3_pixdiff_aigi_37fd2d5af1bd36e2_005039.png.png,complete
cf_train_v3_pixdiff_aigi_37ff7e0b628378d2,pixdiff_aigi,data/HFCF_small_67.parquet,0,1150,002438.png,PNG,guidedDiffusion,guideddiffusion,train,1,PixDiff,train_v3_additions/aigi/cf_train_v3_pixdiff_aigi_37ff7e0b628378d2_002438.png.png,complete
cf_train_v3_pixdiff_aigi_383faaf2c5445b11,pixdiff_aigi,data/HFCF_small_82.parquet,0,574,045812.png,PNG,glide,glide,train,1,PixDiff,train_v3_additions/aigi/cf_train_v3_pixdiff_aigi_383faaf2c5445b11_045812.png.png,complete
cf_train_v3_pixdiff_aigi_383fb49bbc813a4b,pixdiff_aigi,data/HFCF_small_67.parquet,0,1882,006064.png,PNG,guidedDiffusion,guideddiffusion,train,1,PixDiff,train_v3_additions/aigi/cf_train_v3_pixdiff_aigi_383fb49bbc813a4b_006064.png.png,complete
cf_train_v3_pixdiff_aigi_38531111f80055ce,pixdiff_aigi,data/HFCF_small_67.parquet,0,2012,007854.png,PNG,guidedDiffusion,guideddiffusion,train,1,PixDiff,train_v3_additions/aigi/cf_train_v3_pixdiff_aigi_38531111f80055ce_007854.png.png,complete
cf_train_v3_pixdiff_aigi_385bd191ceccd888,pixdiff_aigi,data/HFCF_small_67.parquet,0,2110,004328.png,PNG,guidedDiffusion,guideddiffusion,train,1,PixDiff,train_v3_additions/aigi/cf_train_v3_pixdiff_aigi_385bd191ceccd888_004328.png.png,complete
cf_train_v3_pixdiff_aigi_3873e8d5eb82e6a2,pixdiff_aigi,data/HFCF_small_67.parquet,0,1693,008725.png,PNG,guidedDiffusion,guideddiffusion,train,1,PixDiff,train_v3_additions/aigi/cf_train_v3_pixdiff_aigi_3873e8d5eb82e6a2_008725.png.png,complete
cf_train_v3_pixdiff_aigi_388977107acec161,pixdiff_aigi,data/HFCF_small_67.parquet,0,1253,006871.png,PNG,guidedDiffusion,guideddiffusion,train,1,PixDiff,train_v3_additions/aigi/cf_train_v3_pixdiff_aigi_388977107acec161_006871.png.png,complete
cf_train_v3_pixdiff_aigi_38b549d0ce11c9ea,pixdiff_aigi,data/HFCF_small_83.parquet,0,1734,005072.png,PNG,DeepFloyd,deepfloyd,train,1,PixDiff,train_v3_additions/aigi/cf_train_v3_pixdiff_aigi_38b549d0ce11c9ea_005072.png.png,complete
cf_train_v3_pixdiff_aigi_3915f0768f021eb5,pixdiff_aigi,data/HFCF_small_67.parquet,0,1788,006401.png,PNG,guidedDiffusion,guideddiffusion,train,1,PixDiff,train_v3_additions/aigi/cf_train_v3_pixdiff_aigi_3915f0768f021eb5_006401.png.png,complete
cf_train_v3_pixdiff_aigi_3940af9b234a0d7d,pixdiff_aigi,data/HFCF_small_82.parquet,0,1378,049471.png,PNG,glide,glide,train,1,PixDiff,train_v3_additions/aigi/cf_train_v3_pixdiff_aigi_3940af9b234a0d7d_049471.png.png,complete
cf_train_v3_pixdiff_aigi_3962235dc08990e1,pixdiff_aigi,data/HFCF_small_67.parquet,0,1384,006614.png,PNG,guidedDiffusion,guideddiffusion,train,1,PixDiff,train_v3_additions/aigi/cf_train_v3_pixdiff_aigi_3962235dc08990e1_006614.png.png,complete
cf_train_v3_pixdiff_aigi_3965b89dcc42d8c2,pixdiff_aigi,data/HFCF_small_82.parquet,0,2840,032685.png,PNG,glide,glide,train,1,PixDiff,train_v3_additions/aigi/cf_train_v3_pixdiff_aigi_3965b89dcc42d8c2_032685.png.png,complete
cf_train_v3_pixdiff_aigi_3a40d973c4ff8311,pixdiff_aigi,data/HFCF_small_82.parquet,0,2957,026648.png,PNG,glide,glide,train,1,PixDiff,train_v3_additions/aigi/cf_train_v3_pixdiff_aigi_3a40d973c4ff8311_026648.png.png,complete
cf_train_v3_pixdiff_aigi_3a44eec99a0e4c79,pixdiff_aigi,data/HFCF_small_83.parquet,0,1251,003406.png,PNG,DeepFloyd,deepfloyd,train,1,PixDiff,train_v3_additions/aigi/cf_train_v3_pixdiff_aigi_3a44eec99a0e4c79_003406.png.png,complete
cf_train_v3_pixdiff_aigi_3a5a197b25dc7f12,pixdiff_aigi,data/HFCF_small_67.parquet,0,2085,005643.png,PNG,guidedDiffusion,guideddiffusion,train,1,PixDiff,train_v3_additions/aigi/cf_train_v3_pixdiff_aigi_3a5a197b25dc7f12_005643.png.png,complete
cf_train_v3_pixdiff_aigi_3ae43643e5cd08a6,pixdiff_aigi,data/HFCF_small_67.parquet,0,1454,009410.png,PNG,guidedDiffusion,guideddiffusion,train,1,PixDiff,train_v3_additions/aigi/cf_train_v3_pixdiff_aigi_3ae43643e5cd08a6_009410.png.png,complete
cf_train_v3_pixdiff_aigi_3b0a5c082c1c3852,pixdiff_aigi,data/HFCF_small_67.parquet,0,1895,000937.png,PNG,guidedDiffusion,guideddiffusion,train,1,PixDiff,train_v3_additions/aigi/cf_train_v3_pixdiff_aigi_3b0a5c082c1c3852_000937.png.png,complete
cf_train_v3_pixdiff_aigi_3b1398bfe47b84fd,pixdiff_aigi,data/HFCF_small_82.parquet,0,332,038064.png,PNG,glide,glide,train,1,PixDiff,train_v3_additions/aigi/cf_train_v3_pixdiff_aigi_3b1398bfe47b84fd_038064.png.png,complete
cf_train_v3_pixdiff_aigi_3b307da9afd8ae88,pixdiff_aigi,data/HFCF_small_67.parquet,0,1238,007562.png,PNG,guidedDiffusion,guideddiffusion,train,1,PixDiff,train_v3_additions/aigi/cf_train_v3_pixdiff_aigi_3b307da9afd8ae88_007562.png.png,complete
cf_train_v3_pixdiff_aigi_3b35dc2d062d0c86,pixdiff_aigi,data/HFCF_small_67.parquet,0,1328,003946.png,PNG,guidedDiffusion,guideddiffusion,train,1,PixDiff,train_v3_additions/aigi/cf_train_v3_pixdiff_aigi_3b35dc2d062d0c86_003946.png.png,complete
cf_train_v3_pixdiff_aigi_3b6155f9e6304519,pixdiff_aigi,data/HFCF_small_83.parquet,0,1537,003866.png,PNG,DeepFloyd,deepfloyd,train,1,PixDiff,train_v3_additions/aigi/cf_train_v3_pixdiff_aigi_3b6155f9e6304519_003866.png.png,complete
cf_train_v3_pixdiff_aigi_3b7fea09eb8a9b2e,pixdiff_aigi,data/HFCF_small_67.parquet,0,1659,002960.png,PNG,guidedDiffusion,guideddiffusion,train,1,PixDiff,train_v3_additions/aigi/cf_train_v3_pixdiff_aigi_3b7fea09eb8a9b2e_002960.png.png,complete
cf_train_v3_pixdiff_aigi_3bab85e0cd74860a,pixdiff_aigi,data/HFCF_small_67.parquet,0,1736,002377.png,PNG,guidedDiffusion,guideddiffusion,train,1,PixDiff,train_v3_additions/aigi/cf_train_v3_pixdiff_aigi_3bab85e0cd74860a_002377.png.png,complete
cf_train_v3_pixdiff_aigi_3bdb54c3f1e24302,pixdiff_aigi,data/HFCF_small_82.parquet,0,2538,039135.png,PNG,glide,glide,train,1,PixDiff,train_v3_additions/aigi/cf_train_v3_pixdiff_aigi_3bdb54c3f1e24302_039135.png.png,complete
cf_train_v3_pixdiff_aigi_3bde8e99c0174a1c,pixdiff_aigi,data/HFCF_small_82.parquet,0,21,045911.png,PNG,glide,glide,train,1,PixDiff,train_v3_additions/aigi/cf_train_v3_pixdiff_aigi_3bde8e99c0174a1c_045911.png.png,complete
cf_train_v3_pixdiff_aigi_3bfeb2630305c7f5,pixdiff_aigi,data/HFCF_small_82.parquet,0,369,021300.png,PNG,glide,glide,train,1,PixDiff,train_v3_additions/aigi/cf_train_v3_pixdiff_aigi_3bfeb2630305c7f5_021300.png.png,complete
cf_train_v3_pixdiff_aigi_3c3f8187452724b5,pixdiff_aigi,data/HFCF_small_83.parquet,0,1575,006927.png,PNG,DeepFloyd,deepfloyd,train,1,PixDiff,train_v3_additions/aigi/cf_train_v3_pixdiff_aigi_3c3f8187452724b5_006927.png.png,complete
cf_train_v3_pixdiff_aigi_3c961b8c97d59cf5,pixdiff_aigi,data/HFCF_small_67.parquet,0,1183,004000.png,PNG,guidedDiffusion,guideddiffusion,train,1,PixDiff,train_v3_additions/aigi/cf_train_v3_pixdiff_aigi_3c961b8c97d59cf5_004000.png.png,complete
cf_train_v3_pixdiff_aigi_3dd1396b23a313c1,pixdiff_aigi,data/HFCF_small_82.parquet,0,2599,033446.png,PNG,glide,glide,train,1,PixDiff,train_v3_additions/aigi/cf_train_v3_pixdiff_aigi_3dd1396b23a313c1_033446.png.png,complete
cf_train_v3_pixdiff_aigi_3e6192bc252df76e,pixdiff_aigi,data/HFCF_small_82.parquet,0,918,009320.png,PNG,glide,glide,train,1,PixDiff,train_v3_additions/aigi/cf_train_v3_pixdiff_aigi_3e6192bc252df76e_009320.png.png,complete
cf_train_v3_pixdiff_aigi_3e643b7623d03d0a,pixdiff_aigi,data/HFCF_small_83.parquet,0,1369,004681.png,PNG,DeepFloyd,deepfloyd,train,1,PixDiff,train_v3_additions/aigi/cf_train_v3_pixdiff_aigi_3e643b7623d03d0a_004681.png.png,complete
cf_train_v3_pixdiff_aigi_3eba8f0d9a7daf4a,pixdiff_aigi,data/HFCF_small_67.parquet,0,1984,000379.png,PNG,guidedDiffusion,guideddiffusion,train,1,PixDiff,train_v3_additions/aigi/cf_train_v3_pixdiff_aigi_3eba8f0d9a7daf4a_000379.png.png,complete
cf_train_v3_pixdiff_aigi_3ed25a70b7466daa,pixdiff_aigi,data/HFCF_small_67.parquet,0,2029,003773.png,PNG,guidedDiffusion,guideddiffusion,train,1,PixDiff,train_v3_additions/aigi/cf_train_v3_pixdiff_aigi_3ed25a70b7466daa_003773.png.png,complete
cf_train_v3_pixdiff_aigi_3ed277f9a967c637,pixdiff_aigi,data/HFCF_small_82.parquet,0,49,042312.png,PNG,glide,glide,train,1,PixDiff,train_v3_additions/aigi/cf_train_v3_pixdiff_aigi_3ed277f9a967c637_042312.png.png,complete
cf_train_v3_pixdiff_aigi_3eed9e0e827bd536,pixdiff_aigi,data/HFCF_small_83.parquet,0,1630,002127.png,PNG,DeepFloyd,deepfloyd,train,1,PixDiff,train_v3_additions/aigi/cf_train_v3_pixdiff_aigi_3eed9e0e827bd536_002127.png.png,complete
cf_train_v3_pixdiff_aigi_3f023cf68c2ffa5c,pixdiff_aigi,data/HFCF_small_83.parquet,0,1409,000954.png,PNG,DeepFloyd,deepfloyd,train,1,PixDiff,train_v3_additions/aigi/cf_train_v3_pixdiff_aigi_3f023cf68c2ffa5c_000954.png.png,complete
cf_train_v3_pixdiff_aigi_3f7ef7aca08514a8,pixdiff_aigi,data/HFCF_small_83.parquet,0,1739,003973.png,PNG,DeepFloyd,deepfloyd,train,1,PixDiff,train_v3_additions/aigi/cf_train_v3_pixdiff_aigi_3f7ef7aca08514a8_003973.png.png,complete
cf_train_v3_pixdiff_aigi_3f9ebac992574b42,pixdiff_aigi,data/HFCF_small_83.parquet,0,1470,008895.png,PNG,DeepFloyd,deepfloyd,train,1,PixDiff,train_v3_additions/aigi/cf_train_v3_pixdiff_aigi_3f9ebac992574b42_008895.png.png,complete
cf_train_v3_pixdiff_aigi_3fbcf629ec86c348,pixdiff_aigi,data/HFCF_small_83.parquet,0,1620,003708.png,PNG,DeepFloyd,deepfloyd,train,1,PixDiff,train_v3_additions/aigi/cf_train_v3_pixdiff_aigi_3fbcf629ec86c348_003708.png.png,complete
cf_train_v3_pixdiff_aigi_3fe8c7c12d33db42,pixdiff_aigi,data/HFCF_small_82.parquet,0,268,031225.png,PNG,glide,glide,train,1,PixDiff,train_v3_additions/aigi/cf_train_v3_pixdiff_aigi_3fe8c7c12d33db42_031225.png.png,complete
cf_train_v3_pixdiff_aigi_3fe9b14eb9821497,pixdiff_aigi,data/HFCF_small_83.parquet,0,1260,004003.png,PNG,DeepFloyd,deepfloyd,train,1,PixDiff,train_v3_additions/aigi/cf_train_v3_pixdiff_aigi_3fe9b14eb9821497_004003.png.png,complete
cf_train_v3_pixdiff_aigi_40350ea9294f2ed7,pixdiff_aigi,data/HFCF_small_67.parquet,0,1698,001050.png,PNG,guidedDiffusion,guideddiffusion,train,1,PixDiff,train_v3_additions/aigi/cf_train_v3_pixdiff_aigi_40350ea9294f2ed7_001050.png.png,complete
cf_train_v3_pixdiff_aigi_40ab39a51e915978,pixdiff_aigi,data/HFCF_small_83.parquet,0,1393,009686.png,PNG,DeepFloyd,deepfloyd,train,1,PixDiff,train_v3_additions/aigi/cf_train_v3_pixdiff_aigi_40ab39a51e915978_009686.png.png,complete
cf_train_v3_pixdiff_aigi_40cf17f82ef14f19,pixdiff_aigi,data/HFCF_small_83.parquet,0,1554,008445.png,PNG,DeepFloyd,deepfloyd,train,1,PixDiff,train_v3_additions/aigi/cf_train_v3_pixdiff_aigi_40cf17f82ef14f19_008445.png.png,complete
cf_train_v3_pixdiff_aigi_40ec6f2c7ed6e18d,pixdiff_aigi,data/HFCF_small_82.parquet,0,486,028850.png,PNG,glide,glide,train,1,PixDiff,train_v3_additions/aigi/cf_train_v3_pixdiff_aigi_40ec6f2c7ed6e18d_028850.png.png,complete
cf_train_v3_pixdiff_aigi_411db0cc1fa9a279,pixdiff_aigi,data/HFCF_small_82.parquet,0,2860,001190.png,PNG,glide,glide,train,1,PixDiff,train_v3_additions/aigi/cf_train_v3_pixdiff_aigi_411db0cc1fa9a279_001190.png.png,complete
cf_train_v3_pixdiff_aigi_4145a2addf3fa3ba,pixdiff_aigi,data/HFCF_small_82.parquet,0,1431,023190.png,PNG,glide,glide,train,1,PixDiff,train_v3_additions/aigi/cf_train_v3_pixdiff_aigi_4145a2addf3fa3ba_023190.png.png,complete
cf_train_v3_pixdiff_aigi_418038ca4127a05e,pixdiff_aigi,data/HFCF_small_82.parquet,0,2565,013686.png,PNG,glide,glide,train,1,PixDiff,train_v3_additions/aigi/cf_train_v3_pixdiff_aigi_418038ca4127a05e_013686.png.png,complete
cf_train_v3_pixdiff_aigi_419eb76bcaf4cf2b,pixdiff_aigi,data/HFCF_small_67.parquet,0,1862,007412.png,PNG,guidedDiffusion,guideddiffusion,train,1,PixDiff,train_v3_additions/aigi/cf_train_v3_pixdiff_aigi_419eb76bcaf4cf2b_007412.png.png,complete
cf_train_v3_pixdiff_aigi_41e98ec7e69f6b9f,pixdiff_aigi,data/HFCF_small_83.parquet,0,1849,002197.png,PNG,DeepFloyd,deepfloyd,train,1,PixDiff,train_v3_additions/aigi/cf_train_v3_pixdiff_aigi_41e98ec7e69f6b9f_002197.png.png,complete
cf_train_v3_pixdiff_aigi_420b81db523440e8,pixdiff_aigi,data/HFCF_small_67.parquet,0,1318,001262.png,PNG,guidedDiffusion,guideddiffusion,train,1,PixDiff,train_v3_additions/aigi/cf_train_v3_pixdiff_aigi_420b81db523440e8_001262.png.png,complete
cf_train_v3_pixdiff_aigi_433937bd43b6f280,pixdiff_aigi,data/HFCF_small_82.parquet,0,894,003553.png,PNG,glide,glide,train,1,PixDiff,train_v3_additions/aigi/cf_train_v3_pixdiff_aigi_433937bd43b6f280_003553.png.png,complete
cf_train_v3_pixdiff_aigi_433b41e206fafdda,pixdiff_aigi,data/HFCF_small_67.parquet,0,1136,008359.png,PNG,guidedDiffusion,guideddiffusion,train,1,PixDiff,train_v3_additions/aigi/cf_train_v3_pixdiff_aigi_433b41e206fafdda_008359.png.png,complete
cf_train_v3_pixdiff_aigi_444659173ffa6dc6,pixdiff_aigi,data/HFCF_small_83.parquet,0,1574,000153.png,PNG,DeepFloyd,deepfloyd,train,1,PixDiff,train_v3_additions/aigi/cf_train_v3_pixdiff_aigi_444659173ffa6dc6_000153.png.png,complete
cf_train_v3_pixdiff_aigi_452802de953ab17d,pixdiff_aigi,data/HFCF_small_82.parquet,0,1608,022828.png,PNG,glide,glide,train,1,PixDiff,train_v3_additions/aigi/cf_train_v3_pixdiff_aigi_452802de953ab17d_022828.png.png,complete
cf_train_v3_pixdiff_aigi_4535e4c67521686d,pixdiff_aigi,data/HFCF_small_67.parquet,0,1417,004184.png,PNG,guidedDiffusion,guideddiffusion,train,1,PixDiff,train_v3_additions/aigi/cf_train_v3_pixdiff_aigi_4535e4c67521686d_004184.png.png,complete
cf_train_v3_pixdiff_aigi_45c7dd026f099709,pixdiff_aigi,data/HFCF_small_83.parquet,0,1346,005682.png,PNG,DeepFloyd,deepfloyd,train,1,PixDiff,train_v3_additions/aigi/cf_train_v3_pixdiff_aigi_45c7dd026f099709_005682.png.png,complete
cf_train_v3_pixdiff_aigi_45f112bb8c9c9837,pixdiff_aigi,data/HFCF_small_83.parquet,0,1280,007996.png,PNG,DeepFloyd,deepfloyd,train,1,PixDiff,train_v3_additions/aigi/cf_train_v3_pixdiff_aigi_45f112bb8c9c9837_007996.png.png,complete
cf_train_v3_pixdiff_aigi_464c155f9ed1dc9f,pixdiff_aigi,data/HFCF_small_67.parquet,0,1473,005065.png,PNG,guidedDiffusion,guideddiffusion,train,1,PixDiff,train_v3_additions/aigi/cf_train_v3_pixdiff_aigi_464c155f9ed1dc9f_005065.png.png,complete
cf_train_v3_pixdiff_aigi_464eb2d8060eb7cd,pixdiff_aigi,data/HFCF_small_82.parquet,0,2795,049003.png,PNG,glide,glide,train,1,PixDiff,train_v3_additions/aigi/cf_train_v3_pixdiff_aigi_464eb2d8060eb7cd_049003.png.png,complete
cf_train_v3_pixdiff_aigi_467fcdfa07f27b7c,pixdiff_aigi,data/HFCF_small_83.parquet,0,1540,007102.png,PNG,DeepFloyd,deepfloyd,train,1,PixDiff,train_v3_additions/aigi/cf_train_v3_pixdiff_aigi_467fcdfa07f27b7c_007102.png.png,complete
cf_train_v3_pixdiff_aigi_46e55eb17afbdd47,pixdiff_aigi,data/HFCF_small_67.parquet,0,1819,009205.png,PNG,guidedDiffusion,guideddiffusion,train,1,PixDiff,train_v3_additions/aigi/cf_train_v3_pixdiff_aigi_46e55eb17afbdd47_009205.png.png,complete
cf_train_v3_pixdiff_aigi_46f9aa6f6e9504cc,pixdiff_aigi,data/HFCF_small_83.parquet,0,1755,007718.png,PNG,DeepFloyd,deepfloyd,train,1,PixDiff,train_v3_additions/aigi/cf_train_v3_pixdiff_aigi_46f9aa6f6e9504cc_007718.png.png,complete
cf_train_v3_pixdiff_aigi_479cc7d0e5f870f7,pixdiff_aigi,data/HFCF_small_67.parquet,0,1632,002936.png,PNG,guidedDiffusion,guideddiffusion,train,1,PixDiff,train_v3_additions/aigi/cf_train_v3_pixdiff_aigi_479cc7d0e5f870f7_002936.png.png,complete
cf_train_v3_pixdiff_aigi_47f704b2e8c5b189,pixdiff_aigi,data/HFCF_small_83.parquet,0,1979,005809.png,PNG,DeepFloyd,deepfloyd,train,1,PixDiff,train_v3_additions/aigi/cf_train_v3_pixdiff_aigi_47f704b2e8c5b189_005809.png.png,complete
cf_train_v3_pixdiff_aigi_4800cf012bc3a82c,pixdiff_aigi,data/HFCF_small_83.parquet,0,1924,000239.png,PNG,DeepFloyd,deepfloyd,train,1,PixDiff,train_v3_additions/aigi/cf_train_v3_pixdiff_aigi_4800cf012bc3a82c_000239.png.png,complete
cf_train_v3_pixdiff_aigi_484c46dc0e6e0c3f,pixdiff_aigi,data/HFCF_small_83.parquet,0,1816,008203.png,PNG,DeepFloyd,deepfloyd,train,1,PixDiff,train_v3_additions/aigi/cf_train_v3_pixdiff_aigi_484c46dc0e6e0c3f_008203.png.png,complete
cf_train_v3_pixdiff_aigi_4857cea06711ce0f,pixdiff_aigi,data/HFCF_small_67.parquet,0,1086,009049.png,PNG,guidedDiffusion,guideddiffusion,train,1,PixDiff,train_v3_additions/aigi/cf_train_v3_pixdiff_aigi_4857cea06711ce0f_009049.png.png,complete
cf_train_v3_pixdiff_aigi_48cfcfae31deb34c,pixdiff_aigi,data/HFCF_small_83.parquet,0,1235,009138.png,PNG,DeepFloyd,deepfloyd,train,1,PixDiff,train_v3_additions/aigi/cf_train_v3_pixdiff_aigi_48cfcfae31deb34c_009138.png.png,complete
cf_train_v3_pixdiff_aigi_48df07fb956e917a,pixdiff_aigi,data/HFCF_small_67.parquet,0,1707,008612.png,PNG,guidedDiffusion,guideddiffusion,train,1,PixDiff,train_v3_additions/aigi/cf_train_v3_pixdiff_aigi_48df07fb956e917a_008612.png.png,complete
cf_train_v3_pixdiff_aigi_48ffcdb8e9accff8,pixdiff_aigi,data/HFCF_small_83.parquet,0,1897,008819.png,PNG,DeepFloyd,deepfloyd,train,1,PixDiff,train_v3_additions/aigi/cf_train_v3_pixdiff_aigi_48ffcdb8e9accff8_008819.png.png,complete
cf_train_v3_pixdiff_aigi_4942263588fa20fe,pixdiff_aigi,data/HFCF_small_83.parquet,0,1606,009445.png,PNG,DeepFloyd,deepfloyd,train,1,PixDiff,train_v3_additions/aigi/cf_train_v3_pixdiff_aigi_4942263588fa20fe_009445.png.png,complete
cf_train_v3_pixdiff_aigi_49703b086cf71ed1,pixdiff_aigi,data/HFCF_small_82.parquet,0,285,043088.png,PNG,glide,glide,train,1,PixDiff,train_v3_additions/aigi/cf_train_v3_pixdiff_aigi_49703b086cf71ed1_043088.png.png,complete
cf_train_v3_pixdiff_aigi_49cb527d94d9c435,pixdiff_aigi,data/HFCF_small_82.parquet,0,1557,005333.png,PNG,glide,glide,train,1,PixDiff,train_v3_additions/aigi/cf_train_v3_pixdiff_aigi_49cb527d94d9c435_005333.png.png,complete
cf_train_v3_pixdiff_aigi_49d55cc3ed579ed8,pixdiff_aigi,data/HFCF_small_83.parquet,0,1573,001370.png,PNG,DeepFloyd,deepfloyd,train,1,PixDiff,train_v3_additions/aigi/cf_train_v3_pixdiff_aigi_49d55cc3ed579ed8_001370.png.png,complete
cf_train_v3_pixdiff_aigi_4a097f4af2d70c58,pixdiff_aigi,data/HFCF_small_82.parquet,0,730,011727.png,PNG,glide,glide,train,1,PixDiff,train_v3_additions/aigi/cf_train_v3_pixdiff_aigi_4a097f4af2d70c58_011727.png.png,complete
cf_train_v3_pixdiff_aigi_4a5d6d9a73e226fc,pixdiff_aigi,data/HFCF_small_67.parquet,0,1396,003658.png,PNG,guidedDiffusion,guideddiffusion,train,1,PixDiff,train_v3_additions/aigi/cf_train_v3_pixdiff_aigi_4a5d6d9a73e226fc_003658.png.png,complete
cf_train_v3_pixdiff_aigi_4a6d6e00217feb3a,pixdiff_aigi,data/HFCF_small_67.parquet,0,1656,003389.png,PNG,guidedDiffusion,guideddiffusion,train,1,PixDiff,train_v3_additions/aigi/cf_train_v3_pixdiff_aigi_4a6d6e00217feb3a_003389.png.png,complete
cf_train_v3_pixdiff_aigi_4ac2d1bfa34b7c65,pixdiff_aigi,data/HFCF_small_82.parquet,0,1811,049283.png,PNG,glide,glide,train,1,PixDiff,train_v3_additions/aigi/cf_train_v3_pixdiff_aigi_4ac2d1bfa34b7c65_049283.png.png,complete
cf_train_v3_pixdiff_aigi_4af473aae00f2dcf,pixdiff_aigi,data/HFCF_small_83.parquet,0,1456,006025.png,PNG,DeepFloyd,deepfloyd,train,1,PixDiff,train_v3_additions/aigi/cf_train_v3_pixdiff_aigi_4af473aae00f2dcf_006025.png.png,complete
cf_train_v3_pixdiff_aigi_4b574c3af899b389,pixdiff_aigi,data/HFCF_small_83.parquet,0,1194,005152.png,PNG,DeepFloyd,deepfloyd,train,1,PixDiff,train_v3_additions/aigi/cf_train_v3_pixdiff_aigi_4b574c3af899b389_005152.png.png,complete
cf_train_v3_pixdiff_aigi_4b638e67d7fcde3b,pixdiff_aigi,data/HFCF_small_82.parquet,0,2211,038755.png,PNG,glide,glide,train,1,PixDiff,train_v3_additions/aigi/cf_train_v3_pixdiff_aigi_4b638e67d7fcde3b_038755.png.png,complete
cf_train_v3_pixdiff_aigi_4c6750953b4d9dbb,pixdiff_aigi,data/HFCF_small_83.parquet,0,1525,002643.png,PNG,DeepFloyd,deepfloyd,train,1,PixDiff,train_v3_additions/aigi/cf_train_v3_pixdiff_aigi_4c6750953b4d9dbb_002643.png.png,complete
cf_train_v3_pixdiff_aigi_4c98b8c4fbdb2ac1,pixdiff_aigi,data/HFCF_small_82.parquet,0,1647,002129.png,PNG,glide,glide,train,1,PixDiff,train_v3_additions/aigi/cf_train_v3_pixdiff_aigi_4c98b8c4fbdb2ac1_002129.png.png,complete
cf_train_v3_pixdiff_aigi_4d80f925ad170f92,pixdiff_aigi,data/HFCF_small_82.parquet,0,2404,027239.png,PNG,glide,glide,train,1,PixDiff,train_v3_additions/aigi/cf_train_v3_pixdiff_aigi_4d80f925ad170f92_027239.png.png,complete
cf_train_v3_pixdiff_aigi_4db4caae3177aef9,pixdiff_aigi,data/HFCF_small_67.parquet,0,1301,004291.png,PNG,guidedDiffusion,guideddiffusion,train,1,PixDiff,train_v3_additions/aigi/cf_train_v3_pixdiff_aigi_4db4caae3177aef9_004291.png.png,complete
cf_train_v3_pixdiff_aigi_4df6d2437b0ef08b,pixdiff_aigi,data/HFCF_small_67.parquet,0,1313,007997.png,PNG,guidedDiffusion,guideddiffusion,train,1,PixDiff,train_v3_additions/aigi/cf_train_v3_pixdiff_aigi_4df6d2437b0ef08b_007997.png.png,complete
cf_train_v3_pixdiff_aigi_4ea32de4d47d6e52,pixdiff_aigi,data/HFCF_small_83.parquet,0,1213,005718.png,PNG,DeepFloyd,deepfloyd,train,1,PixDiff,train_v3_additions/aigi/cf_train_v3_pixdiff_aigi_4ea32de4d47d6e52_005718.png.png,complete
cf_train_v3_pixdiff_aigi_4eb18f99a8d0d01f,pixdiff_aigi,data/HFCF_small_67.parquet,0,1716,005756.png,PNG,guidedDiffusion,guideddiffusion,train,1,PixDiff,train_v3_additions/aigi/cf_train_v3_pixdiff_aigi_4eb18f99a8d0d01f_005756.png.png,complete
cf_train_v3_pixdiff_aigi_4ee1de68be08089b,pixdiff_aigi,data/HFCF_small_67.parquet,0,1364,007725.png,PNG,guidedDiffusion,guideddiffusion,train,1,PixDiff,train_v3_additions/aigi/cf_train_v3_pixdiff_aigi_4ee1de68be08089b_007725.png.png,complete
cf_train_v3_pixdiff_aigi_4f6d7cc56e9fe531,pixdiff_aigi,data/HFCF_small_82.parquet,0,1940,046748.png,PNG,glide,glide,train,1,PixDiff,train_v3_additions/aigi/cf_train_v3_pixdiff_aigi_4f6d7cc56e9fe531_046748.png.png,complete
cf_train_v3_pixdiff_aigi_4f8de15886ccf416,pixdiff_aigi,data/HFCF_small_67.parquet,0,1982,000433.png,PNG,guidedDiffusion,guideddiffusion,train,1,PixDiff,train_v3_additions/aigi/cf_train_v3_pixdiff_aigi_4f8de15886ccf416_000433.png.png,complete
cf_train_v3_pixdiff_aigi_4ff37b1865ab707d,pixdiff_aigi,data/HFCF_small_83.parquet,0,1716,004568.png,PNG,DeepFloyd,deepfloyd,train,1,PixDiff,train_v3_additions/aigi/cf_train_v3_pixdiff_aigi_4ff37b1865ab707d_004568.png.png,complete
cf_train_v3_pixdiff_aigi_506158dabe31613d,pixdiff_aigi,data/HFCF_small_82.parquet,0,2758,027974.png,PNG,glide,glide,train,1,PixDiff,train_v3_additions/aigi/cf_train_v3_pixdiff_aigi_506158dabe31613d_027974.png.png,complete
cf_train_v3_pixdiff_aigi_50c4fed75d6c7a07,pixdiff_aigi,data/HFCF_small_83.parquet,0,1345,005401.png,PNG,DeepFloyd,deepfloyd,train,1,PixDiff,train_v3_additions/aigi/cf_train_v3_pixdiff_aigi_50c4fed75d6c7a07_005401.png.png,complete
cf_train_v3_pixdiff_aigi_50c9037d04276a3d,pixdiff_aigi,data/HFCF_small_83.parquet,0,1956,003850.png,PNG,DeepFloyd,deepfloyd,train,1,PixDiff,train_v3_additions/aigi/cf_train_v3_pixdiff_aigi_50c9037d04276a3d_003850.png.png,complete
cf_train_v3_pixdiff_aigi_513672d61405f423,pixdiff_aigi,data/HFCF_small_82.parquet,0,1907,001539.png,PNG,glide,glide,train,1,PixDiff,train_v3_additions/aigi/cf_train_v3_pixdiff_aigi_513672d61405f423_001539.png.png,complete
cf_train_v3_pixdiff_aigi_51457c97498e9bd9,pixdiff_aigi,data/HFCF_small_67.parquet,0,1818,004324.png,PNG,guidedDiffusion,guideddiffusion,train,1,PixDiff,train_v3_additions/aigi/cf_train_v3_pixdiff_aigi_51457c97498e9bd9_004324.png.png,complete
cf_train_v3_pixdiff_aigi_514b406adaf2ab76,pixdiff_aigi,data/HFCF_small_67.parquet,0,1126,000606.png,PNG,guidedDiffusion,guideddiffusion,train,1,PixDiff,train_v3_additions/aigi/cf_train_v3_pixdiff_aigi_514b406adaf2ab76_000606.png.png,complete
cf_train_v3_pixdiff_aigi_51572addff2de62f,pixdiff_aigi,data/HFCF_small_82.parquet,0,241,036853.png,PNG,glide,glide,train,1,PixDiff,train_v3_additions/aigi/cf_train_v3_pixdiff_aigi_51572addff2de62f_036853.png.png,complete
cf_train_v3_pixdiff_aigi_51beb2bb0dba9abe,pixdiff_aigi,data/HFCF_small_83.parquet,0,1658,004760.png,PNG,DeepFloyd,deepfloyd,train,1,PixDiff,train_v3_additions/aigi/cf_train_v3_pixdiff_aigi_51beb2bb0dba9abe_004760.png.png,complete
cf_train_v3_pixdiff_aigi_51c984379879f44d,pixdiff_aigi,data/HFCF_small_67.parquet,0,1132,008120.png,PNG,guidedDiffusion,guideddiffusion,train,1,PixDiff,train_v3_additions/aigi/cf_train_v3_pixdiff_aigi_51c984379879f44d_008120.png.png,complete
cf_train_v3_pixdiff_aigi_51c9d56f4168e317,pixdiff_aigi,data/HFCF_small_83.parquet,0,1963,003290.png,PNG,DeepFloyd,deepfloyd,train,1,PixDiff,train_v3_additions/aigi/cf_train_v3_pixdiff_aigi_51c9d56f4168e317_003290.png.png,complete
cf_train_v3_pixdiff_aigi_51ee3320cec546be,pixdiff_aigi,data/HFCF_small_82.parquet,0,995,044405.png,PNG,glide,glide,train,1,PixDiff,train_v3_additions/aigi/cf_train_v3_pixdiff_aigi_51ee3320cec546be_044405.png.png,complete
cf_train_v3_pixdiff_aigi_52527207d57c838e,pixdiff_aigi,data/HFCF_small_82.parquet,0,2380,016573.png,PNG,glide,glide,train,1,PixDiff,train_v3_additions/aigi/cf_train_v3_pixdiff_aigi_52527207d57c838e_016573.png.png,complete
cf_train_v3_pixdiff_aigi_525f5509de3180d2,pixdiff_aigi,data/HFCF_small_83.parquet,0,1689,004155.png,PNG,DeepFloyd,deepfloyd,train,1,PixDiff,train_v3_additions/aigi/cf_train_v3_pixdiff_aigi_525f5509de3180d2_004155.png.png,complete
cf_train_v3_pixdiff_aigi_529c02d3fc5b5315,pixdiff_aigi,data/HFCF_small_83.parquet,0,1469,003496.png,PNG,DeepFloyd,deepfloyd,train,1,PixDiff,train_v3_additions/aigi/cf_train_v3_pixdiff_aigi_529c02d3fc5b5315_003496.png.png,complete
cf_train_v3_pixdiff_aigi_52ac2337568ac289,pixdiff_aigi,data/HFCF_small_82.parquet,0,643,022887.png,PNG,glide,glide,train,1,PixDiff,train_v3_additions/aigi/cf_train_v3_pixdiff_aigi_52ac2337568ac289_022887.png.png,complete
cf_train_v3_pixdiff_aigi_52b82ce59bb4f6bd,pixdiff_aigi,data/HFCF_small_82.parquet,0,619,003561.png,PNG,glide,glide,train,1,PixDiff,train_v3_additions/aigi/cf_train_v3_pixdiff_aigi_52b82ce59bb4f6bd_003561.png.png,complete
cf_train_v3_pixdiff_aigi_52eb4366e91709bb,pixdiff_aigi,data/HFCF_small_82.parquet,0,1355,037024.png,PNG,glide,glide,train,1,PixDiff,train_v3_additions/aigi/cf_train_v3_pixdiff_aigi_52eb4366e91709bb_037024.png.png,complete
cf_train_v3_pixdiff_aigi_5317dcab3c488c62,pixdiff_aigi,data/HFCF_small_67.parquet,0,1912,001697.png,PNG,guidedDiffusion,guideddiffusion,train,1,PixDiff,train_v3_additions/aigi/cf_train_v3_pixdiff_aigi_5317dcab3c488c62_001697.png.png,complete
cf_train_v3_pixdiff_aigi_53201e08bfd61b0f,pixdiff_aigi,data/HFCF_small_83.parquet,0,1795,009463.png,PNG,DeepFloyd,deepfloyd,train,1,PixDiff,train_v3_additions/aigi/cf_train_v3_pixdiff_aigi_53201e08bfd61b0f_009463.png.png,complete
cf_train_v3_pixdiff_aigi_5349894ffb088dcc,pixdiff_aigi,data/HFCF_small_83.parquet,0,1999,000396.png,PNG,DeepFloyd,deepfloyd,train,1,PixDiff,train_v3_additions/aigi/cf_train_v3_pixdiff_aigi_5349894ffb088dcc_000396.png.png,complete
cf_train_v3_pixdiff_aigi_5357dbb71a5edaea,pixdiff_aigi,data/HFCF_small_67.parquet,0,1118,000840.png,PNG,guidedDiffusion,guideddiffusion,train,1,PixDiff,train_v3_additions/aigi/cf_train_v3_pixdiff_aigi_5357dbb71a5edaea_000840.png.png,complete
cf_train_v3_pixdiff_aigi_5373b8c716dfc574,pixdiff_aigi,data/HFCF_small_67.parquet,0,2091,001150.png,PNG,guidedDiffusion,guideddiffusion,train,1,PixDiff,train_v3_additions/aigi/cf_train_v3_pixdiff_aigi_5373b8c716dfc574_001150.png.png,complete
cf_train_v3_pixdiff_aigi_53f04141b8fac64e,pixdiff_aigi,data/HFCF_small_82.parquet,0,59,046187.png,PNG,glide,glide,train,1,PixDiff,train_v3_additions/aigi/cf_train_v3_pixdiff_aigi_53f04141b8fac64e_046187.png.png,complete
cf_train_v3_pixdiff_aigi_5404ccbeb3e3b8e5,pixdiff_aigi,data/HFCF_small_83.parquet,0,1231,007562.png,PNG,DeepFloyd,deepfloyd,train,1,PixDiff,train_v3_additions/aigi/cf_train_v3_pixdiff_aigi_5404ccbeb3e3b8e5_007562.png.png,complete
cf_train_v3_pixdiff_aigi_54aaedd4fe215891,pixdiff_aigi,data/HFCF_small_83.parquet,0,1199,000618.png,PNG,DeepFloyd,deepfloyd,train,1,PixDiff,train_v3_additions/aigi/cf_train_v3_pixdiff_aigi_54aaedd4fe215891_000618.png.png,complete
cf_train_v3_pixdiff_aigi_54b6d2aaf43fb50e,pixdiff_aigi,data/HFCF_small_83.parquet,0,1687,003592.png,PNG,DeepFloyd,deepfloyd,train,1,PixDiff,train_v3_additions/aigi/cf_train_v3_pixdiff_aigi_54b6d2aaf43fb50e_003592.png.png,complete
cf_train_v3_pixdiff_aigi_54ed6ffa82c0bf6b,pixdiff_aigi,data/HFCF_small_83.parquet,0,1743,002021.png,PNG,DeepFloyd,deepfloyd,train,1,PixDiff,train_v3_additions/aigi/cf_train_v3_pixdiff_aigi_54ed6ffa82c0bf6b_002021.png.png,complete
cf_train_v3_pixdiff_aigi_55275ac77ce91744,pixdiff_aigi,data/HFCF_small_83.parquet,0,1484,009300.png,PNG,DeepFloyd,deepfloyd,train,1,PixDiff,train_v3_additions/aigi/cf_train_v3_pixdiff_aigi_55275ac77ce91744_009300.png.png,complete
cf_train_v3_pixdiff_aigi_55375db153263d8f,pixdiff_aigi,data/HFCF_small_67.parquet,0,1889,000665.png,PNG,guidedDiffusion,guideddiffusion,train,1,PixDiff,train_v3_additions/aigi/cf_train_v3_pixdiff_aigi_55375db153263d8f_000665.png.png,complete
cf_train_v3_pixdiff_aigi_5547030b4574ea3a,pixdiff_aigi,data/HFCF_small_83.parquet,0,1446,009723.png,PNG,DeepFloyd,deepfloyd,train,1,PixDiff,train_v3_additions/aigi/cf_train_v3_pixdiff_aigi_5547030b4574ea3a_009723.png.png,complete
cf_train_v3_pixdiff_aigi_558dd9183e9f5d1a,pixdiff_aigi,data/HFCF_small_67.parquet,0,1536,007909.png,PNG,guidedDiffusion,guideddiffusion,train,1,PixDiff,train_v3_additions/aigi/cf_train_v3_pixdiff_aigi_558dd9183e9f5d1a_007909.png.png,complete
cf_train_v3_pixdiff_aigi_55b1ff8afa786811,pixdiff_aigi,data/HFCF_small_67.parquet,0,1594,001027.png,PNG,guidedDiffusion,guideddiffusion,train,1,PixDiff,train_v3_additions/aigi/cf_train_v3_pixdiff_aigi_55b1ff8afa786811_001027.png.png,complete
cf_train_v3_pixdiff_aigi_55dbbe72ff1bc6d6,pixdiff_aigi,data/HFCF_small_82.parquet,0,622,024641.png,PNG,glide,glide,train,1,PixDiff,train_v3_additions/aigi/cf_train_v3_pixdiff_aigi_55dbbe72ff1bc6d6_024641.png.png,complete
cf_train_v3_pixdiff_aigi_562098408642f8be,pixdiff_aigi,data/HFCF_small_83.parquet,0,1986,002207.png,PNG,DeepFloyd,deepfloyd,train,1,PixDiff,train_v3_additions/aigi/cf_train_v3_pixdiff_aigi_562098408642f8be_002207.png.png,complete
cf_train_v3_pixdiff_aigi_563fd9a8dcde3dad,pixdiff_aigi,data/HFCF_small_67.parquet,0,1464,007298.png,PNG,guidedDiffusion,guideddiffusion,train,1,PixDiff,train_v3_additions/aigi/cf_train_v3_pixdiff_aigi_563fd9a8dcde3dad_007298.png.png,complete
cf_train_v3_pixdiff_aigi_56f413e1e9b8c9b4,pixdiff_aigi,data/HFCF_small_67.parquet,0,1471,004756.png,PNG,guidedDiffusion,guideddiffusion,train,1,PixDiff,train_v3_additions/aigi/cf_train_v3_pixdiff_aigi_56f413e1e9b8c9b4_004756.png.png,complete
cf_train_v3_pixdiff_aigi_56fe244c1a43a00a,pixdiff_aigi,data/HFCF_small_67.parquet,0,1722,003119.png,PNG,guidedDiffusion,guideddiffusion,train,1,PixDiff,train_v3_additions/aigi/cf_train_v3_pixdiff_aigi_56fe244c1a43a00a_003119.png.png,complete
cf_train_v3_pixdiff_aigi_5700993ff62db5c2,pixdiff_aigi,data/HFCF_small_67.parquet,0,1081,009864.png,PNG,guidedDiffusion,guideddiffusion,train,1,PixDiff,train_v3_additions/aigi/cf_train_v3_pixdiff_aigi_5700993ff62db5c2_009864.png.png,complete
cf_train_v3_pixdiff_aigi_570c7bb8f06fcb13,pixdiff_aigi,data/HFCF_small_83.parquet,0,1212,003268.png,PNG,DeepFloyd,deepfloyd,train,1,PixDiff,train_v3_additions/aigi/cf_train_v3_pixdiff_aigi_570c7bb8f06fcb13_003268.png.png,complete
cf_train_v3_pixdiff_aigi_571ed0ddc035e700,pixdiff_aigi,data/HFCF_small_82.parquet,0,2469,027213.png,PNG,glide,glide,train,1,PixDiff,train_v3_additions/aigi/cf_train_v3_pixdiff_aigi_571ed0ddc035e700_027213.png.png,complete
cf_train_v3_pixdiff_aigi_57e6c7f3b0bd2887,pixdiff_aigi,data/HFCF_small_83.parquet,0,1358,008911.png,PNG,DeepFloyd,deepfloyd,train,1,PixDiff,train_v3_additions/aigi/cf_train_v3_pixdiff_aigi_57e6c7f3b0bd2887_008911.png.png,complete
cf_train_v3_pixdiff_aigi_5852bb7947d4fd7c,pixdiff_aigi,data/HFCF_small_82.parquet,0,301,033587.png,PNG,glide,glide,train,1,PixDiff,train_v3_additions/aigi/cf_train_v3_pixdiff_aigi_5852bb7947d4fd7c_033587.png.png,complete
cf_train_v3_pixdiff_aigi_586135a238cd1cc4,pixdiff_aigi,data/HFCF_small_82.parquet,0,879,044340.png,PNG,glide,glide,train,1,PixDiff,train_v3_additions/aigi/cf_train_v3_pixdiff_aigi_586135a238cd1cc4_044340.png.png,complete
cf_train_v3_pixdiff_aigi_593caa2a3b27b430,pixdiff_aigi,data/HFCF_small_67.parquet,0,1258,003406.png,PNG,guidedDiffusion,guideddiffusion,train,1,PixDiff,train_v3_additions/aigi/cf_train_v3_pixdiff_aigi_593caa2a3b27b430_003406.png.png,complete
cf_train_v3_pixdiff_aigi_5991be80a700b519,pixdiff_aigi,data/HFCF_small_67.parquet,0,1121,006719.png,PNG,guidedDiffusion,guideddiffusion,train,1,PixDiff,train_v3_additions/aigi/cf_train_v3_pixdiff_aigi_5991be80a700b519_006719.png.png,complete
cf_train_v3_pixdiff_aigi_5abd3a7998e2044f,pixdiff_aigi,data/HFCF_small_67.parquet,0,1621,008622.png,PNG,guidedDiffusion,guideddiffusion,train,1,PixDiff,train_v3_additions/aigi/cf_train_v3_pixdiff_aigi_5abd3a7998e2044f_008622.png.png,complete
cf_train_v3_pixdiff_aigi_5af0f3e50c4bbf57,pixdiff_aigi,data/HFCF_small_83.parquet,0,1762,005932.png,PNG,DeepFloyd,deepfloyd,train,1,PixDiff,train_v3_additions/aigi/cf_train_v3_pixdiff_aigi_5af0f3e50c4bbf57_005932.png.png,complete
cf_train_v3_pixdiff_aigi_5b0fcd787eb5a0c5,pixdiff_aigi,data/HFCF_small_83.parquet,0,1144,006149.png,PNG,DeepFloyd,deepfloyd,train,1,PixDiff,train_v3_additions/aigi/cf_train_v3_pixdiff_aigi_5b0fcd787eb5a0c5_006149.png.png,complete
cf_train_v3_pixdiff_aigi_5b596bd886d8dc11,pixdiff_aigi,data/HFCF_small_82.parquet,0,563,003920.png,PNG,glide,glide,train,1,PixDiff,train_v3_additions/aigi/cf_train_v3_pixdiff_aigi_5b596bd886d8dc11_003920.png.png,complete
cf_train_v3_pixdiff_aigi_5b7d21ef449b026f,pixdiff_aigi,data/HFCF_small_83.parquet,0,1539,006750.png,PNG,DeepFloyd,deepfloyd,train,1,PixDiff,train_v3_additions/aigi/cf_train_v3_pixdiff_aigi_5b7d21ef449b026f_006750.png.png,complete
cf_train_v3_pixdiff_aigi_5bbcf3c43a155180,pixdiff_aigi,data/HFCF_small_83.parquet,0,1828,007031.png,PNG,DeepFloyd,deepfloyd,train,1,PixDiff,train_v3_additions/aigi/cf_train_v3_pixdiff_aigi_5bbcf3c43a155180_007031.png.png,complete
cf_train_v3_pixdiff_aigi_5bc502df66fb6949,pixdiff_aigi,data/HFCF_small_67.parquet,0,1730,002830.png,PNG,guidedDiffusion,guideddiffusion,train,1,PixDiff,train_v3_additions/aigi/cf_train_v3_pixdiff_aigi_5bc502df66fb6949_002830.png.png,complete
cf_train_v3_pixdiff_aigi_5bee2ba974c96d46,pixdiff_aigi,data/HFCF_small_83.parquet,0,1729,002377.png,PNG,DeepFloyd,deepfloyd,train,1,PixDiff,train_v3_additions/aigi/cf_train_v3_pixdiff_aigi_5bee2ba974c96d46_002377.png.png,complete
cf_train_v3_pixdiff_aigi_5bf0dfc2fc2f59f3,pixdiff_aigi,data/HFCF_small_83.parquet,0,1995,001551.png,PNG,DeepFloyd,deepfloyd,train,1,PixDiff,train_v3_additions/aigi/cf_train_v3_pixdiff_aigi_5bf0dfc2fc2f59f3_001551.png.png,complete
cf_train_v3_pixdiff_aigi_5bffd2ab84d97be2,pixdiff_aigi,data/HFCF_small_67.parquet,0,1314,008138.png,PNG,guidedDiffusion,guideddiffusion,train,1,PixDiff,train_v3_additions/aigi/cf_train_v3_pixdiff_aigi_5bffd2ab84d97be2_008138.png.png,complete
cf_train_v3_pixdiff_aigi_5c1fd6ec4b7846ef,pixdiff_aigi,data/HFCF_small_83.parquet,0,1438,008178.png,PNG,DeepFloyd,deepfloyd,train,1,PixDiff,train_v3_additions/aigi/cf_train_v3_pixdiff_aigi_5c1fd6ec4b7846ef_008178.png.png,complete
cf_train_v3_pixdiff_aigi_5c7af41d6da6c0ae,pixdiff_aigi,data/HFCF_small_67.parquet,0,1684,003820.png,PNG,guidedDiffusion,guideddiffusion,train,1,PixDiff,train_v3_additions/aigi/cf_train_v3_pixdiff_aigi_5c7af41d6da6c0ae_003820.png.png,complete
cf_train_v3_pixdiff_aigi_5c9cb570d730cc6f,pixdiff_aigi,data/HFCF_small_67.parquet,0,1998,007109.png,PNG,guidedDiffusion,guideddiffusion,train,1,PixDiff,train_v3_additions/aigi/cf_train_v3_pixdiff_aigi_5c9cb570d730cc6f_007109.png.png,complete
cf_train_v3_pixdiff_aigi_5c9e093684995aa9,pixdiff_aigi,data/HFCF_small_67.parquet,0,1631,008534.png,PNG,guidedDiffusion,guideddiffusion,train,1,PixDiff,train_v3_additions/aigi/cf_train_v3_pixdiff_aigi_5c9e093684995aa9_008534.png.png,complete
cf_train_v3_pixdiff_aigi_5cb2c945526d776e,pixdiff_aigi,data/HFCF_small_83.parquet,0,1101,008791.png,PNG,DeepFloyd,deepfloyd,train,1,PixDiff,train_v3_additions/aigi/cf_train_v3_pixdiff_aigi_5cb2c945526d776e_008791.png.png,complete
cf_train_v3_pixdiff_aigi_5cb90cd29f270438,pixdiff_aigi,data/HFCF_small_83.parquet,0,1391,002832.png,PNG,DeepFloyd,deepfloyd,train,1,PixDiff,train_v3_additions/aigi/cf_train_v3_pixdiff_aigi_5cb90cd29f270438_002832.png.png,complete
cf_train_v3_pixdiff_aigi_5cc32d6578b7f3a7,pixdiff_aigi,data/HFCF_small_67.parquet,0,1433,007889.png,PNG,guidedDiffusion,guideddiffusion,train,1,PixDiff,train_v3_additions/aigi/cf_train_v3_pixdiff_aigi_5cc32d6578b7f3a7_007889.png.png,complete
cf_train_v3_pixdiff_aigi_5ce5b2a87cf249eb,pixdiff_aigi,data/HFCF_small_82.parquet,0,1769,039111.png,PNG,glide,glide,train,1,PixDiff,train_v3_additions/aigi/cf_train_v3_pixdiff_aigi_5ce5b2a87cf249eb_039111.png.png,complete
cf_train_v3_pixdiff_aigi_5d5c3a1c7e3854a2,pixdiff_aigi,data/HFCF_small_82.parquet,0,1267,042253.png,PNG,glide,glide,train,1,PixDiff,train_v3_additions/aigi/cf_train_v3_pixdiff_aigi_5d5c3a1c7e3854a2_042253.png.png,complete
cf_train_v3_pixdiff_aigi_5d61612ab595b53c,pixdiff_aigi,data/HFCF_small_83.parquet,0,2055,000778.png,PNG,DeepFloyd,deepfloyd,train,1,PixDiff,train_v3_additions/aigi/cf_train_v3_pixdiff_aigi_5d61612ab595b53c_000778.png.png,complete
cf_train_v3_pixdiff_aigi_5d649a1ef9661365,pixdiff_aigi,data/HFCF_small_82.parquet,0,2277,048030.png,PNG,glide,glide,train,1,PixDiff,train_v3_additions/aigi/cf_train_v3_pixdiff_aigi_5d649a1ef9661365_048030.png.png,complete
cf_train_v3_pixdiff_aigi_5d916c0f0ae339e2,pixdiff_aigi,data/HFCF_small_67.parquet,0,1808,003991.png,PNG,guidedDiffusion,guideddiffusion,train,1,PixDiff,train_v3_additions/aigi/cf_train_v3_pixdiff_aigi_5d916c0f0ae339e2_003991.png.png,complete
cf_train_v3_pixdiff_aigi_5ddb8770065b7484,pixdiff_aigi,data/HFCF_small_67.parquet,0,1418,000935.png,PNG,guidedDiffusion,guideddiffusion,train,1,PixDiff,train_v3_additions/aigi/cf_train_v3_pixdiff_aigi_5ddb8770065b7484_000935.png.png,complete
cf_train_v3_pixdiff_aigi_5e03afd7dc38bf28,pixdiff_aigi,data/HFCF_small_67.parquet,0,1367,008889.png,PNG,guidedDiffusion,guideddiffusion,train,1,PixDiff,train_v3_additions/aigi/cf_train_v3_pixdiff_aigi_5e03afd7dc38bf28_008889.png.png,complete
cf_train_v3_pixdiff_aigi_5e3e40e6f205e9a7,pixdiff_aigi,data/HFCF_small_67.parquet,0,1138,004131.png,PNG,guidedDiffusion,guideddiffusion,train,1,PixDiff,train_v3_additions/aigi/cf_train_v3_pixdiff_aigi_5e3e40e6f205e9a7_004131.png.png,complete
cf_train_v3_pixdiff_aigi_5e6bf5204fc1e078,pixdiff_aigi,data/HFCF_small_67.parquet,0,1972,007615.png,PNG,guidedDiffusion,guideddiffusion,train,1,PixDiff,train_v3_additions/aigi/cf_train_v3_pixdiff_aigi_5e6bf5204fc1e078_007615.png.png,complete
cf_train_v3_pixdiff_aigi_5e7ca6b5575bd4a1,pixdiff_aigi,data/HFCF_small_82.parquet,0,2067,000718.png,PNG,glide,glide,train,1,PixDiff,train_v3_additions/aigi/cf_train_v3_pixdiff_aigi_5e7ca6b5575bd4a1_000718.png.png,complete
cf_train_v3_pixdiff_aigi_5e942f4996872ddd,pixdiff_aigi,data/HFCF_small_67.parquet,0,1317,008147.png,PNG,guidedDiffusion,guideddiffusion,train,1,PixDiff,train_v3_additions/aigi/cf_train_v3_pixdiff_aigi_5e942f4996872ddd_008147.png.png,complete
cf_train_v3_pixdiff_aigi_5e958a55301ae789,pixdiff_aigi,data/HFCF_small_82.parquet,0,266,023450.png,PNG,glide,glide,train,1,PixDiff,train_v3_additions/aigi/cf_train_v3_pixdiff_aigi_5e958a55301ae789_023450.png.png,complete
cf_train_v3_pixdiff_aigi_5ea46c2628d39e04,pixdiff_aigi,data/HFCF_small_82.parquet,0,900,045666.png,PNG,glide,glide,train,1,PixDiff,train_v3_additions/aigi/cf_train_v3_pixdiff_aigi_5ea46c2628d39e04_045666.png.png,complete
cf_train_v3_pixdiff_aigi_5ecac7b2b71db4a9,pixdiff_aigi,data/HFCF_small_82.parquet,0,1587,021792.png,PNG,glide,glide,train,1,PixDiff,train_v3_additions/aigi/cf_train_v3_pixdiff_aigi_5ecac7b2b71db4a9_021792.png.png,complete
cf_train_v3_pixdiff_aigi_5ed124304fb6d602,pixdiff_aigi,data/HFCF_small_82.parquet,0,1321,037648.png,PNG,glide,glide,train,1,PixDiff,train_v3_additions/aigi/cf_train_v3_pixdiff_aigi_5ed124304fb6d602_037648.png.png,complete
cf_train_v3_pixdiff_aigi_5f01b11bc5f7f892,pixdiff_aigi,data/HFCF_small_67.parquet,0,1776,007571.png,PNG,guidedDiffusion,guideddiffusion,train,1,PixDiff,train_v3_additions/aigi/cf_train_v3_pixdiff_aigi_5f01b11bc5f7f892_007571.png.png,complete
cf_train_v3_pixdiff_aigi_5f176bebe02f0a0e,pixdiff_aigi,data/HFCF_small_82.parquet,0,1660,009562.png,PNG,glide,glide,train,1,PixDiff,train_v3_additions/aigi/cf_train_v3_pixdiff_aigi_5f176bebe02f0a0e_009562.png.png,complete
cf_train_v3_pixdiff_aigi_5fbd3b00cf9a54c0,pixdiff_aigi,data/HFCF_small_83.parquet,0,1825,004510.png,PNG,DeepFloyd,deepfloyd,train,1,PixDiff,train_v3_additions/aigi/cf_train_v3_pixdiff_aigi_5fbd3b00cf9a54c0_004510.png.png,complete
cf_train_v3_pixdiff_aigi_5fce5eecc24afdb2,pixdiff_aigi,data/HFCF_small_83.parquet,0,1586,006851.png,PNG,DeepFloyd,deepfloyd,train,1,PixDiff,train_v3_additions/aigi/cf_train_v3_pixdiff_aigi_5fce5eecc24afdb2_006851.png.png,complete
cf_train_v3_pixdiff_aigi_5fd8c50651264ce2,pixdiff_aigi,data/HFCF_small_82.parquet,0,537,002097.png,PNG,glide,glide,train,1,PixDiff,train_v3_additions/aigi/cf_train_v3_pixdiff_aigi_5fd8c50651264ce2_002097.png.png,complete
cf_train_v3_pixdiff_aigi_5fe826ad4185736a,pixdiff_aigi,data/HFCF_small_67.parquet,0,1444,009343.png,PNG,guidedDiffusion,guideddiffusion,train,1,PixDiff,train_v3_additions/aigi/cf_train_v3_pixdiff_aigi_5fe826ad4185736a_009343.png.png,complete
cf_train_v3_pixdiff_aigi_604b0fdd1eb11f9d,pixdiff_aigi,data/HFCF_small_83.parquet,0,1515,005024.png,PNG,DeepFloyd,deepfloyd,train,1,PixDiff,train_v3_additions/aigi/cf_train_v3_pixdiff_aigi_604b0fdd1eb11f9d_005024.png.png,complete
cf_train_v3_pixdiff_aigi_604e69c0ee838fab,pixdiff_aigi,data/HFCF_small_67.parquet,0,1356,003222.png,PNG,guidedDiffusion,guideddiffusion,train,1,PixDiff,train_v3_additions/aigi/cf_train_v3_pixdiff_aigi_604e69c0ee838fab_003222.png.png,complete
cf_train_v3_pixdiff_aigi_610cd1de73b2a376,pixdiff_aigi,data/HFCF_small_67.parquet,0,1381,008283.png,PNG,guidedDiffusion,guideddiffusion,train,1,PixDiff,train_v3_additions/aigi/cf_train_v3_pixdiff_aigi_610cd1de73b2a376_008283.png.png,complete
cf_train_v3_pixdiff_aigi_614b2a153d6d79d3,pixdiff_aigi,data/HFCF_small_82.parquet,0,2392,028400.png,PNG,glide,glide,train,1,PixDiff,train_v3_additions/aigi/cf_train_v3_pixdiff_aigi_614b2a153d6d79d3_028400.png.png,complete
cf_train_v3_pixdiff_aigi_61ceaf56af62b3ac,pixdiff_aigi,data/HFCF_small_82.parquet,0,1325,030158.png,PNG,glide,glide,train,1,PixDiff,train_v3_additions/aigi/cf_train_v3_pixdiff_aigi_61ceaf56af62b3ac_030158.png.png,complete
cf_train_v3_pixdiff_aigi_61ddf9d019f7fdc8,pixdiff_aigi,data/HFCF_small_67.parquet,0,1162,001840.png,PNG,guidedDiffusion,guideddiffusion,train,1,PixDiff,train_v3_additions/aigi/cf_train_v3_pixdiff_aigi_61ddf9d019f7fdc8_001840.png.png,complete
cf_train_v3_pixdiff_aigi_61e01fbcfeb8f047,pixdiff_aigi,data/HFCF_small_82.parquet,0,1343,008515.png,PNG,glide,glide,train,1,PixDiff,train_v3_additions/aigi/cf_train_v3_pixdiff_aigi_61e01fbcfeb8f047_008515.png.png,complete
cf_train_v3_pixdiff_aigi_61f787a3a8db1acb,pixdiff_aigi,data/HFCF_small_83.parquet,0,1361,003525.png,PNG,DeepFloyd,deepfloyd,train,1,PixDiff,train_v3_additions/aigi/cf_train_v3_pixdiff_aigi_61f787a3a8db1acb_003525.png.png,complete
cf_train_v3_pixdiff_aigi_62041ef43f7b379c,pixdiff_aigi,data/HFCF_small_67.parquet,0,1234,009934.png,PNG,guidedDiffusion,guideddiffusion,train,1,PixDiff,train_v3_additions/aigi/cf_train_v3_pixdiff_aigi_62041ef43f7b379c_009934.png.png,complete
cf_train_v3_pixdiff_aigi_628fc5ee23b698cf,pixdiff_aigi,data/HFCF_small_82.parquet,0,1661,007905.png,PNG,glide,glide,train,1,PixDiff,train_v3_additions/aigi/cf_train_v3_pixdiff_aigi_628fc5ee23b698cf_007905.png.png,complete
cf_train_v3_pixdiff_aigi_62bbe5fffbf412ed,pixdiff_aigi,data/HFCF_small_82.parquet,0,1448,045969.png,PNG,glide,glide,train,1,PixDiff,train_v3_additions/aigi/cf_train_v3_pixdiff_aigi_62bbe5fffbf412ed_045969.png.png,complete
cf_train_v3_pixdiff_aigi_62e9e52d6b6ac734,pixdiff_aigi,data/HFCF_small_82.parquet,0,2276,029117.png,PNG,glide,glide,train,1,PixDiff,train_v3_additions/aigi/cf_train_v3_pixdiff_aigi_62e9e52d6b6ac734_029117.png.png,complete
cf_train_v3_pixdiff_aigi_63a9a2f839b6f72e,pixdiff_aigi,data/HFCF_small_83.parquet,0,1868,006146.png,PNG,DeepFloyd,deepfloyd,train,1,PixDiff,train_v3_additions/aigi/cf_train_v3_pixdiff_aigi_63a9a2f839b6f72e_006146.png.png,complete
cf_train_v3_pixdiff_aigi_640c2cc9f76458a5,pixdiff_aigi,data/HFCF_small_83.parquet,0,1095,002961.png,PNG,DeepFloyd,deepfloyd,train,1,PixDiff,train_v3_additions/aigi/cf_train_v3_pixdiff_aigi_640c2cc9f76458a5_002961.png.png,complete
cf_train_v3_pixdiff_aigi_640dc52b7624409d,pixdiff_aigi,data/HFCF_small_67.parquet,0,2097,005876.png,PNG,guidedDiffusion,guideddiffusion,train,1,PixDiff,train_v3_additions/aigi/cf_train_v3_pixdiff_aigi_640dc52b7624409d_005876.png.png,complete
cf_train_v3_pixdiff_aigi_64223815d769b48f,pixdiff_aigi,data/HFCF_small_67.parquet,0,2015,004110.png,PNG,guidedDiffusion,guideddiffusion,train,1,PixDiff,train_v3_additions/aigi/cf_train_v3_pixdiff_aigi_64223815d769b48f_004110.png.png,complete
cf_train_v3_pixdiff_aigi_6437d9f8442478be,pixdiff_aigi,data/HFCF_small_67.parquet,0,1222,000674.png,PNG,guidedDiffusion,guideddiffusion,train,1,PixDiff,train_v3_additions/aigi/cf_train_v3_pixdiff_aigi_6437d9f8442478be_000674.png.png,complete
cf_train_v3_pixdiff_aigi_643e2eacfc5ca341,pixdiff_aigi,data/HFCF_small_83.parquet,0,1524,006421.png,PNG,DeepFloyd,deepfloyd,train,1,PixDiff,train_v3_additions/aigi/cf_train_v3_pixdiff_aigi_643e2eacfc5ca341_006421.png.png,complete
cf_train_v3_pixdiff_aigi_6484e2e7bd5dc7aa,pixdiff_aigi,data/HFCF_small_67.parquet,0,1794,007577.png,PNG,guidedDiffusion,guideddiffusion,train,1,PixDiff,train_v3_additions/aigi/cf_train_v3_pixdiff_aigi_6484e2e7bd5dc7aa_007577.png.png,complete
cf_train_v3_pixdiff_aigi_64a134b08a22554a,pixdiff_aigi,data/HFCF_small_67.parquet,0,1610,008738.png,PNG,guidedDiffusion,guideddiffusion,train,1,PixDiff,train_v3_additions/aigi/cf_train_v3_pixdiff_aigi_64a134b08a22554a_008738.png.png,complete
cf_train_v3_pixdiff_aigi_64efddbb14adb1c8,pixdiff_aigi,data/HFCF_small_67.parquet,0,1182,003071.png,PNG,guidedDiffusion,guideddiffusion,train,1,PixDiff,train_v3_additions/aigi/cf_train_v3_pixdiff_aigi_64efddbb14adb1c8_003071.png.png,complete
cf_train_v3_pixdiff_aigi_65a07b00211e1e49,pixdiff_aigi,data/HFCF_small_82.parquet,0,700,020714.png,PNG,glide,glide,train,1,PixDiff,train_v3_additions/aigi/cf_train_v3_pixdiff_aigi_65a07b00211e1e49_020714.png.png,complete
cf_train_v3_pixdiff_aigi_65c768090800550e,pixdiff_aigi,data/HFCF_small_67.parquet,0,1353,005682.png,PNG,guidedDiffusion,guideddiffusion,train,1,PixDiff,train_v3_additions/aigi/cf_train_v3_pixdiff_aigi_65c768090800550e_005682.png.png,complete
cf_train_v3_pixdiff_aigi_66180e2a91c9db57,pixdiff_aigi,data/HFCF_small_82.parquet,0,1569,013272.png,PNG,glide,glide,train,1,PixDiff,train_v3_additions/aigi/cf_train_v3_pixdiff_aigi_66180e2a91c9db57_013272.png.png,complete
cf_train_v3_pixdiff_aigi_6623e772986133ed,pixdiff_aigi,data/HFCF_small_82.parquet,0,2042,019243.png,PNG,glide,glide,train,1,PixDiff,train_v3_additions/aigi/cf_train_v3_pixdiff_aigi_6623e772986133ed_019243.png.png,complete
cf_train_v3_pixdiff_aigi_66359ca26d79bcc2,pixdiff_aigi,data/HFCF_small_82.parquet,0,2221,012030.png,PNG,glide,glide,train,1,PixDiff,train_v3_additions/aigi/cf_train_v3_pixdiff_aigi_66359ca26d79bcc2_012030.png.png,complete
cf_train_v3_pixdiff_aigi_6653afe6b9623f10,pixdiff_aigi,data/HFCF_small_82.parquet,0,849,023578.png,PNG,glide,glide,train,1,PixDiff,train_v3_additions/aigi/cf_train_v3_pixdiff_aigi_6653afe6b9623f10_023578.png.png,complete
cf_train_v3_pixdiff_aigi_668c413b027b56a3,pixdiff_aigi,data/HFCF_small_83.parquet,0,1461,004569.png,PNG,DeepFloyd,deepfloyd,train,1,PixDiff,train_v3_additions/aigi/cf_train_v3_pixdiff_aigi_668c413b027b56a3_004569.png.png,complete
cf_train_v3_pixdiff_aigi_669c32b64532e47f,pixdiff_aigi,data/HFCF_small_67.parquet,0,1833,009437.png,PNG,guidedDiffusion,guideddiffusion,train,1,PixDiff,train_v3_additions/aigi/cf_train_v3_pixdiff_aigi_669c32b64532e47f_009437.png.png,complete
cf_train_v3_pixdiff_aigi_66bb6cd19978e2c0,pixdiff_aigi,data/HFCF_small_83.parquet,0,1866,000154.png,PNG,DeepFloyd,deepfloyd,train,1,PixDiff,train_v3_additions/aigi/cf_train_v3_pixdiff_aigi_66bb6cd19978e2c0_000154.png.png,complete
cf_train_v3_pixdiff_aigi_66ca24d9eb53ab5a,pixdiff_aigi,data/HFCF_small_83.parquet,0,1893,004749.png,PNG,DeepFloyd,deepfloyd,train,1,PixDiff,train_v3_additions/aigi/cf_train_v3_pixdiff_aigi_66ca24d9eb53ab5a_004749.png.png,complete
cf_train_v3_pixdiff_aigi_66e4b35fe5d3d1a6,pixdiff_aigi,data/HFCF_small_83.parquet,0,1400,007477.png,PNG,DeepFloyd,deepfloyd,train,1,PixDiff,train_v3_additions/aigi/cf_train_v3_pixdiff_aigi_66e4b35fe5d3d1a6_007477.png.png,complete
cf_train_v3_pixdiff_aigi_66f53ae6abe6128c,pixdiff_aigi,data/HFCF_small_67.parquet,0,1723,004568.png,PNG,guidedDiffusion,guideddiffusion,train,1,PixDiff,train_v3_additions/aigi/cf_train_v3_pixdiff_aigi_66f53ae6abe6128c_004568.png.png,complete
cf_train_v3_pixdiff_aigi_671384a40d7781d5,pixdiff_aigi,data/HFCF_small_82.parquet,0,756,009214.png,PNG,glide,glide,train,1,PixDiff,train_v3_additions/aigi/cf_train_v3_pixdiff_aigi_671384a40d7781d5_009214.png.png,complete
cf_train_v3_pixdiff_aigi_689c7e8a9265296b,pixdiff_aigi,data/HFCF_small_67.parquet,0,1109,001348.png,PNG,guidedDiffusion,guideddiffusion,train,1,PixDiff,train_v3_additions/aigi/cf_train_v3_pixdiff_aigi_689c7e8a9265296b_001348.png.png,complete
cf_train_v3_pixdiff_aigi_69623d408cae0ff3,pixdiff_aigi,data/HFCF_small_82.parquet,0,1708,042317.png,PNG,glide,glide,train,1,PixDiff,train_v3_additions/aigi/cf_train_v3_pixdiff_aigi_69623d408cae0ff3_042317.png.png,complete
cf_train_v3_pixdiff_aigi_699c87e9d2694bc7,pixdiff_aigi,data/HFCF_small_82.parquet,0,7,013648.png,PNG,glide,glide,train,1,PixDiff,train_v3_additions/aigi/cf_train_v3_pixdiff_aigi_699c87e9d2694bc7_013648.png.png,complete
cf_train_v3_pixdiff_aigi_69e422913773d6e9,pixdiff_aigi,data/HFCF_small_67.parquet,0,1584,008060.png,PNG,guidedDiffusion,guideddiffusion,train,1,PixDiff,train_v3_additions/aigi/cf_train_v3_pixdiff_aigi_69e422913773d6e9_008060.png.png,complete
cf_train_v3_pixdiff_aigi_69e68a02ae5f5e36,pixdiff_aigi,data/HFCF_small_82.parquet,0,956,043121.png,PNG,glide,glide,train,1,PixDiff,train_v3_additions/aigi/cf_train_v3_pixdiff_aigi_69e68a02ae5f5e36_043121.png.png,complete
cf_train_v3_pixdiff_aigi_6a0f8c57993e50c7,pixdiff_aigi,data/HFCF_small_83.parquet,0,1079,009049.png,PNG,DeepFloyd,deepfloyd,train,1,PixDiff,train_v3_additions/aigi/cf_train_v3_pixdiff_aigi_6a0f8c57993e50c7_009049.png.png,complete
cf_train_v3_pixdiff_aigi_6a2293b6d6d025b7,pixdiff_aigi,data/HFCF_small_67.parquet,0,1753,005452.png,PNG,guidedDiffusion,guideddiffusion,train,1,PixDiff,train_v3_additions/aigi/cf_train_v3_pixdiff_aigi_6a2293b6d6d025b7_005452.png.png,complete
cf_train_v3_pixdiff_aigi_6a4c93e33f343f9c,pixdiff_aigi,data/HFCF_small_82.parquet,0,2027,030373.png,PNG,glide,glide,train,1,PixDiff,train_v3_additions/aigi/cf_train_v3_pixdiff_aigi_6a4c93e33f343f9c_030373.png.png,complete
cf_train_v3_pixdiff_aigi_6a4d4e74f72f584b,pixdiff_aigi,data/HFCF_small_67.parquet,0,1254,005865.png,PNG,guidedDiffusion,guideddiffusion,train,1,PixDiff,train_v3_additions/aigi/cf_train_v3_pixdiff_aigi_6a4d4e74f72f584b_005865.png.png,complete
cf_train_v3_pixdiff_aigi_6a9954a1a5bbf4be,pixdiff_aigi,data/HFCF_small_82.parquet,0,2304,037365.png,PNG,glide,glide,train,1,PixDiff,train_v3_additions/aigi/cf_train_v3_pixdiff_aigi_6a9954a1a5bbf4be_037365.png.png,complete
cf_train_v3_pixdiff_aigi_6a9a5a154d2987a6,pixdiff_aigi,data/HFCF_small_67.parquet,0,1836,005667.png,PNG,guidedDiffusion,guideddiffusion,train,1,PixDiff,train_v3_additions/aigi/cf_train_v3_pixdiff_aigi_6a9a5a154d2987a6_005667.png.png,complete
cf_train_v3_pixdiff_aigi_6b8c02f7e4553cb5,pixdiff_aigi,data/HFCF_small_83.parquet,0,1968,003893.png,PNG,DeepFloyd,deepfloyd,train,1,PixDiff,train_v3_additions/aigi/cf_train_v3_pixdiff_aigi_6b8c02f7e4553cb5_003893.png.png,complete
cf_train_v3_pixdiff_aigi_6bc135b26fa2eca0,pixdiff_aigi,data/HFCF_small_67.parquet,0,1406,004594.png,PNG,guidedDiffusion,guideddiffusion,train,1,PixDiff,train_v3_additions/aigi/cf_train_v3_pixdiff_aigi_6bc135b26fa2eca0_004594.png.png,complete
cf_train_v3_pixdiff_aigi_6bc5446baf482f9d,pixdiff_aigi,data/HFCF_small_83.parquet,0,1520,008434.png,PNG,DeepFloyd,deepfloyd,train,1,PixDiff,train_v3_additions/aigi/cf_train_v3_pixdiff_aigi_6bc5446baf482f9d_008434.png.png,complete
cf_train_v3_pixdiff_aigi_6bc8f991a99edada,pixdiff_aigi,data/HFCF_small_83.parquet,0,1578,007297.png,PNG,DeepFloyd,deepfloyd,train,1,PixDiff,train_v3_additions/aigi/cf_train_v3_pixdiff_aigi_6bc8f991a99edada_007297.png.png,complete
cf_train_v3_pixdiff_aigi_6c070bf30adc6116,pixdiff_aigi,data/HFCF_small_83.parquet,0,1746,005452.png,PNG,DeepFloyd,deepfloyd,train,1,PixDiff,train_v3_additions/aigi/cf_train_v3_pixdiff_aigi_6c070bf30adc6116_005452.png.png,complete
cf_train_v3_pixdiff_aigi_6c2ff83eebd9a0e2,pixdiff_aigi,data/HFCF_small_67.parquet,0,1714,007398.png,PNG,guidedDiffusion,guideddiffusion,train,1,PixDiff,train_v3_additions/aigi/cf_train_v3_pixdiff_aigi_6c2ff83eebd9a0e2_007398.png.png,complete
cf_train_v3_pixdiff_aigi_6ce304a8b4e49d87,pixdiff_aigi,data/HFCF_small_83.parquet,0,1299,005777.png,PNG,DeepFloyd,deepfloyd,train,1,PixDiff,train_v3_additions/aigi/cf_train_v3_pixdiff_aigi_6ce304a8b4e49d87_005777.png.png,complete
cf_train_v3_pixdiff_aigi_6d18d5cb9254ef48,pixdiff_aigi,data/HFCF_small_83.parquet,0,2030,001458.png,PNG,DeepFloyd,deepfloyd,train,1,PixDiff,train_v3_additions/aigi/cf_train_v3_pixdiff_aigi_6d18d5cb9254ef48_001458.png.png,complete
cf_train_v3_pixdiff_aigi_6d3d1a9574a75735,pixdiff_aigi,data/HFCF_small_82.parquet,0,2322,040252.png,PNG,glide,glide,train,1,PixDiff,train_v3_additions/aigi/cf_train_v3_pixdiff_aigi_6d3d1a9574a75735_040252.png.png,complete
cf_train_v3_pixdiff_aigi_6d4607c911112f94,pixdiff_aigi,data/HFCF_small_67.parquet,0,1125,007855.png,PNG,guidedDiffusion,guideddiffusion,train,1,PixDiff,train_v3_additions/aigi/cf_train_v3_pixdiff_aigi_6d4607c911112f94_007855.png.png,complete
cf_train_v3_pixdiff_aigi_6db936b684569f64,pixdiff_aigi,data/HFCF_small_82.parquet,0,262,031752.png,PNG,glide,glide,train,1,PixDiff,train_v3_additions/aigi/cf_train_v3_pixdiff_aigi_6db936b684569f64_031752.png.png,complete
cf_train_v3_pixdiff_aigi_6dfcdd306a7c9135,pixdiff_aigi,data/HFCF_small_83.parquet,0,2067,003933.png,PNG,DeepFloyd,deepfloyd,train,1,PixDiff,train_v3_additions/aigi/cf_train_v3_pixdiff_aigi_6dfcdd306a7c9135_003933.png.png,complete
cf_train_v3_pixdiff_aigi_6ead6ef64014376a,pixdiff_aigi,data/HFCF_small_83.parquet,0,2051,002172.png,PNG,DeepFloyd,deepfloyd,train,1,PixDiff,train_v3_additions/aigi/cf_train_v3_pixdiff_aigi_6ead6ef64014376a_002172.png.png,complete
cf_train_v3_pixdiff_aigi_6f69afe99f8808a5,pixdiff_aigi,data/HFCF_small_82.parquet,0,1607,015025.png,PNG,glide,glide,train,1,PixDiff,train_v3_additions/aigi/cf_train_v3_pixdiff_aigi_6f69afe99f8808a5_015025.png.png,complete
cf_train_v3_pixdiff_aigi_6fb6fb03452456ac,pixdiff_aigi,data/HFCF_small_82.parquet,0,1886,041020.png,PNG,glide,glide,train,1,PixDiff,train_v3_additions/aigi/cf_train_v3_pixdiff_aigi_6fb6fb03452456ac_041020.png.png,complete
cf_train_v3_pixdiff_aigi_6fb87c35dd8af034,pixdiff_aigi,data/HFCF_small_67.parquet,0,1664,008503.png,PNG,guidedDiffusion,guideddiffusion,train,1,PixDiff,train_v3_additions/aigi/cf_train_v3_pixdiff_aigi_6fb87c35dd8af034_008503.png.png,complete
cf_train_v3_pixdiff_aigi_6fc72bc3f4b45b12,pixdiff_aigi,data/HFCF_small_67.parquet,0,1757,008878.png,PNG,guidedDiffusion,guideddiffusion,train,1,PixDiff,train_v3_additions/aigi/cf_train_v3_pixdiff_aigi_6fc72bc3f4b45b12_008878.png.png,complete
cf_train_v3_pixdiff_aigi_6fc8abfb61bb57b6,pixdiff_aigi,data/HFCF_small_83.parquet,0,1890,005952.png,PNG,DeepFloyd,deepfloyd,train,1,PixDiff,train_v3_additions/aigi/cf_train_v3_pixdiff_aigi_6fc8abfb61bb57b6_005952.png.png,complete
cf_train_v3_pixdiff_aigi_700e0d5e10124170,pixdiff_aigi,data/HFCF_small_83.parquet,0,1786,006044.png,PNG,DeepFloyd,deepfloyd,train,1,PixDiff,train_v3_additions/aigi/cf_train_v3_pixdiff_aigi_700e0d5e10124170_006044.png.png,complete
cf_train_v3_pixdiff_aigi_701ac2e5e4c4cf69,pixdiff_aigi,data/HFCF_small_83.parquet,0,1832,007890.png,PNG,DeepFloyd,deepfloyd,train,1,PixDiff,train_v3_additions/aigi/cf_train_v3_pixdiff_aigi_701ac2e5e4c4cf69_007890.png.png,complete
cf_train_v3_pixdiff_aigi_702bedafb8eb7277,pixdiff_aigi,data/HFCF_small_82.parquet,0,39,038884.png,PNG,glide,glide,train,1,PixDiff,train_v3_additions/aigi/cf_train_v3_pixdiff_aigi_702bedafb8eb7277_038884.png.png,complete
cf_train_v3_pixdiff_aigi_7070e623f4d0f38f,pixdiff_aigi,data/HFCF_small_82.parquet,0,1047,022609.png,PNG,glide,glide,train,1,PixDiff,train_v3_additions/aigi/cf_train_v3_pixdiff_aigi_7070e623f4d0f38f_022609.png.png,complete
cf_train_v3_pixdiff_aigi_7091ba8be34d87a8,pixdiff_aigi,data/HFCF_small_83.parquet,0,1656,005881.png,PNG,DeepFloyd,deepfloyd,train,1,PixDiff,train_v3_additions/aigi/cf_train_v3_pixdiff_aigi_7091ba8be34d87a8_005881.png.png,complete
cf_train_v3_pixdiff_aigi_70cc1f9d7b768bf6,pixdiff_aigi,data/HFCF_small_67.parquet,0,1988,002212.png,PNG,guidedDiffusion,guideddiffusion,train,1,PixDiff,train_v3_additions/aigi/cf_train_v3_pixdiff_aigi_70cc1f9d7b768bf6_002212.png.png,complete
cf_train_v3_pixdiff_aigi_70d9a1e5c20f127e,pixdiff_aigi,data/HFCF_small_82.parquet,0,476,039261.png,PNG,glide,glide,train,1,PixDiff,train_v3_additions/aigi/cf_train_v3_pixdiff_aigi_70d9a1e5c20f127e_039261.png.png,complete
cf_train_v3_pixdiff_aigi_70e8a519161d26cb,pixdiff_aigi,data/HFCF_small_67.parquet,0,1899,003537.png,PNG,guidedDiffusion,guideddiffusion,train,1,PixDiff,train_v3_additions/aigi/cf_train_v3_pixdiff_aigi_70e8a519161d26cb_003537.png.png,complete
cf_train_v3_pixdiff_aigi_710744d50f97fb36,pixdiff_aigi,data/HFCF_small_82.parquet,0,521,039773.png,PNG,glide,glide,train,1,PixDiff,train_v3_additions/aigi/cf_train_v3_pixdiff_aigi_710744d50f97fb36_039773.png.png,complete
cf_train_v3_pixdiff_aigi_71783dca97a685f3,pixdiff_aigi,data/HFCF_small_67.parquet,0,1403,002087.png,PNG,guidedDiffusion,guideddiffusion,train,1,PixDiff,train_v3_additions/aigi/cf_train_v3_pixdiff_aigi_71783dca97a685f3_002087.png.png,complete
cf_train_v3_pixdiff_aigi_7235ede6db731fdd,pixdiff_aigi,data/HFCF_small_82.parquet,0,194,017333.png,PNG,glide,glide,train,1,PixDiff,train_v3_additions/aigi/cf_train_v3_pixdiff_aigi_7235ede6db731fdd_017333.png.png,complete
cf_train_v3_pixdiff_aigi_723cf84a2c758ee0,pixdiff_aigi,data/HFCF_small_82.parquet,0,1222,046047.png,PNG,glide,glide,train,1,PixDiff,train_v3_additions/aigi/cf_train_v3_pixdiff_aigi_723cf84a2c758ee0_046047.png.png,complete
cf_train_v3_pixdiff_aigi_72b23c7844e3bfb9,pixdiff_aigi,data/HFCF_small_83.parquet,0,2001,002464.png,PNG,DeepFloyd,deepfloyd,train,1,PixDiff,train_v3_additions/aigi/cf_train_v3_pixdiff_aigi_72b23c7844e3bfb9_002464.png.png,complete
cf_train_v3_pixdiff_aigi_72b2ed11cd169304,pixdiff_aigi,data/HFCF_small_82.parquet,0,1438,039023.png,PNG,glide,glide,train,1,PixDiff,train_v3_additions/aigi/cf_train_v3_pixdiff_aigi_72b2ed11cd169304_039023.png.png,complete
cf_train_v3_pixdiff_aigi_7321c853199cfd8e,pixdiff_aigi,data/HFCF_small_67.parquet,0,1329,002290.png,PNG,guidedDiffusion,guideddiffusion,train,1,PixDiff,train_v3_additions/aigi/cf_train_v3_pixdiff_aigi_7321c853199cfd8e_002290.png.png,complete
cf_train_v3_pixdiff_aigi_736f5a3d03311aec,pixdiff_aigi,data/HFCF_small_67.parquet,0,1544,003866.png,PNG,guidedDiffusion,guideddiffusion,train,1,PixDiff,train_v3_additions/aigi/cf_train_v3_pixdiff_aigi_736f5a3d03311aec_003866.png.png,complete
cf_train_v3_pixdiff_aigi_7375e7bad14aa23a,pixdiff_aigi,data/HFCF_small_67.parquet,0,1787,002858.png,PNG,guidedDiffusion,guideddiffusion,train,1,PixDiff,train_v3_additions/aigi/cf_train_v3_pixdiff_aigi_7375e7bad14aa23a_002858.png.png,complete
cf_train_v3_pixdiff_aigi_73c0542a9c356de9,pixdiff_aigi,data/HFCF_small_82.parquet,0,794,026967.png,PNG,glide,glide,train,1,PixDiff,train_v3_additions/aigi/cf_train_v3_pixdiff_aigi_73c0542a9c356de9_026967.png.png,complete
cf_train_v3_pixdiff_aigi_7435a769308e7356,pixdiff_aigi,data/HFCF_small_82.parquet,0,2004,031166.png,PNG,glide,glide,train,1,PixDiff,train_v3_additions/aigi/cf_train_v3_pixdiff_aigi_7435a769308e7356_031166.png.png,complete
cf_train_v3_pixdiff_aigi_744155ea4a0d6966,pixdiff_aigi,data/HFCF_small_67.parquet,0,2026,005374.png,PNG,guidedDiffusion,guideddiffusion,train,1,PixDiff,train_v3_additions/aigi/cf_train_v3_pixdiff_aigi_744155ea4a0d6966_005374.png.png,complete
cf_train_v3_pixdiff_aigi_74b546c50985a426,pixdiff_aigi,data/HFCF_small_67.parquet,0,1324,002616.png,PNG,guidedDiffusion,guideddiffusion,train,1,PixDiff,train_v3_additions/aigi/cf_train_v3_pixdiff_aigi_74b546c50985a426_002616.png.png,complete
cf_train_v3_pixdiff_aigi_74f77e32c5d24b68,pixdiff_aigi,data/HFCF_small_67.parquet,0,1624,009101.png,PNG,guidedDiffusion,guideddiffusion,train,1,PixDiff,train_v3_additions/aigi/cf_train_v3_pixdiff_aigi_74f77e32c5d24b68_009101.png.png,complete
cf_train_v3_pixdiff_aigi_758111c6646dd15a,pixdiff_aigi,data/HFCF_small_67.parquet,0,2037,001458.png,PNG,guidedDiffusion,guideddiffusion,train,1,PixDiff,train_v3_additions/aigi/cf_train_v3_pixdiff_aigi_758111c6646dd15a_001458.png.png,complete
cf_train_v3_pixdiff_aigi_75c5f29da99d2b80,pixdiff_aigi,data/HFCF_small_83.parquet,0,2071,002923.png,PNG,DeepFloyd,deepfloyd,train,1,PixDiff,train_v3_additions/aigi/cf_train_v3_pixdiff_aigi_75c5f29da99d2b80_002923.png.png,complete
cf_train_v3_pixdiff_aigi_75d8646ebfce4659,pixdiff_aigi,data/HFCF_small_67.parquet,0,1629,002443.png,PNG,guidedDiffusion,guideddiffusion,train,1,PixDiff,train_v3_additions/aigi/cf_train_v3_pixdiff_aigi_75d8646ebfce4659_002443.png.png,complete
cf_train_v3_pixdiff_aigi_762acf797a67e10b,pixdiff_aigi,data/HFCF_small_83.parquet,0,1223,004277.png,PNG,DeepFloyd,deepfloyd,train,1,PixDiff,train_v3_additions/aigi/cf_train_v3_pixdiff_aigi_762acf797a67e10b_004277.png.png,complete
cf_train_v3_pixdiff_aigi_7700f5bca7d06384,pixdiff_aigi,data/HFCF_small_83.parquet,0,1580,006335.png,PNG,DeepFloyd,deepfloyd,train,1,PixDiff,train_v3_additions/aigi/cf_train_v3_pixdiff_aigi_7700f5bca7d06384_006335.png.png,complete
cf_train_v3_pixdiff_aigi_772d5876d7d4a186,pixdiff_aigi,data/HFCF_small_83.parquet,0,1234,001088.png,PNG,DeepFloyd,deepfloyd,train,1,PixDiff,train_v3_additions/aigi/cf_train_v3_pixdiff_aigi_772d5876d7d4a186_001088.png.png,complete
cf_train_v3_pixdiff_aigi_775f4525a43f7bb6,pixdiff_aigi,data/HFCF_small_83.parquet,0,1789,007641.png,PNG,DeepFloyd,deepfloyd,train,1,PixDiff,train_v3_additions/aigi/cf_train_v3_pixdiff_aigi_775f4525a43f7bb6_007641.png.png,complete
cf_train_v3_pixdiff_aigi_77e2bfb4a88275b4,pixdiff_aigi,data/HFCF_small_82.parquet,0,727,043791.png,PNG,glide,glide,train,1,PixDiff,train_v3_additions/aigi/cf_train_v3_pixdiff_aigi_77e2bfb4a88275b4_043791.png.png,complete
cf_train_v3_pixdiff_aigi_783c3e800773dc52,pixdiff_aigi,data/HFCF_small_82.parquet,0,1488,004723.png,PNG,glide,glide,train,1,PixDiff,train_v3_additions/aigi/cf_train_v3_pixdiff_aigi_783c3e800773dc52_004723.png.png,complete
cf_train_v3_pixdiff_aigi_78bae015bc6254c3,pixdiff_aigi,data/HFCF_small_67.parquet,0,1616,005500.png,PNG,guidedDiffusion,guideddiffusion,train,1,PixDiff,train_v3_additions/aigi/cf_train_v3_pixdiff_aigi_78bae015bc6254c3_005500.png.png,complete
cf_train_v3_pixdiff_aigi_78c94f3ce7d6a821,pixdiff_aigi,data/HFCF_small_67.parquet,0,1113,006532.png,PNG,guidedDiffusion,guideddiffusion,train,1,PixDiff,train_v3_additions/aigi/cf_train_v3_pixdiff_aigi_78c94f3ce7d6a821_006532.png.png,complete
cf_train_v3_pixdiff_aigi_78f870fd104d8177,pixdiff_aigi,data/HFCF_small_83.parquet,0,1955,002776.png,PNG,DeepFloyd,deepfloyd,train,1,PixDiff,train_v3_additions/aigi/cf_train_v3_pixdiff_aigi_78f870fd104d8177_002776.png.png,complete
cf_train_v3_pixdiff_aigi_791d7fcc52922872,pixdiff_aigi,data/HFCF_small_82.parquet,0,2865,041327.png,PNG,glide,glide,train,1,PixDiff,train_v3_additions/aigi/cf_train_v3_pixdiff_aigi_791d7fcc52922872_041327.png.png,complete
cf_train_v3_pixdiff_aigi_7959ba91ba72086d,pixdiff_aigi,data/HFCF_small_83.parquet,0,1977,000379.png,PNG,DeepFloyd,deepfloyd,train,1,PixDiff,train_v3_additions/aigi/cf_train_v3_pixdiff_aigi_7959ba91ba72086d_000379.png.png,complete
cf_train_v3_pixdiff_aigi_79e26422d22d8786,pixdiff_aigi,data/HFCF_small_67.parquet,0,1146,007781.png,PNG,guidedDiffusion,guideddiffusion,train,1,PixDiff,train_v3_additions/aigi/cf_train_v3_pixdiff_aigi_79e26422d22d8786_007781.png.png,complete
cf_train_v3_pixdiff_aigi_7a039f91cdea2797,pixdiff_aigi,data/HFCF_small_67.parquet,0,1553,007070.png,PNG,guidedDiffusion,guideddiffusion,train,1,PixDiff,train_v3_additions/aigi/cf_train_v3_pixdiff_aigi_7a039f91cdea2797_007070.png.png,complete
cf_train_v3_pixdiff_aigi_7a04c742499130ba,pixdiff_aigi,data/HFCF_small_67.parquet,0,1645,005526.png,PNG,guidedDiffusion,guideddiffusion,train,1,PixDiff,train_v3_additions/aigi/cf_train_v3_pixdiff_aigi_7a04c742499130ba_005526.png.png,complete
cf_train_v3_pixdiff_aigi_7a0d420f3be144e2,pixdiff_aigi,data/HFCF_small_67.parquet,0,1816,006287.png,PNG,guidedDiffusion,guideddiffusion,train,1,PixDiff,train_v3_additions/aigi/cf_train_v3_pixdiff_aigi_7a0d420f3be144e2_006287.png.png,complete
cf_train_v3_pixdiff_aigi_7a1c87b6f7e49f4e,pixdiff_aigi,data/HFCF_small_67.parquet,0,1460,004824.png,PNG,guidedDiffusion,guideddiffusion,train,1,PixDiff,train_v3_additions/aigi/cf_train_v3_pixdiff_aigi_7a1c87b6f7e49f4e_004824.png.png,complete
cf_train_v3_pixdiff_aigi_7a28cf204a622bde,pixdiff_aigi,data/HFCF_small_83.parquet,0,2037,006578.png,PNG,DeepFloyd,deepfloyd,train,1,PixDiff,train_v3_additions/aigi/cf_train_v3_pixdiff_aigi_7a28cf204a622bde_006578.png.png,complete
cf_train_v3_pixdiff_aigi_7b32bdaace4f56f2,pixdiff_aigi,data/HFCF_small_82.parquet,0,2871,021036.png,PNG,glide,glide,train,1,PixDiff,train_v3_additions/aigi/cf_train_v3_pixdiff_aigi_7b32bdaace4f56f2_021036.png.png,complete
cf_train_v3_pixdiff_aigi_7b33d3b963243f49,pixdiff_aigi,data/HFCF_small_83.parquet,0,1836,003212.png,PNG,DeepFloyd,deepfloyd,train,1,PixDiff,train_v3_additions/aigi/cf_train_v3_pixdiff_aigi_7b33d3b963243f49_003212.png.png,complete
cf_train_v3_pixdiff_aigi_7b64c963adfda32e,pixdiff_aigi,data/HFCF_small_82.parquet,0,1949,045013.png,PNG,glide,glide,train,1,PixDiff,train_v3_additions/aigi/cf_train_v3_pixdiff_aigi_7b64c963adfda32e_045013.png.png,complete
cf_train_v3_pixdiff_aigi_7be71c90205e1be9,pixdiff_aigi,data/HFCF_small_82.parquet,0,1541,042614.png,PNG,glide,glide,train,1,PixDiff,train_v3_additions/aigi/cf_train_v3_pixdiff_aigi_7be71c90205e1be9_042614.png.png,complete
cf_train_v3_pixdiff_aigi_7c04dced3d8449fd,pixdiff_aigi,data/HFCF_small_83.parquet,0,1467,000399.png,PNG,DeepFloyd,deepfloyd,train,1,PixDiff,train_v3_additions/aigi/cf_train_v3_pixdiff_aigi_7c04dced3d8449fd_000399.png.png,complete
cf_train_v3_pixdiff_aigi_7c3c7d9077d5a6e4,pixdiff_aigi,data/HFCF_small_82.parquet,0,2866,023985.png,PNG,glide,glide,train,1,PixDiff,train_v3_additions/aigi/cf_train_v3_pixdiff_aigi_7c3c7d9077d5a6e4_023985.png.png,complete
cf_train_v3_pixdiff_aigi_7c7da7fe0f71cd7f,pixdiff_aigi,data/HFCF_small_67.parquet,0,1688,003199.png,PNG,guidedDiffusion,guideddiffusion,train,1,PixDiff,train_v3_additions/aigi/cf_train_v3_pixdiff_aigi_7c7da7fe0f71cd7f_003199.png.png,complete
cf_train_v3_pixdiff_aigi_7d169eb1977aa8ca,pixdiff_aigi,data/HFCF_small_83.parquet,0,1510,003624.png,PNG,DeepFloyd,deepfloyd,train,1,PixDiff,train_v3_additions/aigi/cf_train_v3_pixdiff_aigi_7d169eb1977aa8ca_003624.png.png,complete
cf_train_v3_pixdiff_aigi_7e2793c6e2ebc19a,pixdiff_aigi,data/HFCF_small_67.parquet,0,1357,006419.png,PNG,guidedDiffusion,guideddiffusion,train,1,PixDiff,train_v3_additions/aigi/cf_train_v3_pixdiff_aigi_7e2793c6e2ebc19a_006419.png.png,complete
cf_train_v3_pixdiff_aigi_7ea3ffbea02adfde,pixdiff_aigi,data/HFCF_small_82.parquet,0,976,016148.png,PNG,glide,glide,train,1,PixDiff,train_v3_additions/aigi/cf_train_v3_pixdiff_aigi_7ea3ffbea02adfde_016148.png.png,complete
cf_train_v3_pixdiff_aigi_7eab1357232e0092,pixdiff_aigi,data/HFCF_small_83.parquet,0,2023,007368.png,PNG,DeepFloyd,deepfloyd,train,1,PixDiff,train_v3_additions/aigi/cf_train_v3_pixdiff_aigi_7eab1357232e0092_007368.png.png,complete
cf_train_v3_pixdiff_aigi_7eb4d12452142792,pixdiff_aigi,data/HFCF_small_82.parquet,0,2716,030168.png,PNG,glide,glide,train,1,PixDiff,train_v3_additions/aigi/cf_train_v3_pixdiff_aigi_7eb4d12452142792_030168.png.png,complete
cf_train_v3_pixdiff_aigi_7f139fc5d241d767,pixdiff_aigi,data/HFCF_small_82.parquet,0,949,007997.png,PNG,glide,glide,train,1,PixDiff,train_v3_additions/aigi/cf_train_v3_pixdiff_aigi_7f139fc5d241d767_007997.png.png,complete
cf_train_v3_pixdiff_aigi_7f28e58a98cc4861,pixdiff_aigi,data/HFCF_small_67.parquet,0,1323,002378.png,PNG,guidedDiffusion,guideddiffusion,train,1,PixDiff,train_v3_additions/aigi/cf_train_v3_pixdiff_aigi_7f28e58a98cc4861_002378.png.png,complete
cf_train_v3_pixdiff_aigi_7f3f415fc6c43d07,pixdiff_aigi,data/HFCF_small_82.parquet,0,867,023669.png,PNG,glide,glide,train,1,PixDiff,train_v3_additions/aigi/cf_train_v3_pixdiff_aigi_7f3f415fc6c43d07_023669.png.png,complete
cf_train_v3_pixdiff_aigi_7f44d6ed995d9d7d,pixdiff_aigi,data/HFCF_small_83.parquet,0,1185,005586.png,PNG,DeepFloyd,deepfloyd,train,1,PixDiff,train_v3_additions/aigi/cf_train_v3_pixdiff_aigi_7f44d6ed995d9d7d_005586.png.png,complete
cf_train_v3_pixdiff_aigi_7f5c725f94a17939,pixdiff_aigi,data/HFCF_small_82.parquet,0,1077,007016.png,PNG,glide,glide,train,1,PixDiff,train_v3_additions/aigi/cf_train_v3_pixdiff_aigi_7f5c725f94a17939_007016.png.png,complete
cf_train_v3_pixdiff_aigi_7f7a98e8a50b4241,pixdiff_aigi,data/HFCF_small_67.parquet,0,1768,007625.png,PNG,guidedDiffusion,guideddiffusion,train,1,PixDiff,train_v3_additions/aigi/cf_train_v3_pixdiff_aigi_7f7a98e8a50b4241_007625.png.png,complete
cf_train_v3_pixdiff_aigi_7f8cafc81f9373ed,pixdiff_aigi,data/HFCF_small_83.parquet,0,1434,008815.png,PNG,DeepFloyd,deepfloyd,train,1,PixDiff,train_v3_additions/aigi/cf_train_v3_pixdiff_aigi_7f8cafc81f9373ed_008815.png.png,complete
cf_train_v3_pixdiff_aigi_7fab652bb99fb1ac,pixdiff_aigi,data/HFCF_small_83.parquet,0,1207,008247.png,PNG,DeepFloyd,deepfloyd,train,1,PixDiff,train_v3_additions/aigi/cf_train_v3_pixdiff_aigi_7fab652bb99fb1ac_008247.png.png,complete
cf_train_v3_pixdiff_aigi_7faef8be6566caf4,pixdiff_aigi,data/HFCF_small_67.parquet,0,1369,000689.png,PNG,guidedDiffusion,guideddiffusion,train,1,PixDiff,train_v3_additions/aigi/cf_train_v3_pixdiff_aigi_7faef8be6566caf4_000689.png.png,complete
cf_train_v3_pixdiff_aigi_80ecab11a5eccf5a,pixdiff_aigi,data/HFCF_small_83.parquet,0,1592,004182.png,PNG,DeepFloyd,deepfloyd,train,1,PixDiff,train_v3_additions/aigi/cf_train_v3_pixdiff_aigi_80ecab11a5eccf5a_004182.png.png,complete
cf_train_v3_pixdiff_aigi_8128038d54e215b0,pixdiff_aigi,data/HFCF_small_67.parquet,0,1469,002603.png,PNG,guidedDiffusion,guideddiffusion,train,1,PixDiff,train_v3_additions/aigi/cf_train_v3_pixdiff_aigi_8128038d54e215b0_002603.png.png,complete
cf_train_v3_pixdiff_aigi_81adaf7b6348c1aa,pixdiff_aigi,data/HFCF_small_82.parquet,0,2955,049374.png,PNG,glide,glide,train,1,PixDiff,train_v3_additions/aigi/cf_train_v3_pixdiff_aigi_81adaf7b6348c1aa_049374.png.png,complete
cf_train_v3_pixdiff_aigi_81bf1dd58938087f,pixdiff_aigi,data/HFCF_small_82.parquet,0,2035,000386.png,PNG,glide,glide,train,1,PixDiff,train_v3_additions/aigi/cf_train_v3_pixdiff_aigi_81bf1dd58938087f_000386.png.png,complete
cf_train_v3_pixdiff_aigi_82102a076cf44981,pixdiff_aigi,data/HFCF_small_82.parquet,0,15,041197.png,PNG,glide,glide,train,1,PixDiff,train_v3_additions/aigi/cf_train_v3_pixdiff_aigi_82102a076cf44981_041197.png.png,complete
cf_train_v3_pixdiff_aigi_8254206aaae014cb,pixdiff_aigi,data/HFCF_small_67.parquet,0,1743,001055.png,PNG,guidedDiffusion,guideddiffusion,train,1,PixDiff,train_v3_additions/aigi/cf_train_v3_pixdiff_aigi_8254206aaae014cb_001055.png.png,complete
cf_train_v3_pixdiff_aigi_825deb7fad41e931,pixdiff_aigi,data/HFCF_small_67.parquet,0,1672,009793.png,PNG,guidedDiffusion,guideddiffusion,train,1,PixDiff,train_v3_additions/aigi/cf_train_v3_pixdiff_aigi_825deb7fad41e931_009793.png.png,complete
cf_train_v3_pixdiff_aigi_827e1e1d676ffbdd,pixdiff_aigi,data/HFCF_small_67.parquet,0,1416,000954.png,PNG,guidedDiffusion,guideddiffusion,train,1,PixDiff,train_v3_additions/aigi/cf_train_v3_pixdiff_aigi_827e1e1d676ffbdd_000954.png.png,complete
cf_train_v3_pixdiff_aigi_82995d4287854341,pixdiff_aigi,data/HFCF_small_83.parquet,0,1896,001196.png,PNG,DeepFloyd,deepfloyd,train,1,PixDiff,train_v3_additions/aigi/cf_train_v3_pixdiff_aigi_82995d4287854341_001196.png.png,complete
cf_train_v3_pixdiff_aigi_829c5980f521db3f,pixdiff_aigi,data/HFCF_small_82.parquet,0,1181,004515.png,PNG,glide,glide,train,1,PixDiff,train_v3_additions/aigi/cf_train_v3_pixdiff_aigi_829c5980f521db3f_004515.png.png,complete
cf_train_v3_pixdiff_aigi_82b5cecda43e190a,pixdiff_aigi,data/HFCF_small_83.parquet,0,1996,009155.png,PNG,DeepFloyd,deepfloyd,train,1,PixDiff,train_v3_additions/aigi/cf_train_v3_pixdiff_aigi_82b5cecda43e190a_009155.png.png,complete
cf_train_v3_pixdiff_aigi_82d6e2f9df6c178f,pixdiff_aigi,data/HFCF_small_82.parquet,0,2117,013000.png,PNG,glide,glide,train,1,PixDiff,train_v3_additions/aigi/cf_train_v3_pixdiff_aigi_82d6e2f9df6c178f_013000.png.png,complete
cf_train_v3_pixdiff_aigi_83a95751753e74fd,pixdiff_aigi,data/HFCF_small_83.parquet,0,1454,006819.png,PNG,DeepFloyd,deepfloyd,train,1,PixDiff,train_v3_additions/aigi/cf_train_v3_pixdiff_aigi_83a95751753e74fd_006819.png.png,complete
cf_train_v3_pixdiff_aigi_83b275c078c7a6b0,pixdiff_aigi,data/HFCF_small_83.parquet,0,1617,009101.png,PNG,DeepFloyd,deepfloyd,train,1,PixDiff,train_v3_additions/aigi/cf_train_v3_pixdiff_aigi_83b275c078c7a6b0_009101.png.png,complete
cf_train_v3_pixdiff_aigi_83d4bddffcde0690,pixdiff_aigi,data/HFCF_small_67.parquet,0,1721,009556.png,PNG,guidedDiffusion,guideddiffusion,train,1,PixDiff,train_v3_additions/aigi/cf_train_v3_pixdiff_aigi_83d4bddffcde0690_009556.png.png,complete
cf_train_v3_pixdiff_aigi_841674db74db8b2d,pixdiff_aigi,data/HFCF_small_67.parquet,0,1641,002277.png,PNG,guidedDiffusion,guideddiffusion,train,1,PixDiff,train_v3_additions/aigi/cf_train_v3_pixdiff_aigi_841674db74db8b2d_002277.png.png,complete
cf_train_v3_pixdiff_aigi_84aa152c7eecb54e,pixdiff_aigi,data/HFCF_small_67.parquet,0,1168,010000.png,PNG,guidedDiffusion,guideddiffusion,train,1,PixDiff,train_v3_additions/aigi/cf_train_v3_pixdiff_aigi_84aa152c7eecb54e_010000.png.png,complete
cf_train_v3_pixdiff_aigi_84b8111adc034572,pixdiff_aigi,data/HFCF_small_83.parquet,0,1669,006786.png,PNG,DeepFloyd,deepfloyd,train,1,PixDiff,train_v3_additions/aigi/cf_train_v3_pixdiff_aigi_84b8111adc034572_006786.png.png,complete
cf_train_v3_pixdiff_aigi_856f73f4631aa1bb,pixdiff_aigi,data/HFCF_small_67.parquet,0,1085,009024.png,PNG,guidedDiffusion,guideddiffusion,train,1,PixDiff,train_v3_additions/aigi/cf_train_v3_pixdiff_aigi_856f73f4631aa1bb_009024.png.png,complete
cf_train_v3_pixdiff_aigi_857b4a00589b1c05,pixdiff_aigi,data/HFCF_small_83.parquet,0,1838,002074.png,PNG,DeepFloyd,deepfloyd,train,1,PixDiff,train_v3_additions/aigi/cf_train_v3_pixdiff_aigi_857b4a00589b1c05_002074.png.png,complete
cf_train_v3_pixdiff_aigi_858e3aeebb6068dc,pixdiff_aigi,data/HFCF_small_67.parquet,0,1165,000658.png,PNG,guidedDiffusion,guideddiffusion,train,1,PixDiff,train_v3_additions/aigi/cf_train_v3_pixdiff_aigi_858e3aeebb6068dc_000658.png.png,complete
cf_train_v3_pixdiff_aigi_85bf6866e0e016bb,pixdiff_aigi,data/HFCF_small_82.parquet,0,2446,016365.png,PNG,glide,glide,train,1,PixDiff,train_v3_additions/aigi/cf_train_v3_pixdiff_aigi_85bf6866e0e016bb_016365.png.png,complete
cf_train_v3_pixdiff_aigi_85d491fd3a0642a4,pixdiff_aigi,data/HFCF_small_83.parquet,0,2102,007669.png,PNG,DeepFloyd,deepfloyd,train,1,PixDiff,train_v3_additions/aigi/cf_train_v3_pixdiff_aigi_85d491fd3a0642a4_007669.png.png,complete
cf_train_v3_pixdiff_aigi_85f96b9210c21a88,pixdiff_aigi,data/HFCF_small_82.parquet,0,36,045344.png,PNG,glide,glide,train,1,PixDiff,train_v3_additions/aigi/cf_train_v3_pixdiff_aigi_85f96b9210c21a88_045344.png.png,complete
cf_train_v3_pixdiff_aigi_8674bba6e70cd09b,pixdiff_aigi,data/HFCF_small_82.parquet,0,318,043319.png,PNG,glide,glide,train,1,PixDiff,train_v3_additions/aigi/cf_train_v3_pixdiff_aigi_8674bba6e70cd09b_043319.png.png,complete
cf_train_v3_pixdiff_aigi_86c7e53a923f1500,pixdiff_aigi,data/HFCF_small_83.parquet,0,1430,007537.png,PNG,DeepFloyd,deepfloyd,train,1,PixDiff,train_v3_additions/aigi/cf_train_v3_pixdiff_aigi_86c7e53a923f1500_007537.png.png,complete
cf_train_v3_pixdiff_aigi_86cda5771487f853,pixdiff_aigi,data/HFCF_small_83.parquet,0,2075,008091.png,PNG,DeepFloyd,deepfloyd,train,1,PixDiff,train_v3_additions/aigi/cf_train_v3_pixdiff_aigi_86cda5771487f853_008091.png.png,complete
cf_train_v3_pixdiff_aigi_878262029312c5b8,pixdiff_aigi,data/HFCF_small_82.parquet,0,1214,007903.png,PNG,glide,glide,train,1,PixDiff,train_v3_additions/aigi/cf_train_v3_pixdiff_aigi_878262029312c5b8_007903.png.png,complete
cf_train_v3_pixdiff_aigi_87defd235ff5c4f3,pixdiff_aigi,data/HFCF_small_82.parquet,0,1121,046909.png,PNG,glide,glide,train,1,PixDiff,train_v3_additions/aigi/cf_train_v3_pixdiff_aigi_87defd235ff5c4f3_046909.png.png,complete
cf_train_v3_pixdiff_aigi_87ffcd317deedf29,pixdiff_aigi,data/HFCF_small_67.parquet,0,1962,002776.png,PNG,guidedDiffusion,guideddiffusion,train,1,PixDiff,train_v3_additions/aigi/cf_train_v3_pixdiff_aigi_87ffcd317deedf29_002776.png.png,complete
cf_train_v3_pixdiff_aigi_882b24d0c5167371,pixdiff_aigi,data/HFCF_small_83.parquet,0,1756,001290.png,PNG,DeepFloyd,deepfloyd,train,1,PixDiff,train_v3_additions/aigi/cf_train_v3_pixdiff_aigi_882b24d0c5167371_001290.png.png,complete
cf_train_v3_pixdiff_aigi_8939ed7a596b6d7c,pixdiff_aigi,data/HFCF_small_67.parquet,0,2070,007475.png,PNG,guidedDiffusion,guideddiffusion,train,1,PixDiff,train_v3_additions/aigi/cf_train_v3_pixdiff_aigi_8939ed7a596b6d7c_007475.png.png,complete
cf_train_v3_pixdiff_aigi_8995949944979bb7,pixdiff_aigi,data/HFCF_small_83.parquet,0,2036,007745.png,PNG,DeepFloyd,deepfloyd,train,1,PixDiff,train_v3_additions/aigi/cf_train_v3_pixdiff_aigi_8995949944979bb7_007745.png.png,complete
cf_train_v3_pixdiff_aigi_8a19ac9730a8cd19,pixdiff_aigi,data/HFCF_small_83.parquet,0,1925,008653.png,PNG,DeepFloyd,deepfloyd,train,1,PixDiff,train_v3_additions/aigi/cf_train_v3_pixdiff_aigi_8a19ac9730a8cd19_008653.png.png,complete
cf_train_v3_pixdiff_aigi_8a3b6482aed81e33,pixdiff_aigi,data/HFCF_small_82.parquet,0,1735,035713.png,PNG,glide,glide,train,1,PixDiff,train_v3_additions/aigi/cf_train_v3_pixdiff_aigi_8a3b6482aed81e33_035713.png.png,complete
cf_train_v3_pixdiff_aigi_8a6997e8a0d6cc33,pixdiff_aigi,data/HFCF_small_82.parquet,0,2752,004941.png,PNG,glide,glide,train,1,PixDiff,train_v3_additions/aigi/cf_train_v3_pixdiff_aigi_8a6997e8a0d6cc33_004941.png.png,complete
cf_train_v3_pixdiff_aigi_8ac9b2876475e79e,pixdiff_aigi,data/HFCF_small_83.parquet,0,1763,006324.png,PNG,DeepFloyd,deepfloyd,train,1,PixDiff,train_v3_additions/aigi/cf_train_v3_pixdiff_aigi_8ac9b2876475e79e_006324.png.png,complete
cf_train_v3_pixdiff_aigi_8ace24bda6ddaefc,pixdiff_aigi,data/HFCF_small_67.parquet,0,1326,004659.png,PNG,guidedDiffusion,guideddiffusion,train,1,PixDiff,train_v3_additions/aigi/cf_train_v3_pixdiff_aigi_8ace24bda6ddaefc_004659.png.png,complete
cf_train_v3_pixdiff_aigi_8ae5f78288d60a5e,pixdiff_aigi,data/HFCF_small_67.parquet,0,2014,003470.png,PNG,guidedDiffusion,guideddiffusion,train,1,PixDiff,train_v3_additions/aigi/cf_train_v3_pixdiff_aigi_8ae5f78288d60a5e_003470.png.png,complete
cf_train_v3_pixdiff_aigi_8bf32aa611ed694f,pixdiff_aigi,data/HFCF_small_83.parquet,0,1709,005756.png,PNG,DeepFloyd,deepfloyd,train,1,PixDiff,train_v3_additions/aigi/cf_train_v3_pixdiff_aigi_8bf32aa611ed694f_005756.png.png,complete
cf_train_v3_pixdiff_aigi_8c6141e84e66cb31,pixdiff_aigi,data/HFCF_small_82.parquet,0,277,017180.png,PNG,glide,glide,train,1,PixDiff,train_v3_additions/aigi/cf_train_v3_pixdiff_aigi_8c6141e84e66cb31_017180.png.png,complete
cf_train_v3_pixdiff_aigi_8d234153ddf653c2,pixdiff_aigi,data/HFCF_small_83.parquet,0,1285,005561.png,PNG,DeepFloyd,deepfloyd,train,1,PixDiff,train_v3_additions/aigi/cf_train_v3_pixdiff_aigi_8d234153ddf653c2_005561.png.png,complete
cf_train_v3_pixdiff_aigi_8d7aba4ba40a3be7,pixdiff_aigi,data/HFCF_small_82.parquet,0,1578,027596.png,PNG,glide,glide,train,1,PixDiff,train_v3_additions/aigi/cf_train_v3_pixdiff_aigi_8d7aba4ba40a3be7_027596.png.png,complete
cf_train_v3_pixdiff_aigi_8d8495ea2ef01a33,pixdiff_aigi,data/HFCF_small_67.parquet,0,1508,003534.png,PNG,guidedDiffusion,guideddiffusion,train,1,PixDiff,train_v3_additions/aigi/cf_train_v3_pixdiff_aigi_8d8495ea2ef01a33_003534.png.png,complete
cf_train_v3_pixdiff_aigi_8dd5e32c612b90a3,pixdiff_aigi,data/HFCF_small_82.parquet,0,782,001849.png,PNG,glide,glide,train,1,PixDiff,train_v3_additions/aigi/cf_train_v3_pixdiff_aigi_8dd5e32c612b90a3_001849.png.png,complete
cf_train_v3_pixdiff_aigi_8ea6a8a961becd83,pixdiff_aigi,data/HFCF_small_67.parquet,0,1820,009017.png,PNG,guidedDiffusion,guideddiffusion,train,1,PixDiff,train_v3_additions/aigi/cf_train_v3_pixdiff_aigi_8ea6a8a961becd83_009017.png.png,complete
cf_train_v3_pixdiff_aigi_8ec0dbc52d0ea4f9,pixdiff_aigi,data/HFCF_small_82.parquet,0,1262,030463.png,PNG,glide,glide,train,1,PixDiff,train_v3_additions/aigi/cf_train_v3_pixdiff_aigi_8ec0dbc52d0ea4f9_030463.png.png,complete
cf_train_v3_pixdiff_aigi_8f014f4733c94761,pixdiff_aigi,data/HFCF_small_82.parquet,0,2867,013044.png,PNG,glide,glide,train,1,PixDiff,train_v3_additions/aigi/cf_train_v3_pixdiff_aigi_8f014f4733c94761_013044.png.png,complete
cf_train_v3_pixdiff_aigi_8f1ce9ff1d8c332a,pixdiff_aigi,data/HFCF_small_83.parquet,0,1563,002772.png,PNG,DeepFloyd,deepfloyd,train,1,PixDiff,train_v3_additions/aigi/cf_train_v3_pixdiff_aigi_8f1ce9ff1d8c332a_002772.png.png,complete
cf_train_v3_pixdiff_aigi_8f22609395961375,pixdiff_aigi,data/HFCF_small_67.parquet,0,1628,005757.png,PNG,guidedDiffusion,guideddiffusion,train,1,PixDiff,train_v3_additions/aigi/cf_train_v3_pixdiff_aigi_8f22609395961375_005757.png.png,complete
cf_train_v3_pixdiff_aigi_8f6a4d2b00a715d2,pixdiff_aigi,data/HFCF_small_67.parquet,0,1232,005019.png,PNG,guidedDiffusion,guideddiffusion,train,1,PixDiff,train_v3_additions/aigi/cf_train_v3_pixdiff_aigi_8f6a4d2b00a715d2_005019.png.png,complete
cf_train_v3_pixdiff_aigi_8fe54becb16976c3,pixdiff_aigi,data/HFCF_small_83.parquet,0,1458,000666.png,PNG,DeepFloyd,deepfloyd,train,1,PixDiff,train_v3_additions/aigi/cf_train_v3_pixdiff_aigi_8fe54becb16976c3_000666.png.png,complete
cf_train_v3_pixdiff_aigi_908856be590037c5,pixdiff_aigi,data/HFCF_small_82.parquet,0,1671,011781.png,PNG,glide,glide,train,1,PixDiff,train_v3_additions/aigi/cf_train_v3_pixdiff_aigi_908856be590037c5_011781.png.png,complete
cf_train_v3_pixdiff_aigi_90deb8a9021673ae,pixdiff_aigi,data/HFCF_small_67.parquet,0,1705,007973.png,PNG,guidedDiffusion,guideddiffusion,train,1,PixDiff,train_v3_additions/aigi/cf_train_v3_pixdiff_aigi_90deb8a9021673ae_007973.png.png,complete
cf_train_v3_pixdiff_aigi_91219a7fa4ecf97f,pixdiff_aigi,data/HFCF_small_67.parquet,0,2069,005169.png,PNG,guidedDiffusion,guideddiffusion,train,1,PixDiff,train_v3_additions/aigi/cf_train_v3_pixdiff_aigi_91219a7fa4ecf97f_005169.png.png,complete
cf_train_v3_pixdiff_aigi_9161182a3c381fa5,pixdiff_aigi,data/HFCF_small_83.parquet,0,1566,007483.png,PNG,DeepFloyd,deepfloyd,train,1,PixDiff,train_v3_additions/aigi/cf_train_v3_pixdiff_aigi_9161182a3c381fa5_007483.png.png,complete
cf_train_v3_pixdiff_aigi_918498981335881b,pixdiff_aigi,data/HFCF_small_67.parquet,0,1887,004063.png,PNG,guidedDiffusion,guideddiffusion,train,1,PixDiff,train_v3_additions/aigi/cf_train_v3_pixdiff_aigi_918498981335881b_004063.png.png,complete
cf_train_v3_pixdiff_aigi_9198b33f126c96ce,pixdiff_aigi,data/HFCF_small_82.parquet,0,2636,028634.png,PNG,glide,glide,train,1,PixDiff,train_v3_additions/aigi/cf_train_v3_pixdiff_aigi_9198b33f126c96ce_028634.png.png,complete
cf_train_v3_pixdiff_aigi_91a424c217b8f2c3,pixdiff_aigi,data/HFCF_small_83.parquet,0,1577,008060.png,PNG,DeepFloyd,deepfloyd,train,1,PixDiff,train_v3_additions/aigi/cf_train_v3_pixdiff_aigi_91a424c217b8f2c3_008060.png.png,complete
cf_train_v3_pixdiff_aigi_91a4bad585d01bf3,pixdiff_aigi,data/HFCF_small_82.parquet,0,522,028979.png,PNG,glide,glide,train,1,PixDiff,train_v3_additions/aigi/cf_train_v3_pixdiff_aigi_91a4bad585d01bf3_028979.png.png,complete
cf_train_v3_pixdiff_aigi_920a812ba118ca73,pixdiff_aigi,data/HFCF_small_83.parquet,0,1293,005480.png,PNG,DeepFloyd,deepfloyd,train,1,PixDiff,train_v3_additions/aigi/cf_train_v3_pixdiff_aigi_920a812ba118ca73_005480.png.png,complete
cf_train_v3_pixdiff_aigi_921100b31f8e4107,pixdiff_aigi,data/HFCF_small_82.parquet,0,639,023576.png,PNG,glide,glide,train,1,PixDiff,train_v3_additions/aigi/cf_train_v3_pixdiff_aigi_921100b31f8e4107_023576.png.png,complete
cf_train_v3_pixdiff_aigi_921f45097ffc77ca,pixdiff_aigi,data/HFCF_small_67.parquet,0,2084,003088.png,PNG,guidedDiffusion,guideddiffusion,train,1,PixDiff,train_v3_additions/aigi/cf_train_v3_pixdiff_aigi_921f45097ffc77ca_003088.png.png,complete
cf_train_v3_pixdiff_aigi_92548dc5e3074fe3,pixdiff_aigi,data/HFCF_small_67.parquet,0,1761,007203.png,PNG,guidedDiffusion,guideddiffusion,train,1,PixDiff,train_v3_additions/aigi/cf_train_v3_pixdiff_aigi_92548dc5e3074fe3_007203.png.png,complete
cf_train_v3_pixdiff_aigi_925dc83c8859a911,pixdiff_aigi,data/HFCF_small_82.parquet,0,1970,014732.png,PNG,glide,glide,train,1,PixDiff,train_v3_additions/aigi/cf_train_v3_pixdiff_aigi_925dc83c8859a911_014732.png.png,complete
cf_train_v3_pixdiff_aigi_92a9007f712193c9,pixdiff_aigi,data/HFCF_small_67.parquet,0,1347,002028.png,PNG,guidedDiffusion,guideddiffusion,train,1,PixDiff,train_v3_additions/aigi/cf_train_v3_pixdiff_aigi_92a9007f712193c9_002028.png.png,complete
cf_train_v3_pixdiff_aigi_92bbfc0fad38cb05,pixdiff_aigi,data/HFCF_small_83.parquet,0,1673,007715.png,PNG,DeepFloyd,deepfloyd,train,1,PixDiff,train_v3_additions/aigi/cf_train_v3_pixdiff_aigi_92bbfc0fad38cb05_007715.png.png,complete
cf_train_v3_pixdiff_aigi_92cadc793af5a391,pixdiff_aigi,data/HFCF_small_67.parquet,0,1915,002700.png,PNG,guidedDiffusion,guideddiffusion,train,1,PixDiff,train_v3_additions/aigi/cf_train_v3_pixdiff_aigi_92cadc793af5a391_002700.png.png,complete
cf_train_v3_pixdiff_aigi_931031d2216e5e8c,pixdiff_aigi,data/HFCF_small_83.parquet,0,1695,001169.png,PNG,DeepFloyd,deepfloyd,train,1,PixDiff,train_v3_additions/aigi/cf_train_v3_pixdiff_aigi_931031d2216e5e8c_001169.png.png,complete
cf_train_v3_pixdiff_aigi_9310e4e6a14bda6e,pixdiff_aigi,data/HFCF_small_67.parquet,0,1245,009528.png,PNG,guidedDiffusion,guideddiffusion,train,1,PixDiff,train_v3_additions/aigi/cf_train_v3_pixdiff_aigi_9310e4e6a14bda6e_009528.png.png,complete
cf_train_v3_pixdiff_aigi_936c923d84fa5d96,pixdiff_aigi,data/HFCF_small_82.parquet,0,432,034755.png,PNG,glide,glide,train,1,PixDiff,train_v3_additions/aigi/cf_train_v3_pixdiff_aigi_936c923d84fa5d96_034755.png.png,complete
cf_train_v3_pixdiff_aigi_9391ae9808160cab,pixdiff_aigi,data/HFCF_small_83.parquet,0,1411,000935.png,PNG,DeepFloyd,deepfloyd,train,1,PixDiff,train_v3_additions/aigi/cf_train_v3_pixdiff_aigi_9391ae9808160cab_000935.png.png,complete
cf_train_v3_pixdiff_aigi_939711bb6a6603c7,pixdiff_aigi,data/HFCF_small_67.parquet,0,1393,001738.png,PNG,guidedDiffusion,guideddiffusion,train,1,PixDiff,train_v3_additions/aigi/cf_train_v3_pixdiff_aigi_939711bb6a6603c7_001738.png.png,complete
cf_train_v3_pixdiff_aigi_93c044e21967f152,pixdiff_aigi,data/HFCF_small_67.parquet,0,1879,009338.png,PNG,guidedDiffusion,guideddiffusion,train,1,PixDiff,train_v3_additions/aigi/cf_train_v3_pixdiff_aigi_93c044e21967f152_009338.png.png,complete
cf_train_v3_pixdiff_aigi_941bc293e23c06b1,pixdiff_aigi,data/HFCF_small_82.parquet,0,2163,040395.png,PNG,glide,glide,train,1,PixDiff,train_v3_additions/aigi/cf_train_v3_pixdiff_aigi_941bc293e23c06b1_040395.png.png,complete
cf_train_v3_pixdiff_aigi_942fcd562ef3b4b8,pixdiff_aigi,data/HFCF_small_83.parquet,0,1383,002938.png,PNG,DeepFloyd,deepfloyd,train,1,PixDiff,train_v3_additions/aigi/cf_train_v3_pixdiff_aigi_942fcd562ef3b4b8_002938.png.png,complete
cf_train_v3_pixdiff_aigi_94e3ad135edd9069,pixdiff_aigi,data/HFCF_small_82.parquet,0,1713,011119.png,PNG,glide,glide,train,1,PixDiff,train_v3_additions/aigi/cf_train_v3_pixdiff_aigi_94e3ad135edd9069_011119.png.png,complete
cf_train_v3_pixdiff_aigi_95a55876f1cfe462,pixdiff_aigi,data/HFCF_small_82.parquet,0,1974,021403.png,PNG,glide,glide,train,1,PixDiff,train_v3_additions/aigi/cf_train_v3_pixdiff_aigi_95a55876f1cfe462_021403.png.png,complete
cf_train_v3_pixdiff_aigi_95e0e4ec5776d07f,pixdiff_aigi,data/HFCF_small_82.parquet,0,827,048809.png,PNG,glide,glide,train,1,PixDiff,train_v3_additions/aigi/cf_train_v3_pixdiff_aigi_95e0e4ec5776d07f_048809.png.png,complete
cf_train_v3_pixdiff_aigi_968e48d8df2e3ecd,pixdiff_aigi,data/HFCF_small_67.parquet,0,1699,002088.png,PNG,guidedDiffusion,guideddiffusion,train,1,PixDiff,train_v3_additions/aigi/cf_train_v3_pixdiff_aigi_968e48d8df2e3ecd_002088.png.png,complete
cf_train_v3_pixdiff_aigi_96cf4a0070c822af,pixdiff_aigi,data/HFCF_small_82.parquet,0,2839,028522.png,PNG,glide,glide,train,1,PixDiff,train_v3_additions/aigi/cf_train_v3_pixdiff_aigi_96cf4a0070c822af_028522.png.png,complete
cf_train_v3_pixdiff_aigi_97f508772313c556,pixdiff_aigi,data/HFCF_small_83.parquet,0,1329,006999.png,PNG,DeepFloyd,deepfloyd,train,1,PixDiff,train_v3_additions/aigi/cf_train_v3_pixdiff_aigi_97f508772313c556_006999.png.png,complete
cf_train_v3_pixdiff_aigi_97f71aa4aced2759,pixdiff_aigi,data/HFCF_small_67.parquet,0,1199,004220.png,PNG,guidedDiffusion,guideddiffusion,train,1,PixDiff,train_v3_additions/aigi/cf_train_v3_pixdiff_aigi_97f71aa4aced2759_004220.png.png,complete
cf_train_v3_pixdiff_aigi_98323c13ab1a6983,pixdiff_aigi,data/HFCF_small_83.parquet,0,1156,006533.png,PNG,DeepFloyd,deepfloyd,train,1,PixDiff,train_v3_additions/aigi/cf_train_v3_pixdiff_aigi_98323c13ab1a6983_006533.png.png,complete
cf_train_v3_pixdiff_aigi_98a528f011337cdd,pixdiff_aigi,data/HFCF_small_82.parquet,0,2467,023957.png,PNG,glide,glide,train,1,PixDiff,train_v3_additions/aigi/cf_train_v3_pixdiff_aigi_98a528f011337cdd_023957.png.png,complete
cf_train_v3_pixdiff_aigi_98c8a45d3d04e215,pixdiff_aigi,data/HFCF_small_67.parquet,0,1706,001980.png,PNG,guidedDiffusion,guideddiffusion,train,1,PixDiff,train_v3_additions/aigi/cf_train_v3_pixdiff_aigi_98c8a45d3d04e215_001980.png.png,complete
cf_train_v3_pixdiff_aigi_98ce7b9822aff748,pixdiff_aigi,data/HFCF_small_83.parquet,0,2033,008288.png,PNG,DeepFloyd,deepfloyd,train,1,PixDiff,train_v3_additions/aigi/cf_train_v3_pixdiff_aigi_98ce7b9822aff748_008288.png.png,complete
cf_train_v3_pixdiff_aigi_98ec502fadd7fc94,pixdiff_aigi,data/HFCF_small_82.parquet,0,95,046073.png,PNG,glide,glide,train,1,PixDiff,train_v3_additions/aigi/cf_train_v3_pixdiff_aigi_98ec502fadd7fc94_046073.png.png,complete
cf_train_v3_pixdiff_aigi_98f1b3d6cb41b581,pixdiff_aigi,data/HFCF_small_83.parquet,0,1258,005099.png,PNG,DeepFloyd,deepfloyd,train,1,PixDiff,train_v3_additions/aigi/cf_train_v3_pixdiff_aigi_98f1b3d6cb41b581_005099.png.png,complete
cf_train_v3_pixdiff_aigi_993aba0c0230a1b8,pixdiff_aigi,data/HFCF_small_82.parquet,0,2343,005335.png,PNG,glide,glide,train,1,PixDiff,train_v3_additions/aigi/cf_train_v3_pixdiff_aigi_993aba0c0230a1b8_005335.png.png,complete
cf_train_v3_pixdiff_aigi_99a8feb7637295be,pixdiff_aigi,data/HFCF_small_82.parquet,0,525,006534.png,PNG,glide,glide,train,1,PixDiff,train_v3_additions/aigi/cf_train_v3_pixdiff_aigi_99a8feb7637295be_006534.png.png,complete
cf_train_v3_pixdiff_aigi_9ac2542bcce57f13,pixdiff_aigi,data/HFCF_small_67.parquet,0,1250,007408.png,PNG,guidedDiffusion,guideddiffusion,train,1,PixDiff,train_v3_additions/aigi/cf_train_v3_pixdiff_aigi_9ac2542bcce57f13_007408.png.png,complete
cf_train_v3_pixdiff_aigi_9b595b2c30d079e4,pixdiff_aigi,data/HFCF_small_83.parquet,0,1732,000006.png,PNG,DeepFloyd,deepfloyd,train,1,PixDiff,train_v3_additions/aigi/cf_train_v3_pixdiff_aigi_9b595b2c30d079e4_000006.png.png,complete
cf_train_v3_pixdiff_aigi_9b7321ca8b5e576c,pixdiff_aigi,data/HFCF_small_83.parquet,0,1753,004448.png,PNG,DeepFloyd,deepfloyd,train,1,PixDiff,train_v3_additions/aigi/cf_train_v3_pixdiff_aigi_9b7321ca8b5e576c_004448.png.png,complete
cf_train_v3_pixdiff_aigi_9cb610cfcd72ee93,pixdiff_aigi,data/HFCF_small_83.parquet,0,1636,006584.png,PNG,DeepFloyd,deepfloyd,train,1,PixDiff,train_v3_additions/aigi/cf_train_v3_pixdiff_aigi_9cb610cfcd72ee93_006584.png.png,complete
cf_train_v3_pixdiff_aigi_9ce25b609033395f,pixdiff_aigi,data/HFCF_small_67.parquet,0,1099,008137.png,PNG,guidedDiffusion,guideddiffusion,train,1,PixDiff,train_v3_additions/aigi/cf_train_v3_pixdiff_aigi_9ce25b609033395f_008137.png.png,complete
cf_train_v3_pixdiff_aigi_9d2c328911df2bf3,pixdiff_aigi,data/HFCF_small_82.parquet,0,1204,015026.png,PNG,glide,glide,train,1,PixDiff,train_v3_additions/aigi/cf_train_v3_pixdiff_aigi_9d2c328911df2bf3_015026.png.png,complete
cf_train_v3_pixdiff_aigi_9de3a18b050f39b5,pixdiff_aigi,data/HFCF_small_83.parquet,0,1155,001840.png,PNG,DeepFloyd,deepfloyd,train,1,PixDiff,train_v3_additions/aigi/cf_train_v3_pixdiff_aigi_9de3a18b050f39b5_001840.png.png,complete
cf_train_v3_pixdiff_aigi_9e225285f4905ef7,pixdiff_aigi,data/HFCF_small_83.parquet,0,1174,009189.png,PNG,DeepFloyd,deepfloyd,train,1,PixDiff,train_v3_additions/aigi/cf_train_v3_pixdiff_aigi_9e225285f4905ef7_009189.png.png,complete
cf_train_v3_pixdiff_aigi_9e52e03efefc47f9,pixdiff_aigi,data/HFCF_small_82.parquet,0,2950,018238.png,PNG,glide,glide,train,1,PixDiff,train_v3_additions/aigi/cf_train_v3_pixdiff_aigi_9e52e03efefc47f9_018238.png.png,complete
cf_train_v3_pixdiff_aigi_9e633735c64af656,pixdiff_aigi,data/HFCF_small_67.parquet,0,1756,004010.png,PNG,guidedDiffusion,guideddiffusion,train,1,PixDiff,train_v3_additions/aigi/cf_train_v3_pixdiff_aigi_9e633735c64af656_004010.png.png,complete
cf_train_v3_pixdiff_aigi_9e768f3de5d495ff,pixdiff_aigi,data/HFCF_small_83.parquet,0,1588,002516.png,PNG,DeepFloyd,deepfloyd,train,1,PixDiff,train_v3_additions/aigi/cf_train_v3_pixdiff_aigi_9e768f3de5d495ff_002516.png.png,complete
cf_train_v3_pixdiff_aigi_9e8f419e6adb4f13,pixdiff_aigi,data/HFCF_small_67.parquet,0,1325,008923.png,PNG,guidedDiffusion,guideddiffusion,train,1,PixDiff,train_v3_additions/aigi/cf_train_v3_pixdiff_aigi_9e8f419e6adb4f13_008923.png.png,complete
cf_train_v3_pixdiff_aigi_9e9a91b7d34c6a7e,pixdiff_aigi,data/HFCF_small_82.parquet,0,1565,049446.png,PNG,glide,glide,train,1,PixDiff,train_v3_additions/aigi/cf_train_v3_pixdiff_aigi_9e9a91b7d34c6a7e_049446.png.png,complete
cf_train_v3_pixdiff_aigi_9eba7b6194c815e1,pixdiff_aigi,data/HFCF_small_67.parquet,0,1777,001224.png,PNG,guidedDiffusion,guideddiffusion,train,1,PixDiff,train_v3_additions/aigi/cf_train_v3_pixdiff_aigi_9eba7b6194c815e1_001224.png.png,complete
cf_train_v3_pixdiff_aigi_9ecde9912b8122c8,pixdiff_aigi,data/HFCF_small_82.parquet,0,1627,002538.png,PNG,glide,glide,train,1,PixDiff,train_v3_additions/aigi/cf_train_v3_pixdiff_aigi_9ecde9912b8122c8_002538.png.png,complete
cf_train_v3_pixdiff_aigi_9edae7adcad9f7b8,pixdiff_aigi,data/HFCF_small_67.parquet,0,2008,002464.png,PNG,guidedDiffusion,guideddiffusion,train,1,PixDiff,train_v3_additions/aigi/cf_train_v3_pixdiff_aigi_9edae7adcad9f7b8_002464.png.png,complete
cf_train_v3_pixdiff_aigi_9efc710a5f554247,pixdiff_aigi,data/HFCF_small_83.parquet,0,1903,000526.png,PNG,DeepFloyd,deepfloyd,train,1,PixDiff,train_v3_additions/aigi/cf_train_v3_pixdiff_aigi_9efc710a5f554247_000526.png.png,complete
cf_train_v3_pixdiff_aigi_9f3c06ddcec534db,pixdiff_aigi,data/HFCF_small_67.parquet,0,1603,007527.png,PNG,guidedDiffusion,guideddiffusion,train,1,PixDiff,train_v3_additions/aigi/cf_train_v3_pixdiff_aigi_9f3c06ddcec534db_007527.png.png,complete
cf_train_v3_pixdiff_aigi_9f40f2b509e6f056,pixdiff_aigi,data/HFCF_small_83.parquet,0,1664,006238.png,PNG,DeepFloyd,deepfloyd,train,1,PixDiff,train_v3_additions/aigi/cf_train_v3_pixdiff_aigi_9f40f2b509e6f056_006238.png.png,complete
cf_train_v3_pixdiff_aigi_9f67656d29a7b8c9,pixdiff_aigi,data/HFCF_small_83.parquet,0,1622,002443.png,PNG,DeepFloyd,deepfloyd,train,1,PixDiff,train_v3_additions/aigi/cf_train_v3_pixdiff_aigi_9f67656d29a7b8c9_002443.png.png,complete
cf_train_v3_pixdiff_aigi_9f7ec13a9312dced,pixdiff_aigi,data/HFCF_small_82.parquet,0,611,026428.png,PNG,glide,glide,train,1,PixDiff,train_v3_additions/aigi/cf_train_v3_pixdiff_aigi_9f7ec13a9312dced_026428.png.png,complete
cf_train_v3_pixdiff_aigi_9f97223af4552ea1,pixdiff_aigi,data/HFCF_small_83.parquet,0,1505,002395.png,PNG,DeepFloyd,deepfloyd,train,1,PixDiff,train_v3_additions/aigi/cf_train_v3_pixdiff_aigi_9f97223af4552ea1_002395.png.png,complete
cf_train_v3_pixdiff_aigi_9fd58112f6a829f5,pixdiff_aigi,data/HFCF_small_67.parquet,0,1580,001370.png,PNG,guidedDiffusion,guideddiffusion,train,1,PixDiff,train_v3_additions/aigi/cf_train_v3_pixdiff_aigi_9fd58112f6a829f5_001370.png.png,complete
cf_train_v3_pixdiff_aigi_a0da339a948d233e,pixdiff_aigi,data/HFCF_small_83.parquet,0,1227,009934.png,PNG,DeepFloyd,deepfloyd,train,1,PixDiff,train_v3_additions/aigi/cf_train_v3_pixdiff_aigi_a0da339a948d233e_009934.png.png,complete
cf_train_v3_pixdiff_aigi_a1886b4a29cb75f1,pixdiff_aigi,data/HFCF_small_83.parquet,0,1392,001428.png,PNG,DeepFloyd,deepfloyd,train,1,PixDiff,train_v3_additions/aigi/cf_train_v3_pixdiff_aigi_a1886b4a29cb75f1_001428.png.png,complete
cf_train_v3_pixdiff_aigi_a18af0be4d0e5eae,pixdiff_aigi,data/HFCF_small_67.parquet,0,1921,003531.png,PNG,guidedDiffusion,guideddiffusion,train,1,PixDiff,train_v3_additions/aigi/cf_train_v3_pixdiff_aigi_a18af0be4d0e5eae_003531.png.png,complete
cf_train_v3_pixdiff_aigi_a1b1f23f5930a7ee,pixdiff_aigi,data/HFCF_small_83.parquet,0,1705,009267.png,PNG,DeepFloyd,deepfloyd,train,1,PixDiff,train_v3_additions/aigi/cf_train_v3_pixdiff_aigi_a1b1f23f5930a7ee_009267.png.png,complete
cf_train_v3_pixdiff_aigi_a1d8e187cea55d16,pixdiff_aigi,data/HFCF_small_67.parquet,0,1499,000586.png,PNG,guidedDiffusion,guideddiffusion,train,1,PixDiff,train_v3_additions/aigi/cf_train_v3_pixdiff_aigi_a1d8e187cea55d16_000586.png.png,complete
cf_train_v3_pixdiff_aigi_a2673d90bb64c8f6,pixdiff_aigi,data/HFCF_small_67.parquet,0,2004,004298.png,PNG,guidedDiffusion,guideddiffusion,train,1,PixDiff,train_v3_additions/aigi/cf_train_v3_pixdiff_aigi_a2673d90bb64c8f6_004298.png.png,complete
cf_train_v3_pixdiff_aigi_a271486e52c9aa39,pixdiff_aigi,data/HFCF_small_83.parquet,0,1851,006800.png,PNG,DeepFloyd,deepfloyd,train,1,PixDiff,train_v3_additions/aigi/cf_train_v3_pixdiff_aigi_a271486e52c9aa39_006800.png.png,complete
cf_train_v3_pixdiff_aigi_a29e6da38c5ed6f1,pixdiff_aigi,data/HFCF_small_83.parquet,0,1322,002290.png,PNG,DeepFloyd,deepfloyd,train,1,PixDiff,train_v3_additions/aigi/cf_train_v3_pixdiff_aigi_a29e6da38c5ed6f1_002290.png.png,complete
cf_train_v3_pixdiff_aigi_a3efe374a4226e72,pixdiff_aigi,data/HFCF_small_67.parquet,0,1173,007026.png,PNG,guidedDiffusion,guideddiffusion,train,1,PixDiff,train_v3_additions/aigi/cf_train_v3_pixdiff_aigi_a3efe374a4226e72_007026.png.png,complete
cf_train_v3_pixdiff_aigi_a40aa99ba2119db8,pixdiff_aigi,data/HFCF_small_82.parquet,0,261,049311.png,PNG,glide,glide,train,1,PixDiff,train_v3_additions/aigi/cf_train_v3_pixdiff_aigi_a40aa99ba2119db8_049311.png.png,complete
cf_train_v3_pixdiff_aigi_a54115a510dcb85e,pixdiff_aigi,data/HFCF_small_83.parquet,0,2032,000712.png,PNG,DeepFloyd,deepfloyd,train,1,PixDiff,train_v3_additions/aigi/cf_train_v3_pixdiff_aigi_a54115a510dcb85e_000712.png.png,complete
cf_train_v3_pixdiff_aigi_a5fd26240e282cf0,pixdiff_aigi,data/HFCF_small_83.parquet,0,2096,003628.png,PNG,DeepFloyd,deepfloyd,train,1,PixDiff,train_v3_additions/aigi/cf_train_v3_pixdiff_aigi_a5fd26240e282cf0_003628.png.png,complete
cf_train_v3_pixdiff_aigi_a5fddf9ff8d7167c,pixdiff_aigi,data/HFCF_small_83.parquet,0,1266,007666.png,PNG,DeepFloyd,deepfloyd,train,1,PixDiff,train_v3_additions/aigi/cf_train_v3_pixdiff_aigi_a5fddf9ff8d7167c_007666.png.png,complete
cf_train_v3_pixdiff_aigi_a66fd34234c71f94,pixdiff_aigi,data/HFCF_small_82.parquet,0,2396,024237.png,PNG,glide,glide,train,1,PixDiff,train_v3_additions/aigi/cf_train_v3_pixdiff_aigi_a66fd34234c71f94_024237.png.png,complete
cf_train_v3_pixdiff_aigi_a69cf5b4f7773e38,pixdiff_aigi,data/HFCF_small_82.parquet,0,1115,005768.png,PNG,glide,glide,train,1,PixDiff,train_v3_additions/aigi/cf_train_v3_pixdiff_aigi_a69cf5b4f7773e38_005768.png.png,complete
cf_train_v3_pixdiff_aigi_a6c0678899263c2f,pixdiff_aigi,data/HFCF_small_82.parquet,0,654,046557.png,PNG,glide,glide,train,1,PixDiff,train_v3_additions/aigi/cf_train_v3_pixdiff_aigi_a6c0678899263c2f_046557.png.png,complete
cf_train_v3_pixdiff_aigi_a74a03197e4578f3,pixdiff_aigi,data/HFCF_small_82.parquet,0,1704,036390.png,PNG,glide,glide,train,1,PixDiff,train_v3_additions/aigi/cf_train_v3_pixdiff_aigi_a74a03197e4578f3_036390.png.png,complete
cf_train_v3_pixdiff_aigi_a7722028cc8c67a3,pixdiff_aigi,data/HFCF_small_83.parquet,0,1398,008326.png,PNG,DeepFloyd,deepfloyd,train,1,PixDiff,train_v3_additions/aigi/cf_train_v3_pixdiff_aigi_a7722028cc8c67a3_008326.png.png,complete
cf_train_v3_pixdiff_aigi_a7c7f7fa218f2279,pixdiff_aigi,data/HFCF_small_82.parquet,0,947,013540.png,PNG,glide,glide,train,1,PixDiff,train_v3_additions/aigi/cf_train_v3_pixdiff_aigi_a7c7f7fa218f2279_013540.png.png,complete
cf_train_v3_pixdiff_aigi_a7c86a232a27826d,pixdiff_aigi,data/HFCF_small_83.parquet,0,1909,006804.png,PNG,DeepFloyd,deepfloyd,train,1,PixDiff,train_v3_additions/aigi/cf_train_v3_pixdiff_aigi_a7c86a232a27826d_006804.png.png,complete
cf_train_v3_pixdiff_aigi_a7ce139a8aa9a4f0,pixdiff_aigi,data/HFCF_small_67.parquet,0,1649,004955.png,PNG,guidedDiffusion,guideddiffusion,train,1,PixDiff,train_v3_additions/aigi/cf_train_v3_pixdiff_aigi_a7ce139a8aa9a4f0_004955.png.png,complete
cf_train_v3_pixdiff_aigi_a828dc5c2bc76ead,pixdiff_aigi,data/HFCF_small_67.parquet,0,1976,005328.png,PNG,guidedDiffusion,guideddiffusion,train,1,PixDiff,train_v3_additions/aigi/cf_train_v3_pixdiff_aigi_a828dc5c2bc76ead_005328.png.png,complete
cf_train_v3_pixdiff_aigi_a88bdfe1a3386a24,pixdiff_aigi,data/HFCF_small_83.parquet,0,2054,003391.png,PNG,DeepFloyd,deepfloyd,train,1,PixDiff,train_v3_additions/aigi/cf_train_v3_pixdiff_aigi_a88bdfe1a3386a24_003391.png.png,complete
cf_train_v3_pixdiff_aigi_a89632b00f29e1ca,pixdiff_aigi,data/HFCF_small_67.parquet,0,1805,009167.png,PNG,guidedDiffusion,guideddiffusion,train,1,PixDiff,train_v3_additions/aigi/cf_train_v3_pixdiff_aigi_a89632b00f29e1ca_009167.png.png,complete
cf_train_v3_pixdiff_aigi_a8d1250c8ece6a7f,pixdiff_aigi,data/HFCF_small_83.parquet,0,1920,001461.png,PNG,DeepFloyd,deepfloyd,train,1,PixDiff,train_v3_additions/aigi/cf_train_v3_pixdiff_aigi_a8d1250c8ece6a7f_001461.png.png,complete
cf_train_v3_pixdiff_aigi_a92ccb1101cde805,pixdiff_aigi,data/HFCF_small_67.parquet,0,1597,004306.png,PNG,guidedDiffusion,guideddiffusion,train,1,PixDiff,train_v3_additions/aigi/cf_train_v3_pixdiff_aigi_a92ccb1101cde805_004306.png.png,complete
cf_train_v3_pixdiff_aigi_a9350d25d4ea7830,pixdiff_aigi,data/HFCF_small_82.parquet,0,821,017369.png,PNG,glide,glide,train,1,PixDiff,train_v3_additions/aigi/cf_train_v3_pixdiff_aigi_a9350d25d4ea7830_017369.png.png,complete
cf_train_v3_pixdiff_aigi_a9736255d756fa71,pixdiff_aigi,data/HFCF_small_67.parquet,0,1482,005897.png,PNG,guidedDiffusion,guideddiffusion,train,1,PixDiff,train_v3_additions/aigi/cf_train_v3_pixdiff_aigi_a9736255d756fa71_005897.png.png,complete
cf_train_v3_pixdiff_aigi_a9d4fe64372af780,pixdiff_aigi,data/HFCF_small_82.parquet,0,847,031988.png,PNG,glide,glide,train,1,PixDiff,train_v3_additions/aigi/cf_train_v3_pixdiff_aigi_a9d4fe64372af780_031988.png.png,complete
cf_train_v3_pixdiff_aigi_a9e2124cc5d87c05,pixdiff_aigi,data/HFCF_small_83.parquet,0,1783,005797.png,PNG,DeepFloyd,deepfloyd,train,1,PixDiff,train_v3_additions/aigi/cf_train_v3_pixdiff_aigi_a9e2124cc5d87c05_005797.png.png,complete
cf_train_v3_pixdiff_aigi_a9e32f845dc42648,pixdiff_aigi,data/HFCF_small_83.parquet,0,1161,010000.png,PNG,DeepFloyd,deepfloyd,train,1,PixDiff,train_v3_additions/aigi/cf_train_v3_pixdiff_aigi_a9e32f845dc42648_010000.png.png,complete
cf_train_v3_pixdiff_aigi_a9f158180343c180,pixdiff_aigi,data/HFCF_small_67.parquet,0,1954,000301.png,PNG,guidedDiffusion,guideddiffusion,train,1,PixDiff,train_v3_additions/aigi/cf_train_v3_pixdiff_aigi_a9f158180343c180_000301.png.png,complete
cf_train_v3_pixdiff_aigi_aa45477a3acd1b16,pixdiff_aigi,data/HFCF_small_82.parquet,0,1339,036584.png,PNG,glide,glide,train,1,PixDiff,train_v3_additions/aigi/cf_train_v3_pixdiff_aigi_aa45477a3acd1b16_036584.png.png,complete
cf_train_v3_pixdiff_aigi_aa84b226edb62734,pixdiff_aigi,data/HFCF_small_83.parquet,0,1319,004659.png,PNG,DeepFloyd,deepfloyd,train,1,PixDiff,train_v3_additions/aigi/cf_train_v3_pixdiff_aigi_aa84b226edb62734_004659.png.png,complete
cf_train_v3_pixdiff_aigi_aa9b50f6a66e6111,pixdiff_aigi,data/HFCF_small_83.parquet,0,1659,000191.png,PNG,DeepFloyd,deepfloyd,train,1,PixDiff,train_v3_additions/aigi/cf_train_v3_pixdiff_aigi_aa9b50f6a66e6111_000191.png.png,complete
cf_train_v3_pixdiff_aigi_aaba4af897b4eaae,pixdiff_aigi,data/HFCF_small_67.parquet,0,1849,006887.png,PNG,guidedDiffusion,guideddiffusion,train,1,PixDiff,train_v3_additions/aigi/cf_train_v3_pixdiff_aigi_aaba4af897b4eaae_006887.png.png,complete
cf_train_v3_pixdiff_aigi_aac188031457560c,pixdiff_aigi,data/HFCF_small_83.parquet,0,1077,007814.png,PNG,DeepFloyd,deepfloyd,train,1,PixDiff,train_v3_additions/aigi/cf_train_v3_pixdiff_aigi_aac188031457560c_007814.png.png,complete
cf_train_v3_pixdiff_aigi_aad702e72a52a9e4,pixdiff_aigi,data/HFCF_small_83.parquet,0,1360,008889.png,PNG,DeepFloyd,deepfloyd,train,1,PixDiff,train_v3_additions/aigi/cf_train_v3_pixdiff_aigi_aad702e72a52a9e4_008889.png.png,complete
cf_train_v3_pixdiff_aigi_ab56486482bc9d42,pixdiff_aigi,data/HFCF_small_67.parquet,0,1985,000740.png,PNG,guidedDiffusion,guideddiffusion,train,1,PixDiff,train_v3_additions/aigi/cf_train_v3_pixdiff_aigi_ab56486482bc9d42_000740.png.png,complete
cf_train_v3_pixdiff_aigi_ab8333bfed25a22b,pixdiff_aigi,data/HFCF_small_83.parquet,0,1598,007601.png,PNG,DeepFloyd,deepfloyd,train,1,PixDiff,train_v3_additions/aigi/cf_train_v3_pixdiff_aigi_ab8333bfed25a22b_007601.png.png,complete
cf_train_v3_pixdiff_aigi_ab8a31073d39c1b0,pixdiff_aigi,data/HFCF_small_67.parquet,0,1762,007718.png,PNG,guidedDiffusion,guideddiffusion,train,1,PixDiff,train_v3_additions/aigi/cf_train_v3_pixdiff_aigi_ab8a31073d39c1b0_007718.png.png,complete
cf_train_v3_pixdiff_aigi_abb00af2fa59f6e7,pixdiff_aigi,data/HFCF_small_82.parquet,0,637,035958.png,PNG,glide,glide,train,1,PixDiff,train_v3_additions/aigi/cf_train_v3_pixdiff_aigi_abb00af2fa59f6e7_035958.png.png,complete
cf_train_v3_pixdiff_aigi_abb2ef446b455395,pixdiff_aigi,data/HFCF_small_83.parquet,0,1359,003136.png,PNG,DeepFloyd,deepfloyd,train,1,PixDiff,train_v3_additions/aigi/cf_train_v3_pixdiff_aigi_abb2ef446b455395_003136.png.png,complete
cf_train_v3_pixdiff_aigi_ac823bd7fd950308,pixdiff_aigi,data/HFCF_small_67.parquet,0,1542,005911.png,PNG,guidedDiffusion,guideddiffusion,train,1,PixDiff,train_v3_additions/aigi/cf_train_v3_pixdiff_aigi_ac823bd7fd950308_005911.png.png,complete
cf_train_v3_pixdiff_aigi_ac82d72087c6657f,pixdiff_aigi,data/HFCF_small_82.parquet,0,2589,009630.png,PNG,glide,glide,train,1,PixDiff,train_v3_additions/aigi/cf_train_v3_pixdiff_aigi_ac82d72087c6657f_009630.png.png,complete
cf_train_v3_pixdiff_aigi_ac88879773ac4161,pixdiff_aigi,data/HFCF_small_67.parquet,0,1869,002922.png,PNG,guidedDiffusion,guideddiffusion,train,1,PixDiff,train_v3_additions/aigi/cf_train_v3_pixdiff_aigi_ac88879773ac4161_002922.png.png,complete
cf_train_v3_pixdiff_aigi_ac97e38035d8a927,pixdiff_aigi,data/HFCF_small_67.parquet,0,1674,007214.png,PNG,guidedDiffusion,guideddiffusion,train,1,PixDiff,train_v3_additions/aigi/cf_train_v3_pixdiff_aigi_ac97e38035d8a927_007214.png.png,complete
cf_train_v3_pixdiff_aigi_acae168af3f67953,pixdiff_aigi,data/HFCF_small_67.parquet,0,1095,008744.png,PNG,guidedDiffusion,guideddiffusion,train,1,PixDiff,train_v3_additions/aigi/cf_train_v3_pixdiff_aigi_acae168af3f67953_008744.png.png,complete
cf_train_v3_pixdiff_aigi_ad32c533ebd6cfcf,pixdiff_aigi,data/HFCF_small_82.parquet,0,2562,012656.png,PNG,glide,glide,train,1,PixDiff,train_v3_additions/aigi/cf_train_v3_pixdiff_aigi_ad32c533ebd6cfcf_012656.png.png,complete
cf_train_v3_pixdiff_aigi_ad6aa6550830e65c,pixdiff_aigi,data/HFCF_small_67.parquet,0,1697,000022.png,PNG,guidedDiffusion,guideddiffusion,train,1,PixDiff,train_v3_additions/aigi/cf_train_v3_pixdiff_aigi_ad6aa6550830e65c_000022.png.png,complete
cf_train_v3_pixdiff_aigi_ad9e51d0dcbae0ac,pixdiff_aigi,data/HFCF_small_67.parquet,0,2050,003174.png,PNG,guidedDiffusion,guideddiffusion,train,1,PixDiff,train_v3_additions/aigi/cf_train_v3_pixdiff_aigi_ad9e51d0dcbae0ac_003174.png.png,complete
cf_train_v3_pixdiff_aigi_adb63a9434ae05a7,pixdiff_aigi,data/HFCF_small_82.parquet,0,2816,024948.png,PNG,glide,glide,train,1,PixDiff,train_v3_additions/aigi/cf_train_v3_pixdiff_aigi_adb63a9434ae05a7_024948.png.png,complete
cf_train_v3_pixdiff_aigi_ae17baad5db4ce55,pixdiff_aigi,data/HFCF_small_83.parquet,0,1950,008866.png,PNG,DeepFloyd,deepfloyd,train,1,PixDiff,train_v3_additions/aigi/cf_train_v3_pixdiff_aigi_ae17baad5db4ce55_008866.png.png,complete
cf_train_v3_pixdiff_aigi_ae1b0e485faceada,pixdiff_aigi,data/HFCF_small_83.parquet,0,1807,007342.png,PNG,DeepFloyd,deepfloyd,train,1,PixDiff,train_v3_additions/aigi/cf_train_v3_pixdiff_aigi_ae1b0e485faceada_007342.png.png,complete
cf_train_v3_pixdiff_aigi_ae31c448fea2da6a,pixdiff_aigi,data/HFCF_small_67.parquet,0,1636,003849.png,PNG,guidedDiffusion,guideddiffusion,train,1,PixDiff,train_v3_additions/aigi/cf_train_v3_pixdiff_aigi_ae31c448fea2da6a_003849.png.png,complete
cf_train_v3_pixdiff_aigi_ae6b22be09817af6,pixdiff_aigi,data/HFCF_small_82.parquet,0,477,012427.png,PNG,glide,glide,train,1,PixDiff,train_v3_additions/aigi/cf_train_v3_pixdiff_aigi_ae6b22be09817af6_012427.png.png,complete
cf_train_v3_pixdiff_aigi_ae6bb372bb83aa95,pixdiff_aigi,data/HFCF_small_67.parquet,0,1292,005561.png,PNG,guidedDiffusion,guideddiffusion,train,1,PixDiff,train_v3_additions/aigi/cf_train_v3_pixdiff_aigi_ae6bb372bb83aa95_005561.png.png,complete
cf_train_v3_pixdiff_aigi_ae944b56383c45cd,pixdiff_aigi,data/HFCF_small_82.parquet,0,2456,014173.png,PNG,glide,glide,train,1,PixDiff,train_v3_additions/aigi/cf_train_v3_pixdiff_aigi_ae944b56383c45cd_014173.png.png,complete
cf_train_v3_pixdiff_aigi_af6906863e985155,pixdiff_aigi,data/HFCF_small_83.parquet,0,1098,005231.png,PNG,DeepFloyd,deepfloyd,train,1,PixDiff,train_v3_additions/aigi/cf_train_v3_pixdiff_aigi_af6906863e985155_005231.png.png,complete
cf_train_v3_pixdiff_aigi_aff36bd216e9d765,pixdiff_aigi,data/HFCF_small_83.parquet,0,1334,002537.png,PNG,DeepFloyd,deepfloyd,train,1,PixDiff,train_v3_additions/aigi/cf_train_v3_pixdiff_aigi_aff36bd216e9d765_002537.png.png,complete
cf_train_v3_pixdiff_aigi_b014e9a9aff7de89,pixdiff_aigi,data/HFCF_small_67.parquet,0,1884,001353.png,PNG,guidedDiffusion,guideddiffusion,train,1,PixDiff,train_v3_additions/aigi/cf_train_v3_pixdiff_aigi_b014e9a9aff7de89_001353.png.png,complete
cf_train_v3_pixdiff_aigi_b0a18b652662279d,pixdiff_aigi,data/HFCF_small_83.parquet,0,1737,005694.png,PNG,DeepFloyd,deepfloyd,train,1,PixDiff,train_v3_additions/aigi/cf_train_v3_pixdiff_aigi_b0a18b652662279d_005694.png.png,complete
cf_train_v3_pixdiff_aigi_b0e01db39030336d,pixdiff_aigi,data/HFCF_small_83.parquet,0,1086,009754.png,PNG,DeepFloyd,deepfloyd,train,1,PixDiff,train_v3_additions/aigi/cf_train_v3_pixdiff_aigi_b0e01db39030336d_009754.png.png,complete
cf_train_v3_pixdiff_aigi_b19750133613f9e3,pixdiff_aigi,data/HFCF_small_83.parquet,0,1316,002378.png,PNG,DeepFloyd,deepfloyd,train,1,PixDiff,train_v3_additions/aigi/cf_train_v3_pixdiff_aigi_b19750133613f9e3_002378.png.png,complete
cf_train_v3_pixdiff_aigi_b1981b59d47c684a,pixdiff_aigi,data/HFCF_small_83.parquet,0,1435,000296.png,PNG,DeepFloyd,deepfloyd,train,1,PixDiff,train_v3_additions/aigi/cf_train_v3_pixdiff_aigi_b1981b59d47c684a_000296.png.png,complete
cf_train_v3_pixdiff_aigi_b1b1f192371c37f5,pixdiff_aigi,data/HFCF_small_67.parquet,0,1174,001399.png,PNG,guidedDiffusion,guideddiffusion,train,1,PixDiff,train_v3_additions/aigi/cf_train_v3_pixdiff_aigi_b1b1f192371c37f5_001399.png.png,complete
cf_train_v3_pixdiff_aigi_b24cded16139cdeb,pixdiff_aigi,data/HFCF_small_83.parquet,0,1922,004620.png,PNG,DeepFloyd,deepfloyd,train,1,PixDiff,train_v3_additions/aigi/cf_train_v3_pixdiff_aigi_b24cded16139cdeb_004620.png.png,complete
cf_train_v3_pixdiff_aigi_b252e25d3d7c11b3,pixdiff_aigi,data/HFCF_small_82.parquet,0,1980,020337.png,PNG,glide,glide,train,1,PixDiff,train_v3_additions/aigi/cf_train_v3_pixdiff_aigi_b252e25d3d7c11b3_020337.png.png,complete
cf_train_v3_pixdiff_aigi_b2b1fc4e88b66c0a,pixdiff_aigi,data/HFCF_small_82.parquet,0,2248,032238.png,PNG,glide,glide,train,1,PixDiff,train_v3_additions/aigi/cf_train_v3_pixdiff_aigi_b2b1fc4e88b66c0a_032238.png.png,complete
cf_train_v3_pixdiff_aigi_b3028d282b5f2781,pixdiff_aigi,data/HFCF_small_67.parquet,0,1164,007535.png,PNG,guidedDiffusion,guideddiffusion,train,1,PixDiff,train_v3_additions/aigi/cf_train_v3_pixdiff_aigi_b3028d282b5f2781_007535.png.png,complete
cf_train_v3_pixdiff_aigi_b32349ebba9aa517,pixdiff_aigi,data/HFCF_small_82.parquet,0,1486,017350.png,PNG,glide,glide,train,1,PixDiff,train_v3_additions/aigi/cf_train_v3_pixdiff_aigi_b32349ebba9aa517_017350.png.png,complete
cf_train_v3_pixdiff_aigi_b37a927da7abec16,pixdiff_aigi,data/HFCF_small_67.parquet,0,1602,009444.png,PNG,guidedDiffusion,guideddiffusion,train,1,PixDiff,train_v3_additions/aigi/cf_train_v3_pixdiff_aigi_b37a927da7abec16_009444.png.png,complete
cf_train_v3_pixdiff_aigi_b397d54aef83ae27,pixdiff_aigi,data/HFCF_small_82.parquet,0,2204,013296.png,PNG,glide,glide,train,1,PixDiff,train_v3_additions/aigi/cf_train_v3_pixdiff_aigi_b397d54aef83ae27_013296.png.png,complete
cf_train_v3_pixdiff_aigi_b3e002c98b3b037e,pixdiff_aigi,data/HFCF_small_82.parquet,0,1931,006630.png,PNG,glide,glide,train,1,PixDiff,train_v3_additions/aigi/cf_train_v3_pixdiff_aigi_b3e002c98b3b037e_006630.png.png,complete
cf_train_v3_pixdiff_aigi_b3e6e9ed7170b478,pixdiff_aigi,data/HFCF_small_82.parquet,0,2669,030909.png,PNG,glide,glide,train,1,PixDiff,train_v3_additions/aigi/cf_train_v3_pixdiff_aigi_b3e6e9ed7170b478_030909.png.png,complete
cf_train_v3_pixdiff_aigi_b468be85db02c6fe,pixdiff_aigi,data/HFCF_small_67.parquet,0,1831,008187.png,PNG,guidedDiffusion,guideddiffusion,train,1,PixDiff,train_v3_additions/aigi/cf_train_v3_pixdiff_aigi_b468be85db02c6fe_008187.png.png,complete
cf_train_v3_pixdiff_aigi_b4f9b817106de24b,pixdiff_aigi,data/HFCF_small_82.parquet,0,153,031409.png,PNG,glide,glide,train,1,PixDiff,train_v3_additions/aigi/cf_train_v3_pixdiff_aigi_b4f9b817106de24b_031409.png.png,complete
cf_train_v3_pixdiff_aigi_b4fb1058cf720fa3,pixdiff_aigi,data/HFCF_small_82.parquet,0,490,044902.png,PNG,glide,glide,train,1,PixDiff,train_v3_additions/aigi/cf_train_v3_pixdiff_aigi_b4fb1058cf720fa3_044902.png.png,complete
cf_train_v3_pixdiff_aigi_b55f5be106c67619,pixdiff_aigi,data/HFCF_small_83.parquet,0,1681,003199.png,PNG,DeepFloyd,deepfloyd,train,1,PixDiff,train_v3_additions/aigi/cf_train_v3_pixdiff_aigi_b55f5be106c67619_003199.png.png,complete
cf_train_v3_pixdiff_aigi_b57d4ac4c92b54a7,pixdiff_aigi,data/HFCF_small_82.parquet,0,240,024780.png,PNG,glide,glide,train,1,PixDiff,train_v3_additions/aigi/cf_train_v3_pixdiff_aigi_b57d4ac4c92b54a7_024780.png.png,complete
cf_train_v3_pixdiff_aigi_b5c0a3956eecaf5d,pixdiff_aigi,data/HFCF_small_67.parquet,0,1703,001579.png,PNG,guidedDiffusion,guideddiffusion,train,1,PixDiff,train_v3_additions/aigi/cf_train_v3_pixdiff_aigi_b5c0a3956eecaf5d_001579.png.png,complete
cf_train_v3_pixdiff_aigi_b5f3c6f66901887b,pixdiff_aigi,data/HFCF_small_83.parquet,0,1123,006140.png,PNG,DeepFloyd,deepfloyd,train,1,PixDiff,train_v3_additions/aigi/cf_train_v3_pixdiff_aigi_b5f3c6f66901887b_006140.png.png,complete
cf_train_v3_pixdiff_aigi_b6384973041fdc84,pixdiff_aigi,data/HFCF_small_83.parquet,0,1643,006113.png,PNG,DeepFloyd,deepfloyd,train,1,PixDiff,train_v3_additions/aigi/cf_train_v3_pixdiff_aigi_b6384973041fdc84_006113.png.png,complete
cf_train_v3_pixdiff_aigi_b6914d109b291856,pixdiff_aigi,data/HFCF_small_82.parquet,0,1760,010481.png,PNG,glide,glide,train,1,PixDiff,train_v3_additions/aigi/cf_train_v3_pixdiff_aigi_b6914d109b291856_010481.png.png,complete
cf_train_v3_pixdiff_aigi_b694d12e3deb6a09,pixdiff_aigi,data/HFCF_small_82.parquet,0,2976,040355.png,PNG,glide,glide,train,1,PixDiff,train_v3_additions/aigi/cf_train_v3_pixdiff_aigi_b694d12e3deb6a09_040355.png.png,complete
cf_train_v3_pixdiff_aigi_b7038632f27ad63e,pixdiff_aigi,data/HFCF_small_67.parquet,0,1108,008791.png,PNG,guidedDiffusion,guideddiffusion,train,1,PixDiff,train_v3_additions/aigi/cf_train_v3_pixdiff_aigi_b7038632f27ad63e_008791.png.png,complete
cf_train_v3_pixdiff_aigi_b714c0067a3d5d1b,pixdiff_aigi,data/HFCF_small_82.parquet,0,1747,026500.png,PNG,glide,glide,train,1,PixDiff,train_v3_additions/aigi/cf_train_v3_pixdiff_aigi_b714c0067a3d5d1b_026500.png.png,complete
cf_train_v3_pixdiff_aigi_b74aa679468d3b3e,pixdiff_aigi,data/HFCF_small_67.parquet,0,2056,006921.png,PNG,guidedDiffusion,guideddiffusion,train,1,PixDiff,train_v3_additions/aigi/cf_train_v3_pixdiff_aigi_b74aa679468d3b3e_006921.png.png,complete
cf_train_v3_pixdiff_aigi_b75f43594c1585ae,pixdiff_aigi,data/HFCF_small_67.parquet,0,1543,000738.png,PNG,guidedDiffusion,guideddiffusion,train,1,PixDiff,train_v3_additions/aigi/cf_train_v3_pixdiff_aigi_b75f43594c1585ae_000738.png.png,complete
cf_train_v3_pixdiff_aigi_b7afb27051979d17,pixdiff_aigi,data/HFCF_small_82.parquet,0,161,026196.png,PNG,glide,glide,train,1,PixDiff,train_v3_additions/aigi/cf_train_v3_pixdiff_aigi_b7afb27051979d17_026196.png.png,complete
cf_train_v3_pixdiff_aigi_b7c64c71b48306b4,pixdiff_aigi,data/HFCF_small_83.parquet,0,1787,007577.png,PNG,DeepFloyd,deepfloyd,train,1,PixDiff,train_v3_additions/aigi/cf_train_v3_pixdiff_aigi_b7c64c71b48306b4_007577.png.png,complete
cf_train_v3_pixdiff_aigi_b8c5fc18963bf0fb,pixdiff_aigi,data/HFCF_small_83.parquet,0,2062,005169.png,PNG,DeepFloyd,deepfloyd,train,1,PixDiff,train_v3_additions/aigi/cf_train_v3_pixdiff_aigi_b8c5fc18963bf0fb_005169.png.png,complete
cf_train_v3_pixdiff_aigi_b8eeae0ccd489022,pixdiff_aigi,data/HFCF_small_83.parquet,0,1569,004894.png,PNG,DeepFloyd,deepfloyd,train,1,PixDiff,train_v3_additions/aigi/cf_train_v3_pixdiff_aigi_b8eeae0ccd489022_004894.png.png,complete
cf_train_v3_pixdiff_aigi_b9043eb4e4c553b1,pixdiff_aigi,data/HFCF_small_82.parquet,0,941,010451.png,PNG,glide,glide,train,1,PixDiff,train_v3_additions/aigi/cf_train_v3_pixdiff_aigi_b9043eb4e4c553b1_010451.png.png,complete
cf_train_v3_pixdiff_aigi_b93d9dfd447ee20f,pixdiff_aigi,data/HFCF_small_67.parquet,0,1560,008832.png,PNG,guidedDiffusion,guideddiffusion,train,1,PixDiff,train_v3_additions/aigi/cf_train_v3_pixdiff_aigi_b93d9dfd447ee20f_008832.png.png,complete
cf_train_v3_pixdiff_aigi_b96c5fa1457c1de5,pixdiff_aigi,data/HFCF_small_67.parquet,0,1957,008866.png,PNG,guidedDiffusion,guideddiffusion,train,1,PixDiff,train_v3_additions/aigi/cf_train_v3_pixdiff_aigi_b96c5fa1457c1de5_008866.png.png,complete
cf_train_v3_pixdiff_aigi_b97b0ce9af21f5ca,pixdiff_aigi,data/HFCF_small_67.parquet,0,1732,000943.png,PNG,guidedDiffusion,guideddiffusion,train,1,PixDiff,train_v3_additions/aigi/cf_train_v3_pixdiff_aigi_b97b0ce9af21f5ca_000943.png.png,complete
cf_train_v3_pixdiff_aigi_b97e0622efd1f2b2,pixdiff_aigi,data/HFCF_small_82.parquet,0,1309,013529.png,PNG,glide,glide,train,1,PixDiff,train_v3_additions/aigi/cf_train_v3_pixdiff_aigi_b97e0622efd1f2b2_013529.png.png,complete
cf_train_v3_pixdiff_aigi_b9864b09eb0678a4,pixdiff_aigi,data/HFCF_small_82.parquet,0,108,003296.png,PNG,glide,glide,train,1,PixDiff,train_v3_additions/aigi/cf_train_v3_pixdiff_aigi_b9864b09eb0678a4_003296.png.png,complete
cf_train_v3_pixdiff_aigi_b9feeeac5e923d2e,pixdiff_aigi,data/HFCF_small_83.parquet,0,1085,005960.png,PNG,DeepFloyd,deepfloyd,train,1,PixDiff,train_v3_additions/aigi/cf_train_v3_pixdiff_aigi_b9feeeac5e923d2e_005960.png.png,complete
cf_train_v3_pixdiff_aigi_ba3bb263c769176b,pixdiff_aigi,data/HFCF_small_83.parquet,0,1518,007099.png,PNG,DeepFloyd,deepfloyd,train,1,PixDiff,train_v3_additions/aigi/cf_train_v3_pixdiff_aigi_ba3bb263c769176b_007099.png.png,complete
cf_train_v3_pixdiff_aigi_ba3dd94c41559c79,pixdiff_aigi,data/HFCF_small_82.parquet,0,2779,030798.png,PNG,glide,glide,train,1,PixDiff,train_v3_additions/aigi/cf_train_v3_pixdiff_aigi_ba3dd94c41559c79_030798.png.png,complete
cf_train_v3_pixdiff_aigi_ba6430a2ddfcb5b4,pixdiff_aigi,data/HFCF_small_67.parquet,0,1235,009262.png,PNG,guidedDiffusion,guideddiffusion,train,1,PixDiff,train_v3_additions/aigi/cf_train_v3_pixdiff_aigi_ba6430a2ddfcb5b4_009262.png.png,complete
cf_train_v3_pixdiff_aigi_ba8a0ae69e6ebd72,pixdiff_aigi,data/HFCF_small_82.parquet,0,2831,049942.png,PNG,glide,glide,train,1,PixDiff,train_v3_additions/aigi/cf_train_v3_pixdiff_aigi_ba8a0ae69e6ebd72_049942.png.png,complete
cf_train_v3_pixdiff_aigi_ba8e0c046b580330,pixdiff_aigi,data/HFCF_small_82.parquet,0,2459,028107.png,PNG,glide,glide,train,1,PixDiff,train_v3_additions/aigi/cf_train_v3_pixdiff_aigi_ba8e0c046b580330_028107.png.png,complete
cf_train_v3_pixdiff_aigi_baa74fba48c10a9a,pixdiff_aigi,data/HFCF_small_82.parquet,0,2960,048614.png,PNG,glide,glide,train,1,PixDiff,train_v3_additions/aigi/cf_train_v3_pixdiff_aigi_baa74fba48c10a9a_048614.png.png,complete
cf_train_v3_pixdiff_aigi_bb01233e1ee2d1b7,pixdiff_aigi,data/HFCF_small_83.parquet,0,2035,006352.png,PNG,DeepFloyd,deepfloyd,train,1,PixDiff,train_v3_additions/aigi/cf_train_v3_pixdiff_aigi_bb01233e1ee2d1b7_006352.png.png,complete
cf_train_v3_pixdiff_aigi_bb2dd5037d0ca6b0,pixdiff_aigi,data/HFCF_small_83.parquet,0,1487,003127.png,PNG,DeepFloyd,deepfloyd,train,1,PixDiff,train_v3_additions/aigi/cf_train_v3_pixdiff_aigi_bb2dd5037d0ca6b0_003127.png.png,complete
cf_train_v3_pixdiff_aigi_bb9e4fc440be1abb,pixdiff_aigi,data/HFCF_small_67.parquet,0,1149,009169.png,PNG,guidedDiffusion,guideddiffusion,train,1,PixDiff,train_v3_additions/aigi/cf_train_v3_pixdiff_aigi_bb9e4fc440be1abb_009169.png.png,complete
cf_train_v3_pixdiff_aigi_bc3281af2faf6575,pixdiff_aigi,data/HFCF_small_67.parquet,0,1886,005539.png,PNG,guidedDiffusion,guideddiffusion,train,1,PixDiff,train_v3_additions/aigi/cf_train_v3_pixdiff_aigi_bc3281af2faf6575_005539.png.png,complete
cf_train_v3_pixdiff_aigi_bc4aa10003a1b08e,pixdiff_aigi,data/HFCF_small_83.parquet,0,1674,006034.png,PNG,DeepFloyd,deepfloyd,train,1,PixDiff,train_v3_additions/aigi/cf_train_v3_pixdiff_aigi_bc4aa10003a1b08e_006034.png.png,complete
cf_train_v3_pixdiff_aigi_bcaf516e7d4657e4,pixdiff_aigi,data/HFCF_small_67.parquet,0,1683,006131.png,PNG,guidedDiffusion,guideddiffusion,train,1,PixDiff,train_v3_additions/aigi/cf_train_v3_pixdiff_aigi_bcaf516e7d4657e4_006131.png.png,complete
cf_train_v3_pixdiff_aigi_bd1171013f3454ff,pixdiff_aigi,data/HFCF_small_67.parquet,0,1397,003031.png,PNG,guidedDiffusion,guideddiffusion,train,1,PixDiff,train_v3_additions/aigi/cf_train_v3_pixdiff_aigi_bd1171013f3454ff_003031.png.png,complete
cf_train_v3_pixdiff_aigi_bd274a5caca21652,pixdiff_aigi,data/HFCF_small_67.parquet,0,1977,004797.png,PNG,guidedDiffusion,guideddiffusion,train,1,PixDiff,train_v3_additions/aigi/cf_train_v3_pixdiff_aigi_bd274a5caca21652_004797.png.png,complete
cf_train_v3_pixdiff_aigi_bd319273ca0e2052,pixdiff_aigi,data/HFCF_small_83.parquet,0,1287,001728.png,PNG,DeepFloyd,deepfloyd,train,1,PixDiff,train_v3_additions/aigi/cf_train_v3_pixdiff_aigi_bd319273ca0e2052_001728.png.png,complete
cf_train_v3_pixdiff_aigi_bd35f82c5fd9493e,pixdiff_aigi,data/HFCF_small_83.parquet,0,1632,000805.png,PNG,DeepFloyd,deepfloyd,train,1,PixDiff,train_v3_additions/aigi/cf_train_v3_pixdiff_aigi_bd35f82c5fd9493e_000805.png.png,complete
cf_train_v3_pixdiff_aigi_bd406eb31f657c20,pixdiff_aigi,data/HFCF_small_67.parquet,0,1601,001501.png,PNG,guidedDiffusion,guideddiffusion,train,1,PixDiff,train_v3_additions/aigi/cf_train_v3_pixdiff_aigi_bd406eb31f657c20_001501.png.png,complete
cf_train_v3_pixdiff_aigi_bd83fb13618644b5,pixdiff_aigi,data/HFCF_small_83.parquet,0,1170,007210.png,PNG,DeepFloyd,deepfloyd,train,1,PixDiff,train_v3_additions/aigi/cf_train_v3_pixdiff_aigi_bd83fb13618644b5_007210.png.png,complete
cf_train_v3_pixdiff_aigi_bd8d96cba4f4b71d,pixdiff_aigi,data/HFCF_small_83.parquet,0,2088,009851.png,PNG,DeepFloyd,deepfloyd,train,1,PixDiff,train_v3_additions/aigi/cf_train_v3_pixdiff_aigi_bd8d96cba4f4b71d_009851.png.png,complete
cf_train_v3_pixdiff_aigi_bdf669ed0e19e4e6,pixdiff_aigi,data/HFCF_small_83.parquet,0,1987,008088.png,PNG,DeepFloyd,deepfloyd,train,1,PixDiff,train_v3_additions/aigi/cf_train_v3_pixdiff_aigi_bdf669ed0e19e4e6_008088.png.png,complete
cf_train_v3_pixdiff_aigi_be841162ddbabee5,pixdiff_aigi,data/HFCF_small_83.parquet,0,2050,004302.png,PNG,DeepFloyd,deepfloyd,train,1,PixDiff,train_v3_additions/aigi/cf_train_v3_pixdiff_aigi_be841162ddbabee5_004302.png.png,complete
cf_train_v3_pixdiff_aigi_becf6b6393939c4a,pixdiff_aigi,data/HFCF_small_67.parquet,0,1090,005880.png,PNG,guidedDiffusion,guideddiffusion,train,1,PixDiff,train_v3_additions/aigi/cf_train_v3_pixdiff_aigi_becf6b6393939c4a_005880.png.png,complete
cf_train_v3_pixdiff_aigi_bee9ee32f9b809e4,pixdiff_aigi,data/HFCF_small_82.parquet,0,1471,046068.png,PNG,glide,glide,train,1,PixDiff,train_v3_additions/aigi/cf_train_v3_pixdiff_aigi_bee9ee32f9b809e4_046068.png.png,complete
cf_train_v3_pixdiff_aigi_bf6d62120f353a74,pixdiff_aigi,data/HFCF_small_67.parquet,0,1832,004510.png,PNG,guidedDiffusion,guideddiffusion,train,1,PixDiff,train_v3_additions/aigi/cf_train_v3_pixdiff_aigi_bf6d62120f353a74_004510.png.png,complete
cf_train_v3_pixdiff_aigi_bf7633a92f9be18b,pixdiff_aigi,data/HFCF_small_67.parquet,0,1782,003517.png,PNG,guidedDiffusion,guideddiffusion,train,1,PixDiff,train_v3_additions/aigi/cf_train_v3_pixdiff_aigi_bf7633a92f9be18b_003517.png.png,complete
cf_train_v3_pixdiff_aigi_c050d817d65e4ca0,pixdiff_aigi,data/HFCF_small_83.parquet,0,1958,001590.png,PNG,DeepFloyd,deepfloyd,train,1,PixDiff,train_v3_additions/aigi/cf_train_v3_pixdiff_aigi_c050d817d65e4ca0_001590.png.png,complete
cf_train_v3_pixdiff_aigi_c0b6237a6a0bdf7d,pixdiff_aigi,data/HFCF_small_83.parquet,0,1215,000674.png,PNG,DeepFloyd,deepfloyd,train,1,PixDiff,train_v3_additions/aigi/cf_train_v3_pixdiff_aigi_c0b6237a6a0bdf7d_000674.png.png,complete
cf_train_v3_pixdiff_aigi_c1632f3257d1f05c,pixdiff_aigi,data/HFCF_small_82.parquet,0,2804,002788.png,PNG,glide,glide,train,1,PixDiff,train_v3_additions/aigi/cf_train_v3_pixdiff_aigi_c1632f3257d1f05c_002788.png.png,complete
cf_train_v3_pixdiff_aigi_c17d64e1780262a7,pixdiff_aigi,data/HFCF_small_83.parquet,0,1633,004464.png,PNG,DeepFloyd,deepfloyd,train,1,PixDiff,train_v3_additions/aigi/cf_train_v3_pixdiff_aigi_c17d64e1780262a7_004464.png.png,complete
cf_train_v3_pixdiff_aigi_c189b611e59373bd,pixdiff_aigi,data/HFCF_small_67.parquet,0,1335,007341.png,PNG,guidedDiffusion,guideddiffusion,train,1,PixDiff,train_v3_additions/aigi/cf_train_v3_pixdiff_aigi_c189b611e59373bd_007341.png.png,complete
cf_train_v3_pixdiff_aigi_c22ff2ae600e6b84,pixdiff_aigi,data/HFCF_small_67.parquet,0,1259,004647.png,PNG,guidedDiffusion,guideddiffusion,train,1,PixDiff,train_v3_additions/aigi/cf_train_v3_pixdiff_aigi_c22ff2ae600e6b84_004647.png.png,complete
cf_train_v3_pixdiff_aigi_c27574f4278f54b1,pixdiff_aigi,data/HFCF_small_83.parquet,0,1719,009841.png,PNG,DeepFloyd,deepfloyd,train,1,PixDiff,train_v3_additions/aigi/cf_train_v3_pixdiff_aigi_c27574f4278f54b1_009841.png.png,complete
cf_train_v3_pixdiff_aigi_c27be4ea20723bae,pixdiff_aigi,data/HFCF_small_82.parquet,0,148,009333.png,PNG,glide,glide,train,1,PixDiff,train_v3_additions/aigi/cf_train_v3_pixdiff_aigi_c27be4ea20723bae_009333.png.png,complete
cf_train_v3_pixdiff_aigi_c288e7b4653cb421,pixdiff_aigi,data/HFCF_small_82.parquet,0,1133,014905.png,PNG,glide,glide,train,1,PixDiff,train_v3_additions/aigi/cf_train_v3_pixdiff_aigi_c288e7b4653cb421_014905.png.png,complete
cf_train_v3_pixdiff_aigi_c28aff7e3b13de67,pixdiff_aigi,data/HFCF_small_82.parquet,0,1868,011091.png,PNG,glide,glide,train,1,PixDiff,train_v3_additions/aigi/cf_train_v3_pixdiff_aigi_c28aff7e3b13de67_011091.png.png,complete
cf_train_v3_pixdiff_aigi_c28d64fc239eee1a,pixdiff_aigi,data/HFCF_small_83.parquet,0,1723,002830.png,PNG,DeepFloyd,deepfloyd,train,1,PixDiff,train_v3_additions/aigi/cf_train_v3_pixdiff_aigi_c28d64fc239eee1a_002830.png.png,complete
cf_train_v3_pixdiff_aigi_c3200c2dfee1231d,pixdiff_aigi,data/HFCF_small_83.parquet,0,1882,000665.png,PNG,DeepFloyd,deepfloyd,train,1,PixDiff,train_v3_additions/aigi/cf_train_v3_pixdiff_aigi_c3200c2dfee1231d_000665.png.png,complete
cf_train_v3_pixdiff_aigi_c34bd6e064981ac8,pixdiff_aigi,data/HFCF_small_67.parquet,0,1306,005777.png,PNG,guidedDiffusion,guideddiffusion,train,1,PixDiff,train_v3_additions/aigi/cf_train_v3_pixdiff_aigi_c34bd6e064981ac8_005777.png.png,complete
cf_train_v3_pixdiff_aigi_c3a670758cd94110,pixdiff_aigi,data/HFCF_small_67.parquet,0,1839,007890.png,PNG,guidedDiffusion,guideddiffusion,train,1,PixDiff,train_v3_additions/aigi/cf_train_v3_pixdiff_aigi_c3a670758cd94110_007890.png.png,complete
cf_train_v3_pixdiff_aigi_c3a6e35ba9ab6d23,pixdiff_aigi,data/HFCF_small_82.parquet,0,2061,001621.png,PNG,glide,glide,train,1,PixDiff,train_v3_additions/aigi/cf_train_v3_pixdiff_aigi_c3a6e35ba9ab6d23_001621.png.png,complete
cf_train_v3_pixdiff_aigi_c3cb6b62b8826d3b,pixdiff_aigi,data/HFCF_small_82.parquet,0,954,019981.png,PNG,glide,glide,train,1,PixDiff,train_v3_additions/aigi/cf_train_v3_pixdiff_aigi_c3cb6b62b8826d3b_019981.png.png,complete
cf_train_v3_pixdiff_aigi_c3d6635d7c90f7eb,pixdiff_aigi,data/HFCF_small_67.parquet,0,1860,003766.png,PNG,guidedDiffusion,guideddiffusion,train,1,PixDiff,train_v3_additions/aigi/cf_train_v3_pixdiff_aigi_c3d6635d7c90f7eb_003766.png.png,complete
cf_train_v3_pixdiff_aigi_c3e64b01dee55b0f,pixdiff_aigi,data/HFCF_small_83.parquet,0,2052,005365.png,PNG,DeepFloyd,deepfloyd,train,1,PixDiff,train_v3_additions/aigi/cf_train_v3_pixdiff_aigi_c3e64b01dee55b0f_005365.png.png,complete
cf_train_v3_pixdiff_aigi_c4128b8dbeb5f92f,pixdiff_aigi,data/HFCF_small_67.parquet,0,2093,003060.png,PNG,guidedDiffusion,guideddiffusion,train,1,PixDiff,train_v3_additions/aigi/cf_train_v3_pixdiff_aigi_c4128b8dbeb5f92f_003060.png.png,complete
cf_train_v3_pixdiff_aigi_c45bc1d38fee101c,pixdiff_aigi,data/HFCF_small_67.parquet,0,1516,002790.png,PNG,guidedDiffusion,guideddiffusion,train,1,PixDiff,train_v3_additions/aigi/cf_train_v3_pixdiff_aigi_c45bc1d38fee101c_002790.png.png,complete
cf_train_v3_pixdiff_aigi_c4f51fc1f19caffa,pixdiff_aigi,data/HFCF_small_67.parquet,0,1701,005441.png,PNG,guidedDiffusion,guideddiffusion,train,1,PixDiff,train_v3_additions/aigi/cf_train_v3_pixdiff_aigi_c4f51fc1f19caffa_005441.png.png,complete
cf_train_v3_pixdiff_aigi_c4f904d9492bb746,pixdiff_aigi,data/HFCF_small_67.parquet,0,1207,001869.png,PNG,guidedDiffusion,guideddiffusion,train,1,PixDiff,train_v3_additions/aigi/cf_train_v3_pixdiff_aigi_c4f904d9492bb746_001869.png.png,complete
cf_train_v3_pixdiff_aigi_c4fc9b998106ddc5,pixdiff_aigi,data/HFCF_small_83.parquet,0,1444,002452.png,PNG,DeepFloyd,deepfloyd,train,1,PixDiff,train_v3_additions/aigi/cf_train_v3_pixdiff_aigi_c4fc9b998106ddc5_002452.png.png,complete
cf_train_v3_pixdiff_aigi_c50faa96d850c400,pixdiff_aigi,data/HFCF_small_82.parquet,0,1435,026566.png,PNG,glide,glide,train,1,PixDiff,train_v3_additions/aigi/cf_train_v3_pixdiff_aigi_c50faa96d850c400_026566.png.png,complete
cf_train_v3_pixdiff_aigi_c545d55cca53537c,pixdiff_aigi,data/HFCF_small_82.parquet,0,2013,031795.png,PNG,glide,glide,train,1,PixDiff,train_v3_additions/aigi/cf_train_v3_pixdiff_aigi_c545d55cca53537c_031795.png.png,complete
cf_train_v3_pixdiff_aigi_c5e14b1a886f1dcb,pixdiff_aigi,data/HFCF_small_83.parquet,0,1640,004928.png,PNG,DeepFloyd,deepfloyd,train,1,PixDiff,train_v3_additions/aigi/cf_train_v3_pixdiff_aigi_c5e14b1a886f1dcb_004928.png.png,complete
cf_train_v3_pixdiff_aigi_c624f7d123416139,pixdiff_aigi,data/HFCF_small_83.parquet,0,1555,000144.png,PNG,DeepFloyd,deepfloyd,train,1,PixDiff,train_v3_additions/aigi/cf_train_v3_pixdiff_aigi_c624f7d123416139_000144.png.png,complete
cf_train_v3_pixdiff_aigi_c71516f693e51ca2,pixdiff_aigi,data/HFCF_small_82.parquet,0,2917,020412.png,PNG,glide,glide,train,1,PixDiff,train_v3_additions/aigi/cf_train_v3_pixdiff_aigi_c71516f693e51ca2_020412.png.png,complete
cf_train_v3_pixdiff_aigi_c7610102004b6771,pixdiff_aigi,data/HFCF_small_83.parquet,0,1153,009963.png,PNG,DeepFloyd,deepfloyd,train,1,PixDiff,train_v3_additions/aigi/cf_train_v3_pixdiff_aigi_c7610102004b6771_009963.png.png,complete
cf_train_v3_pixdiff_aigi_c7964e38de47d56d,pixdiff_aigi,data/HFCF_small_67.parquet,0,1906,004754.png,PNG,guidedDiffusion,guideddiffusion,train,1,PixDiff,train_v3_additions/aigi/cf_train_v3_pixdiff_aigi_c7964e38de47d56d_004754.png.png,complete
cf_train_v3_pixdiff_aigi_c7b266ade49bbe82,pixdiff_aigi,data/HFCF_small_67.parquet,0,1858,006800.png,PNG,guidedDiffusion,guideddiffusion,train,1,PixDiff,train_v3_additions/aigi/cf_train_v3_pixdiff_aigi_c7b266ade49bbe82_006800.png.png,complete
cf_train_v3_pixdiff_aigi_c8868213272b317d,pixdiff_aigi,data/HFCF_small_82.parquet,0,433,026928.png,PNG,glide,glide,train,1,PixDiff,train_v3_additions/aigi/cf_train_v3_pixdiff_aigi_c8868213272b317d_026928.png.png,complete
cf_train_v3_pixdiff_aigi_c905a8b604d35636,pixdiff_aigi,data/HFCF_small_82.parquet,0,395,021668.png,PNG,glide,glide,train,1,PixDiff,train_v3_additions/aigi/cf_train_v3_pixdiff_aigi_c905a8b604d35636_021668.png.png,complete
cf_train_v3_pixdiff_aigi_c9302cca44ab0401,pixdiff_aigi,data/HFCF_small_67.parquet,0,1189,008116.png,PNG,guidedDiffusion,guideddiffusion,train,1,PixDiff,train_v3_additions/aigi/cf_train_v3_pixdiff_aigi_c9302cca44ab0401_008116.png.png,complete
cf_train_v3_pixdiff_aigi_c9529986438df57a,pixdiff_aigi,data/HFCF_small_67.parquet,0,1807,002539.png,PNG,guidedDiffusion,guideddiffusion,train,1,PixDiff,train_v3_additions/aigi/cf_train_v3_pixdiff_aigi_c9529986438df57a_002539.png.png,complete
cf_train_v3_pixdiff_aigi_c9565cca136340a7,pixdiff_aigi,data/HFCF_small_83.parquet,0,1073,004958.png,PNG,DeepFloyd,deepfloyd,train,1,PixDiff,train_v3_additions/aigi/cf_train_v3_pixdiff_aigi_c9565cca136340a7_004958.png.png,complete
cf_train_v3_pixdiff_aigi_ca3fff4d50abd88e,pixdiff_aigi,data/HFCF_small_83.parquet,0,1167,001399.png,PNG,DeepFloyd,deepfloyd,train,1,PixDiff,train_v3_additions/aigi/cf_train_v3_pixdiff_aigi_ca3fff4d50abd88e_001399.png.png,complete
cf_train_v3_pixdiff_aigi_caa6816b1ba0ba11,pixdiff_aigi,data/HFCF_small_83.parquet,0,1957,006628.png,PNG,DeepFloyd,deepfloyd,train,1,PixDiff,train_v3_additions/aigi/cf_train_v3_pixdiff_aigi_caa6816b1ba0ba11_006628.png.png,complete
cf_train_v3_pixdiff_aigi_cab8ef4bd939c520,pixdiff_aigi,data/HFCF_small_83.parquet,0,2076,007101.png,PNG,DeepFloyd,deepfloyd,train,1,PixDiff,train_v3_additions/aigi/cf_train_v3_pixdiff_aigi_cab8ef4bd939c520_007101.png.png,complete
cf_train_v3_pixdiff_aigi_cae488d8aef3070f,pixdiff_aigi,data/HFCF_small_83.parquet,0,1829,005667.png,PNG,DeepFloyd,deepfloyd,train,1,PixDiff,train_v3_additions/aigi/cf_train_v3_pixdiff_aigi_cae488d8aef3070f_005667.png.png,complete
cf_train_v3_pixdiff_aigi_cb01ca12ab239be9,pixdiff_aigi,data/HFCF_small_82.parquet,0,1453,041909.png,PNG,glide,glide,train,1,PixDiff,train_v3_additions/aigi/cf_train_v3_pixdiff_aigi_cb01ca12ab239be9_041909.png.png,complete
cf_train_v3_pixdiff_aigi_cb07b2769396bec4,pixdiff_aigi,data/HFCF_small_67.parquet,0,2102,006931.png,PNG,guidedDiffusion,guideddiffusion,train,1,PixDiff,train_v3_additions/aigi/cf_train_v3_pixdiff_aigi_cb07b2769396bec4_006931.png.png,complete
cf_train_v3_pixdiff_aigi_cb4108ddf7484b20,pixdiff_aigi,data/HFCF_small_83.parquet,0,1178,003664.png,PNG,DeepFloyd,deepfloyd,train,1,PixDiff,train_v3_additions/aigi/cf_train_v3_pixdiff_aigi_cb4108ddf7484b20_003664.png.png,complete
cf_train_v3_pixdiff_aigi_cb8d590ae180c04c,pixdiff_aigi,data/HFCF_small_83.parquet,0,1403,009480.png,PNG,DeepFloyd,deepfloyd,train,1,PixDiff,train_v3_additions/aigi/cf_train_v3_pixdiff_aigi_cb8d590ae180c04c_009480.png.png,complete
cf_train_v3_pixdiff_aigi_cbafb0705d340edf,pixdiff_aigi,data/HFCF_small_83.parquet,0,1610,007068.png,PNG,DeepFloyd,deepfloyd,train,1,PixDiff,train_v3_additions/aigi/cf_train_v3_pixdiff_aigi_cbafb0705d340edf_007068.png.png,complete
cf_train_v3_pixdiff_aigi_cbf4f41fa2bf3fe5,pixdiff_aigi,data/HFCF_small_82.parquet,0,696,025063.png,PNG,glide,glide,train,1,PixDiff,train_v3_additions/aigi/cf_train_v3_pixdiff_aigi_cbf4f41fa2bf3fe5_025063.png.png,complete
cf_train_v3_pixdiff_aigi_cc382ea9952cbd2f,pixdiff_aigi,data/HFCF_small_67.parquet,0,1445,008178.png,PNG,guidedDiffusion,guideddiffusion,train,1,PixDiff,train_v3_additions/aigi/cf_train_v3_pixdiff_aigi_cc382ea9952cbd2f_008178.png.png,complete
cf_train_v3_pixdiff_aigi_cc820cf7f52a8fd1,pixdiff_aigi,data/HFCF_small_67.parquet,0,1522,005024.png,PNG,guidedDiffusion,guideddiffusion,train,1,PixDiff,train_v3_additions/aigi/cf_train_v3_pixdiff_aigi_cc820cf7f52a8fd1_005024.png.png,complete
cf_train_v3_pixdiff_aigi_ccbc18c451a5238d,pixdiff_aigi,data/HFCF_small_83.parquet,0,1089,008900.png,PNG,DeepFloyd,deepfloyd,train,1,PixDiff,train_v3_additions/aigi/cf_train_v3_pixdiff_aigi_ccbc18c451a5238d_008900.png.png,complete
cf_train_v3_pixdiff_aigi_ccc7ac07a81e9738,pixdiff_aigi,data/HFCF_small_82.parquet,0,1642,041749.png,PNG,glide,glide,train,1,PixDiff,train_v3_additions/aigi/cf_train_v3_pixdiff_aigi_ccc7ac07a81e9738_041749.png.png,complete
cf_train_v3_pixdiff_aigi_ccc84dd6ce88bf84,pixdiff_aigi,data/HFCF_small_82.parquet,0,2485,047097.png,PNG,glide,glide,train,1,PixDiff,train_v3_additions/aigi/cf_train_v3_pixdiff_aigi_ccc84dd6ce88bf84_047097.png.png,complete
cf_train_v3_pixdiff_aigi_ccca095867ca3846,pixdiff_aigi,data/HFCF_small_67.parquet,0,2111,003129.png,PNG,guidedDiffusion,guideddiffusion,train,1,PixDiff,train_v3_additions/aigi/cf_train_v3_pixdiff_aigi_ccca095867ca3846_003129.png.png,complete
cf_train_v3_pixdiff_aigi_cd504e57070100df,pixdiff_aigi,data/HFCF_small_82.parquet,0,744,010542.png,PNG,glide,glide,train,1,PixDiff,train_v3_additions/aigi/cf_train_v3_pixdiff_aigi_cd504e57070100df_010542.png.png,complete
cf_train_v3_pixdiff_aigi_ce35a60b1edbe5cd,pixdiff_aigi,data/HFCF_small_83.parquet,0,1860,002170.png,PNG,DeepFloyd,deepfloyd,train,1,PixDiff,train_v3_additions/aigi/cf_train_v3_pixdiff_aigi_ce35a60b1edbe5cd_002170.png.png,complete
cf_train_v3_pixdiff_aigi_ce4d53acad193923,pixdiff_aigi,data/HFCF_small_67.parquet,0,1619,002010.png,PNG,guidedDiffusion,guideddiffusion,train,1,PixDiff,train_v3_additions/aigi/cf_train_v3_pixdiff_aigi_ce4d53acad193923_002010.png.png,complete
cf_train_v3_pixdiff_aigi_ce59704fe2a61079,pixdiff_aigi,data/HFCF_small_82.parquet,0,82,010554.png,PNG,glide,glide,train,1,PixDiff,train_v3_additions/aigi/cf_train_v3_pixdiff_aigi_ce59704fe2a61079_010554.png.png,complete
cf_train_v3_pixdiff_aigi_ce87eb9305c2023b,pixdiff_aigi,data/HFCF_small_67.parquet,0,1498,007020.png,PNG,guidedDiffusion,guideddiffusion,train,1,PixDiff,train_v3_additions/aigi/cf_train_v3_pixdiff_aigi_ce87eb9305c2023b_007020.png.png,complete
cf_train_v3_pixdiff_aigi_cedc3a41258932fe,pixdiff_aigi,data/HFCF_small_83.parquet,0,1771,006900.png,PNG,DeepFloyd,deepfloyd,train,1,PixDiff,train_v3_additions/aigi/cf_train_v3_pixdiff_aigi_cedc3a41258932fe_006900.png.png,complete
cf_train_v3_pixdiff_aigi_cf0590daa0cfe647,pixdiff_aigi,data/HFCF_small_82.parquet,0,1418,009143.png,PNG,glide,glide,train,1,PixDiff,train_v3_additions/aigi/cf_train_v3_pixdiff_aigi_cf0590daa0cfe647_009143.png.png,complete
cf_train_v3_pixdiff_aigi_cf2ecdcd279687ee,pixdiff_aigi,data/HFCF_small_82.parquet,0,1014,016419.png,PNG,glide,glide,train,1,PixDiff,train_v3_additions/aigi/cf_train_v3_pixdiff_aigi_cf2ecdcd279687ee_016419.png.png,complete
cf_train_v3_pixdiff_aigi_cf576afd19dad1f6,pixdiff_aigi,data/HFCF_small_82.parquet,0,2110,032784.png,PNG,glide,glide,train,1,PixDiff,train_v3_additions/aigi/cf_train_v3_pixdiff_aigi_cf576afd19dad1f6_032784.png.png,complete
cf_train_v3_pixdiff_aigi_cf7dea69654a8680,pixdiff_aigi,data/HFCF_small_82.parquet,0,560,043740.png,PNG,glide,glide,train,1,PixDiff,train_v3_additions/aigi/cf_train_v3_pixdiff_aigi_cf7dea69654a8680_043740.png.png,complete
cf_train_v3_pixdiff_aigi_cf99da6d36b3fa6e,pixdiff_aigi,data/HFCF_small_83.parquet,0,1135,001755.png,PNG,DeepFloyd,deepfloyd,train,1,PixDiff,train_v3_additions/aigi/cf_train_v3_pixdiff_aigi_cf99da6d36b3fa6e_001755.png.png,complete
cf_train_v3_pixdiff_aigi_cfbb96f241c130c2,pixdiff_aigi,data/HFCF_small_83.parquet,0,1384,000549.png,PNG,DeepFloyd,deepfloyd,train,1,PixDiff,train_v3_additions/aigi/cf_train_v3_pixdiff_aigi_cfbb96f241c130c2_000549.png.png,complete
cf_train_v3_pixdiff_aigi_cff4d7c7b793faf4,pixdiff_aigi,data/HFCF_small_82.parquet,0,1687,040545.png,PNG,glide,glide,train,1,PixDiff,train_v3_additions/aigi/cf_train_v3_pixdiff_aigi_cff4d7c7b793faf4_040545.png.png,complete
cf_train_v3_pixdiff_aigi_d0a2a9377100715d,pixdiff_aigi,data/HFCF_small_82.parquet,0,144,022292.png,PNG,glide,glide,train,1,PixDiff,train_v3_additions/aigi/cf_train_v3_pixdiff_aigi_d0a2a9377100715d_022292.png.png,complete
cf_train_v3_pixdiff_aigi_d0eb6bd7519fc4b8,pixdiff_aigi,data/HFCF_small_82.parquet,0,1041,046864.png,PNG,glide,glide,train,1,PixDiff,train_v3_additions/aigi/cf_train_v3_pixdiff_aigi_d0eb6bd7519fc4b8_046864.png.png,complete
cf_train_v3_pixdiff_aigi_d0fd6b8892605286,pixdiff_aigi,data/HFCF_small_82.parquet,0,2205,009900.png,PNG,glide,glide,train,1,PixDiff,train_v3_additions/aigi/cf_train_v3_pixdiff_aigi_d0fd6b8892605286_009900.png.png,complete
cf_train_v3_pixdiff_aigi_d14bebee9effe4b0,pixdiff_aigi,data/HFCF_small_82.parquet,0,2715,009581.png,PNG,glide,glide,train,1,PixDiff,train_v3_additions/aigi/cf_train_v3_pixdiff_aigi_d14bebee9effe4b0_009581.png.png,complete
cf_train_v3_pixdiff_aigi_d168ea5d2e35b8cc,pixdiff_aigi,data/HFCF_small_83.parquet,0,1205,001896.png,PNG,DeepFloyd,deepfloyd,train,1,PixDiff,train_v3_additions/aigi/cf_train_v3_pixdiff_aigi_d168ea5d2e35b8cc_001896.png.png,complete
cf_train_v3_pixdiff_aigi_d1c2607ff3a3f464,pixdiff_aigi,data/HFCF_small_82.parquet,0,1618,043594.png,PNG,glide,glide,train,1,PixDiff,train_v3_additions/aigi/cf_train_v3_pixdiff_aigi_d1c2607ff3a3f464_043594.png.png,complete
cf_train_v3_pixdiff_aigi_d1ca4e43ff896245,pixdiff_aigi,data/HFCF_small_83.parquet,0,1873,006977.png,PNG,DeepFloyd,deepfloyd,train,1,PixDiff,train_v3_additions/aigi/cf_train_v3_pixdiff_aigi_d1ca4e43ff896245_006977.png.png,complete
cf_train_v3_pixdiff_aigi_d25257e432914e69,pixdiff_aigi,data/HFCF_small_83.parquet,0,1970,004797.png,PNG,DeepFloyd,deepfloyd,train,1,PixDiff,train_v3_additions/aigi/cf_train_v3_pixdiff_aigi_d25257e432914e69_004797.png.png,complete
cf_train_v3_pixdiff_aigi_d2694b46ac90ccae,pixdiff_aigi,data/HFCF_small_83.parquet,0,1768,009080.png,PNG,DeepFloyd,deepfloyd,train,1,PixDiff,train_v3_additions/aigi/cf_train_v3_pixdiff_aigi_d2694b46ac90ccae_009080.png.png,complete
cf_train_v3_pixdiff_aigi_d275618b840b5498,pixdiff_aigi,data/HFCF_small_82.parquet,0,303,022849.png,PNG,glide,glide,train,1,PixDiff,train_v3_additions/aigi/cf_train_v3_pixdiff_aigi_d275618b840b5498_022849.png.png,complete
cf_train_v3_pixdiff_aigi_d2b7c9a774313193,pixdiff_aigi,data/HFCF_small_82.parquet,0,245,036118.png,PNG,glide,glide,train,1,PixDiff,train_v3_additions/aigi/cf_train_v3_pixdiff_aigi_d2b7c9a774313193_036118.png.png,complete
cf_train_v3_pixdiff_aigi_d309356be0ace82e,pixdiff_aigi,data/HFCF_small_83.parquet,0,1289,008792.png,PNG,DeepFloyd,deepfloyd,train,1,PixDiff,train_v3_additions/aigi/cf_train_v3_pixdiff_aigi_d309356be0ace82e_008792.png.png,complete
cf_train_v3_pixdiff_aigi_d35476cdc04faed4,pixdiff_aigi,data/HFCF_small_67.parquet,0,1741,005072.png,PNG,guidedDiffusion,guideddiffusion,train,1,PixDiff,train_v3_additions/aigi/cf_train_v3_pixdiff_aigi_d35476cdc04faed4_005072.png.png,complete
cf_train_v3_pixdiff_aigi_d43b48f54168c8cb,pixdiff_aigi,data/HFCF_small_83.parquet,0,1830,007421.png,PNG,DeepFloyd,deepfloyd,train,1,PixDiff,train_v3_additions/aigi/cf_train_v3_pixdiff_aigi_d43b48f54168c8cb_007421.png.png,complete
cf_train_v3_pixdiff_aigi_d44e58495d9be629,pixdiff_aigi,data/HFCF_small_82.parquet,0,2555,003722.png,PNG,glide,glide,train,1,PixDiff,train_v3_additions/aigi/cf_train_v3_pixdiff_aigi_d44e58495d9be629_003722.png.png,complete
cf_train_v3_pixdiff_aigi_d618dd2518537f83,pixdiff_aigi,data/HFCF_small_83.parquet,0,1960,005173.png,PNG,DeepFloyd,deepfloyd,train,1,PixDiff,train_v3_additions/aigi/cf_train_v3_pixdiff_aigi_d618dd2518537f83_005173.png.png,complete
cf_train_v3_pixdiff_aigi_d66e8f7c99454ccb,pixdiff_aigi,data/HFCF_small_67.parquet,0,1509,009163.png,PNG,guidedDiffusion,guideddiffusion,train,1,PixDiff,train_v3_additions/aigi/cf_train_v3_pixdiff_aigi_d66e8f7c99454ccb_009163.png.png,complete
cf_train_v3_pixdiff_aigi_d7478576536cb1fe,pixdiff_aigi,data/HFCF_small_67.parquet,0,1447,008755.png,PNG,guidedDiffusion,guideddiffusion,train,1,PixDiff,train_v3_additions/aigi/cf_train_v3_pixdiff_aigi_d7478576536cb1fe_008755.png.png,complete
cf_train_v3_pixdiff_aigi_d77ce4b452a65197,pixdiff_aigi,data/HFCF_small_67.parquet,0,1932,008653.png,PNG,guidedDiffusion,guideddiffusion,train,1,PixDiff,train_v3_additions/aigi/cf_train_v3_pixdiff_aigi_d77ce4b452a65197_008653.png.png,complete
cf_train_v3_pixdiff_aigi_d7cb6b3a92223db8,pixdiff_aigi,data/HFCF_small_83.parquet,0,2077,003088.png,PNG,DeepFloyd,deepfloyd,train,1,PixDiff,train_v3_additions/aigi/cf_train_v3_pixdiff_aigi_d7cb6b3a92223db8_003088.png.png,complete
cf_train_v3_pixdiff_aigi_d7d9792bb2dfd6c4,pixdiff_aigi,data/HFCF_small_67.parquet,0,1139,001487.png,PNG,guidedDiffusion,guideddiffusion,train,1,PixDiff,train_v3_additions/aigi/cf_train_v3_pixdiff_aigi_d7d9792bb2dfd6c4_001487.png.png,complete
cf_train_v3_pixdiff_aigi_d7db026d4408e261,pixdiff_aigi,data/HFCF_small_83.parquet,0,1819,007131.png,PNG,DeepFloyd,deepfloyd,train,1,PixDiff,train_v3_additions/aigi/cf_train_v3_pixdiff_aigi_d7db026d4408e261_007131.png.png,complete
cf_train_v3_pixdiff_aigi_d834435f10aecd5a,pixdiff_aigi,data/HFCF_small_83.parquet,0,1671,001935.png,PNG,DeepFloyd,deepfloyd,train,1,PixDiff,train_v3_additions/aigi/cf_train_v3_pixdiff_aigi_d834435f10aecd5a_001935.png.png,complete
cf_train_v3_pixdiff_aigi_d83fc14c011eea73,pixdiff_aigi,data/HFCF_small_83.parquet,0,1180,001975.png,PNG,DeepFloyd,deepfloyd,train,1,PixDiff,train_v3_additions/aigi/cf_train_v3_pixdiff_aigi_d83fc14c011eea73_001975.png.png,complete
cf_train_v3_pixdiff_aigi_d859fbc55445704e,pixdiff_aigi,data/HFCF_small_67.parquet,0,1475,009785.png,PNG,guidedDiffusion,guideddiffusion,train,1,PixDiff,train_v3_additions/aigi/cf_train_v3_pixdiff_aigi_d859fbc55445704e_009785.png.png,complete
cf_train_v3_pixdiff_aigi_d85d6b2c06da4371,pixdiff_aigi,data/HFCF_small_67.parquet,0,1830,007447.png,PNG,guidedDiffusion,guideddiffusion,train,1,PixDiff,train_v3_additions/aigi/cf_train_v3_pixdiff_aigi_d85d6b2c06da4371_007447.png.png,complete
cf_train_v3_pixdiff_aigi_d8abe61ed6c01f96,pixdiff_aigi,data/HFCF_small_83.parquet,0,1750,008878.png,PNG,DeepFloyd,deepfloyd,train,1,PixDiff,train_v3_additions/aigi/cf_train_v3_pixdiff_aigi_d8abe61ed6c01f96_008878.png.png,complete
cf_train_v3_pixdiff_aigi_d8b77c0521e41749,pixdiff_aigi,data/HFCF_small_82.parquet,0,1653,049411.png,PNG,glide,glide,train,1,PixDiff,train_v3_additions/aigi/cf_train_v3_pixdiff_aigi_d8b77c0521e41749_049411.png.png,complete
cf_train_v3_pixdiff_aigi_d90b1a63534cfb7e,pixdiff_aigi,data/HFCF_small_67.parquet,0,1798,007132.png,PNG,guidedDiffusion,guideddiffusion,train,1,PixDiff,train_v3_additions/aigi/cf_train_v3_pixdiff_aigi_d90b1a63534cfb7e_007132.png.png,complete
cf_train_v3_pixdiff_aigi_d962d7e546870478,pixdiff_aigi,data/HFCF_small_82.parquet,0,1698,047131.png,PNG,glide,glide,train,1,PixDiff,train_v3_additions/aigi/cf_train_v3_pixdiff_aigi_d962d7e546870478_047131.png.png,complete
cf_train_v3_pixdiff_aigi_d96d9d379a64e877,pixdiff_aigi,data/HFCF_small_67.parquet,0,1441,008815.png,PNG,guidedDiffusion,guideddiffusion,train,1,PixDiff,train_v3_additions/aigi/cf_train_v3_pixdiff_aigi_d96d9d379a64e877_008815.png.png,complete
cf_train_v3_pixdiff_aigi_d9944fb6daa66cd7,pixdiff_aigi,data/HFCF_small_82.parquet,0,2487,021825.png,PNG,glide,glide,train,1,PixDiff,train_v3_additions/aigi/cf_train_v3_pixdiff_aigi_d9944fb6daa66cd7_021825.png.png,complete
cf_train_v3_pixdiff_aigi_d9a3415842d897b8,pixdiff_aigi,data/HFCF_small_82.parquet,0,1066,043790.png,PNG,glide,glide,train,1,PixDiff,train_v3_additions/aigi/cf_train_v3_pixdiff_aigi_d9a3415842d897b8_043790.png.png,complete
cf_train_v3_pixdiff_aigi_d9f135a795b96fc2,pixdiff_aigi,data/HFCF_small_67.parquet,0,1734,002175.png,PNG,guidedDiffusion,guideddiffusion,train,1,PixDiff,train_v3_additions/aigi/cf_train_v3_pixdiff_aigi_d9f135a795b96fc2_002175.png.png,complete
cf_train_v3_pixdiff_aigi_d9fb78ecb16a5faa,pixdiff_aigi,data/HFCF_small_82.parquet,0,2175,035197.png,PNG,glide,glide,train,1,PixDiff,train_v3_additions/aigi/cf_train_v3_pixdiff_aigi_d9fb78ecb16a5faa_035197.png.png,complete
cf_train_v3_pixdiff_aigi_da541b6dc3774e10,pixdiff_aigi,data/HFCF_small_83.parquet,0,1204,004308.png,PNG,DeepFloyd,deepfloyd,train,1,PixDiff,train_v3_additions/aigi/cf_train_v3_pixdiff_aigi_da541b6dc3774e10_004308.png.png,complete
cf_train_v3_pixdiff_aigi_da6c606c9d570c0f,pixdiff_aigi,data/HFCF_small_82.parquet,0,542,019458.png,PNG,glide,glide,train,1,PixDiff,train_v3_additions/aigi/cf_train_v3_pixdiff_aigi_da6c606c9d570c0f_019458.png.png,complete
cf_train_v3_pixdiff_aigi_da856e82b8ed40b7,pixdiff_aigi,data/HFCF_small_82.parquet,0,1877,036939.png,PNG,glide,glide,train,1,PixDiff,train_v3_additions/aigi/cf_train_v3_pixdiff_aigi_da856e82b8ed40b7_036939.png.png,complete
cf_train_v3_pixdiff_aigi_dabbdf0059b6f9c0,pixdiff_aigi,data/HFCF_small_83.parquet,0,1291,006511.png,PNG,DeepFloyd,deepfloyd,train,1,PixDiff,train_v3_additions/aigi/cf_train_v3_pixdiff_aigi_dabbdf0059b6f9c0_006511.png.png,complete
cf_train_v3_pixdiff_aigi_db142ff822d90a7c,pixdiff_aigi,data/HFCF_small_82.parquet,0,684,032239.png,PNG,glide,glide,train,1,PixDiff,train_v3_additions/aigi/cf_train_v3_pixdiff_aigi_db142ff822d90a7c_032239.png.png,complete
cf_train_v3_pixdiff_aigi_db3cbf938ac1c231,pixdiff_aigi,data/HFCF_small_82.parquet,0,795,013737.png,PNG,glide,glide,train,1,PixDiff,train_v3_additions/aigi/cf_train_v3_pixdiff_aigi_db3cbf938ac1c231_013737.png.png,complete
cf_train_v3_pixdiff_aigi_db895c0f11ed087c,pixdiff_aigi,data/HFCF_small_83.parquet,0,1883,004965.png,PNG,DeepFloyd,deepfloyd,train,1,PixDiff,train_v3_additions/aigi/cf_train_v3_pixdiff_aigi_db895c0f11ed087c_004965.png.png,complete
cf_train_v3_pixdiff_aigi_db8e638d5fb0fc78,pixdiff_aigi,data/HFCF_small_67.parquet,0,1385,007851.png,PNG,guidedDiffusion,guideddiffusion,train,1,PixDiff,train_v3_additions/aigi/cf_train_v3_pixdiff_aigi_db8e638d5fb0fc78_007851.png.png,complete
cf_train_v3_pixdiff_aigi_dbb2dae2950edcbb,pixdiff_aigi,data/HFCF_small_82.parquet,0,2905,025580.png,PNG,glide,glide,train,1,PixDiff,train_v3_additions/aigi/cf_train_v3_pixdiff_aigi_dbb2dae2950edcbb_025580.png.png,complete
cf_train_v3_pixdiff_aigi_dbdb80e01df88f25,pixdiff_aigi,data/HFCF_small_67.parquet,0,1103,009639.png,PNG,guidedDiffusion,guideddiffusion,train,1,PixDiff,train_v3_additions/aigi/cf_train_v3_pixdiff_aigi_dbdb80e01df88f25_009639.png.png,complete
cf_train_v3_pixdiff_aigi_dc023cfd995bbc36,pixdiff_aigi,data/HFCF_small_83.parquet,0,1536,000738.png,PNG,DeepFloyd,deepfloyd,train,1,PixDiff,train_v3_additions/aigi/cf_train_v3_pixdiff_aigi_dc023cfd995bbc36_000738.png.png,complete
cf_train_v3_pixdiff_aigi_dc29432c081b2523,pixdiff_aigi,data/HFCF_small_83.parquet,0,2072,001823.png,PNG,DeepFloyd,deepfloyd,train,1,PixDiff,train_v3_additions/aigi/cf_train_v3_pixdiff_aigi_dc29432c081b2523_001823.png.png,complete
cf_train_v3_pixdiff_aigi_dc2c3fa38959495d,pixdiff_aigi,data/HFCF_small_82.parquet,0,2286,029123.png,PNG,glide,glide,train,1,PixDiff,train_v3_additions/aigi/cf_train_v3_pixdiff_aigi_dc2c3fa38959495d_029123.png.png,complete
cf_train_v3_pixdiff_aigi_dc2f2ebd914a211d,pixdiff_aigi,data/HFCF_small_82.parquet,0,2241,016016.png,PNG,glide,glide,train,1,PixDiff,train_v3_additions/aigi/cf_train_v3_pixdiff_aigi_dc2f2ebd914a211d_016016.png.png,complete
cf_train_v3_pixdiff_aigi_dc4df0791bc3e0f8,pixdiff_aigi,data/HFCF_small_67.parquet,0,1675,007147.png,PNG,guidedDiffusion,guideddiffusion,train,1,PixDiff,train_v3_additions/aigi/cf_train_v3_pixdiff_aigi_dc4df0791bc3e0f8_007147.png.png,complete
cf_train_v3_pixdiff_aigi_dd86eab910bd4e37,pixdiff_aigi,data/HFCF_small_82.parquet,0,1477,021955.png,PNG,glide,glide,train,1,PixDiff,train_v3_additions/aigi/cf_train_v3_pixdiff_aigi_dd86eab910bd4e37_021955.png.png,complete
cf_train_v3_pixdiff_aigi_ddb72fc9eb319400,pixdiff_aigi,data/HFCF_small_67.parquet,0,1997,005033.png,PNG,guidedDiffusion,guideddiffusion,train,1,PixDiff,train_v3_additions/aigi/cf_train_v3_pixdiff_aigi_ddb72fc9eb319400_005033.png.png,complete
cf_train_v3_pixdiff_aigi_de006eb71ee8258a,pixdiff_aigi,data/HFCF_small_82.parquet,0,1795,038047.png,PNG,glide,glide,train,1,PixDiff,train_v3_additions/aigi/cf_train_v3_pixdiff_aigi_de006eb71ee8258a_038047.png.png,complete
cf_train_v3_pixdiff_aigi_de1658219a8f3dfd,pixdiff_aigi,data/HFCF_small_67.parquet,0,1097,002636.png,PNG,guidedDiffusion,guideddiffusion,train,1,PixDiff,train_v3_additions/aigi/cf_train_v3_pixdiff_aigi_de1658219a8f3dfd_002636.png.png,complete
cf_train_v3_pixdiff_aigi_de306b9b1d931aa4,pixdiff_aigi,data/HFCF_small_67.parquet,0,1662,006737.png,PNG,guidedDiffusion,guideddiffusion,train,1,PixDiff,train_v3_additions/aigi/cf_train_v3_pixdiff_aigi_de306b9b1d931aa4_006737.png.png,complete
cf_train_v3_pixdiff_aigi_de4f6bfd1aaed47b,pixdiff_aigi,data/HFCF_small_67.parquet,0,1563,008635.png,PNG,guidedDiffusion,guideddiffusion,train,1,PixDiff,train_v3_additions/aigi/cf_train_v3_pixdiff_aigi_de4f6bfd1aaed47b_008635.png.png,complete
cf_train_v3_pixdiff_aigi_de8aa184b6b02461,pixdiff_aigi,data/HFCF_small_82.parquet,0,1152,049241.png,PNG,glide,glide,train,1,PixDiff,train_v3_additions/aigi/cf_train_v3_pixdiff_aigi_de8aa184b6b02461_049241.png.png,complete
cf_train_v3_pixdiff_aigi_df1d17529d9f8d5a,pixdiff_aigi,data/HFCF_small_82.parquet,0,2697,037321.png,PNG,glide,glide,train,1,PixDiff,train_v3_additions/aigi/cf_train_v3_pixdiff_aigi_df1d17529d9f8d5a_037321.png.png,complete
cf_train_v3_pixdiff_aigi_e09c8270e118d97e,pixdiff_aigi,data/HFCF_small_82.parquet,0,815,049387.png,PNG,glide,glide,train,1,PixDiff,train_v3_additions/aigi/cf_train_v3_pixdiff_aigi_e09c8270e118d97e_049387.png.png,complete
cf_train_v3_pixdiff_aigi_e10f91166271b578,pixdiff_aigi,data/HFCF_small_82.parquet,0,2218,041509.png,PNG,glide,glide,train,1,PixDiff,train_v3_additions/aigi/cf_train_v3_pixdiff_aigi_e10f91166271b578_041509.png.png,complete
cf_train_v3_pixdiff_aigi_e13c31ab8524c3e9,pixdiff_aigi,data/HFCF_small_67.parquet,0,1646,003351.png,PNG,guidedDiffusion,guideddiffusion,train,1,PixDiff,train_v3_additions/aigi/cf_train_v3_pixdiff_aigi_e13c31ab8524c3e9_003351.png.png,complete
cf_train_v3_pixdiff_aigi_e174861a1f76e2b2,pixdiff_aigi,data/HFCF_small_82.parquet,0,1413,031898.png,PNG,glide,glide,train,1,PixDiff,train_v3_additions/aigi/cf_train_v3_pixdiff_aigi_e174861a1f76e2b2_031898.png.png,complete
cf_train_v3_pixdiff_aigi_e1abf37b490a194f,pixdiff_aigi,data/HFCF_small_82.parquet,0,1862,034597.png,PNG,glide,glide,train,1,PixDiff,train_v3_additions/aigi/cf_train_v3_pixdiff_aigi_e1abf37b490a194f_034597.png.png,complete
cf_train_v3_pixdiff_aigi_e1c495f024e37be8,pixdiff_aigi,data/HFCF_small_82.parquet,0,532,033695.png,PNG,glide,glide,train,1,PixDiff,train_v3_additions/aigi/cf_train_v3_pixdiff_aigi_e1c495f024e37be8_033695.png.png,complete
cf_train_v3_pixdiff_aigi_e246078f17a87e86,pixdiff_aigi,data/HFCF_small_82.parquet,0,963,017679.png,PNG,glide,glide,train,1,PixDiff,train_v3_additions/aigi/cf_train_v3_pixdiff_aigi_e246078f17a87e86_017679.png.png,complete
cf_train_v3_pixdiff_aigi_e2a03278216a7bb2,pixdiff_aigi,data/HFCF_small_67.parquet,0,1633,006581.png,PNG,guidedDiffusion,guideddiffusion,train,1,PixDiff,train_v3_additions/aigi/cf_train_v3_pixdiff_aigi_e2a03278216a7bb2_006581.png.png,complete
cf_train_v3_pixdiff_aigi_e321b0538feeea78,pixdiff_aigi,data/HFCF_small_67.parquet,0,1605,007601.png,PNG,guidedDiffusion,guideddiffusion,train,1,PixDiff,train_v3_additions/aigi/cf_train_v3_pixdiff_aigi_e321b0538feeea78_007601.png.png,complete
cf_train_v3_pixdiff_aigi_e352c4744061ebe7,pixdiff_aigi,data/HFCF_small_83.parquet,0,1344,000948.png,PNG,DeepFloyd,deepfloyd,train,1,PixDiff,train_v3_additions/aigi/cf_train_v3_pixdiff_aigi_e352c4744061ebe7_000948.png.png,complete
cf_train_v3_pixdiff_aigi_e3b1361f4cc90179,pixdiff_aigi,data/HFCF_small_83.parquet,0,1694,005441.png,PNG,DeepFloyd,deepfloyd,train,1,PixDiff,train_v3_additions/aigi/cf_train_v3_pixdiff_aigi_e3b1361f4cc90179_005441.png.png,complete
cf_train_v3_pixdiff_aigi_e3df7cef12a52d8b,pixdiff_aigi,data/HFCF_small_82.parquet,0,680,030276.png,PNG,glide,glide,train,1,PixDiff,train_v3_additions/aigi/cf_train_v3_pixdiff_aigi_e3df7cef12a52d8b_030276.png.png,complete
cf_train_v3_pixdiff_aigi_e48a71cb1ed32afc,pixdiff_aigi,data/HFCF_small_82.parquet,0,2729,011845.png,PNG,glide,glide,train,1,PixDiff,train_v3_additions/aigi/cf_train_v3_pixdiff_aigi_e48a71cb1ed32afc_011845.png.png,complete
cf_train_v3_pixdiff_aigi_e48adf3b1ce946f7,pixdiff_aigi,data/HFCF_small_83.parquet,0,1929,001412.png,PNG,DeepFloyd,deepfloyd,train,1,PixDiff,train_v3_additions/aigi/cf_train_v3_pixdiff_aigi_e48adf3b1ce946f7_001412.png.png,complete
cf_train_v3_pixdiff_aigi_e4cbcab3c8376e3b,pixdiff_aigi,data/HFCF_small_83.parquet,0,1451,008301.png,PNG,DeepFloyd,deepfloyd,train,1,PixDiff,train_v3_additions/aigi/cf_train_v3_pixdiff_aigi_e4cbcab3c8376e3b_008301.png.png,complete
cf_train_v3_pixdiff_aigi_e57fa8846455e27b,pixdiff_aigi,data/HFCF_small_82.parquet,0,1440,000399.png,PNG,glide,glide,train,1,PixDiff,train_v3_additions/aigi/cf_train_v3_pixdiff_aigi_e57fa8846455e27b_000399.png.png,complete
cf_train_v3_pixdiff_aigi_e642b155633aa184,pixdiff_aigi,data/HFCF_small_83.parquet,0,1388,009643.png,PNG,DeepFloyd,deepfloyd,train,1,PixDiff,train_v3_additions/aigi/cf_train_v3_pixdiff_aigi_e642b155633aa184_009643.png.png,complete
cf_train_v3_pixdiff_aigi_e69519d8620bbf38,pixdiff_aigi,data/HFCF_small_83.parquet,0,1146,005786.png,PNG,DeepFloyd,deepfloyd,train,1,PixDiff,train_v3_additions/aigi/cf_train_v3_pixdiff_aigi_e69519d8620bbf38_005786.png.png,complete
cf_train_v3_pixdiff_aigi_e69aaeaa1f524711,pixdiff_aigi,data/HFCF_small_82.parquet,0,957,006124.png,PNG,glide,glide,train,1,PixDiff,train_v3_additions/aigi/cf_train_v3_pixdiff_aigi_e69aaeaa1f524711_006124.png.png,complete
cf_train_v3_pixdiff_aigi_e6c396236148f607,pixdiff_aigi,data/HFCF_small_83.parquet,0,1412,000634.png,PNG,DeepFloyd,deepfloyd,train,1,PixDiff,train_v3_additions/aigi/cf_train_v3_pixdiff_aigi_e6c396236148f607_000634.png.png,complete
cf_train_v3_pixdiff_aigi_e6d009f43b7b025b,pixdiff_aigi,data/HFCF_small_67.parquet,0,1598,003245.png,PNG,guidedDiffusion,guideddiffusion,train,1,PixDiff,train_v3_additions/aigi/cf_train_v3_pixdiff_aigi_e6d009f43b7b025b_003245.png.png,complete
cf_train_v3_pixdiff_aigi_e71c5f791fb8d1ee,pixdiff_aigi,data/HFCF_small_67.parquet,0,1155,007976.png,PNG,guidedDiffusion,guideddiffusion,train,1,PixDiff,train_v3_additions/aigi/cf_train_v3_pixdiff_aigi_e71c5f791fb8d1ee_007976.png.png,complete
cf_train_v3_pixdiff_aigi_e72710ce05d3de60,pixdiff_aigi,data/HFCF_small_67.parquet,0,1800,001470.png,PNG,guidedDiffusion,guideddiffusion,train,1,PixDiff,train_v3_additions/aigi/cf_train_v3_pixdiff_aigi_e72710ce05d3de60_001470.png.png,complete
cf_train_v3_pixdiff_aigi_e7673c2e5d65e9c5,pixdiff_aigi,data/HFCF_small_82.parquet,0,2166,035914.png,PNG,glide,glide,train,1,PixDiff,train_v3_additions/aigi/cf_train_v3_pixdiff_aigi_e7673c2e5d65e9c5_035914.png.png,complete
cf_train_v3_pixdiff_aigi_e80d3e159e3e9cba,pixdiff_aigi,data/HFCF_small_67.parquet,0,1691,001598.png,PNG,guidedDiffusion,guideddiffusion,train,1,PixDiff,train_v3_additions/aigi/cf_train_v3_pixdiff_aigi_e80d3e159e3e9cba_001598.png.png,complete
cf_train_v3_pixdiff_aigi_e818214b62e0320a,pixdiff_aigi,data/HFCF_small_82.parquet,0,54,040748.png,PNG,glide,glide,train,1,PixDiff,train_v3_additions/aigi/cf_train_v3_pixdiff_aigi_e818214b62e0320a_040748.png.png,complete
cf_train_v3_pixdiff_aigi_e8717156119237f0,pixdiff_aigi,data/HFCF_small_82.parquet,0,2006,026550.png,PNG,glide,glide,train,1,PixDiff,train_v3_additions/aigi/cf_train_v3_pixdiff_aigi_e8717156119237f0_026550.png.png,complete
cf_train_v3_pixdiff_aigi_e8a75682a73f9d24,pixdiff_aigi,data/HFCF_small_82.parquet,0,213,047358.png,PNG,glide,glide,train,1,PixDiff,train_v3_additions/aigi/cf_train_v3_pixdiff_aigi_e8a75682a73f9d24_047358.png.png,complete
cf_train_v3_pixdiff_aigi_e8c741af0298dd0b,pixdiff_aigi,data/HFCF_small_83.parquet,0,1378,007851.png,PNG,DeepFloyd,deepfloyd,train,1,PixDiff,train_v3_additions/aigi/cf_train_v3_pixdiff_aigi_e8c741af0298dd0b_007851.png.png,complete
cf_train_v3_pixdiff_aigi_e911098ed8100c56,pixdiff_aigi,data/HFCF_small_67.parquet,0,1627,003708.png,PNG,guidedDiffusion,guideddiffusion,train,1,PixDiff,train_v3_additions/aigi/cf_train_v3_pixdiff_aigi_e911098ed8100c56_003708.png.png,complete
cf_train_v3_pixdiff_aigi_e9346f18311a6274,pixdiff_aigi,data/HFCF_small_67.parquet,0,1185,003664.png,PNG,guidedDiffusion,guideddiffusion,train,1,PixDiff,train_v3_additions/aigi/cf_train_v3_pixdiff_aigi_e9346f18311a6274_003664.png.png,complete
cf_train_v3_pixdiff_aigi_e9623537a95ba816,pixdiff_aigi,data/HFCF_small_83.parquet,0,1276,006993.png,PNG,DeepFloyd,deepfloyd,train,1,PixDiff,train_v3_additions/aigi/cf_train_v3_pixdiff_aigi_e9623537a95ba816_006993.png.png,complete
cf_train_v3_pixdiff_aigi_e99281917340bcb3,pixdiff_aigi,data/HFCF_small_67.parquet,0,1596,002810.png,PNG,guidedDiffusion,guideddiffusion,train,1,PixDiff,train_v3_additions/aigi/cf_train_v3_pixdiff_aigi_e99281917340bcb3_002810.png.png,complete
cf_train_v3_pixdiff_aigi_e9a07e22c1b9189c,pixdiff_aigi,data/HFCF_small_67.parquet,0,1774,006874.png,PNG,guidedDiffusion,guideddiffusion,train,1,PixDiff,train_v3_additions/aigi/cf_train_v3_pixdiff_aigi_e9a07e22c1b9189c_006874.png.png,complete
cf_train_v3_pixdiff_aigi_e9b04f1cf16ada25,pixdiff_aigi,data/HFCF_small_67.parquet,0,1615,007689.png,PNG,guidedDiffusion,guideddiffusion,train,1,PixDiff,train_v3_additions/aigi/cf_train_v3_pixdiff_aigi_e9b04f1cf16ada25_007689.png.png,complete
cf_train_v3_pixdiff_aigi_e9caac249e5f23b5,pixdiff_aigi,data/HFCF_small_83.parquet,0,1901,009484.png,PNG,DeepFloyd,deepfloyd,train,1,PixDiff,train_v3_additions/aigi/cf_train_v3_pixdiff_aigi_e9caac249e5f23b5_009484.png.png,complete
cf_train_v3_pixdiff_aigi_ea07920b3c1ad5ce,pixdiff_aigi,data/HFCF_small_67.parquet,0,1582,006927.png,PNG,guidedDiffusion,guideddiffusion,train,1,PixDiff,train_v3_additions/aigi/cf_train_v3_pixdiff_aigi_ea07920b3c1ad5ce_006927.png.png,complete
cf_train_v3_pixdiff_aigi_ea54054966c6e2ec,pixdiff_aigi,data/HFCF_small_67.parquet,0,1685,003538.png,PNG,guidedDiffusion,guideddiffusion,train,1,PixDiff,train_v3_additions/aigi/cf_train_v3_pixdiff_aigi_ea54054966c6e2ec_003538.png.png,complete
cf_train_v3_pixdiff_aigi_ea7fe463e644e722,pixdiff_aigi,data/HFCF_small_83.parquet,0,1623,005919.png,PNG,DeepFloyd,deepfloyd,train,1,PixDiff,train_v3_additions/aigi/cf_train_v3_pixdiff_aigi_ea7fe463e644e722_005919.png.png,complete
cf_train_v3_pixdiff_aigi_ea986b696e4931f1,pixdiff_aigi,data/HFCF_small_67.parquet,0,1372,006846.png,PNG,guidedDiffusion,guideddiffusion,train,1,PixDiff,train_v3_additions/aigi/cf_train_v3_pixdiff_aigi_ea986b696e4931f1_006846.png.png,complete
cf_train_v3_pixdiff_aigi_ea9bd65135baf7bf,pixdiff_aigi,data/HFCF_small_83.parquet,0,1939,009370.png,PNG,DeepFloyd,deepfloyd,train,1,PixDiff,train_v3_additions/aigi/cf_train_v3_pixdiff_aigi_ea9bd65135baf7bf_009370.png.png,complete
cf_train_v3_pixdiff_aigi_eb12ef4689dc35b6,pixdiff_aigi,data/HFCF_small_67.parquet,0,1386,006840.png,PNG,guidedDiffusion,guideddiffusion,train,1,PixDiff,train_v3_additions/aigi/cf_train_v3_pixdiff_aigi_eb12ef4689dc35b6_006840.png.png,complete
cf_train_v3_pixdiff_aigi_eb3eeaa38b0aeba7,pixdiff_aigi,data/HFCF_small_82.parquet,0,2192,022811.png,PNG,glide,glide,train,1,PixDiff,train_v3_additions/aigi/cf_train_v3_pixdiff_aigi_eb3eeaa38b0aeba7_022811.png.png,complete
cf_train_v3_pixdiff_aigi_eb5b3198e0373dea,pixdiff_aigi,data/HFCF_small_67.parquet,0,1157,008368.png,PNG,guidedDiffusion,guideddiffusion,train,1,PixDiff,train_v3_additions/aigi/cf_train_v3_pixdiff_aigi_eb5b3198e0373dea_008368.png.png,complete
cf_train_v3_pixdiff_aigi_ec18b69acc160817,pixdiff_aigi,data/HFCF_small_82.parquet,0,2896,027804.png,PNG,glide,glide,train,1,PixDiff,train_v3_additions/aigi/cf_train_v3_pixdiff_aigi_ec18b69acc160817_027804.png.png,complete
cf_train_v3_pixdiff_aigi_ec51e76e7461b775,pixdiff_aigi,data/HFCF_small_82.parquet,0,1242,017208.png,PNG,glide,glide,train,1,PixDiff,train_v3_additions/aigi/cf_train_v3_pixdiff_aigi_ec51e76e7461b775_017208.png.png,complete
cf_train_v3_pixdiff_aigi_ecc063e8ef71c258,pixdiff_aigi,data/HFCF_small_67.parquet,0,1421,003366.png,PNG,guidedDiffusion,guideddiffusion,train,1,PixDiff,train_v3_additions/aigi/cf_train_v3_pixdiff_aigi_ecc063e8ef71c258_003366.png.png,complete
cf_train_v3_pixdiff_aigi_ecf0df6315fa26df,pixdiff_aigi,data/HFCF_small_82.parquet,0,1732,033059.png,PNG,glide,glide,train,1,PixDiff,train_v3_additions/aigi/cf_train_v3_pixdiff_aigi_ecf0df6315fa26df_033059.png.png,complete
cf_train_v3_pixdiff_aigi_ed443ab23a72c95b,pixdiff_aigi,data/HFCF_small_83.parquet,0,1985,004975.png,PNG,DeepFloyd,deepfloyd,train,1,PixDiff,train_v3_additions/aigi/cf_train_v3_pixdiff_aigi_ed443ab23a72c95b_004975.png.png,complete
cf_train_v3_pixdiff_aigi_edfdf564b8be8c40,pixdiff_aigi,data/HFCF_small_83.parquet,0,1790,001599.png,PNG,DeepFloyd,deepfloyd,train,1,PixDiff,train_v3_additions/aigi/cf_train_v3_pixdiff_aigi_edfdf564b8be8c40_001599.png.png,complete
cf_train_v3_pixdiff_aigi_ee6fedbb31656850,pixdiff_aigi,data/HFCF_small_83.parquet,0,1485,000148.png,PNG,DeepFloyd,deepfloyd,train,1,PixDiff,train_v3_additions/aigi/cf_train_v3_pixdiff_aigi_ee6fedbb31656850_000148.png.png,complete
cf_train_v3_pixdiff_aigi_eedfc2b4ea429312,pixdiff_aigi,data/HFCF_small_82.parquet,0,1001,034495.png,PNG,glide,glide,train,1,PixDiff,train_v3_additions/aigi/cf_train_v3_pixdiff_aigi_eedfc2b4ea429312_034495.png.png,complete
cf_train_v3_pixdiff_aigi_ef39882c382c46e4,pixdiff_aigi,data/HFCF_small_83.parquet,0,2040,003671.png,PNG,DeepFloyd,deepfloyd,train,1,PixDiff,train_v3_additions/aigi/cf_train_v3_pixdiff_aigi_ef39882c382c46e4_003671.png.png,complete
cf_train_v3_pixdiff_aigi_efbe77f90e30c59d,pixdiff_aigi,data/HFCF_small_82.parquet,0,312,046743.png,PNG,glide,glide,train,1,PixDiff,train_v3_additions/aigi/cf_train_v3_pixdiff_aigi_efbe77f90e30c59d_046743.png.png,complete
cf_train_v3_pixdiff_aigi_efd2ed73ddd34dbc,pixdiff_aigi,data/HFCF_small_67.parquet,0,1549,002848.png,PNG,guidedDiffusion,guideddiffusion,train,1,PixDiff,train_v3_additions/aigi/cf_train_v3_pixdiff_aigi_efd2ed73ddd34dbc_002848.png.png,complete
cf_train_v3_pixdiff_aigi_efe89515cfac93ae,pixdiff_aigi,data/HFCF_small_83.parquet,0,2026,006067.png,PNG,DeepFloyd,deepfloyd,train,1,PixDiff,train_v3_additions/aigi/cf_train_v3_pixdiff_aigi_efe89515cfac93ae_006067.png.png,complete
cf_train_v3_pixdiff_aigi_eff3e24ff6a2b039,pixdiff_aigi,data/HFCF_small_67.parquet,0,1554,008588.png,PNG,guidedDiffusion,guideddiffusion,train,1,PixDiff,train_v3_additions/aigi/cf_train_v3_pixdiff_aigi_eff3e24ff6a2b039_008588.png.png,complete
cf_train_v3_pixdiff_aigi_f0476c4e925473a8,pixdiff_aigi,data/HFCF_small_83.parquet,0,1818,001473.png,PNG,DeepFloyd,deepfloyd,train,1,PixDiff,train_v3_additions/aigi/cf_train_v3_pixdiff_aigi_f0476c4e925473a8_001473.png.png,complete
cf_train_v3_pixdiff_aigi_f0bef10fdb029275,pixdiff_aigi,data/HFCF_small_83.parquet,0,1347,006014.png,PNG,DeepFloyd,deepfloyd,train,1,PixDiff,train_v3_additions/aigi/cf_train_v3_pixdiff_aigi_f0bef10fdb029275_006014.png.png,complete
cf_train_v3_pixdiff_aigi_f0e1478a0a85dedd,pixdiff_aigi,data/HFCF_small_83.parquet,0,1876,006294.png,PNG,DeepFloyd,deepfloyd,train,1,PixDiff,train_v3_additions/aigi/cf_train_v3_pixdiff_aigi_f0e1478a0a85dedd_006294.png.png,complete
cf_train_v3_pixdiff_aigi_f126a7cc22bf1612,pixdiff_aigi,data/HFCF_small_82.parquet,0,2914,006751.png,PNG,glide,glide,train,1,PixDiff,train_v3_additions/aigi/cf_train_v3_pixdiff_aigi_f126a7cc22bf1612_006751.png.png,complete
cf_train_v3_pixdiff_aigi_f127e7586246aa73,pixdiff_aigi,data/HFCF_small_83.parquet,0,1246,006871.png,PNG,DeepFloyd,deepfloyd,train,1,PixDiff,train_v3_additions/aigi/cf_train_v3_pixdiff_aigi_f127e7586246aa73_006871.png.png,complete
cf_train_v3_pixdiff_aigi_f16478f6e22da56a,pixdiff_aigi,data/HFCF_small_67.parquet,0,1660,000512.png,PNG,guidedDiffusion,guideddiffusion,train,1,PixDiff,train_v3_additions/aigi/cf_train_v3_pixdiff_aigi_f16478f6e22da56a_000512.png.png,complete
cf_train_v3_pixdiff_aigi_f1bbcb77068b9d1d,pixdiff_aigi,data/HFCF_small_67.parquet,0,1365,008911.png,PNG,guidedDiffusion,guideddiffusion,train,1,PixDiff,train_v3_additions/aigi/cf_train_v3_pixdiff_aigi_f1bbcb77068b9d1d_008911.png.png,complete
cf_train_v3_pixdiff_aigi_f1c8fce5e4ac70fa,pixdiff_aigi,data/HFCF_small_83.parquet,0,2057,000731.png,PNG,DeepFloyd,deepfloyd,train,1,PixDiff,train_v3_additions/aigi/cf_train_v3_pixdiff_aigi_f1c8fce5e4ac70fa_000731.png.png,complete
cf_train_v3_pixdiff_aigi_f1e69658714dbdc8,pixdiff_aigi,data/HFCF_small_67.parquet,0,1142,001755.png,PNG,guidedDiffusion,guideddiffusion,train,1,PixDiff,train_v3_additions/aigi/cf_train_v3_pixdiff_aigi_f1e69658714dbdc8_001755.png.png,complete
cf_train_v3_pixdiff_aigi_f20a14523623120a,pixdiff_aigi,data/HFCF_small_82.parquet,0,354,016109.png,PNG,glide,glide,train,1,PixDiff,train_v3_additions/aigi/cf_train_v3_pixdiff_aigi_f20a14523623120a_016109.png.png,complete
cf_train_v3_pixdiff_aigi_f211d14527fd5982,pixdiff_aigi,data/HFCF_small_67.parquet,0,2034,007777.png,PNG,guidedDiffusion,guideddiffusion,train,1,PixDiff,train_v3_additions/aigi/cf_train_v3_pixdiff_aigi_f211d14527fd5982_007777.png.png,complete
cf_train_v3_pixdiff_aigi_f27dc7b5d6959d52,pixdiff_aigi,data/HFCF_small_83.parquet,0,2091,001805.png,PNG,DeepFloyd,deepfloyd,train,1,PixDiff,train_v3_additions/aigi/cf_train_v3_pixdiff_aigi_f27dc7b5d6959d52_001805.png.png,complete
cf_train_v3_pixdiff_aigi_f2cd6523435a3112,pixdiff_aigi,data/HFCF_small_82.parquet,0,1815,004839.png,PNG,glide,glide,train,1,PixDiff,train_v3_additions/aigi/cf_train_v3_pixdiff_aigi_f2cd6523435a3112_004839.png.png,complete
cf_train_v3_pixdiff_aigi_f3679aae8ccceb9a,pixdiff_aigi,data/HFCF_small_67.parquet,0,1510,004528.png,PNG,guidedDiffusion,guideddiffusion,train,1,PixDiff,train_v3_additions/aigi/cf_train_v3_pixdiff_aigi_f3679aae8ccceb9a_004528.png.png,complete
cf_train_v3_pixdiff_aigi_f378625b328a4134,pixdiff_aigi,data/HFCF_small_67.parquet,0,1692,009496.png,PNG,guidedDiffusion,guideddiffusion,train,1,PixDiff,train_v3_additions/aigi/cf_train_v3_pixdiff_aigi_f378625b328a4134_009496.png.png,complete
cf_train_v3_pixdiff_aigi_f3d4bd6a187a4020,pixdiff_aigi,data/HFCF_small_83.parquet,0,1105,000752.png,PNG,DeepFloyd,deepfloyd,train,1,PixDiff,train_v3_additions/aigi/cf_train_v3_pixdiff_aigi_f3d4bd6a187a4020_000752.png.png,complete
cf_train_v3_pixdiff_aigi_f3dbb75b8c24e092,pixdiff_aigi,data/HFCF_small_82.parquet,0,1076,034770.png,PNG,glide,glide,train,1,PixDiff,train_v3_additions/aigi/cf_train_v3_pixdiff_aigi_f3dbb75b8c24e092_034770.png.png,complete
cf_train_v3_pixdiff_aigi_f403e39d232f61dd,pixdiff_aigi,data/HFCF_small_82.parquet,0,1635,045957.png,PNG,glide,glide,train,1,PixDiff,train_v3_additions/aigi/cf_train_v3_pixdiff_aigi_f403e39d232f61dd_045957.png.png,complete
cf_train_v3_pixdiff_aigi_f52be1deb95b4fe2,pixdiff_aigi,data/HFCF_small_83.parquet,0,1275,000122.png,PNG,DeepFloyd,deepfloyd,train,1,PixDiff,train_v3_additions/aigi/cf_train_v3_pixdiff_aigi_f52be1deb95b4fe2_000122.png.png,complete
cf_train_v3_pixdiff_aigi_f55336c57b0ed630,pixdiff_aigi,data/HFCF_small_83.parquet,0,1460,002793.png,PNG,DeepFloyd,deepfloyd,train,1,PixDiff,train_v3_additions/aigi/cf_train_v3_pixdiff_aigi_f55336c57b0ed630_002793.png.png,complete
cf_train_v3_pixdiff_aigi_f5bee8683072bcda,pixdiff_aigi,data/HFCF_small_67.parquet,0,1485,009603.png,PNG,guidedDiffusion,guideddiffusion,train,1,PixDiff,train_v3_additions/aigi/cf_train_v3_pixdiff_aigi_f5bee8683072bcda_009603.png.png,complete
cf_train_v3_pixdiff_aigi_f5c8e222d1c314d8,pixdiff_aigi,data/HFCF_small_82.parquet,0,1632,041621.png,PNG,glide,glide,train,1,PixDiff,train_v3_additions/aigi/cf_train_v3_pixdiff_aigi_f5c8e222d1c314d8_041621.png.png,complete
cf_train_v3_pixdiff_aigi_f61ff909db86aaaa,pixdiff_aigi,data/HFCF_small_82.parquet,0,932,007102.png,PNG,glide,glide,train,1,PixDiff,train_v3_additions/aigi/cf_train_v3_pixdiff_aigi_f61ff909db86aaaa_007102.png.png,complete
cf_train_v3_pixdiff_aigi_f6227e0bcd0b9428,pixdiff_aigi,data/HFCF_small_67.parquet,0,1974,002274.png,PNG,guidedDiffusion,guideddiffusion,train,1,PixDiff,train_v3_additions/aigi/cf_train_v3_pixdiff_aigi_f6227e0bcd0b9428_002274.png.png,complete
cf_train_v3_pixdiff_aigi_f6a39a9c54bad10e,pixdiff_aigi,data/HFCF_small_83.parquet,0,1432,001278.png,PNG,DeepFloyd,deepfloyd,train,1,PixDiff,train_v3_additions/aigi/cf_train_v3_pixdiff_aigi_f6a39a9c54bad10e_001278.png.png,complete
cf_train_v3_pixdiff_aigi_f6a65d26acd2b4a9,pixdiff_aigi,data/HFCF_small_82.parquet,0,342,026035.png,PNG,glide,glide,train,1,PixDiff,train_v3_additions/aigi/cf_train_v3_pixdiff_aigi_f6a65d26acd2b4a9_026035.png.png,complete
cf_train_v3_pixdiff_aigi_f6e81884b33dc72b,pixdiff_aigi,data/HFCF_small_83.parquet,0,2059,007242.png,PNG,DeepFloyd,deepfloyd,train,1,PixDiff,train_v3_additions/aigi/cf_train_v3_pixdiff_aigi_f6e81884b33dc72b_007242.png.png,complete
cf_train_v3_pixdiff_aigi_f71a7e731282e1df,pixdiff_aigi,data/HFCF_small_82.parquet,0,817,002004.png,PNG,glide,glide,train,1,PixDiff,train_v3_additions/aigi/cf_train_v3_pixdiff_aigi_f71a7e731282e1df_002004.png.png,complete
cf_train_v3_pixdiff_aigi_f727879aaca440eb,pixdiff_aigi,data/HFCF_small_83.parquet,0,1190,002241.png,PNG,DeepFloyd,deepfloyd,train,1,PixDiff,train_v3_additions/aigi/cf_train_v3_pixdiff_aigi_f727879aaca440eb_002241.png.png,complete
cf_train_v3_pixdiff_aigi_f773c3412acd90e9,pixdiff_aigi,data/HFCF_small_82.parquet,0,2130,039859.png,PNG,glide,glide,train,1,PixDiff,train_v3_additions/aigi/cf_train_v3_pixdiff_aigi_f773c3412acd90e9_039859.png.png,complete
cf_train_v3_pixdiff_aigi_f774c23a5974b221,pixdiff_aigi,data/HFCF_small_82.parquet,0,1638,028944.png,PNG,glide,glide,train,1,PixDiff,train_v3_additions/aigi/cf_train_v3_pixdiff_aigi_f774c23a5974b221_028944.png.png,complete
cf_train_v3_pixdiff_aigi_f80b52036d4c56e0,pixdiff_aigi,data/HFCF_small_83.parquet,0,1335,007899.png,PNG,DeepFloyd,deepfloyd,train,1,PixDiff,train_v3_additions/aigi/cf_train_v3_pixdiff_aigi_f80b52036d4c56e0_007899.png.png,complete
cf_train_v3_pixdiff_aigi_f88ca859a7fe1917,pixdiff_aigi,data/HFCF_small_83.parquet,0,1546,007070.png,PNG,DeepFloyd,deepfloyd,train,1,PixDiff,train_v3_additions/aigi/cf_train_v3_pixdiff_aigi_f88ca859a7fe1917_007070.png.png,complete
cf_train_v3_pixdiff_aigi_f8d60d7ff722643f,pixdiff_aigi,data/HFCF_small_67.parquet,0,1144,007178.png,PNG,guidedDiffusion,guideddiffusion,train,1,PixDiff,train_v3_additions/aigi/cf_train_v3_pixdiff_aigi_f8d60d7ff722643f_007178.png.png,complete
cf_train_v3_pixdiff_aigi_f8e2967f5823926c,pixdiff_aigi,data/HFCF_small_83.parquet,0,1239,009770.png,PNG,DeepFloyd,deepfloyd,train,1,PixDiff,train_v3_additions/aigi/cf_train_v3_pixdiff_aigi_f8e2967f5823926c_009770.png.png,complete
cf_train_v3_pixdiff_aigi_f92fcad265b9e41c,pixdiff_aigi,data/HFCF_small_83.parquet,0,1196,007495.png,PNG,DeepFloyd,deepfloyd,train,1,PixDiff,train_v3_additions/aigi/cf_train_v3_pixdiff_aigi_f92fcad265b9e41c_007495.png.png,complete
cf_train_v3_pixdiff_aigi_f97136080fdb8201,pixdiff_aigi,data/HFCF_small_82.parquet,0,341,043735.png,PNG,glide,glide,train,1,PixDiff,train_v3_additions/aigi/cf_train_v3_pixdiff_aigi_f97136080fdb8201_043735.png.png,complete
cf_train_v3_pixdiff_aigi_f9e2d4db754734da,pixdiff_aigi,data/HFCF_small_82.parquet,0,850,023345.png,PNG,glide,glide,train,1,PixDiff,train_v3_additions/aigi/cf_train_v3_pixdiff_aigi_f9e2d4db754734da_023345.png.png,complete
cf_train_v3_pixdiff_aigi_f9fa36001c1c1e4a,pixdiff_aigi,data/HFCF_small_83.parquet,0,1353,003319.png,PNG,DeepFloyd,deepfloyd,train,1,PixDiff,train_v3_additions/aigi/cf_train_v3_pixdiff_aigi_f9fa36001c1c1e4a_003319.png.png,complete
cf_train_v3_pixdiff_aigi_fa0966fec0d0bd53,pixdiff_aigi,data/HFCF_small_82.parquet,0,2906,026214.png,PNG,glide,glide,train,1,PixDiff,train_v3_additions/aigi/cf_train_v3_pixdiff_aigi_fa0966fec0d0bd53_026214.png.png,complete
cf_train_v3_pixdiff_aigi_fa1ae62ff3567830,pixdiff_aigi,data/HFCF_small_67.parquet,0,2048,007894.png,PNG,guidedDiffusion,guideddiffusion,train,1,PixDiff,train_v3_additions/aigi/cf_train_v3_pixdiff_aigi_fa1ae62ff3567830_007894.png.png,complete
cf_train_v3_pixdiff_aigi_fa45ab0a5c009719,pixdiff_aigi,data/HFCF_small_67.parquet,0,1939,009660.png,PNG,guidedDiffusion,guideddiffusion,train,1,PixDiff,train_v3_additions/aigi/cf_train_v3_pixdiff_aigi_fa45ab0a5c009719_009660.png.png,complete
cf_train_v3_pixdiff_aigi_fa7fc2bd775f1479,pixdiff_aigi,data/HFCF_small_82.parquet,0,2622,033069.png,PNG,glide,glide,train,1,PixDiff,train_v3_additions/aigi/cf_train_v3_pixdiff_aigi_fa7fc2bd775f1479_033069.png.png,complete
cf_train_v3_pixdiff_aigi_fac873178d839f0e,pixdiff_aigi,data/HFCF_small_83.parquet,0,1703,007410.png,PNG,DeepFloyd,deepfloyd,train,1,PixDiff,train_v3_additions/aigi/cf_train_v3_pixdiff_aigi_fac873178d839f0e_007410.png.png,complete
cf_train_v3_pixdiff_aigi_fad33650351aeb9a,pixdiff_aigi,data/HFCF_small_67.parquet,0,1853,001392.png,PNG,guidedDiffusion,guideddiffusion,train,1,PixDiff,train_v3_additions/aigi/cf_train_v3_pixdiff_aigi_fad33650351aeb9a_001392.png.png,complete
cf_train_v3_pixdiff_aigi_fbd68bbad06a0a99,pixdiff_aigi,data/HFCF_small_82.parquet,0,316,023702.png,PNG,glide,glide,train,1,PixDiff,train_v3_additions/aigi/cf_train_v3_pixdiff_aigi_fbd68bbad06a0a99_023702.png.png,complete
cf_train_v3_pixdiff_aigi_fbe12a5e39ffec43,pixdiff_aigi,data/HFCF_small_82.parquet,0,2477,007171.png,PNG,glide,glide,train,1,PixDiff,train_v3_additions/aigi/cf_train_v3_pixdiff_aigi_fbe12a5e39ffec43_007171.png.png,complete
cf_train_v3_pixdiff_aigi_fbf17b8fdca9eb49,pixdiff_aigi,data/HFCF_small_82.parquet,0,1316,041868.png,PNG,glide,glide,train,1,PixDiff,train_v3_additions/aigi/cf_train_v3_pixdiff_aigi_fbf17b8fdca9eb49_041868.png.png,complete
cf_train_v3_pixdiff_aigi_fc151d9dcfd6b3d4,pixdiff_aigi,data/HFCF_small_83.parquet,0,2087,000297.png,PNG,DeepFloyd,deepfloyd,train,1,PixDiff,train_v3_additions/aigi/cf_train_v3_pixdiff_aigi_fc151d9dcfd6b3d4_000297.png.png,complete
cf_train_v3_pixdiff_aigi_fc9bae92c8ee2826,pixdiff_aigi,data/HFCF_small_67.parquet,0,1555,005039.png,PNG,guidedDiffusion,guideddiffusion,train,1,PixDiff,train_v3_additions/aigi/cf_train_v3_pixdiff_aigi_fc9bae92c8ee2826_005039.png.png,complete
cf_train_v3_pixdiff_aigi_fcdafaa03b930636,pixdiff_aigi,data/HFCF_small_67.parquet,0,1828,003240.png,PNG,guidedDiffusion,guideddiffusion,train,1,PixDiff,train_v3_additions/aigi/cf_train_v3_pixdiff_aigi_fcdafaa03b930636_003240.png.png,complete
cf_train_v3_pixdiff_aigi_fd3886c57b4c58ee,pixdiff_aigi,data/HFCF_small_67.parquet,0,1348,007138.png,PNG,guidedDiffusion,guideddiffusion,train,1,PixDiff,train_v3_additions/aigi/cf_train_v3_pixdiff_aigi_fd3886c57b4c58ee_007138.png.png,complete
cf_train_v3_pixdiff_aigi_fd56a184ed5d45ad,pixdiff_aigi,data/HFCF_small_82.parquet,0,2385,006419.png,PNG,glide,glide,train,1,PixDiff,train_v3_additions/aigi/cf_train_v3_pixdiff_aigi_fd56a184ed5d45ad_006419.png.png,complete
cf_train_v3_pixdiff_aigi_fd771607f5c91b90,pixdiff_aigi,data/HFCF_small_67.parquet,0,2045,003407.png,PNG,guidedDiffusion,guideddiffusion,train,1,PixDiff,train_v3_additions/aigi/cf_train_v3_pixdiff_aigi_fd771607f5c91b90_003407.png.png,complete
cf_train_v3_pixdiff_aigi_fd8f561cdc742a32,pixdiff_aigi,data/HFCF_small_83.parquet,0,1230,009510.png,PNG,DeepFloyd,deepfloyd,train,1,PixDiff,train_v3_additions/aigi/cf_train_v3_pixdiff_aigi_fd8f561cdc742a32_009510.png.png,complete
cf_train_v3_pixdiff_aigi_fd9bf64da1ebb2ea,pixdiff_aigi,data/HFCF_small_82.parquet,0,2397,017139.png,PNG,glide,glide,train,1,PixDiff,train_v3_additions/aigi/cf_train_v3_pixdiff_aigi_fd9bf64da1ebb2ea_017139.png.png,complete
cf_train_v3_pixdiff_aigi_fda198c7d86d529a,pixdiff_aigi,data/HFCF_small_83.parquet,0,1844,005242.png,PNG,DeepFloyd,deepfloyd,train,1,PixDiff,train_v3_additions/aigi/cf_train_v3_pixdiff_aigi_fda198c7d86d529a_005242.png.png,complete
cf_train_v3_pixdiff_aigi_fdfeec9a4805fb50,pixdiff_aigi,data/HFCF_small_67.parquet,0,1963,003850.png,PNG,guidedDiffusion,guideddiffusion,train,1,PixDiff,train_v3_additions/aigi/cf_train_v3_pixdiff_aigi_fdfeec9a4805fb50_003850.png.png,complete
cf_train_v3_pixdiff_aigi_fe8c39f71073d6cd,pixdiff_aigi,data/HFCF_small_82.parquet,0,1081,006050.png,PNG,glide,glide,train,1,PixDiff,train_v3_additions/aigi/cf_train_v3_pixdiff_aigi_fe8c39f71073d6cd_006050.png.png,complete
cf_train_v3_pixdiff_aigi_fee782f554f2aac9,pixdiff_aigi,data/HFCF_small_83.parquet,0,1682,005143.png,PNG,DeepFloyd,deepfloyd,train,1,PixDiff,train_v3_additions/aigi/cf_train_v3_pixdiff_aigi_fee782f554f2aac9_005143.png.png,complete
cf_train_v3_pixdiff_aigi_ff530c06efd0da30,pixdiff_aigi,data/HFCF_small_82.parquet,0,2571,030056.png,PNG,glide,glide,train,1,PixDiff,train_v3_additions/aigi/cf_train_v3_pixdiff_aigi_ff530c06efd0da30_030056.png.png,complete
cf_train_v3_pixdiff_aigi_ffb05ab31853fe10,pixdiff_aigi,data/HFCF_small_83.parquet,0,1700,008612.png,PNG,DeepFloyd,deepfloyd,train,1,PixDiff,train_v3_additions/aigi/cf_train_v3_pixdiff_aigi_ffb05ab31853fe10_008612.png.png,complete
cf_train_v3_pixdiff_aigi_ffc59633e2abbd52,pixdiff_aigi,data/HFCF_small_67.parquet,0,1093,009754.png,PNG,guidedDiffusion,guideddiffusion,train,1,PixDiff,train_v3_additions/aigi/cf_train_v3_pixdiff_aigi_ffc59633e2abbd52_009754.png.png,complete
cf_train_v3_pixdiff_aigi_ffece3807ca4ecf9,pixdiff_aigi,data/HFCF_small_67.parquet,0,1592,001332.png,PNG,guidedDiffusion,guideddiffusion,train,1,PixDiff,train_v3_additions/aigi/cf_train_v3_pixdiff_aigi_ffece3807ca4ecf9_001332.png.png,complete
cf_train_v3_pixdiff_matched_real_00d7cc85219e1462,pixdiff_matched_real,data/HFCF_small_160.parquet,0,474,0004434.png,PNG,LandscapesHQ,,train,0,Real,train_v3_additions/real/cf_train_v3_pixdiff_matched_real_00d7cc85219e1462_0004434.png.png,complete
cf_train_v3_pixdiff_matched_real_00fdd95ad3d2882c,pixdiff_matched_real,data/HFCF_small_160.parquet,0,2694,0020147.png,PNG,LandscapesHQ,,train,0,Real,train_v3_additions/real/cf_train_v3_pixdiff_matched_real_00fdd95ad3d2882c_0020147.png.png,complete
cf_train_v3_pixdiff_matched_real_01249bc3bbef9f27,pixdiff_matched_real,data/HFCF_small_160.parquet,0,719,0041396.png,PNG,LandscapesHQ,,train,0,Real,train_v3_additions/real/cf_train_v3_pixdiff_matched_real_01249bc3bbef9f27_0041396.png.png,complete
cf_train_v3_pixdiff_matched_real_013670ea6deeedbf,pixdiff_matched_real,data/HFCF_small_160.parquet,0,2655,0014380.png,PNG,LandscapesHQ,,train,0,Real,train_v3_additions/real/cf_train_v3_pixdiff_matched_real_013670ea6deeedbf_0014380.png.png,complete
cf_train_v3_pixdiff_matched_real_01498822c78ced8e,pixdiff_matched_real,data/HFCF_small_160.parquet,0,2311,0017857.png,PNG,LandscapesHQ,,train,0,Real,train_v3_additions/real/cf_train_v3_pixdiff_matched_real_01498822c78ced8e_0017857.png.png,complete
cf_train_v3_pixdiff_matched_real_019fb6476fb42a62,pixdiff_matched_real,data/HFCF_small_160.parquet,0,2177,0006031.png,PNG,LandscapesHQ,,train,0,Real,train_v3_additions/real/cf_train_v3_pixdiff_matched_real_019fb6476fb42a62_0006031.png.png,complete
cf_train_v3_pixdiff_matched_real_01e42fdc17c61009,pixdiff_matched_real,data/HFCF_small_160.parquet,0,2538,0045257.png,PNG,LandscapesHQ,,train,0,Real,train_v3_additions/real/cf_train_v3_pixdiff_matched_real_01e42fdc17c61009_0045257.png.png,complete
cf_train_v3_pixdiff_matched_real_01fe53ea54a0738e,pixdiff_matched_real,data/HFCF_small_160.parquet,0,1000,0010718.png,PNG,LandscapesHQ,,train,0,Real,train_v3_additions/real/cf_train_v3_pixdiff_matched_real_01fe53ea54a0738e_0010718.png.png,complete
cf_train_v3_pixdiff_matched_real_02190cf870568b44,pixdiff_matched_real,data/HFCF_small_160.parquet,0,1480,0009924.png,PNG,LandscapesHQ,,train,0,Real,train_v3_additions/real/cf_train_v3_pixdiff_matched_real_02190cf870568b44_0009924.png.png,complete
cf_train_v3_pixdiff_matched_real_03b62ba6b62afdc0,pixdiff_matched_real,data/HFCF_small_160.parquet,0,1251,0038242.png,PNG,LandscapesHQ,,train,0,Real,train_v3_additions/real/cf_train_v3_pixdiff_matched_real_03b62ba6b62afdc0_0038242.png.png,complete
cf_train_v3_pixdiff_matched_real_03ceb8adc6fb5b13,pixdiff_matched_real,data/HFCF_small_160.parquet,0,1128,0053227.png,PNG,LandscapesHQ,,train,0,Real,train_v3_additions/real/cf_train_v3_pixdiff_matched_real_03ceb8adc6fb5b13_0053227.png.png,complete
cf_train_v3_pixdiff_matched_real_040b565134c73aae,pixdiff_matched_real,data/HFCF_small_160.parquet,0,356,0065582.png,PNG,LandscapesHQ,,train,0,Real,train_v3_additions/real/cf_train_v3_pixdiff_matched_real_040b565134c73aae_0065582.png.png,complete
cf_train_v3_pixdiff_matched_real_042e1acfb92a3077,pixdiff_matched_real,data/HFCF_small_160.parquet,0,792,0088621.png,PNG,LandscapesHQ,,train,0,Real,train_v3_additions/real/cf_train_v3_pixdiff_matched_real_042e1acfb92a3077_0088621.png.png,complete
cf_train_v3_pixdiff_matched_real_0456d5f5d7ff7f06,pixdiff_matched_real,data/HFCF_small_160.parquet,0,1007,0018595.png,PNG,LandscapesHQ,,train,0,Real,train_v3_additions/real/cf_train_v3_pixdiff_matched_real_0456d5f5d7ff7f06_0018595.png.png,complete
cf_train_v3_pixdiff_matched_real_04ba119d7ac1171c,pixdiff_matched_real,data/HFCF_small_160.parquet,0,1402,0011997.png,PNG,LandscapesHQ,,train,0,Real,train_v3_additions/real/cf_train_v3_pixdiff_matched_real_04ba119d7ac1171c_0011997.png.png,complete
cf_train_v3_pixdiff_matched_real_04e39bf7290c7bd2,pixdiff_matched_real,data/HFCF_small_160.parquet,0,785,0041369.png,PNG,LandscapesHQ,,train,0,Real,train_v3_additions/real/cf_train_v3_pixdiff_matched_real_04e39bf7290c7bd2_0041369.png.png,complete
cf_train_v3_pixdiff_matched_real_04f0e78a763a5b08,pixdiff_matched_real,data/HFCF_small_160.parquet,0,2255,0061323.png,PNG,LandscapesHQ,,train,0,Real,train_v3_additions/real/cf_train_v3_pixdiff_matched_real_04f0e78a763a5b08_0061323.png.png,complete
cf_train_v3_pixdiff_matched_real_04fa313a0b7a930f,pixdiff_matched_real,data/HFCF_small_160.parquet,0,1530,0074705.png,PNG,LandscapesHQ,,train,0,Real,train_v3_additions/real/cf_train_v3_pixdiff_matched_real_04fa313a0b7a930f_0074705.png.png,complete
cf_train_v3_pixdiff_matched_real_052ad893d28a4a01,pixdiff_matched_real,data/HFCF_small_160.parquet,0,1448,0000268.png,PNG,LandscapesHQ,,train,0,Real,train_v3_additions/real/cf_train_v3_pixdiff_matched_real_052ad893d28a4a01_0000268.png.png,complete
cf_train_v3_pixdiff_matched_real_0586c9d99b377dd8,pixdiff_matched_real,data/HFCF_small_160.parquet,0,2676,0080241.png,PNG,LandscapesHQ,,train,0,Real,train_v3_additions/real/cf_train_v3_pixdiff_matched_real_0586c9d99b377dd8_0080241.png.png,complete
cf_train_v3_pixdiff_matched_real_05c045c24ce23eb0,pixdiff_matched_real,data/HFCF_small_160.parquet,0,887,0078665.png,PNG,LandscapesHQ,,train,0,Real,train_v3_additions/real/cf_train_v3_pixdiff_matched_real_05c045c24ce23eb0_0078665.png.png,complete
cf_train_v3_pixdiff_matched_real_05feb2f7e2982e0f,pixdiff_matched_real,data/HFCF_small_160.parquet,0,2536,0063870.png,PNG,LandscapesHQ,,train,0,Real,train_v3_additions/real/cf_train_v3_pixdiff_matched_real_05feb2f7e2982e0f_0063870.png.png,complete
cf_train_v3_pixdiff_matched_real_0673e26915d6ae11,pixdiff_matched_real,data/HFCF_small_160.parquet,0,1518,0056376.png,PNG,LandscapesHQ,,train,0,Real,train_v3_additions/real/cf_train_v3_pixdiff_matched_real_0673e26915d6ae11_0056376.png.png,complete
cf_train_v3_pixdiff_matched_real_067f94605b0c4574,pixdiff_matched_real,data/HFCF_small_160.parquet,0,1471,0022540.png,PNG,LandscapesHQ,,train,0,Real,train_v3_additions/real/cf_train_v3_pixdiff_matched_real_067f94605b0c4574_0022540.png.png,complete
cf_train_v3_pixdiff_matched_real_06a3a847d5d24bd9,pixdiff_matched_real,data/HFCF_small_160.parquet,0,1906,0025359.png,PNG,LandscapesHQ,,train,0,Real,train_v3_additions/real/cf_train_v3_pixdiff_matched_real_06a3a847d5d24bd9_0025359.png.png,complete
cf_train_v3_pixdiff_matched_real_06c01d9378c317a7,pixdiff_matched_real,data/HFCF_small_160.parquet,0,749,0071681.png,PNG,LandscapesHQ,,train,0,Real,train_v3_additions/real/cf_train_v3_pixdiff_matched_real_06c01d9378c317a7_0071681.png.png,complete
cf_train_v3_pixdiff_matched_real_0730fae831e03371,pixdiff_matched_real,data/HFCF_small_160.parquet,0,118,0084192.png,PNG,LandscapesHQ,,train,0,Real,train_v3_additions/real/cf_train_v3_pixdiff_matched_real_0730fae831e03371_0084192.png.png,complete
cf_train_v3_pixdiff_matched_real_07740f888a6ab314,pixdiff_matched_real,data/HFCF_small_160.parquet,0,349,0063256.png,PNG,LandscapesHQ,,train,0,Real,train_v3_additions/real/cf_train_v3_pixdiff_matched_real_07740f888a6ab314_0063256.png.png,complete
cf_train_v3_pixdiff_matched_real_07826270c652e641,pixdiff_matched_real,data/HFCF_small_160.parquet,0,1757,0079551.png,PNG,LandscapesHQ,,train,0,Real,train_v3_additions/real/cf_train_v3_pixdiff_matched_real_07826270c652e641_0079551.png.png,complete
cf_train_v3_pixdiff_matched_real_0794b98a17582857,pixdiff_matched_real,data/HFCF_small_160.parquet,0,2022,0081837.png,PNG,LandscapesHQ,,train,0,Real,train_v3_additions/real/cf_train_v3_pixdiff_matched_real_0794b98a17582857_0081837.png.png,complete
cf_train_v3_pixdiff_matched_real_07b3c2b1efacd491,pixdiff_matched_real,data/HFCF_small_160.parquet,0,1379,0030779.png,PNG,LandscapesHQ,,train,0,Real,train_v3_additions/real/cf_train_v3_pixdiff_matched_real_07b3c2b1efacd491_0030779.png.png,complete
cf_train_v3_pixdiff_matched_real_07bf3bbb6cb01642,pixdiff_matched_real,data/HFCF_small_160.parquet,0,969,0087908.png,PNG,LandscapesHQ,,train,0,Real,train_v3_additions/real/cf_train_v3_pixdiff_matched_real_07bf3bbb6cb01642_0087908.png.png,complete
cf_train_v3_pixdiff_matched_real_07dca30797d27bce,pixdiff_matched_real,data/HFCF_small_160.parquet,0,288,0036125.png,PNG,LandscapesHQ,,train,0,Real,train_v3_additions/real/cf_train_v3_pixdiff_matched_real_07dca30797d27bce_0036125.png.png,complete
cf_train_v3_pixdiff_matched_real_0853df6d2ba16441,pixdiff_matched_real,data/HFCF_small_160.parquet,0,1009,0058798.png,PNG,LandscapesHQ,,train,0,Real,train_v3_additions/real/cf_train_v3_pixdiff_matched_real_0853df6d2ba16441_0058798.png.png,complete
cf_train_v3_pixdiff_matched_real_085639f84aa9014e,pixdiff_matched_real,data/HFCF_small_160.parquet,0,1617,0065340.png,PNG,LandscapesHQ,,train,0,Real,train_v3_additions/real/cf_train_v3_pixdiff_matched_real_085639f84aa9014e_0065340.png.png,complete
cf_train_v3_pixdiff_matched_real_085ddb7498af1e25,pixdiff_matched_real,data/HFCF_small_160.parquet,0,2773,0015059.png,PNG,LandscapesHQ,,train,0,Real,train_v3_additions/real/cf_train_v3_pixdiff_matched_real_085ddb7498af1e25_0015059.png.png,complete
cf_train_v3_pixdiff_matched_real_08ce62640e5293c4,pixdiff_matched_real,data/HFCF_small_160.parquet,0,1389,0002863.png,PNG,LandscapesHQ,,train,0,Real,train_v3_additions/real/cf_train_v3_pixdiff_matched_real_08ce62640e5293c4_0002863.png.png,complete
cf_train_v3_pixdiff_matched_real_08d35ce64ce15c2e,pixdiff_matched_real,data/HFCF_small_160.parquet,0,2050,0015117.png,PNG,LandscapesHQ,,train,0,Real,train_v3_additions/real/cf_train_v3_pixdiff_matched_real_08d35ce64ce15c2e_0015117.png.png,complete
cf_train_v3_pixdiff_matched_real_08e4911486acc721,pixdiff_matched_real,data/HFCF_small_160.parquet,0,2774,0052931.png,PNG,LandscapesHQ,,train,0,Real,train_v3_additions/real/cf_train_v3_pixdiff_matched_real_08e4911486acc721_0052931.png.png,complete
cf_train_v3_pixdiff_matched_real_08e55b491207bfa7,pixdiff_matched_real,data/HFCF_small_160.parquet,0,1199,0070367.png,PNG,LandscapesHQ,,train,0,Real,train_v3_additions/real/cf_train_v3_pixdiff_matched_real_08e55b491207bfa7_0070367.png.png,complete
cf_train_v3_pixdiff_matched_real_090e07501e0c54d0,pixdiff_matched_real,data/HFCF_small_160.parquet,0,1010,0047040.png,PNG,LandscapesHQ,,train,0,Real,train_v3_additions/real/cf_train_v3_pixdiff_matched_real_090e07501e0c54d0_0047040.png.png,complete
cf_train_v3_pixdiff_matched_real_090fbbd755b0743d,pixdiff_matched_real,data/HFCF_small_160.parquet,0,665,0005065.png,PNG,LandscapesHQ,,train,0,Real,train_v3_additions/real/cf_train_v3_pixdiff_matched_real_090fbbd755b0743d_0005065.png.png,complete
cf_train_v3_pixdiff_matched_real_095d2c58fc9c1d15,pixdiff_matched_real,data/HFCF_small_160.parquet,0,694,0047125.png,PNG,LandscapesHQ,,train,0,Real,train_v3_additions/real/cf_train_v3_pixdiff_matched_real_095d2c58fc9c1d15_0047125.png.png,complete
cf_train_v3_pixdiff_matched_real_09df42b42953b552,pixdiff_matched_real,data/HFCF_small_160.parquet,0,2956,0071057.png,PNG,LandscapesHQ,,train,0,Real,train_v3_additions/real/cf_train_v3_pixdiff_matched_real_09df42b42953b552_0071057.png.png,complete
cf_train_v3_pixdiff_matched_real_09e128b27345ff28,pixdiff_matched_real,data/HFCF_small_160.parquet,0,752,0048174.png,PNG,LandscapesHQ,,train,0,Real,train_v3_additions/real/cf_train_v3_pixdiff_matched_real_09e128b27345ff28_0048174.png.png,complete
cf_train_v3_pixdiff_matched_real_09e7a48256ddb3d0,pixdiff_matched_real,data/HFCF_small_160.parquet,0,299,0014619.png,PNG,LandscapesHQ,,train,0,Real,train_v3_additions/real/cf_train_v3_pixdiff_matched_real_09e7a48256ddb3d0_0014619.png.png,complete
cf_train_v3_pixdiff_matched_real_0a4c8be6699521eb,pixdiff_matched_real,data/HFCF_small_160.parquet,0,1326,0058824.png,PNG,LandscapesHQ,,train,0,Real,train_v3_additions/real/cf_train_v3_pixdiff_matched_real_0a4c8be6699521eb_0058824.png.png,complete
cf_train_v3_pixdiff_matched_real_0a6ba3d9bb801eb2,pixdiff_matched_real,data/HFCF_small_160.parquet,0,1296,0032194.png,PNG,LandscapesHQ,,train,0,Real,train_v3_additions/real/cf_train_v3_pixdiff_matched_real_0a6ba3d9bb801eb2_0032194.png.png,complete
cf_train_v3_pixdiff_matched_real_0a97cddb080ab4c5,pixdiff_matched_real,data/HFCF_small_160.parquet,0,2335,0037830.png,PNG,LandscapesHQ,,train,0,Real,train_v3_additions/real/cf_train_v3_pixdiff_matched_real_0a97cddb080ab4c5_0037830.png.png,complete
cf_train_v3_pixdiff_matched_real_0b0d3977b6c01980,pixdiff_matched_real,data/HFCF_small_160.parquet,0,331,0033273.png,PNG,LandscapesHQ,,train,0,Real,train_v3_additions/real/cf_train_v3_pixdiff_matched_real_0b0d3977b6c01980_0033273.png.png,complete
cf_train_v3_pixdiff_matched_real_0b396b8b5b9e1e82,pixdiff_matched_real,data/HFCF_small_160.parquet,0,162,0067786.png,PNG,LandscapesHQ,,train,0,Real,train_v3_additions/real/cf_train_v3_pixdiff_matched_real_0b396b8b5b9e1e82_0067786.png.png,complete
cf_train_v3_pixdiff_matched_real_0b94be1b401725dc,pixdiff_matched_real,data/HFCF_small_160.parquet,0,369,0044189.png,PNG,LandscapesHQ,,train,0,Real,train_v3_additions/real/cf_train_v3_pixdiff_matched_real_0b94be1b401725dc_0044189.png.png,complete
cf_train_v3_pixdiff_matched_real_0c0df7b432326c3f,pixdiff_matched_real,data/HFCF_small_160.parquet,0,2516,0036735.png,PNG,LandscapesHQ,,train,0,Real,train_v3_additions/real/cf_train_v3_pixdiff_matched_real_0c0df7b432326c3f_0036735.png.png,complete
cf_train_v3_pixdiff_matched_real_0c98084b19fc474a,pixdiff_matched_real,data/HFCF_small_160.parquet,0,2818,0046375.png,PNG,LandscapesHQ,,train,0,Real,train_v3_additions/real/cf_train_v3_pixdiff_matched_real_0c98084b19fc474a_0046375.png.png,complete
cf_train_v3_pixdiff_matched_real_0cac03ec18fe8296,pixdiff_matched_real,data/HFCF_small_160.parquet,0,273,0038519.png,PNG,LandscapesHQ,,train,0,Real,train_v3_additions/real/cf_train_v3_pixdiff_matched_real_0cac03ec18fe8296_0038519.png.png,complete
cf_train_v3_pixdiff_matched_real_0cb493e86b130b9b,pixdiff_matched_real,data/HFCF_small_160.parquet,0,1739,0001161.png,PNG,LandscapesHQ,,train,0,Real,train_v3_additions/real/cf_train_v3_pixdiff_matched_real_0cb493e86b130b9b_0001161.png.png,complete
cf_train_v3_pixdiff_matched_real_0d6ea08036d21aef,pixdiff_matched_real,data/HFCF_small_160.parquet,0,2684,0034646.png,PNG,LandscapesHQ,,train,0,Real,train_v3_additions/real/cf_train_v3_pixdiff_matched_real_0d6ea08036d21aef_0034646.png.png,complete
cf_train_v3_pixdiff_matched_real_0d975a681394a095,pixdiff_matched_real,data/HFCF_small_160.parquet,0,2698,0034455.png,PNG,LandscapesHQ,,train,0,Real,train_v3_additions/real/cf_train_v3_pixdiff_matched_real_0d975a681394a095_0034455.png.png,complete
cf_train_v3_pixdiff_matched_real_0e19f12a9c1b9ae6,pixdiff_matched_real,data/HFCF_small_160.parquet,0,1247,0008988.png,PNG,LandscapesHQ,,train,0,Real,train_v3_additions/real/cf_train_v3_pixdiff_matched_real_0e19f12a9c1b9ae6_0008988.png.png,complete
cf_train_v3_pixdiff_matched_real_0e1c39d1f7a0851b,pixdiff_matched_real,data/HFCF_small_160.parquet,0,2925,0070189.png,PNG,LandscapesHQ,,train,0,Real,train_v3_additions/real/cf_train_v3_pixdiff_matched_real_0e1c39d1f7a0851b_0070189.png.png,complete
cf_train_v3_pixdiff_matched_real_0e5dcca0b2a6b090,pixdiff_matched_real,data/HFCF_small_160.parquet,0,1230,0038251.png,PNG,LandscapesHQ,,train,0,Real,train_v3_additions/real/cf_train_v3_pixdiff_matched_real_0e5dcca0b2a6b090_0038251.png.png,complete
cf_train_v3_pixdiff_matched_real_0e5f6ea349ca357f,pixdiff_matched_real,data/HFCF_small_160.parquet,0,114,0064671.png,PNG,LandscapesHQ,,train,0,Real,train_v3_additions/real/cf_train_v3_pixdiff_matched_real_0e5f6ea349ca357f_0064671.png.png,complete
cf_train_v3_pixdiff_matched_real_0eafdd856ffb7361,pixdiff_matched_real,data/HFCF_small_160.parquet,0,554,0060945.png,PNG,LandscapesHQ,,train,0,Real,train_v3_additions/real/cf_train_v3_pixdiff_matched_real_0eafdd856ffb7361_0060945.png.png,complete
cf_train_v3_pixdiff_matched_real_0ebf22ef5c0d9b69,pixdiff_matched_real,data/HFCF_small_160.parquet,0,2856,0034256.png,PNG,LandscapesHQ,,train,0,Real,train_v3_additions/real/cf_train_v3_pixdiff_matched_real_0ebf22ef5c0d9b69_0034256.png.png,complete
cf_train_v3_pixdiff_matched_real_0ed916a22a0acfbc,pixdiff_matched_real,data/HFCF_small_160.parquet,0,493,0001007.png,PNG,LandscapesHQ,,train,0,Real,train_v3_additions/real/cf_train_v3_pixdiff_matched_real_0ed916a22a0acfbc_0001007.png.png,complete
cf_train_v3_pixdiff_matched_real_0ef11e15b7f6e5ff,pixdiff_matched_real,data/HFCF_small_160.parquet,0,157,0031931.png,PNG,LandscapesHQ,,train,0,Real,train_v3_additions/real/cf_train_v3_pixdiff_matched_real_0ef11e15b7f6e5ff_0031931.png.png,complete
cf_train_v3_pixdiff_matched_real_0f1f5dba427fc224,pixdiff_matched_real,data/HFCF_small_160.parquet,0,452,0082901.png,PNG,LandscapesHQ,,train,0,Real,train_v3_additions/real/cf_train_v3_pixdiff_matched_real_0f1f5dba427fc224_0082901.png.png,complete
cf_train_v3_pixdiff_matched_real_0f5c874266344e1a,pixdiff_matched_real,data/HFCF_small_160.parquet,0,931,0014541.png,PNG,LandscapesHQ,,train,0,Real,train_v3_additions/real/cf_train_v3_pixdiff_matched_real_0f5c874266344e1a_0014541.png.png,complete
cf_train_v3_pixdiff_matched_real_0f6c5416ff87c456,pixdiff_matched_real,data/HFCF_small_160.parquet,0,1982,0078852.png,PNG,LandscapesHQ,,train,0,Real,train_v3_additions/real/cf_train_v3_pixdiff_matched_real_0f6c5416ff87c456_0078852.png.png,complete
cf_train_v3_pixdiff_matched_real_0fcf50aa2b36c6c6,pixdiff_matched_real,data/HFCF_small_160.parquet,0,2921,0035010.png,PNG,LandscapesHQ,,train,0,Real,train_v3_additions/real/cf_train_v3_pixdiff_matched_real_0fcf50aa2b36c6c6_0035010.png.png,complete
cf_train_v3_pixdiff_matched_real_10333dde991fc012,pixdiff_matched_real,data/HFCF_small_160.parquet,0,2279,0041552.png,PNG,LandscapesHQ,,train,0,Real,train_v3_additions/real/cf_train_v3_pixdiff_matched_real_10333dde991fc012_0041552.png.png,complete
cf_train_v3_pixdiff_matched_real_106322c132758b20,pixdiff_matched_real,data/HFCF_small_160.parquet,0,1475,0043392.png,PNG,LandscapesHQ,,train,0,Real,train_v3_additions/real/cf_train_v3_pixdiff_matched_real_106322c132758b20_0043392.png.png,complete
cf_train_v3_pixdiff_matched_real_10886d735b6cc0a8,pixdiff_matched_real,data/HFCF_small_160.parquet,0,1350,0075583.png,PNG,LandscapesHQ,,train,0,Real,train_v3_additions/real/cf_train_v3_pixdiff_matched_real_10886d735b6cc0a8_0075583.png.png,complete
cf_train_v3_pixdiff_matched_real_10a7f46b4dc767fc,pixdiff_matched_real,data/HFCF_small_160.parquet,0,1141,0042717.png,PNG,LandscapesHQ,,train,0,Real,train_v3_additions/real/cf_train_v3_pixdiff_matched_real_10a7f46b4dc767fc_0042717.png.png,complete
cf_train_v3_pixdiff_matched_real_120ca6f3c0400217,pixdiff_matched_real,data/HFCF_small_160.parquet,0,1410,0061873.png,PNG,LandscapesHQ,,train,0,Real,train_v3_additions/real/cf_train_v3_pixdiff_matched_real_120ca6f3c0400217_0061873.png.png,complete
cf_train_v3_pixdiff_matched_real_120f434ae9645c91,pixdiff_matched_real,data/HFCF_small_160.parquet,0,1893,0022592.png,PNG,LandscapesHQ,,train,0,Real,train_v3_additions/real/cf_train_v3_pixdiff_matched_real_120f434ae9645c91_0022592.png.png,complete
cf_train_v3_pixdiff_matched_real_122f3c005fcfb9d5,pixdiff_matched_real,data/HFCF_small_160.parquet,0,2752,0066936.png,PNG,LandscapesHQ,,train,0,Real,train_v3_additions/real/cf_train_v3_pixdiff_matched_real_122f3c005fcfb9d5_0066936.png.png,complete
cf_train_v3_pixdiff_matched_real_12539b2ca01e8c6d,pixdiff_matched_real,data/HFCF_small_160.parquet,0,1465,0068516.png,PNG,LandscapesHQ,,train,0,Real,train_v3_additions/real/cf_train_v3_pixdiff_matched_real_12539b2ca01e8c6d_0068516.png.png,complete
cf_train_v3_pixdiff_matched_real_12e2fa8e1d4a4347,pixdiff_matched_real,data/HFCF_small_160.parquet,0,1042,0019315.png,PNG,LandscapesHQ,,train,0,Real,train_v3_additions/real/cf_train_v3_pixdiff_matched_real_12e2fa8e1d4a4347_0019315.png.png,complete
cf_train_v3_pixdiff_matched_real_12f5c75b14bfb368,pixdiff_matched_real,data/HFCF_small_160.parquet,0,2971,0051344.png,PNG,LandscapesHQ,,train,0,Real,train_v3_additions/real/cf_train_v3_pixdiff_matched_real_12f5c75b14bfb368_0051344.png.png,complete
cf_train_v3_pixdiff_matched_real_132011a2f1f2b915,pixdiff_matched_real,data/HFCF_small_160.parquet,0,892,0080692.png,PNG,LandscapesHQ,,train,0,Real,train_v3_additions/real/cf_train_v3_pixdiff_matched_real_132011a2f1f2b915_0080692.png.png,complete
cf_train_v3_pixdiff_matched_real_13220e979f1c3993,pixdiff_matched_real,data/HFCF_small_160.parquet,0,2534,0088634.png,PNG,LandscapesHQ,,train,0,Real,train_v3_additions/real/cf_train_v3_pixdiff_matched_real_13220e979f1c3993_0088634.png.png,complete
cf_train_v3_pixdiff_matched_real_136168fce495c1c9,pixdiff_matched_real,data/HFCF_small_160.parquet,0,2009,0023489.png,PNG,LandscapesHQ,,train,0,Real,train_v3_additions/real/cf_train_v3_pixdiff_matched_real_136168fce495c1c9_0023489.png.png,complete
cf_train_v3_pixdiff_matched_real_13e172e872af3d25,pixdiff_matched_real,data/HFCF_small_160.parquet,0,2338,0039239.png,PNG,LandscapesHQ,,train,0,Real,train_v3_additions/real/cf_train_v3_pixdiff_matched_real_13e172e872af3d25_0039239.png.png,complete
cf_train_v3_pixdiff_matched_real_143fe6004d1211d7,pixdiff_matched_real,data/HFCF_small_160.parquet,0,985,0047047.png,PNG,LandscapesHQ,,train,0,Real,train_v3_additions/real/cf_train_v3_pixdiff_matched_real_143fe6004d1211d7_0047047.png.png,complete
cf_train_v3_pixdiff_matched_real_147cedb8d7cd4218,pixdiff_matched_real,data/HFCF_small_160.parquet,0,2741,0084797.png,PNG,LandscapesHQ,,train,0,Real,train_v3_additions/real/cf_train_v3_pixdiff_matched_real_147cedb8d7cd4218_0084797.png.png,complete
cf_train_v3_pixdiff_matched_real_14ae5823b7aacb00,pixdiff_matched_real,data/HFCF_small_160.parquet,0,1426,0055875.png,PNG,LandscapesHQ,,train,0,Real,train_v3_additions/real/cf_train_v3_pixdiff_matched_real_14ae5823b7aacb00_0055875.png.png,complete
cf_train_v3_pixdiff_matched_real_14da08bced8ce881,pixdiff_matched_real,data/HFCF_small_160.parquet,0,396,0031713.png,PNG,LandscapesHQ,,train,0,Real,train_v3_additions/real/cf_train_v3_pixdiff_matched_real_14da08bced8ce881_0031713.png.png,complete
cf_train_v3_pixdiff_matched_real_14db5093ee5bcd7a,pixdiff_matched_real,data/HFCF_small_160.parquet,0,2952,0033931.png,PNG,LandscapesHQ,,train,0,Real,train_v3_additions/real/cf_train_v3_pixdiff_matched_real_14db5093ee5bcd7a_0033931.png.png,complete
cf_train_v3_pixdiff_matched_real_14e1d61b6192c4c4,pixdiff_matched_real,data/HFCF_small_160.parquet,0,543,0012537.png,PNG,LandscapesHQ,,train,0,Real,train_v3_additions/real/cf_train_v3_pixdiff_matched_real_14e1d61b6192c4c4_0012537.png.png,complete
cf_train_v3_pixdiff_matched_real_14ec25b093956c3d,pixdiff_matched_real,data/HFCF_small_160.parquet,0,515,0055121.png,PNG,LandscapesHQ,,train,0,Real,train_v3_additions/real/cf_train_v3_pixdiff_matched_real_14ec25b093956c3d_0055121.png.png,complete
cf_train_v3_pixdiff_matched_real_153b09cd40e764a2,pixdiff_matched_real,data/HFCF_small_160.parquet,0,168,0075384.png,PNG,LandscapesHQ,,train,0,Real,train_v3_additions/real/cf_train_v3_pixdiff_matched_real_153b09cd40e764a2_0075384.png.png,complete
cf_train_v3_pixdiff_matched_real_15728a7fa9adff2d,pixdiff_matched_real,data/HFCF_small_160.parquet,0,2412,0023061.png,PNG,LandscapesHQ,,train,0,Real,train_v3_additions/real/cf_train_v3_pixdiff_matched_real_15728a7fa9adff2d_0023061.png.png,complete
cf_train_v3_pixdiff_matched_real_15f58699f6242420,pixdiff_matched_real,data/HFCF_small_160.parquet,0,260,0052449.png,PNG,LandscapesHQ,,train,0,Real,train_v3_additions/real/cf_train_v3_pixdiff_matched_real_15f58699f6242420_0052449.png.png,complete
cf_train_v3_pixdiff_matched_real_162ab492bd71f6d8,pixdiff_matched_real,data/HFCF_small_160.parquet,0,133,0047928.png,PNG,LandscapesHQ,,train,0,Real,train_v3_additions/real/cf_train_v3_pixdiff_matched_real_162ab492bd71f6d8_0047928.png.png,complete
cf_train_v3_pixdiff_matched_real_1634b9b205548f63,pixdiff_matched_real,data/HFCF_small_160.parquet,0,2286,0051769.png,PNG,LandscapesHQ,,train,0,Real,train_v3_additions/real/cf_train_v3_pixdiff_matched_real_1634b9b205548f63_0051769.png.png,complete
cf_train_v3_pixdiff_matched_real_1678e0d5d89841fa,pixdiff_matched_real,data/HFCF_small_160.parquet,0,173,0046825.png,PNG,LandscapesHQ,,train,0,Real,train_v3_additions/real/cf_train_v3_pixdiff_matched_real_1678e0d5d89841fa_0046825.png.png,complete
cf_train_v3_pixdiff_matched_real_169513e43a531a06,pixdiff_matched_real,data/HFCF_small_160.parquet,0,1486,0003822.png,PNG,LandscapesHQ,,train,0,Real,train_v3_additions/real/cf_train_v3_pixdiff_matched_real_169513e43a531a06_0003822.png.png,complete
cf_train_v3_pixdiff_matched_real_16b3a4eb6f32ef1c,pixdiff_matched_real,data/HFCF_small_160.parquet,0,2941,0087274.png,PNG,LandscapesHQ,,train,0,Real,train_v3_additions/real/cf_train_v3_pixdiff_matched_real_16b3a4eb6f32ef1c_0087274.png.png,complete
cf_train_v3_pixdiff_matched_real_17183be2aab876b3,pixdiff_matched_real,data/HFCF_small_160.parquet,0,224,0010901.png,PNG,LandscapesHQ,,train,0,Real,train_v3_additions/real/cf_train_v3_pixdiff_matched_real_17183be2aab876b3_0010901.png.png,complete
cf_train_v3_pixdiff_matched_real_17192a3884835d52,pixdiff_matched_real,data/HFCF_small_160.parquet,0,1973,0032783.png,PNG,LandscapesHQ,,train,0,Real,train_v3_additions/real/cf_train_v3_pixdiff_matched_real_17192a3884835d52_0032783.png.png,complete
cf_train_v3_pixdiff_matched_real_17288717fb51d65a,pixdiff_matched_real,data/HFCF_small_160.parquet,0,473,0047731.png,PNG,LandscapesHQ,,train,0,Real,train_v3_additions/real/cf_train_v3_pixdiff_matched_real_17288717fb51d65a_0047731.png.png,complete
cf_train_v3_pixdiff_matched_real_174c031f91da6f19,pixdiff_matched_real,data/HFCF_small_160.parquet,0,862,0014387.png,PNG,LandscapesHQ,,train,0,Real,train_v3_additions/real/cf_train_v3_pixdiff_matched_real_174c031f91da6f19_0014387.png.png,complete
cf_train_v3_pixdiff_matched_real_17dfd1e38ea5865e,pixdiff_matched_real,data/HFCF_small_160.parquet,0,1209,0003175.png,PNG,LandscapesHQ,,train,0,Real,train_v3_additions/real/cf_train_v3_pixdiff_matched_real_17dfd1e38ea5865e_0003175.png.png,complete
cf_train_v3_pixdiff_matched_real_180af05fadb2fb71,pixdiff_matched_real,data/HFCF_small_160.parquet,0,1796,0089474.png,PNG,LandscapesHQ,,train,0,Real,train_v3_additions/real/cf_train_v3_pixdiff_matched_real_180af05fadb2fb71_0089474.png.png,complete
cf_train_v3_pixdiff_matched_real_184852122d9df559,pixdiff_matched_real,data/HFCF_small_160.parquet,0,1979,0043807.png,PNG,LandscapesHQ,,train,0,Real,train_v3_additions/real/cf_train_v3_pixdiff_matched_real_184852122d9df559_0043807.png.png,complete
cf_train_v3_pixdiff_matched_real_18579e34b4e27917,pixdiff_matched_real,data/HFCF_small_160.parquet,0,2079,0001374.png,PNG,LandscapesHQ,,train,0,Real,train_v3_additions/real/cf_train_v3_pixdiff_matched_real_18579e34b4e27917_0001374.png.png,complete
cf_train_v3_pixdiff_matched_real_18b328a05cdbd151,pixdiff_matched_real,data/HFCF_small_160.parquet,0,374,0083953.png,PNG,LandscapesHQ,,train,0,Real,train_v3_additions/real/cf_train_v3_pixdiff_matched_real_18b328a05cdbd151_0083953.png.png,complete
cf_train_v3_pixdiff_matched_real_18c735e6320be0be,pixdiff_matched_real,data/HFCF_small_160.parquet,0,2304,0029163.png,PNG,LandscapesHQ,,train,0,Real,train_v3_additions/real/cf_train_v3_pixdiff_matched_real_18c735e6320be0be_0029163.png.png,complete
cf_train_v3_pixdiff_matched_real_1927b849c38f8a07,pixdiff_matched_real,data/HFCF_small_160.parquet,0,97,0067036.png,PNG,LandscapesHQ,,train,0,Real,train_v3_additions/real/cf_train_v3_pixdiff_matched_real_1927b849c38f8a07_0067036.png.png,complete
cf_train_v3_pixdiff_matched_real_1963e2cda6abc1c4,pixdiff_matched_real,data/HFCF_small_160.parquet,0,2331,0016146.png,PNG,LandscapesHQ,,train,0,Real,train_v3_additions/real/cf_train_v3_pixdiff_matched_real_1963e2cda6abc1c4_0016146.png.png,complete
cf_train_v3_pixdiff_matched_real_19c33991a854932d,pixdiff_matched_real,data/HFCF_small_160.parquet,0,2432,0031112.png,PNG,LandscapesHQ,,train,0,Real,train_v3_additions/real/cf_train_v3_pixdiff_matched_real_19c33991a854932d_0031112.png.png,complete
cf_train_v3_pixdiff_matched_real_1a035a1f4f42a474,pixdiff_matched_real,data/HFCF_small_160.parquet,0,2565,0003616.png,PNG,LandscapesHQ,,train,0,Real,train_v3_additions/real/cf_train_v3_pixdiff_matched_real_1a035a1f4f42a474_0003616.png.png,complete
cf_train_v3_pixdiff_matched_real_1a28ef1344b8a7cb,pixdiff_matched_real,data/HFCF_small_160.parquet,0,2548,0028078.png,PNG,LandscapesHQ,,train,0,Real,train_v3_additions/real/cf_train_v3_pixdiff_matched_real_1a28ef1344b8a7cb_0028078.png.png,complete
cf_train_v3_pixdiff_matched_real_1ad62128a431b09b,pixdiff_matched_real,data/HFCF_small_160.parquet,0,711,0018153.png,PNG,LandscapesHQ,,train,0,Real,train_v3_additions/real/cf_train_v3_pixdiff_matched_real_1ad62128a431b09b_0018153.png.png,complete
cf_train_v3_pixdiff_matched_real_1ae3c11e852d2a07,pixdiff_matched_real,data/HFCF_small_160.parquet,0,1055,0033275.png,PNG,LandscapesHQ,,train,0,Real,train_v3_additions/real/cf_train_v3_pixdiff_matched_real_1ae3c11e852d2a07_0033275.png.png,complete
cf_train_v3_pixdiff_matched_real_1b07e9f903077b41,pixdiff_matched_real,data/HFCF_small_160.parquet,0,1546,0000486.png,PNG,LandscapesHQ,,train,0,Real,train_v3_additions/real/cf_train_v3_pixdiff_matched_real_1b07e9f903077b41_0000486.png.png,complete
cf_train_v3_pixdiff_matched_real_1b650e3d8d5050af,pixdiff_matched_real,data/HFCF_small_160.parquet,0,1509,0068467.png,PNG,LandscapesHQ,,train,0,Real,train_v3_additions/real/cf_train_v3_pixdiff_matched_real_1b650e3d8d5050af_0068467.png.png,complete
cf_train_v3_pixdiff_matched_real_1b75c9c8d8d8fd31,pixdiff_matched_real,data/HFCF_small_160.parquet,0,2457,0077144.png,PNG,LandscapesHQ,,train,0,Real,train_v3_additions/real/cf_train_v3_pixdiff_matched_real_1b75c9c8d8d8fd31_0077144.png.png,complete
cf_train_v3_pixdiff_matched_real_1bef08c44aa88b64,pixdiff_matched_real,data/HFCF_small_160.parquet,0,2280,0009920.png,PNG,LandscapesHQ,,train,0,Real,train_v3_additions/real/cf_train_v3_pixdiff_matched_real_1bef08c44aa88b64_0009920.png.png,complete
cf_train_v3_pixdiff_matched_real_1bf1439e96a47333,pixdiff_matched_real,data/HFCF_small_160.parquet,0,1999,0051741.png,PNG,LandscapesHQ,,train,0,Real,train_v3_additions/real/cf_train_v3_pixdiff_matched_real_1bf1439e96a47333_0051741.png.png,complete
cf_train_v3_pixdiff_matched_real_1bf15ae5148134fd,pixdiff_matched_real,data/HFCF_small_160.parquet,0,728,0021100.png,PNG,LandscapesHQ,,train,0,Real,train_v3_additions/real/cf_train_v3_pixdiff_matched_real_1bf15ae5148134fd_0021100.png.png,complete
cf_train_v3_pixdiff_matched_real_1c927d18b6f7c687,pixdiff_matched_real,data/HFCF_small_160.parquet,0,2781,0045904.png,PNG,LandscapesHQ,,train,0,Real,train_v3_additions/real/cf_train_v3_pixdiff_matched_real_1c927d18b6f7c687_0045904.png.png,complete
cf_train_v3_pixdiff_matched_real_1cc6fa90714dd298,pixdiff_matched_real,data/HFCF_small_160.parquet,0,2005,0001174.png,PNG,LandscapesHQ,,train,0,Real,train_v3_additions/real/cf_train_v3_pixdiff_matched_real_1cc6fa90714dd298_0001174.png.png,complete
cf_train_v3_pixdiff_matched_real_1d72c01a6f5e3d75,pixdiff_matched_real,data/HFCF_small_160.parquet,0,2946,0003189.png,PNG,LandscapesHQ,,train,0,Real,train_v3_additions/real/cf_train_v3_pixdiff_matched_real_1d72c01a6f5e3d75_0003189.png.png,complete
cf_train_v3_pixdiff_matched_real_1d79af33b73e44db,pixdiff_matched_real,data/HFCF_small_160.parquet,0,2496,0009501.png,PNG,LandscapesHQ,,train,0,Real,train_v3_additions/real/cf_train_v3_pixdiff_matched_real_1d79af33b73e44db_0009501.png.png,complete
cf_train_v3_pixdiff_matched_real_1d842d05f5c6516b,pixdiff_matched_real,data/HFCF_small_160.parquet,0,2579,0013759.png,PNG,LandscapesHQ,,train,0,Real,train_v3_additions/real/cf_train_v3_pixdiff_matched_real_1d842d05f5c6516b_0013759.png.png,complete
cf_train_v3_pixdiff_matched_real_1dc610b83c0df619,pixdiff_matched_real,data/HFCF_small_160.parquet,0,2078,0082042.png,PNG,LandscapesHQ,,train,0,Real,train_v3_additions/real/cf_train_v3_pixdiff_matched_real_1dc610b83c0df619_0082042.png.png,complete
cf_train_v3_pixdiff_matched_real_1e00031074a88dec,pixdiff_matched_real,data/HFCF_small_160.parquet,0,303,0060983.png,PNG,LandscapesHQ,,train,0,Real,train_v3_additions/real/cf_train_v3_pixdiff_matched_real_1e00031074a88dec_0060983.png.png,complete
cf_train_v3_pixdiff_matched_real_1e1df9a590da955a,pixdiff_matched_real,data/HFCF_small_160.parquet,0,51,0059696.png,PNG,LandscapesHQ,,train,0,Real,train_v3_additions/real/cf_train_v3_pixdiff_matched_real_1e1df9a590da955a_0059696.png.png,complete
cf_train_v3_pixdiff_matched_real_1e6ff7a3001571dc,pixdiff_matched_real,data/HFCF_small_160.parquet,0,2569,0019512.png,PNG,LandscapesHQ,,train,0,Real,train_v3_additions/real/cf_train_v3_pixdiff_matched_real_1e6ff7a3001571dc_0019512.png.png,complete
cf_train_v3_pixdiff_matched_real_1e8321b955cbbacc,pixdiff_matched_real,data/HFCF_small_160.parquet,0,238,0030544.png,PNG,LandscapesHQ,,train,0,Real,train_v3_additions/real/cf_train_v3_pixdiff_matched_real_1e8321b955cbbacc_0030544.png.png,complete
cf_train_v3_pixdiff_matched_real_1e892589ff08a966,pixdiff_matched_real,data/HFCF_small_160.parquet,0,425,0008353.png,PNG,LandscapesHQ,,train,0,Real,train_v3_additions/real/cf_train_v3_pixdiff_matched_real_1e892589ff08a966_0008353.png.png,complete
cf_train_v3_pixdiff_matched_real_1e95beba0a67a409,pixdiff_matched_real,data/HFCF_small_160.parquet,0,1005,0069555.png,PNG,LandscapesHQ,,train,0,Real,train_v3_additions/real/cf_train_v3_pixdiff_matched_real_1e95beba0a67a409_0069555.png.png,complete
cf_train_v3_pixdiff_matched_real_1eaff322a3950fb7,pixdiff_matched_real,data/HFCF_small_160.parquet,0,1035,0006233.png,PNG,LandscapesHQ,,train,0,Real,train_v3_additions/real/cf_train_v3_pixdiff_matched_real_1eaff322a3950fb7_0006233.png.png,complete
cf_train_v3_pixdiff_matched_real_1f806076d9a2ec43,pixdiff_matched_real,data/HFCF_small_160.parquet,0,859,0004379.png,PNG,LandscapesHQ,,train,0,Real,train_v3_additions/real/cf_train_v3_pixdiff_matched_real_1f806076d9a2ec43_0004379.png.png,complete
cf_train_v3_pixdiff_matched_real_1fbf0c379b203f2f,pixdiff_matched_real,data/HFCF_small_160.parquet,0,2736,0062404.png,PNG,LandscapesHQ,,train,0,Real,train_v3_additions/real/cf_train_v3_pixdiff_matched_real_1fbf0c379b203f2f_0062404.png.png,complete
cf_train_v3_pixdiff_matched_real_1ffb4e82097aff94,pixdiff_matched_real,data/HFCF_small_160.parquet,0,1584,0015739.png,PNG,LandscapesHQ,,train,0,Real,train_v3_additions/real/cf_train_v3_pixdiff_matched_real_1ffb4e82097aff94_0015739.png.png,complete
cf_train_v3_pixdiff_matched_real_2019da4734e3e4e9,pixdiff_matched_real,data/HFCF_small_160.parquet,0,1918,0027229.png,PNG,LandscapesHQ,,train,0,Real,train_v3_additions/real/cf_train_v3_pixdiff_matched_real_2019da4734e3e4e9_0027229.png.png,complete
cf_train_v3_pixdiff_matched_real_2084a2c5a5bb8aa4,pixdiff_matched_real,data/HFCF_small_160.parquet,0,2801,0053021.png,PNG,LandscapesHQ,,train,0,Real,train_v3_additions/real/cf_train_v3_pixdiff_matched_real_2084a2c5a5bb8aa4_0053021.png.png,complete
cf_train_v3_pixdiff_matched_real_209a0354ab793078,pixdiff_matched_real,data/HFCF_small_160.parquet,0,1301,0055133.png,PNG,LandscapesHQ,,train,0,Real,train_v3_additions/real/cf_train_v3_pixdiff_matched_real_209a0354ab793078_0055133.png.png,complete
cf_train_v3_pixdiff_matched_real_20bacb26c4d0d91f,pixdiff_matched_real,data/HFCF_small_160.parquet,0,1229,0013994.png,PNG,LandscapesHQ,,train,0,Real,train_v3_additions/real/cf_train_v3_pixdiff_matched_real_20bacb26c4d0d91f_0013994.png.png,complete
cf_train_v3_pixdiff_matched_real_20d5b2dcbd1f779e,pixdiff_matched_real,data/HFCF_small_160.parquet,0,323,0036278.png,PNG,LandscapesHQ,,train,0,Real,train_v3_additions/real/cf_train_v3_pixdiff_matched_real_20d5b2dcbd1f779e_0036278.png.png,complete
cf_train_v3_pixdiff_matched_real_20e5de2884e546c4,pixdiff_matched_real,data/HFCF_small_160.parquet,0,307,0035604.png,PNG,LandscapesHQ,,train,0,Real,train_v3_additions/real/cf_train_v3_pixdiff_matched_real_20e5de2884e546c4_0035604.png.png,complete
cf_train_v3_pixdiff_matched_real_210892b86f7dce1c,pixdiff_matched_real,data/HFCF_small_160.parquet,0,1403,0069794.png,PNG,LandscapesHQ,,train,0,Real,train_v3_additions/real/cf_train_v3_pixdiff_matched_real_210892b86f7dce1c_0069794.png.png,complete
cf_train_v3_pixdiff_matched_real_2127378ce87b6ae3,pixdiff_matched_real,data/HFCF_small_160.parquet,0,1481,0013348.png,PNG,LandscapesHQ,,train,0,Real,train_v3_additions/real/cf_train_v3_pixdiff_matched_real_2127378ce87b6ae3_0013348.png.png,complete
cf_train_v3_pixdiff_matched_real_2131849895581483,pixdiff_matched_real,data/HFCF_small_160.parquet,0,1682,0004343.png,PNG,LandscapesHQ,,train,0,Real,train_v3_additions/real/cf_train_v3_pixdiff_matched_real_2131849895581483_0004343.png.png,complete
cf_train_v3_pixdiff_matched_real_213636f520d1b0f3,pixdiff_matched_real,data/HFCF_small_160.parquet,0,615,0052072.png,PNG,LandscapesHQ,,train,0,Real,train_v3_additions/real/cf_train_v3_pixdiff_matched_real_213636f520d1b0f3_0052072.png.png,complete
cf_train_v3_pixdiff_matched_real_214ca72d7d0fa0d1,pixdiff_matched_real,data/HFCF_small_160.parquet,0,388,0018554.png,PNG,LandscapesHQ,,train,0,Real,train_v3_additions/real/cf_train_v3_pixdiff_matched_real_214ca72d7d0fa0d1_0018554.png.png,complete
cf_train_v3_pixdiff_matched_real_224656b15b726ff5,pixdiff_matched_real,data/HFCF_small_160.parquet,0,2620,0019857.png,PNG,LandscapesHQ,,train,0,Real,train_v3_additions/real/cf_train_v3_pixdiff_matched_real_224656b15b726ff5_0019857.png.png,complete
cf_train_v3_pixdiff_matched_real_228f1c52e0db9e73,pixdiff_matched_real,data/HFCF_small_160.parquet,0,2520,0080055.png,PNG,LandscapesHQ,,train,0,Real,train_v3_additions/real/cf_train_v3_pixdiff_matched_real_228f1c52e0db9e73_0080055.png.png,complete
cf_train_v3_pixdiff_matched_real_229c3169f62f6e89,pixdiff_matched_real,data/HFCF_small_160.parquet,0,919,0044038.png,PNG,LandscapesHQ,,train,0,Real,train_v3_additions/real/cf_train_v3_pixdiff_matched_real_229c3169f62f6e89_0044038.png.png,complete
cf_train_v3_pixdiff_matched_real_23260fa264f52efe,pixdiff_matched_real,data/HFCF_small_160.parquet,0,2645,0057653.png,PNG,LandscapesHQ,,train,0,Real,train_v3_additions/real/cf_train_v3_pixdiff_matched_real_23260fa264f52efe_0057653.png.png,complete
cf_train_v3_pixdiff_matched_real_234d857e465b06d0,pixdiff_matched_real,data/HFCF_small_160.parquet,0,2371,0012324.png,PNG,LandscapesHQ,,train,0,Real,train_v3_additions/real/cf_train_v3_pixdiff_matched_real_234d857e465b06d0_0012324.png.png,complete
cf_train_v3_pixdiff_matched_real_2350291334ed8384,pixdiff_matched_real,data/HFCF_small_160.parquet,0,2115,0047535.png,PNG,LandscapesHQ,,train,0,Real,train_v3_additions/real/cf_train_v3_pixdiff_matched_real_2350291334ed8384_0047535.png.png,complete
cf_train_v3_pixdiff_matched_real_2375237bd4b3bcbf,pixdiff_matched_real,data/HFCF_small_160.parquet,0,1543,0002519.png,PNG,LandscapesHQ,,train,0,Real,train_v3_additions/real/cf_train_v3_pixdiff_matched_real_2375237bd4b3bcbf_0002519.png.png,complete
cf_train_v3_pixdiff_matched_real_23f74b55ad93b27f,pixdiff_matched_real,data/HFCF_small_160.parquet,0,2578,0041794.png,PNG,LandscapesHQ,,train,0,Real,train_v3_additions/real/cf_train_v3_pixdiff_matched_real_23f74b55ad93b27f_0041794.png.png,complete
cf_train_v3_pixdiff_matched_real_2417053f371fd618,pixdiff_matched_real,data/HFCF_small_160.parquet,0,337,0060771.png,PNG,LandscapesHQ,,train,0,Real,train_v3_additions/real/cf_train_v3_pixdiff_matched_real_2417053f371fd618_0060771.png.png,complete
cf_train_v3_pixdiff_matched_real_24c5b6d90f73ff2b,pixdiff_matched_real,data/HFCF_small_160.parquet,0,1060,0001176.png,PNG,LandscapesHQ,,train,0,Real,train_v3_additions/real/cf_train_v3_pixdiff_matched_real_24c5b6d90f73ff2b_0001176.png.png,complete
cf_train_v3_pixdiff_matched_real_252276059d68c412,pixdiff_matched_real,data/HFCF_small_160.parquet,0,1002,0019704.png,PNG,LandscapesHQ,,train,0,Real,train_v3_additions/real/cf_train_v3_pixdiff_matched_real_252276059d68c412_0019704.png.png,complete
cf_train_v3_pixdiff_matched_real_25889158e3af4df7,pixdiff_matched_real,data/HFCF_small_160.parquet,0,2871,0084225.png,PNG,LandscapesHQ,,train,0,Real,train_v3_additions/real/cf_train_v3_pixdiff_matched_real_25889158e3af4df7_0084225.png.png,complete
cf_train_v3_pixdiff_matched_real_25b3b986c4d976e0,pixdiff_matched_real,data/HFCF_small_160.parquet,0,2611,0076488.png,PNG,LandscapesHQ,,train,0,Real,train_v3_additions/real/cf_train_v3_pixdiff_matched_real_25b3b986c4d976e0_0076488.png.png,complete
cf_train_v3_pixdiff_matched_real_25e169a5abb71d00,pixdiff_matched_real,data/HFCF_small_160.parquet,0,2964,0005689.png,PNG,LandscapesHQ,,train,0,Real,train_v3_additions/real/cf_train_v3_pixdiff_matched_real_25e169a5abb71d00_0005689.png.png,complete
cf_train_v3_pixdiff_matched_real_26165576f77e3dde,pixdiff_matched_real,data/HFCF_small_160.parquet,0,513,0082120.png,PNG,LandscapesHQ,,train,0,Real,train_v3_additions/real/cf_train_v3_pixdiff_matched_real_26165576f77e3dde_0082120.png.png,complete
cf_train_v3_pixdiff_matched_real_26c953deadae7ca7,pixdiff_matched_real,data/HFCF_small_160.parquet,0,696,0088633.png,PNG,LandscapesHQ,,train,0,Real,train_v3_additions/real/cf_train_v3_pixdiff_matched_real_26c953deadae7ca7_0088633.png.png,complete
cf_train_v3_pixdiff_matched_real_26d2eff17a7af5dd,pixdiff_matched_real,data/HFCF_small_160.parquet,0,604,0017473.png,PNG,LandscapesHQ,,train,0,Real,train_v3_additions/real/cf_train_v3_pixdiff_matched_real_26d2eff17a7af5dd_0017473.png.png,complete
cf_train_v3_pixdiff_matched_real_26e30c2a8f620558,pixdiff_matched_real,data/HFCF_small_160.parquet,0,2136,0084392.png,PNG,LandscapesHQ,,train,0,Real,train_v3_additions/real/cf_train_v3_pixdiff_matched_real_26e30c2a8f620558_0084392.png.png,complete
cf_train_v3_pixdiff_matched_real_275c8f4ef4a3e579,pixdiff_matched_real,data/HFCF_small_160.parquet,0,627,0051542.png,PNG,LandscapesHQ,,train,0,Real,train_v3_additions/real/cf_train_v3_pixdiff_matched_real_275c8f4ef4a3e579_0051542.png.png,complete
cf_train_v3_pixdiff_matched_real_275ffdd85892e1f3,pixdiff_matched_real,data/HFCF_small_160.parquet,0,1699,0062831.png,PNG,LandscapesHQ,,train,0,Real,train_v3_additions/real/cf_train_v3_pixdiff_matched_real_275ffdd85892e1f3_0062831.png.png,complete
cf_train_v3_pixdiff_matched_real_27af4a468e09b7b6,pixdiff_matched_real,data/HFCF_small_160.parquet,0,2915,0051393.png,PNG,LandscapesHQ,,train,0,Real,train_v3_additions/real/cf_train_v3_pixdiff_matched_real_27af4a468e09b7b6_0051393.png.png,complete
cf_train_v3_pixdiff_matched_real_281b588b6068694f,pixdiff_matched_real,data/HFCF_small_160.parquet,0,1295,0004578.png,PNG,LandscapesHQ,,train,0,Real,train_v3_additions/real/cf_train_v3_pixdiff_matched_real_281b588b6068694f_0004578.png.png,complete
cf_train_v3_pixdiff_matched_real_28245993d837ba15,pixdiff_matched_real,data/HFCF_small_160.parquet,0,1559,0013173.png,PNG,LandscapesHQ,,train,0,Real,train_v3_additions/real/cf_train_v3_pixdiff_matched_real_28245993d837ba15_0013173.png.png,complete
cf_train_v3_pixdiff_matched_real_2829057f961eb2cd,pixdiff_matched_real,data/HFCF_small_160.parquet,0,2461,0065542.png,PNG,LandscapesHQ,,train,0,Real,train_v3_additions/real/cf_train_v3_pixdiff_matched_real_2829057f961eb2cd_0065542.png.png,complete
cf_train_v3_pixdiff_matched_real_28a48310359d016f,pixdiff_matched_real,data/HFCF_small_160.parquet,0,2727,0054749.png,PNG,LandscapesHQ,,train,0,Real,train_v3_additions/real/cf_train_v3_pixdiff_matched_real_28a48310359d016f_0054749.png.png,complete
cf_train_v3_pixdiff_matched_real_290611c0a191f7bd,pixdiff_matched_real,data/HFCF_small_160.parquet,0,1062,0022030.png,PNG,LandscapesHQ,,train,0,Real,train_v3_additions/real/cf_train_v3_pixdiff_matched_real_290611c0a191f7bd_0022030.png.png,complete
cf_train_v3_pixdiff_matched_real_2949b645b36c06f7,pixdiff_matched_real,data/HFCF_small_160.parquet,0,2523,0045134.png,PNG,LandscapesHQ,,train,0,Real,train_v3_additions/real/cf_train_v3_pixdiff_matched_real_2949b645b36c06f7_0045134.png.png,complete
cf_train_v3_pixdiff_matched_real_295b1d0ee3773356,pixdiff_matched_real,data/HFCF_small_160.parquet,0,158,0086036.png,PNG,LandscapesHQ,,train,0,Real,train_v3_additions/real/cf_train_v3_pixdiff_matched_real_295b1d0ee3773356_0086036.png.png,complete
cf_train_v3_pixdiff_matched_real_29ec1e97afe59b95,pixdiff_matched_real,data/HFCF_small_160.parquet,0,1519,0018742.png,PNG,LandscapesHQ,,train,0,Real,train_v3_additions/real/cf_train_v3_pixdiff_matched_real_29ec1e97afe59b95_0018742.png.png,complete
cf_train_v3_pixdiff_matched_real_2a4b5a277eeb3062,pixdiff_matched_real,data/HFCF_small_160.parquet,0,2932,0019463.png,PNG,LandscapesHQ,,train,0,Real,train_v3_additions/real/cf_train_v3_pixdiff_matched_real_2a4b5a277eeb3062_0019463.png.png,complete
cf_train_v3_pixdiff_matched_real_2a593349bbc2dc4b,pixdiff_matched_real,data/HFCF_small_160.parquet,0,802,0047483.png,PNG,LandscapesHQ,,train,0,Real,train_v3_additions/real/cf_train_v3_pixdiff_matched_real_2a593349bbc2dc4b_0047483.png.png,complete
cf_train_v3_pixdiff_matched_real_2b101d91ab808112,pixdiff_matched_real,data/HFCF_small_160.parquet,0,2258,0069344.png,PNG,LandscapesHQ,,train,0,Real,train_v3_additions/real/cf_train_v3_pixdiff_matched_real_2b101d91ab808112_0069344.png.png,complete
cf_train_v3_pixdiff_matched_real_2b122825cf4c077a,pixdiff_matched_real,data/HFCF_small_160.parquet,0,2099,0014341.png,PNG,LandscapesHQ,,train,0,Real,train_v3_additions/real/cf_train_v3_pixdiff_matched_real_2b122825cf4c077a_0014341.png.png,complete
cf_train_v3_pixdiff_matched_real_2b7cc1dfa6b64409,pixdiff_matched_real,data/HFCF_small_160.parquet,0,379,0083832.png,PNG,LandscapesHQ,,train,0,Real,train_v3_additions/real/cf_train_v3_pixdiff_matched_real_2b7cc1dfa6b64409_0083832.png.png,complete
cf_train_v3_pixdiff_matched_real_2b8ef36d71bfdb24,pixdiff_matched_real,data/HFCF_small_160.parquet,0,1606,0054202.png,PNG,LandscapesHQ,,train,0,Real,train_v3_additions/real/cf_train_v3_pixdiff_matched_real_2b8ef36d71bfdb24_0054202.png.png,complete
cf_train_v3_pixdiff_matched_real_2c16cebd283150f6,pixdiff_matched_real,data/HFCF_small_160.parquet,0,95,0019060.png,PNG,LandscapesHQ,,train,0,Real,train_v3_additions/real/cf_train_v3_pixdiff_matched_real_2c16cebd283150f6_0019060.png.png,complete
cf_train_v3_pixdiff_matched_real_2cf146bb16ce55e1,pixdiff_matched_real,data/HFCF_small_160.parquet,0,2820,0024903.png,PNG,LandscapesHQ,,train,0,Real,train_v3_additions/real/cf_train_v3_pixdiff_matched_real_2cf146bb16ce55e1_0024903.png.png,complete
cf_train_v3_pixdiff_matched_real_2d3312694c73cfda,pixdiff_matched_real,data/HFCF_small_160.parquet,0,2089,0031303.png,PNG,LandscapesHQ,,train,0,Real,train_v3_additions/real/cf_train_v3_pixdiff_matched_real_2d3312694c73cfda_0031303.png.png,complete
cf_train_v3_pixdiff_matched_real_2d722fd8b9dffeca,pixdiff_matched_real,data/HFCF_small_160.parquet,0,2935,0032975.png,PNG,LandscapesHQ,,train,0,Real,train_v3_additions/real/cf_train_v3_pixdiff_matched_real_2d722fd8b9dffeca_0032975.png.png,complete
cf_train_v3_pixdiff_matched_real_2db488185bfae2a1,pixdiff_matched_real,data/HFCF_small_160.parquet,0,914,0066713.png,PNG,LandscapesHQ,,train,0,Real,train_v3_additions/real/cf_train_v3_pixdiff_matched_real_2db488185bfae2a1_0066713.png.png,complete
cf_train_v3_pixdiff_matched_real_2deadf4af44fd8b2,pixdiff_matched_real,data/HFCF_small_160.parquet,0,2071,0025968.png,PNG,LandscapesHQ,,train,0,Real,train_v3_additions/real/cf_train_v3_pixdiff_matched_real_2deadf4af44fd8b2_0025968.png.png,complete
cf_train_v3_pixdiff_matched_real_2df58e350e28020b,pixdiff_matched_real,data/HFCF_small_160.parquet,0,2051,0080726.png,PNG,LandscapesHQ,,train,0,Real,train_v3_additions/real/cf_train_v3_pixdiff_matched_real_2df58e350e28020b_0080726.png.png,complete
cf_train_v3_pixdiff_matched_real_2e0cb62f01b62c4a,pixdiff_matched_real,data/HFCF_small_160.parquet,0,1436,0081402.png,PNG,LandscapesHQ,,train,0,Real,train_v3_additions/real/cf_train_v3_pixdiff_matched_real_2e0cb62f01b62c4a_0081402.png.png,complete
cf_train_v3_pixdiff_matched_real_2e766c8d0746382d,pixdiff_matched_real,data/HFCF_small_160.parquet,0,2102,0008594.png,PNG,LandscapesHQ,,train,0,Real,train_v3_additions/real/cf_train_v3_pixdiff_matched_real_2e766c8d0746382d_0008594.png.png,complete
cf_train_v3_pixdiff_matched_real_2edd3fa54e427bcc,pixdiff_matched_real,data/HFCF_small_160.parquet,0,1272,0054001.png,PNG,LandscapesHQ,,train,0,Real,train_v3_additions/real/cf_train_v3_pixdiff_matched_real_2edd3fa54e427bcc_0054001.png.png,complete
cf_train_v3_pixdiff_matched_real_2f278711d9049d47,pixdiff_matched_real,data/HFCF_small_160.parquet,0,858,0089703.png,PNG,LandscapesHQ,,train,0,Real,train_v3_additions/real/cf_train_v3_pixdiff_matched_real_2f278711d9049d47_0089703.png.png,complete
cf_train_v3_pixdiff_matched_real_2f4cf4a84f472530,pixdiff_matched_real,data/HFCF_small_160.parquet,0,82,0067815.png,PNG,LandscapesHQ,,train,0,Real,train_v3_additions/real/cf_train_v3_pixdiff_matched_real_2f4cf4a84f472530_0067815.png.png,complete
cf_train_v3_pixdiff_matched_real_2f51d79055500d8a,pixdiff_matched_real,data/HFCF_small_160.parquet,0,2539,0009448.png,PNG,LandscapesHQ,,train,0,Real,train_v3_additions/real/cf_train_v3_pixdiff_matched_real_2f51d79055500d8a_0009448.png.png,complete
cf_train_v3_pixdiff_matched_real_2fbe2a3a6d1ba09a,pixdiff_matched_real,data/HFCF_small_160.parquet,0,786,0062997.png,PNG,LandscapesHQ,,train,0,Real,train_v3_additions/real/cf_train_v3_pixdiff_matched_real_2fbe2a3a6d1ba09a_0062997.png.png,complete
cf_train_v3_pixdiff_matched_real_2ff391de5d25c63f,pixdiff_matched_real,data/HFCF_small_160.parquet,0,1663,0058598.png,PNG,LandscapesHQ,,train,0,Real,train_v3_additions/real/cf_train_v3_pixdiff_matched_real_2ff391de5d25c63f_0058598.png.png,complete
cf_train_v3_pixdiff_matched_real_2ffbebb7383b33d9,pixdiff_matched_real,data/HFCF_small_160.parquet,0,1971,0024457.png,PNG,LandscapesHQ,,train,0,Real,train_v3_additions/real/cf_train_v3_pixdiff_matched_real_2ffbebb7383b33d9_0024457.png.png,complete
cf_train_v3_pixdiff_matched_real_3004b9c758590a0a,pixdiff_matched_real,data/HFCF_small_160.parquet,0,261,0067754.png,PNG,LandscapesHQ,,train,0,Real,train_v3_additions/real/cf_train_v3_pixdiff_matched_real_3004b9c758590a0a_0067754.png.png,complete
cf_train_v3_pixdiff_matched_real_306793b777759431,pixdiff_matched_real,data/HFCF_small_160.parquet,0,311,0081588.png,PNG,LandscapesHQ,,train,0,Real,train_v3_additions/real/cf_train_v3_pixdiff_matched_real_306793b777759431_0081588.png.png,complete
cf_train_v3_pixdiff_matched_real_307249b09ec15fe6,pixdiff_matched_real,data/HFCF_small_160.parquet,0,2978,0020781.png,PNG,LandscapesHQ,,train,0,Real,train_v3_additions/real/cf_train_v3_pixdiff_matched_real_307249b09ec15fe6_0020781.png.png,complete
cf_train_v3_pixdiff_matched_real_307c08b8168d626f,pixdiff_matched_real,data/HFCF_small_160.parquet,0,674,0058374.png,PNG,LandscapesHQ,,train,0,Real,train_v3_additions/real/cf_train_v3_pixdiff_matched_real_307c08b8168d626f_0058374.png.png,complete
cf_train_v3_pixdiff_matched_real_308f292c7c818565,pixdiff_matched_real,data/HFCF_small_160.parquet,0,1116,0005316.png,PNG,LandscapesHQ,,train,0,Real,train_v3_additions/real/cf_train_v3_pixdiff_matched_real_308f292c7c818565_0005316.png.png,complete
cf_train_v3_pixdiff_matched_real_30a61470f76f7b70,pixdiff_matched_real,data/HFCF_small_160.parquet,0,1004,0087715.png,PNG,LandscapesHQ,,train,0,Real,train_v3_additions/real/cf_train_v3_pixdiff_matched_real_30a61470f76f7b70_0087715.png.png,complete
cf_train_v3_pixdiff_matched_real_3127f6444365649d,pixdiff_matched_real,data/HFCF_small_160.parquet,0,2160,0053632.png,PNG,LandscapesHQ,,train,0,Real,train_v3_additions/real/cf_train_v3_pixdiff_matched_real_3127f6444365649d_0053632.png.png,complete
cf_train_v3_pixdiff_matched_real_313c29291957c841,pixdiff_matched_real,data/HFCF_small_160.parquet,0,1469,0036445.png,PNG,LandscapesHQ,,train,0,Real,train_v3_additions/real/cf_train_v3_pixdiff_matched_real_313c29291957c841_0036445.png.png,complete
cf_train_v3_pixdiff_matched_real_3157dae1ae199f4e,pixdiff_matched_real,data/HFCF_small_160.parquet,0,705,0049309.png,PNG,LandscapesHQ,,train,0,Real,train_v3_additions/real/cf_train_v3_pixdiff_matched_real_3157dae1ae199f4e_0049309.png.png,complete
cf_train_v3_pixdiff_matched_real_31da2b73dc308729,pixdiff_matched_real,data/HFCF_small_160.parquet,0,2359,0089117.png,PNG,LandscapesHQ,,train,0,Real,train_v3_additions/real/cf_train_v3_pixdiff_matched_real_31da2b73dc308729_0089117.png.png,complete
cf_train_v3_pixdiff_matched_real_320fa8d738314701,pixdiff_matched_real,data/HFCF_small_160.parquet,0,1420,0068306.png,PNG,LandscapesHQ,,train,0,Real,train_v3_additions/real/cf_train_v3_pixdiff_matched_real_320fa8d738314701_0068306.png.png,complete
cf_train_v3_pixdiff_matched_real_322a39ab56de4198,pixdiff_matched_real,data/HFCF_small_160.parquet,0,336,0057929.png,PNG,LandscapesHQ,,train,0,Real,train_v3_additions/real/cf_train_v3_pixdiff_matched_real_322a39ab56de4198_0057929.png.png,complete
cf_train_v3_pixdiff_matched_real_3245d51463308c7b,pixdiff_matched_real,data/HFCF_small_160.parquet,0,2597,0039348.png,PNG,LandscapesHQ,,train,0,Real,train_v3_additions/real/cf_train_v3_pixdiff_matched_real_3245d51463308c7b_0039348.png.png,complete
cf_train_v3_pixdiff_matched_real_32a090305f7243f4,pixdiff_matched_real,data/HFCF_small_160.parquet,0,1552,0050473.png,PNG,LandscapesHQ,,train,0,Real,train_v3_additions/real/cf_train_v3_pixdiff_matched_real_32a090305f7243f4_0050473.png.png,complete
cf_train_v3_pixdiff_matched_real_336db85fd6906760,pixdiff_matched_real,data/HFCF_small_160.parquet,0,1631,0012094.png,PNG,LandscapesHQ,,train,0,Real,train_v3_additions/real/cf_train_v3_pixdiff_matched_real_336db85fd6906760_0012094.png.png,complete
cf_train_v3_pixdiff_matched_real_33874fa02a159d67,pixdiff_matched_real,data/HFCF_small_160.parquet,0,136,0053756.png,PNG,LandscapesHQ,,train,0,Real,train_v3_additions/real/cf_train_v3_pixdiff_matched_real_33874fa02a159d67_0053756.png.png,complete
cf_train_v3_pixdiff_matched_real_33af2b1a25544724,pixdiff_matched_real,data/HFCF_small_160.parquet,0,2027,0078128.png,PNG,LandscapesHQ,,train,0,Real,train_v3_additions/real/cf_train_v3_pixdiff_matched_real_33af2b1a25544724_0078128.png.png,complete
cf_train_v3_pixdiff_matched_real_33f08cc804d33f7b,pixdiff_matched_real,data/HFCF_small_160.parquet,0,1624,0073286.png,PNG,LandscapesHQ,,train,0,Real,train_v3_additions/real/cf_train_v3_pixdiff_matched_real_33f08cc804d33f7b_0073286.png.png,complete
cf_train_v3_pixdiff_matched_real_3492ca5309967f8c,pixdiff_matched_real,data/HFCF_small_160.parquet,0,2243,0081003.png,PNG,LandscapesHQ,,train,0,Real,train_v3_additions/real/cf_train_v3_pixdiff_matched_real_3492ca5309967f8c_0081003.png.png,complete
cf_train_v3_pixdiff_matched_real_34935b868b18226a,pixdiff_matched_real,data/HFCF_small_160.parquet,0,2439,0076272.png,PNG,LandscapesHQ,,train,0,Real,train_v3_additions/real/cf_train_v3_pixdiff_matched_real_34935b868b18226a_0076272.png.png,complete
cf_train_v3_pixdiff_matched_real_34ac2f9d2dfa5740,pixdiff_matched_real,data/HFCF_small_160.parquet,0,1371,0073290.png,PNG,LandscapesHQ,,train,0,Real,train_v3_additions/real/cf_train_v3_pixdiff_matched_real_34ac2f9d2dfa5740_0073290.png.png,complete
cf_train_v3_pixdiff_matched_real_34b3c36c39f2ae63,pixdiff_matched_real,data/HFCF_small_160.parquet,0,2746,0049695.png,PNG,LandscapesHQ,,train,0,Real,train_v3_additions/real/cf_train_v3_pixdiff_matched_real_34b3c36c39f2ae63_0049695.png.png,complete
cf_train_v3_pixdiff_matched_real_359608e4395e7558,pixdiff_matched_real,data/HFCF_small_160.parquet,0,652,0033317.png,PNG,LandscapesHQ,,train,0,Real,train_v3_additions/real/cf_train_v3_pixdiff_matched_real_359608e4395e7558_0033317.png.png,complete
cf_train_v3_pixdiff_matched_real_35c683609d40cfa2,pixdiff_matched_real,data/HFCF_small_160.parquet,0,2479,0026444.png,PNG,LandscapesHQ,,train,0,Real,train_v3_additions/real/cf_train_v3_pixdiff_matched_real_35c683609d40cfa2_0026444.png.png,complete
cf_train_v3_pixdiff_matched_real_35f9fa4aa0303b2d,pixdiff_matched_real,data/HFCF_small_160.parquet,0,1415,0064512.png,PNG,LandscapesHQ,,train,0,Real,train_v3_additions/real/cf_train_v3_pixdiff_matched_real_35f9fa4aa0303b2d_0064512.png.png,complete
cf_train_v3_pixdiff_matched_real_36400dfdf82e044e,pixdiff_matched_real,data/HFCF_small_160.parquet,0,1582,0083199.png,PNG,LandscapesHQ,,train,0,Real,train_v3_additions/real/cf_train_v3_pixdiff_matched_real_36400dfdf82e044e_0083199.png.png,complete
cf_train_v3_pixdiff_matched_real_36576b59498d24af,pixdiff_matched_real,data/HFCF_small_160.parquet,0,1404,0084022.png,PNG,LandscapesHQ,,train,0,Real,train_v3_additions/real/cf_train_v3_pixdiff_matched_real_36576b59498d24af_0084022.png.png,complete
cf_train_v3_pixdiff_matched_real_371674fe73bfde0f,pixdiff_matched_real,data/HFCF_small_160.parquet,0,1857,0043034.png,PNG,LandscapesHQ,,train,0,Real,train_v3_additions/real/cf_train_v3_pixdiff_matched_real_371674fe73bfde0f_0043034.png.png,complete
cf_train_v3_pixdiff_matched_real_377bf5959364aa76,pixdiff_matched_real,data/HFCF_small_160.parquet,0,73,0002642.png,PNG,LandscapesHQ,,train,0,Real,train_v3_additions/real/cf_train_v3_pixdiff_matched_real_377bf5959364aa76_0002642.png.png,complete
cf_train_v3_pixdiff_matched_real_37895805809391be,pixdiff_matched_real,data/HFCF_small_160.parquet,0,1450,0043218.png,PNG,LandscapesHQ,,train,0,Real,train_v3_additions/real/cf_train_v3_pixdiff_matched_real_37895805809391be_0043218.png.png,complete
cf_train_v3_pixdiff_matched_real_3794517222fa1c99,pixdiff_matched_real,data/HFCF_small_160.parquet,0,2826,0022769.png,PNG,LandscapesHQ,,train,0,Real,train_v3_additions/real/cf_train_v3_pixdiff_matched_real_3794517222fa1c99_0022769.png.png,complete
cf_train_v3_pixdiff_matched_real_379ef6b86be4a9c9,pixdiff_matched_real,data/HFCF_small_160.parquet,0,2181,0056953.png,PNG,LandscapesHQ,,train,0,Real,train_v3_additions/real/cf_train_v3_pixdiff_matched_real_379ef6b86be4a9c9_0056953.png.png,complete
cf_train_v3_pixdiff_matched_real_3833828a55924757,pixdiff_matched_real,data/HFCF_small_160.parquet,0,2315,0055859.png,PNG,LandscapesHQ,,train,0,Real,train_v3_additions/real/cf_train_v3_pixdiff_matched_real_3833828a55924757_0055859.png.png,complete
cf_train_v3_pixdiff_matched_real_385db41c9d41e49e,pixdiff_matched_real,data/HFCF_small_160.parquet,0,746,0018828.png,PNG,LandscapesHQ,,train,0,Real,train_v3_additions/real/cf_train_v3_pixdiff_matched_real_385db41c9d41e49e_0018828.png.png,complete
cf_train_v3_pixdiff_matched_real_385e1e99dfe87513,pixdiff_matched_real,data/HFCF_small_160.parquet,0,2955,0075208.png,PNG,LandscapesHQ,,train,0,Real,train_v3_additions/real/cf_train_v3_pixdiff_matched_real_385e1e99dfe87513_0075208.png.png,complete
cf_train_v3_pixdiff_matched_real_38cf06c54da2165c,pixdiff_matched_real,data/HFCF_small_160.parquet,0,2482,0043409.png,PNG,LandscapesHQ,,train,0,Real,train_v3_additions/real/cf_train_v3_pixdiff_matched_real_38cf06c54da2165c_0043409.png.png,complete
cf_train_v3_pixdiff_matched_real_392479cb71068c49,pixdiff_matched_real,data/HFCF_small_160.parquet,0,2644,0060365.png,PNG,LandscapesHQ,,train,0,Real,train_v3_additions/real/cf_train_v3_pixdiff_matched_real_392479cb71068c49_0060365.png.png,complete
cf_train_v3_pixdiff_matched_real_3924817b7a9c06fa,pixdiff_matched_real,data/HFCF_small_160.parquet,0,183,0087075.png,PNG,LandscapesHQ,,train,0,Real,train_v3_additions/real/cf_train_v3_pixdiff_matched_real_3924817b7a9c06fa_0087075.png.png,complete
cf_train_v3_pixdiff_matched_real_396b380492af717b,pixdiff_matched_real,data/HFCF_small_160.parquet,0,42,0014751.png,PNG,LandscapesHQ,,train,0,Real,train_v3_additions/real/cf_train_v3_pixdiff_matched_real_396b380492af717b_0014751.png.png,complete
cf_train_v3_pixdiff_matched_real_39970b8bf631f373,pixdiff_matched_real,data/HFCF_small_160.parquet,0,2917,0088790.png,PNG,LandscapesHQ,,train,0,Real,train_v3_additions/real/cf_train_v3_pixdiff_matched_real_39970b8bf631f373_0088790.png.png,complete
cf_train_v3_pixdiff_matched_real_39b4bcef3c30d907,pixdiff_matched_real,data/HFCF_small_160.parquet,0,562,0089499.png,PNG,LandscapesHQ,,train,0,Real,train_v3_additions/real/cf_train_v3_pixdiff_matched_real_39b4bcef3c30d907_0089499.png.png,complete
cf_train_v3_pixdiff_matched_real_39d7465e9560555d,pixdiff_matched_real,data/HFCF_small_160.parquet,0,2854,0029038.png,PNG,LandscapesHQ,,train,0,Real,train_v3_additions/real/cf_train_v3_pixdiff_matched_real_39d7465e9560555d_0029038.png.png,complete
cf_train_v3_pixdiff_matched_real_39f3fa76b001b5bb,pixdiff_matched_real,data/HFCF_small_160.parquet,0,949,0033476.png,PNG,LandscapesHQ,,train,0,Real,train_v3_additions/real/cf_train_v3_pixdiff_matched_real_39f3fa76b001b5bb_0033476.png.png,complete
cf_train_v3_pixdiff_matched_real_3a3492bfd80c07d4,pixdiff_matched_real,data/HFCF_small_160.parquet,0,2114,0007273.png,PNG,LandscapesHQ,,train,0,Real,train_v3_additions/real/cf_train_v3_pixdiff_matched_real_3a3492bfd80c07d4_0007273.png.png,complete
cf_train_v3_pixdiff_matched_real_3a7aeebe640a6e8e,pixdiff_matched_real,data/HFCF_small_160.parquet,0,1794,0017139.png,PNG,LandscapesHQ,,train,0,Real,train_v3_additions/real/cf_train_v3_pixdiff_matched_real_3a7aeebe640a6e8e_0017139.png.png,complete
cf_train_v3_pixdiff_matched_real_3a9309a81da814cb,pixdiff_matched_real,data/HFCF_small_160.parquet,0,2595,0000491.png,PNG,LandscapesHQ,,train,0,Real,train_v3_additions/real/cf_train_v3_pixdiff_matched_real_3a9309a81da814cb_0000491.png.png,complete
cf_train_v3_pixdiff_matched_real_3ab2ed42930b0eda,pixdiff_matched_real,data/HFCF_small_160.parquet,0,2254,0068115.png,PNG,LandscapesHQ,,train,0,Real,train_v3_additions/real/cf_train_v3_pixdiff_matched_real_3ab2ed42930b0eda_0068115.png.png,complete
cf_train_v3_pixdiff_matched_real_3aedb12cca2064e8,pixdiff_matched_real,data/HFCF_small_160.parquet,0,14,0060982.png,PNG,LandscapesHQ,,train,0,Real,train_v3_additions/real/cf_train_v3_pixdiff_matched_real_3aedb12cca2064e8_0060982.png.png,complete
cf_train_v3_pixdiff_matched_real_3b26799393cffbdd,pixdiff_matched_real,data/HFCF_small_160.parquet,0,791,0060992.png,PNG,LandscapesHQ,,train,0,Real,train_v3_additions/real/cf_train_v3_pixdiff_matched_real_3b26799393cffbdd_0060992.png.png,complete
cf_train_v3_pixdiff_matched_real_3b33b0a9cc85242f,pixdiff_matched_real,data/HFCF_small_160.parquet,0,1279,0004037.png,PNG,LandscapesHQ,,train,0,Real,train_v3_additions/real/cf_train_v3_pixdiff_matched_real_3b33b0a9cc85242f_0004037.png.png,complete
cf_train_v3_pixdiff_matched_real_3b4838f3f3bfd128,pixdiff_matched_real,data/HFCF_small_160.parquet,0,1070,0031515.png,PNG,LandscapesHQ,,train,0,Real,train_v3_additions/real/cf_train_v3_pixdiff_matched_real_3b4838f3f3bfd128_0031515.png.png,complete
cf_train_v3_pixdiff_matched_real_3b4ef7e83f49d6ec,pixdiff_matched_real,data/HFCF_small_160.parquet,0,372,0010450.png,PNG,LandscapesHQ,,train,0,Real,train_v3_additions/real/cf_train_v3_pixdiff_matched_real_3b4ef7e83f49d6ec_0010450.png.png,complete
cf_train_v3_pixdiff_matched_real_3b99a51300122c27,pixdiff_matched_real,data/HFCF_small_160.parquet,0,2564,0082330.png,PNG,LandscapesHQ,,train,0,Real,train_v3_additions/real/cf_train_v3_pixdiff_matched_real_3b99a51300122c27_0082330.png.png,complete
cf_train_v3_pixdiff_matched_real_3bdff3a8e8178d31,pixdiff_matched_real,data/HFCF_small_160.parquet,0,906,0052501.png,PNG,LandscapesHQ,,train,0,Real,train_v3_additions/real/cf_train_v3_pixdiff_matched_real_3bdff3a8e8178d31_0052501.png.png,complete
cf_train_v3_pixdiff_matched_real_3d2e3fa10e982024,pixdiff_matched_real,data/HFCF_small_160.parquet,0,1241,0089462.png,PNG,LandscapesHQ,,train,0,Real,train_v3_additions/real/cf_train_v3_pixdiff_matched_real_3d2e3fa10e982024_0089462.png.png,complete
cf_train_v3_pixdiff_matched_real_3d64edb526031bcd,pixdiff_matched_real,data/HFCF_small_160.parquet,0,695,0001763.png,PNG,LandscapesHQ,,train,0,Real,train_v3_additions/real/cf_train_v3_pixdiff_matched_real_3d64edb526031bcd_0001763.png.png,complete
cf_train_v3_pixdiff_matched_real_3dd815e66af6f97f,pixdiff_matched_real,data/HFCF_small_160.parquet,0,1599,0005313.png,PNG,LandscapesHQ,,train,0,Real,train_v3_additions/real/cf_train_v3_pixdiff_matched_real_3dd815e66af6f97f_0005313.png.png,complete
cf_train_v3_pixdiff_matched_real_3dd966b773cdd195,pixdiff_matched_real,data/HFCF_small_160.parquet,0,1840,0055454.png,PNG,LandscapesHQ,,train,0,Real,train_v3_additions/real/cf_train_v3_pixdiff_matched_real_3dd966b773cdd195_0055454.png.png,complete
cf_train_v3_pixdiff_matched_real_3e75279aa2fd0ad6,pixdiff_matched_real,data/HFCF_small_160.parquet,0,428,0007840.png,PNG,LandscapesHQ,,train,0,Real,train_v3_additions/real/cf_train_v3_pixdiff_matched_real_3e75279aa2fd0ad6_0007840.png.png,complete
cf_train_v3_pixdiff_matched_real_3ed69fdfd23715de,pixdiff_matched_real,data/HFCF_small_160.parquet,0,1256,0023299.png,PNG,LandscapesHQ,,train,0,Real,train_v3_additions/real/cf_train_v3_pixdiff_matched_real_3ed69fdfd23715de_0023299.png.png,complete
cf_train_v3_pixdiff_matched_real_3f0e538abd73971d,pixdiff_matched_real,data/HFCF_small_160.parquet,0,1539,0010244.png,PNG,LandscapesHQ,,train,0,Real,train_v3_additions/real/cf_train_v3_pixdiff_matched_real_3f0e538abd73971d_0010244.png.png,complete
cf_train_v3_pixdiff_matched_real_3f33ae2bd8b05a45,pixdiff_matched_real,data/HFCF_small_160.parquet,0,2541,0036043.png,PNG,LandscapesHQ,,train,0,Real,train_v3_additions/real/cf_train_v3_pixdiff_matched_real_3f33ae2bd8b05a45_0036043.png.png,complete
cf_train_v3_pixdiff_matched_real_3fa8cc91e18a7ea0,pixdiff_matched_real,data/HFCF_small_160.parquet,0,1733,0078927.png,PNG,LandscapesHQ,,train,0,Real,train_v3_additions/real/cf_train_v3_pixdiff_matched_real_3fa8cc91e18a7ea0_0078927.png.png,complete
cf_train_v3_pixdiff_matched_real_3fb446ce89bec854,pixdiff_matched_real,data/HFCF_small_160.parquet,0,353,0058401.png,PNG,LandscapesHQ,,train,0,Real,train_v3_additions/real/cf_train_v3_pixdiff_matched_real_3fb446ce89bec854_0058401.png.png,complete
cf_train_v3_pixdiff_matched_real_3fc5d0f608ce83a1,pixdiff_matched_real,data/HFCF_small_160.parquet,0,1533,0079757.png,PNG,LandscapesHQ,,train,0,Real,train_v3_additions/real/cf_train_v3_pixdiff_matched_real_3fc5d0f608ce83a1_0079757.png.png,complete
cf_train_v3_pixdiff_matched_real_404259c5dd000593,pixdiff_matched_real,data/HFCF_small_160.parquet,0,2036,0060573.png,PNG,LandscapesHQ,,train,0,Real,train_v3_additions/real/cf_train_v3_pixdiff_matched_real_404259c5dd000593_0060573.png.png,complete
cf_train_v3_pixdiff_matched_real_405b3c58bdf3ac5d,pixdiff_matched_real,data/HFCF_small_160.parquet,0,164,0080492.png,PNG,LandscapesHQ,,train,0,Real,train_v3_additions/real/cf_train_v3_pixdiff_matched_real_405b3c58bdf3ac5d_0080492.png.png,complete
cf_train_v3_pixdiff_matched_real_406fa7119fb2f3de,pixdiff_matched_real,data/HFCF_small_160.parquet,0,1986,0011416.png,PNG,LandscapesHQ,,train,0,Real,train_v3_additions/real/cf_train_v3_pixdiff_matched_real_406fa7119fb2f3de_0011416.png.png,complete
cf_train_v3_pixdiff_matched_real_40bd9d46a46d8b31,pixdiff_matched_real,data/HFCF_small_160.parquet,0,1685,0041191.png,PNG,LandscapesHQ,,train,0,Real,train_v3_additions/real/cf_train_v3_pixdiff_matched_real_40bd9d46a46d8b31_0041191.png.png,complete
cf_train_v3_pixdiff_matched_real_40dde04b0bd1b266,pixdiff_matched_real,data/HFCF_small_160.parquet,0,2393,0069544.png,PNG,LandscapesHQ,,train,0,Real,train_v3_additions/real/cf_train_v3_pixdiff_matched_real_40dde04b0bd1b266_0069544.png.png,complete
cf_train_v3_pixdiff_matched_real_412125aa2eb0651c,pixdiff_matched_real,data/HFCF_small_160.parquet,0,2385,0018634.png,PNG,LandscapesHQ,,train,0,Real,train_v3_additions/real/cf_train_v3_pixdiff_matched_real_412125aa2eb0651c_0018634.png.png,complete
cf_train_v3_pixdiff_matched_real_41553abba6b03d53,pixdiff_matched_real,data/HFCF_small_160.parquet,0,925,0085512.png,PNG,LandscapesHQ,,train,0,Real,train_v3_additions/real/cf_train_v3_pixdiff_matched_real_41553abba6b03d53_0085512.png.png,complete
cf_train_v3_pixdiff_matched_real_4179bef4587c713f,pixdiff_matched_real,data/HFCF_small_160.parquet,0,1905,0036281.png,PNG,LandscapesHQ,,train,0,Real,train_v3_additions/real/cf_train_v3_pixdiff_matched_real_4179bef4587c713f_0036281.png.png,complete
cf_train_v3_pixdiff_matched_real_42035dd196f42cf1,pixdiff_matched_real,data/HFCF_small_160.parquet,0,1291,0082694.png,PNG,LandscapesHQ,,train,0,Real,train_v3_additions/real/cf_train_v3_pixdiff_matched_real_42035dd196f42cf1_0082694.png.png,complete
cf_train_v3_pixdiff_matched_real_4294985a4e69f994,pixdiff_matched_real,data/HFCF_small_160.parquet,0,667,0087111.png,PNG,LandscapesHQ,,train,0,Real,train_v3_additions/real/cf_train_v3_pixdiff_matched_real_4294985a4e69f994_0087111.png.png,complete
cf_train_v3_pixdiff_matched_real_42d851f747ffbcb5,pixdiff_matched_real,data/HFCF_small_160.parquet,0,2231,0087260.png,PNG,LandscapesHQ,,train,0,Real,train_v3_additions/real/cf_train_v3_pixdiff_matched_real_42d851f747ffbcb5_0087260.png.png,complete
cf_train_v3_pixdiff_matched_real_42e340743ccc35b3,pixdiff_matched_real,data/HFCF_small_160.parquet,0,1566,0071285.png,PNG,LandscapesHQ,,train,0,Real,train_v3_additions/real/cf_train_v3_pixdiff_matched_real_42e340743ccc35b3_0071285.png.png,complete
cf_train_v3_pixdiff_matched_real_431d16f54f8e675b,pixdiff_matched_real,data/HFCF_small_160.parquet,0,2778,0005311.png,PNG,LandscapesHQ,,train,0,Real,train_v3_additions/real/cf_train_v3_pixdiff_matched_real_431d16f54f8e675b_0005311.png.png,complete
cf_train_v3_pixdiff_matched_real_435dc9a7e2f52e52,pixdiff_matched_real,data/HFCF_small_160.parquet,0,813,0010719.png,PNG,LandscapesHQ,,train,0,Real,train_v3_additions/real/cf_train_v3_pixdiff_matched_real_435dc9a7e2f52e52_0010719.png.png,complete
cf_train_v3_pixdiff_matched_real_437cea0b9d3efc6a,pixdiff_matched_real,data/HFCF_small_160.parquet,0,233,0002493.png,PNG,LandscapesHQ,,train,0,Real,train_v3_additions/real/cf_train_v3_pixdiff_matched_real_437cea0b9d3efc6a_0002493.png.png,complete
cf_train_v3_pixdiff_matched_real_439a51c2195530c1,pixdiff_matched_real,data/HFCF_small_160.parquet,0,872,0026040.png,PNG,LandscapesHQ,,train,0,Real,train_v3_additions/real/cf_train_v3_pixdiff_matched_real_439a51c2195530c1_0026040.png.png,complete
cf_train_v3_pixdiff_matched_real_4497edb6f0a473b8,pixdiff_matched_real,data/HFCF_small_160.parquet,0,766,0078099.png,PNG,LandscapesHQ,,train,0,Real,train_v3_additions/real/cf_train_v3_pixdiff_matched_real_4497edb6f0a473b8_0078099.png.png,complete
cf_train_v3_pixdiff_matched_real_44bcd2a549a9f347,pixdiff_matched_real,data/HFCF_small_160.parquet,0,2877,0015923.png,PNG,LandscapesHQ,,train,0,Real,train_v3_additions/real/cf_train_v3_pixdiff_matched_real_44bcd2a549a9f347_0015923.png.png,complete
cf_train_v3_pixdiff_matched_real_44eda3bf2a033130,pixdiff_matched_real,data/HFCF_small_160.parquet,0,976,0059121.png,PNG,LandscapesHQ,,train,0,Real,train_v3_additions/real/cf_train_v3_pixdiff_matched_real_44eda3bf2a033130_0059121.png.png,complete
cf_train_v3_pixdiff_matched_real_4559e6ec21600306,pixdiff_matched_real,data/HFCF_small_160.parquet,0,1413,0022814.png,PNG,LandscapesHQ,,train,0,Real,train_v3_additions/real/cf_train_v3_pixdiff_matched_real_4559e6ec21600306_0022814.png.png,complete
cf_train_v3_pixdiff_matched_real_45c6e09e1fbc0ed0,pixdiff_matched_real,data/HFCF_small_160.parquet,0,2129,0063889.png,PNG,LandscapesHQ,,train,0,Real,train_v3_additions/real/cf_train_v3_pixdiff_matched_real_45c6e09e1fbc0ed0_0063889.png.png,complete
cf_train_v3_pixdiff_matched_real_45f9d07f37188ccf,pixdiff_matched_real,data/HFCF_small_160.parquet,0,1738,0063125.png,PNG,LandscapesHQ,,train,0,Real,train_v3_additions/real/cf_train_v3_pixdiff_matched_real_45f9d07f37188ccf_0063125.png.png,complete
cf_train_v3_pixdiff_matched_real_464c632e6b50d56b,pixdiff_matched_real,data/HFCF_small_160.parquet,0,1191,0082865.png,PNG,LandscapesHQ,,train,0,Real,train_v3_additions/real/cf_train_v3_pixdiff_matched_real_464c632e6b50d56b_0082865.png.png,complete
cf_train_v3_pixdiff_matched_real_464e75c52a3715d2,pixdiff_matched_real,data/HFCF_small_160.parquet,0,1302,0020157.png,PNG,LandscapesHQ,,train,0,Real,train_v3_additions/real/cf_train_v3_pixdiff_matched_real_464e75c52a3715d2_0020157.png.png,complete
cf_train_v3_pixdiff_matched_real_47c44ec9585bdb9d,pixdiff_matched_real,data/HFCF_small_160.parquet,0,2689,0067590.png,PNG,LandscapesHQ,,train,0,Real,train_v3_additions/real/cf_train_v3_pixdiff_matched_real_47c44ec9585bdb9d_0067590.png.png,complete
cf_train_v3_pixdiff_matched_real_482c023cacfaca07,pixdiff_matched_real,data/HFCF_small_160.parquet,0,2370,0000269.png,PNG,LandscapesHQ,,train,0,Real,train_v3_additions/real/cf_train_v3_pixdiff_matched_real_482c023cacfaca07_0000269.png.png,complete
cf_train_v3_pixdiff_matched_real_4882f3d7894994b3,pixdiff_matched_real,data/HFCF_small_160.parquet,0,1057,0016586.png,PNG,LandscapesHQ,,train,0,Real,train_v3_additions/real/cf_train_v3_pixdiff_matched_real_4882f3d7894994b3_0016586.png.png,complete
cf_train_v3_pixdiff_matched_real_488b6e0b600a44c0,pixdiff_matched_real,data/HFCF_small_160.parquet,0,471,0046947.png,PNG,LandscapesHQ,,train,0,Real,train_v3_additions/real/cf_train_v3_pixdiff_matched_real_488b6e0b600a44c0_0046947.png.png,complete
cf_train_v3_pixdiff_matched_real_48a7617aaf3a9062,pixdiff_matched_real,data/HFCF_small_160.parquet,0,2031,0007272.png,PNG,LandscapesHQ,,train,0,Real,train_v3_additions/real/cf_train_v3_pixdiff_matched_real_48a7617aaf3a9062_0007272.png.png,complete
cf_train_v3_pixdiff_matched_real_4a0bf4960e58003a,pixdiff_matched_real,data/HFCF_small_160.parquet,0,220,0018418.png,PNG,LandscapesHQ,,train,0,Real,train_v3_additions/real/cf_train_v3_pixdiff_matched_real_4a0bf4960e58003a_0018418.png.png,complete
cf_train_v3_pixdiff_matched_real_4a6199e63f543e96,pixdiff_matched_real,data/HFCF_small_160.parquet,0,107,0076073.png,PNG,LandscapesHQ,,train,0,Real,train_v3_additions/real/cf_train_v3_pixdiff_matched_real_4a6199e63f543e96_0076073.png.png,complete
cf_train_v3_pixdiff_matched_real_4ab55bf578163903,pixdiff_matched_real,data/HFCF_small_160.parquet,0,1080,0078260.png,PNG,LandscapesHQ,,train,0,Real,train_v3_additions/real/cf_train_v3_pixdiff_matched_real_4ab55bf578163903_0078260.png.png,complete
cf_train_v3_pixdiff_matched_real_4b22e2319418cbab,pixdiff_matched_real,data/HFCF_small_160.parquet,0,163,0055487.png,PNG,LandscapesHQ,,train,0,Real,train_v3_additions/real/cf_train_v3_pixdiff_matched_real_4b22e2319418cbab_0055487.png.png,complete
cf_train_v3_pixdiff_matched_real_4b63bf55f2fd9b9b,pixdiff_matched_real,data/HFCF_small_160.parquet,0,1750,0056204.png,PNG,LandscapesHQ,,train,0,Real,train_v3_additions/real/cf_train_v3_pixdiff_matched_real_4b63bf55f2fd9b9b_0056204.png.png,complete
cf_train_v3_pixdiff_matched_real_4b8498eeddf825d1,pixdiff_matched_real,data/HFCF_small_160.parquet,0,774,0035615.png,PNG,LandscapesHQ,,train,0,Real,train_v3_additions/real/cf_train_v3_pixdiff_matched_real_4b8498eeddf825d1_0035615.png.png,complete
cf_train_v3_pixdiff_matched_real_4bc845d29d2ebc26,pixdiff_matched_real,data/HFCF_small_160.parquet,0,559,0006621.png,PNG,LandscapesHQ,,train,0,Real,train_v3_additions/real/cf_train_v3_pixdiff_matched_real_4bc845d29d2ebc26_0006621.png.png,complete
cf_train_v3_pixdiff_matched_real_4c754df7029bd5f3,pixdiff_matched_real,data/HFCF_small_160.parquet,0,2612,0088032.png,PNG,LandscapesHQ,,train,0,Real,train_v3_additions/real/cf_train_v3_pixdiff_matched_real_4c754df7029bd5f3_0088032.png.png,complete
cf_train_v3_pixdiff_matched_real_4cbd355836217f23,pixdiff_matched_real,data/HFCF_small_160.parquet,0,2015,0064100.png,PNG,LandscapesHQ,,train,0,Real,train_v3_additions/real/cf_train_v3_pixdiff_matched_real_4cbd355836217f23_0064100.png.png,complete
cf_train_v3_pixdiff_matched_real_4cd4932d310f9e55,pixdiff_matched_real,data/HFCF_small_160.parquet,0,387,0008785.png,PNG,LandscapesHQ,,train,0,Real,train_v3_additions/real/cf_train_v3_pixdiff_matched_real_4cd4932d310f9e55_0008785.png.png,complete
cf_train_v3_pixdiff_matched_real_4d472a7cc5853cfb,pixdiff_matched_real,data/HFCF_small_160.parquet,0,2699,0022783.png,PNG,LandscapesHQ,,train,0,Real,train_v3_additions/real/cf_train_v3_pixdiff_matched_real_4d472a7cc5853cfb_0022783.png.png,complete
cf_train_v3_pixdiff_matched_real_4d5b7d741f82ba0d,pixdiff_matched_real,data/HFCF_small_160.parquet,0,1117,0005303.png,PNG,LandscapesHQ,,train,0,Real,train_v3_additions/real/cf_train_v3_pixdiff_matched_real_4d5b7d741f82ba0d_0005303.png.png,complete
cf_train_v3_pixdiff_matched_real_4d68bee8a5e4796e,pixdiff_matched_real,data/HFCF_small_160.parquet,0,444,0025175.png,PNG,LandscapesHQ,,train,0,Real,train_v3_additions/real/cf_train_v3_pixdiff_matched_real_4d68bee8a5e4796e_0025175.png.png,complete
cf_train_v3_pixdiff_matched_real_4d6b7a7751aa5846,pixdiff_matched_real,data/HFCF_small_160.parquet,0,1260,0083588.png,PNG,LandscapesHQ,,train,0,Real,train_v3_additions/real/cf_train_v3_pixdiff_matched_real_4d6b7a7751aa5846_0083588.png.png,complete
cf_train_v3_pixdiff_matched_real_4d7bdb0b9684f76c,pixdiff_matched_real,data/HFCF_small_160.parquet,0,1264,0044012.png,PNG,LandscapesHQ,,train,0,Real,train_v3_additions/real/cf_train_v3_pixdiff_matched_real_4d7bdb0b9684f76c_0044012.png.png,complete
cf_train_v3_pixdiff_matched_real_4e1ff99710115be4,pixdiff_matched_real,data/HFCF_small_160.parquet,0,1306,0070987.png,PNG,LandscapesHQ,,train,0,Real,train_v3_additions/real/cf_train_v3_pixdiff_matched_real_4e1ff99710115be4_0070987.png.png,complete
cf_train_v3_pixdiff_matched_real_4e27813c90943333,pixdiff_matched_real,data/HFCF_small_160.parquet,0,1860,0014796.png,PNG,LandscapesHQ,,train,0,Real,train_v3_additions/real/cf_train_v3_pixdiff_matched_real_4e27813c90943333_0014796.png.png,complete
cf_train_v3_pixdiff_matched_real_4e3ea096093668f1,pixdiff_matched_real,data/HFCF_small_160.parquet,0,1825,0073693.png,PNG,LandscapesHQ,,train,0,Real,train_v3_additions/real/cf_train_v3_pixdiff_matched_real_4e3ea096093668f1_0073693.png.png,complete
cf_train_v3_pixdiff_matched_real_4e4ba7c9314eaf45,pixdiff_matched_real,data/HFCF_small_160.parquet,0,34,0001825.png,PNG,LandscapesHQ,,train,0,Real,train_v3_additions/real/cf_train_v3_pixdiff_matched_real_4e4ba7c9314eaf45_0001825.png.png,complete
cf_train_v3_pixdiff_matched_real_4ec8e623fd788e54,pixdiff_matched_real,data/HFCF_small_160.parquet,0,2703,0032008.png,PNG,LandscapesHQ,,train,0,Real,train_v3_additions/real/cf_train_v3_pixdiff_matched_real_4ec8e623fd788e54_0032008.png.png,complete
cf_train_v3_pixdiff_matched_real_4ed94513ac2933e5,pixdiff_matched_real,data/HFCF_small_160.parquet,0,357,0034911.png,PNG,LandscapesHQ,,train,0,Real,train_v3_additions/real/cf_train_v3_pixdiff_matched_real_4ed94513ac2933e5_0034911.png.png,complete
cf_train_v3_pixdiff_matched_real_4ef1735368e92850,pixdiff_matched_real,data/HFCF_small_160.parquet,0,884,0077396.png,PNG,LandscapesHQ,,train,0,Real,train_v3_additions/real/cf_train_v3_pixdiff_matched_real_4ef1735368e92850_0077396.png.png,complete
cf_train_v3_pixdiff_matched_real_4efae67f1b3e6ad8,pixdiff_matched_real,data/HFCF_small_160.parquet,0,2392,0055287.png,PNG,LandscapesHQ,,train,0,Real,train_v3_additions/real/cf_train_v3_pixdiff_matched_real_4efae67f1b3e6ad8_0055287.png.png,complete
cf_train_v3_pixdiff_matched_real_4f2d75bb848237f1,pixdiff_matched_real,data/HFCF_small_160.parquet,0,980,0018975.png,PNG,LandscapesHQ,,train,0,Real,train_v3_additions/real/cf_train_v3_pixdiff_matched_real_4f2d75bb848237f1_0018975.png.png,complete
cf_train_v3_pixdiff_matched_real_4f52e6edb3b953cb,pixdiff_matched_real,data/HFCF_small_160.parquet,0,1558,0086989.png,PNG,LandscapesHQ,,train,0,Real,train_v3_additions/real/cf_train_v3_pixdiff_matched_real_4f52e6edb3b953cb_0086989.png.png,complete
cf_train_v3_pixdiff_matched_real_4f637fa729e354b7,pixdiff_matched_real,data/HFCF_small_160.parquet,0,1614,0028695.png,PNG,LandscapesHQ,,train,0,Real,train_v3_additions/real/cf_train_v3_pixdiff_matched_real_4f637fa729e354b7_0028695.png.png,complete
cf_train_v3_pixdiff_matched_real_4fb18df45f1f9d62,pixdiff_matched_real,data/HFCF_small_160.parquet,0,2553,0031880.png,PNG,LandscapesHQ,,train,0,Real,train_v3_additions/real/cf_train_v3_pixdiff_matched_real_4fb18df45f1f9d62_0031880.png.png,complete
cf_train_v3_pixdiff_matched_real_4fd637337ba68e44,pixdiff_matched_real,data/HFCF_small_160.parquet,0,2082,0007937.png,PNG,LandscapesHQ,,train,0,Real,train_v3_additions/real/cf_train_v3_pixdiff_matched_real_4fd637337ba68e44_0007937.png.png,complete
cf_train_v3_pixdiff_matched_real_5021edf1b85c4570,pixdiff_matched_real,data/HFCF_small_160.parquet,0,525,0049657.png,PNG,LandscapesHQ,,train,0,Real,train_v3_additions/real/cf_train_v3_pixdiff_matched_real_5021edf1b85c4570_0049657.png.png,complete
cf_train_v3_pixdiff_matched_real_50a26dd10c5090de,pixdiff_matched_real,data/HFCF_small_160.parquet,0,2894,0001566.png,PNG,LandscapesHQ,,train,0,Real,train_v3_additions/real/cf_train_v3_pixdiff_matched_real_50a26dd10c5090de_0001566.png.png,complete
cf_train_v3_pixdiff_matched_real_50a61a67484a841e,pixdiff_matched_real,data/HFCF_small_160.parquet,0,989,0006625.png,PNG,LandscapesHQ,,train,0,Real,train_v3_additions/real/cf_train_v3_pixdiff_matched_real_50a61a67484a841e_0006625.png.png,complete
cf_train_v3_pixdiff_matched_real_50ec2b586de10836,pixdiff_matched_real,data/HFCF_small_160.parquet,0,326,0024080.png,PNG,LandscapesHQ,,train,0,Real,train_v3_additions/real/cf_train_v3_pixdiff_matched_real_50ec2b586de10836_0024080.png.png,complete
cf_train_v3_pixdiff_matched_real_510e64d37b2f809d,pixdiff_matched_real,data/HFCF_small_160.parquet,0,477,0033300.png,PNG,LandscapesHQ,,train,0,Real,train_v3_additions/real/cf_train_v3_pixdiff_matched_real_510e64d37b2f809d_0033300.png.png,complete
cf_train_v3_pixdiff_matched_real_512836d84179448d,pixdiff_matched_real,data/HFCF_small_160.parquet,0,2112,0021463.png,PNG,LandscapesHQ,,train,0,Real,train_v3_additions/real/cf_train_v3_pixdiff_matched_real_512836d84179448d_0021463.png.png,complete
cf_train_v3_pixdiff_matched_real_518cf35de6f41f03,pixdiff_matched_real,data/HFCF_small_160.parquet,0,1059,0037561.png,PNG,LandscapesHQ,,train,0,Real,train_v3_additions/real/cf_train_v3_pixdiff_matched_real_518cf35de6f41f03_0037561.png.png,complete
cf_train_v3_pixdiff_matched_real_51b9d04339104197,pixdiff_matched_real,data/HFCF_small_160.parquet,0,840,0074311.png,PNG,LandscapesHQ,,train,0,Real,train_v3_additions/real/cf_train_v3_pixdiff_matched_real_51b9d04339104197_0074311.png.png,complete
cf_train_v3_pixdiff_matched_real_5219703b4df74067,pixdiff_matched_real,data/HFCF_small_160.parquet,0,2641,0059650.png,PNG,LandscapesHQ,,train,0,Real,train_v3_additions/real/cf_train_v3_pixdiff_matched_real_5219703b4df74067_0059650.png.png,complete
cf_train_v3_pixdiff_matched_real_521e6440489b20c6,pixdiff_matched_real,data/HFCF_small_160.parquet,0,2790,0078116.png,PNG,LandscapesHQ,,train,0,Real,train_v3_additions/real/cf_train_v3_pixdiff_matched_real_521e6440489b20c6_0078116.png.png,complete
cf_train_v3_pixdiff_matched_real_527946e9736a17ba,pixdiff_matched_real,data/HFCF_small_160.parquet,0,2411,0084802.png,PNG,LandscapesHQ,,train,0,Real,train_v3_additions/real/cf_train_v3_pixdiff_matched_real_527946e9736a17ba_0084802.png.png,complete
cf_train_v3_pixdiff_matched_real_52a635e9fdbbc69f,pixdiff_matched_real,data/HFCF_small_160.parquet,0,1503,0061319.png,PNG,LandscapesHQ,,train,0,Real,train_v3_additions/real/cf_train_v3_pixdiff_matched_real_52a635e9fdbbc69f_0061319.png.png,complete
cf_train_v3_pixdiff_matched_real_5374ae0f94aa1baa,pixdiff_matched_real,data/HFCF_small_160.parquet,0,2441,0002533.png,PNG,LandscapesHQ,,train,0,Real,train_v3_additions/real/cf_train_v3_pixdiff_matched_real_5374ae0f94aa1baa_0002533.png.png,complete
cf_train_v3_pixdiff_matched_real_53d4fd8b76c75181,pixdiff_matched_real,data/HFCF_small_160.parquet,0,1399,0036910.png,PNG,LandscapesHQ,,train,0,Real,train_v3_additions/real/cf_train_v3_pixdiff_matched_real_53d4fd8b76c75181_0036910.png.png,complete
cf_train_v3_pixdiff_matched_real_53ddb66727a2148e,pixdiff_matched_real,data/HFCF_small_160.parquet,0,144,0014976.png,PNG,LandscapesHQ,,train,0,Real,train_v3_additions/real/cf_train_v3_pixdiff_matched_real_53ddb66727a2148e_0014976.png.png,complete
cf_train_v3_pixdiff_matched_real_542f68fd8032b182,pixdiff_matched_real,data/HFCF_small_160.parquet,0,2656,0084637.png,PNG,LandscapesHQ,,train,0,Real,train_v3_additions/real/cf_train_v3_pixdiff_matched_real_542f68fd8032b182_0084637.png.png,complete
cf_train_v3_pixdiff_matched_real_54526285caaf22f5,pixdiff_matched_real,data/HFCF_small_160.parquet,0,1341,0084394.png,PNG,LandscapesHQ,,train,0,Real,train_v3_additions/real/cf_train_v3_pixdiff_matched_real_54526285caaf22f5_0084394.png.png,complete
cf_train_v3_pixdiff_matched_real_54a6cce307320618,pixdiff_matched_real,data/HFCF_small_160.parquet,0,1834,0083349.png,PNG,LandscapesHQ,,train,0,Real,train_v3_additions/real/cf_train_v3_pixdiff_matched_real_54a6cce307320618_0083349.png.png,complete
cf_train_v3_pixdiff_matched_real_54dd9d15fccc6d26,pixdiff_matched_real,data/HFCF_small_160.parquet,0,781,0028496.png,PNG,LandscapesHQ,,train,0,Real,train_v3_additions/real/cf_train_v3_pixdiff_matched_real_54dd9d15fccc6d26_0028496.png.png,complete
cf_train_v3_pixdiff_matched_real_55429b9aada2f580,pixdiff_matched_real,data/HFCF_small_160.parquet,0,208,0030744.png,PNG,LandscapesHQ,,train,0,Real,train_v3_additions/real/cf_train_v3_pixdiff_matched_real_55429b9aada2f580_0030744.png.png,complete
cf_train_v3_pixdiff_matched_real_554e99f9b04b208c,pixdiff_matched_real,data/HFCF_small_160.parquet,0,1093,0017648.png,PNG,LandscapesHQ,,train,0,Real,train_v3_additions/real/cf_train_v3_pixdiff_matched_real_554e99f9b04b208c_0017648.png.png,complete
cf_train_v3_pixdiff_matched_real_556c98d499773b55,pixdiff_matched_real,data/HFCF_small_160.parquet,0,2757,0012679.png,PNG,LandscapesHQ,,train,0,Real,train_v3_additions/real/cf_train_v3_pixdiff_matched_real_556c98d499773b55_0012679.png.png,complete
cf_train_v3_pixdiff_matched_real_556fcfcc6f94b5ea,pixdiff_matched_real,data/HFCF_small_160.parquet,0,2389,0085891.png,PNG,LandscapesHQ,,train,0,Real,train_v3_additions/real/cf_train_v3_pixdiff_matched_real_556fcfcc6f94b5ea_0085891.png.png,complete
cf_train_v3_pixdiff_matched_real_5576464b77cd894a,pixdiff_matched_real,data/HFCF_small_160.parquet,0,1696,0057091.png,PNG,LandscapesHQ,,train,0,Real,train_v3_additions/real/cf_train_v3_pixdiff_matched_real_5576464b77cd894a_0057091.png.png,complete
cf_train_v3_pixdiff_matched_real_5585be1b5abc0d2d,pixdiff_matched_real,data/HFCF_small_160.parquet,0,2586,0041395.png,PNG,LandscapesHQ,,train,0,Real,train_v3_additions/real/cf_train_v3_pixdiff_matched_real_5585be1b5abc0d2d_0041395.png.png,complete
cf_train_v3_pixdiff_matched_real_55c031f973e24b7c,pixdiff_matched_real,data/HFCF_small_160.parquet,0,1912,0082848.png,PNG,LandscapesHQ,,train,0,Real,train_v3_additions/real/cf_train_v3_pixdiff_matched_real_55c031f973e24b7c_0082848.png.png,complete
cf_train_v3_pixdiff_matched_real_55e20bd2dd4dc62a,pixdiff_matched_real,data/HFCF_small_160.parquet,0,478,0081994.png,PNG,LandscapesHQ,,train,0,Real,train_v3_additions/real/cf_train_v3_pixdiff_matched_real_55e20bd2dd4dc62a_0081994.png.png,complete
cf_train_v3_pixdiff_matched_real_5627aee8c2bbec50,pixdiff_matched_real,data/HFCF_small_160.parquet,0,2621,0037177.png,PNG,LandscapesHQ,,train,0,Real,train_v3_additions/real/cf_train_v3_pixdiff_matched_real_5627aee8c2bbec50_0037177.png.png,complete
cf_train_v3_pixdiff_matched_real_56ec9459d4d1854f,pixdiff_matched_real,data/HFCF_small_160.parquet,0,2400,0012055.png,PNG,LandscapesHQ,,train,0,Real,train_v3_additions/real/cf_train_v3_pixdiff_matched_real_56ec9459d4d1854f_0012055.png.png,complete
cf_train_v3_pixdiff_matched_real_570781e32d5cc2a1,pixdiff_matched_real,data/HFCF_small_160.parquet,0,2223,0068105.png,PNG,LandscapesHQ,,train,0,Real,train_v3_additions/real/cf_train_v3_pixdiff_matched_real_570781e32d5cc2a1_0068105.png.png,complete
cf_train_v3_pixdiff_matched_real_574a58e9b0f4999e,pixdiff_matched_real,data/HFCF_small_160.parquet,0,673,0061252.png,PNG,LandscapesHQ,,train,0,Real,train_v3_additions/real/cf_train_v3_pixdiff_matched_real_574a58e9b0f4999e_0061252.png.png,complete
cf_train_v3_pixdiff_matched_real_5770ef24d1ec6e80,pixdiff_matched_real,data/HFCF_small_160.parquet,0,580,0009932.png,PNG,LandscapesHQ,,train,0,Real,train_v3_additions/real/cf_train_v3_pixdiff_matched_real_5770ef24d1ec6e80_0009932.png.png,complete
cf_train_v3_pixdiff_matched_real_57984a5acd44bb04,pixdiff_matched_real,data/HFCF_small_160.parquet,0,1340,0006744.png,PNG,LandscapesHQ,,train,0,Real,train_v3_additions/real/cf_train_v3_pixdiff_matched_real_57984a5acd44bb04_0006744.png.png,complete
cf_train_v3_pixdiff_matched_real_57ad06e11105599f,pixdiff_matched_real,data/HFCF_small_160.parquet,0,2976,0082279.png,PNG,LandscapesHQ,,train,0,Real,train_v3_additions/real/cf_train_v3_pixdiff_matched_real_57ad06e11105599f_0082279.png.png,complete
cf_train_v3_pixdiff_matched_real_580a2785cdefa6d9,pixdiff_matched_real,data/HFCF_small_160.parquet,0,12,0066847.png,PNG,LandscapesHQ,,train,0,Real,train_v3_additions/real/cf_train_v3_pixdiff_matched_real_580a2785cdefa6d9_0066847.png.png,complete
cf_train_v3_pixdiff_matched_real_582c6488bcc5da9e,pixdiff_matched_real,data/HFCF_small_160.parquet,0,1317,0006168.png,PNG,LandscapesHQ,,train,0,Real,train_v3_additions/real/cf_train_v3_pixdiff_matched_real_582c6488bcc5da9e_0006168.png.png,complete
cf_train_v3_pixdiff_matched_real_590943f573de80d8,pixdiff_matched_real,data/HFCF_small_160.parquet,0,2247,0053236.png,PNG,LandscapesHQ,,train,0,Real,train_v3_additions/real/cf_train_v3_pixdiff_matched_real_590943f573de80d8_0053236.png.png,complete
cf_train_v3_pixdiff_matched_real_591a142aaa78a0e0,pixdiff_matched_real,data/HFCF_small_160.parquet,0,2562,0046414.png,PNG,LandscapesHQ,,train,0,Real,train_v3_additions/real/cf_train_v3_pixdiff_matched_real_591a142aaa78a0e0_0046414.png.png,complete
cf_train_v3_pixdiff_matched_real_59acca80bbcbe14c,pixdiff_matched_real,data/HFCF_small_160.parquet,0,578,0070566.png,PNG,LandscapesHQ,,train,0,Real,train_v3_additions/real/cf_train_v3_pixdiff_matched_real_59acca80bbcbe14c_0070566.png.png,complete
cf_train_v3_pixdiff_matched_real_59bdbffa4c6f90ee,pixdiff_matched_real,data/HFCF_small_160.parquet,0,2969,0000452.png,PNG,LandscapesHQ,,train,0,Real,train_v3_additions/real/cf_train_v3_pixdiff_matched_real_59bdbffa4c6f90ee_0000452.png.png,complete
cf_train_v3_pixdiff_matched_real_59ce91194a664046,pixdiff_matched_real,data/HFCF_small_160.parquet,0,2936,0069140.png,PNG,LandscapesHQ,,train,0,Real,train_v3_additions/real/cf_train_v3_pixdiff_matched_real_59ce91194a664046_0069140.png.png,complete
cf_train_v3_pixdiff_matched_real_59db9ab5cf1e9480,pixdiff_matched_real,data/HFCF_small_160.parquet,0,104,0078264.png,PNG,LandscapesHQ,,train,0,Real,train_v3_additions/real/cf_train_v3_pixdiff_matched_real_59db9ab5cf1e9480_0078264.png.png,complete
cf_train_v3_pixdiff_matched_real_59e727ea3014424c,pixdiff_matched_real,data/HFCF_small_160.parquet,0,1016,0007074.png,PNG,LandscapesHQ,,train,0,Real,train_v3_additions/real/cf_train_v3_pixdiff_matched_real_59e727ea3014424c_0007074.png.png,complete
cf_train_v3_pixdiff_matched_real_59f23ffc0a46ef08,pixdiff_matched_real,data/HFCF_small_160.parquet,0,1755,0031299.png,PNG,LandscapesHQ,,train,0,Real,train_v3_additions/real/cf_train_v3_pixdiff_matched_real_59f23ffc0a46ef08_0031299.png.png,complete
cf_train_v3_pixdiff_matched_real_59fc93d0bff94326,pixdiff_matched_real,data/HFCF_small_160.parquet,0,2182,0022196.png,PNG,LandscapesHQ,,train,0,Real,train_v3_additions/real/cf_train_v3_pixdiff_matched_real_59fc93d0bff94326_0022196.png.png,complete
cf_train_v3_pixdiff_matched_real_5a06c1e615fe677b,pixdiff_matched_real,data/HFCF_small_160.parquet,0,202,0089908.png,PNG,LandscapesHQ,,train,0,Real,train_v3_additions/real/cf_train_v3_pixdiff_matched_real_5a06c1e615fe677b_0089908.png.png,complete
cf_train_v3_pixdiff_matched_real_5a0b0c2bc58620fc,pixdiff_matched_real,data/HFCF_small_160.parquet,0,2787,0030582.png,PNG,LandscapesHQ,,train,0,Real,train_v3_additions/real/cf_train_v3_pixdiff_matched_real_5a0b0c2bc58620fc_0030582.png.png,complete
cf_train_v3_pixdiff_matched_real_5a497816a5e2e734,pixdiff_matched_real,data/HFCF_small_160.parquet,0,2721,0009272.png,PNG,LandscapesHQ,,train,0,Real,train_v3_additions/real/cf_train_v3_pixdiff_matched_real_5a497816a5e2e734_0009272.png.png,complete
cf_train_v3_pixdiff_matched_real_5a98cb5945103ade,pixdiff_matched_real,data/HFCF_small_160.parquet,0,1648,0060415.png,PNG,LandscapesHQ,,train,0,Real,train_v3_additions/real/cf_train_v3_pixdiff_matched_real_5a98cb5945103ade_0060415.png.png,complete
cf_train_v3_pixdiff_matched_real_5b0fef26edce4e5c,pixdiff_matched_real,data/HFCF_small_160.parquet,0,348,0032384.png,PNG,LandscapesHQ,,train,0,Real,train_v3_additions/real/cf_train_v3_pixdiff_matched_real_5b0fef26edce4e5c_0032384.png.png,complete
cf_train_v3_pixdiff_matched_real_5b48233cb429a9ba,pixdiff_matched_real,data/HFCF_small_160.parquet,0,1175,0078932.png,PNG,LandscapesHQ,,train,0,Real,train_v3_additions/real/cf_train_v3_pixdiff_matched_real_5b48233cb429a9ba_0078932.png.png,complete
cf_train_v3_pixdiff_matched_real_5ba88fac3f4ea1a1,pixdiff_matched_real,data/HFCF_small_160.parquet,0,458,0073683.png,PNG,LandscapesHQ,,train,0,Real,train_v3_additions/real/cf_train_v3_pixdiff_matched_real_5ba88fac3f4ea1a1_0073683.png.png,complete
cf_train_v3_pixdiff_matched_real_5bcbd4a9bd7398f0,pixdiff_matched_real,data/HFCF_small_160.parquet,0,995,0057336.png,PNG,LandscapesHQ,,train,0,Real,train_v3_additions/real/cf_train_v3_pixdiff_matched_real_5bcbd4a9bd7398f0_0057336.png.png,complete
cf_train_v3_pixdiff_matched_real_5be4db1149ed938b,pixdiff_matched_real,data/HFCF_small_160.parquet,0,1102,0053356.png,PNG,LandscapesHQ,,train,0,Real,train_v3_additions/real/cf_train_v3_pixdiff_matched_real_5be4db1149ed938b_0053356.png.png,complete
cf_train_v3_pixdiff_matched_real_5c04e8bcda2c22fd,pixdiff_matched_real,data/HFCF_small_160.parquet,0,1054,0087113.png,PNG,LandscapesHQ,,train,0,Real,train_v3_additions/real/cf_train_v3_pixdiff_matched_real_5c04e8bcda2c22fd_0087113.png.png,complete
cf_train_v3_pixdiff_matched_real_5c6853fdba0bc8a1,pixdiff_matched_real,data/HFCF_small_160.parquet,0,1957,0021066.png,PNG,LandscapesHQ,,train,0,Real,train_v3_additions/real/cf_train_v3_pixdiff_matched_real_5c6853fdba0bc8a1_0021066.png.png,complete
cf_train_v3_pixdiff_matched_real_5cc3a941c32384ef,pixdiff_matched_real,data/HFCF_small_160.parquet,0,2771,0047450.png,PNG,LandscapesHQ,,train,0,Real,train_v3_additions/real/cf_train_v3_pixdiff_matched_real_5cc3a941c32384ef_0047450.png.png,complete
cf_train_v3_pixdiff_matched_real_5cfa5604e11ae285,pixdiff_matched_real,data/HFCF_small_160.parquet,0,1491,0083205.png,PNG,LandscapesHQ,,train,0,Real,train_v3_additions/real/cf_train_v3_pixdiff_matched_real_5cfa5604e11ae285_0083205.png.png,complete
cf_train_v3_pixdiff_matched_real_5d2d8cb4898eb9be,pixdiff_matched_real,data/HFCF_small_160.parquet,0,1810,0038643.png,PNG,LandscapesHQ,,train,0,Real,train_v3_additions/real/cf_train_v3_pixdiff_matched_real_5d2d8cb4898eb9be_0038643.png.png,complete
cf_train_v3_pixdiff_matched_real_5d56bfa7a6cd69c7,pixdiff_matched_real,data/HFCF_small_160.parquet,0,2866,0017299.png,PNG,LandscapesHQ,,train,0,Real,train_v3_additions/real/cf_train_v3_pixdiff_matched_real_5d56bfa7a6cd69c7_0017299.png.png,complete
cf_train_v3_pixdiff_matched_real_5ec01d456bcb324b,pixdiff_matched_real,data/HFCF_small_160.parquet,0,2908,0052712.png,PNG,LandscapesHQ,,train,0,Real,train_v3_additions/real/cf_train_v3_pixdiff_matched_real_5ec01d456bcb324b_0052712.png.png,complete
cf_train_v3_pixdiff_matched_real_5ecbae3d71d2e923,pixdiff_matched_real,data/HFCF_small_160.parquet,0,1945,0061446.png,PNG,LandscapesHQ,,train,0,Real,train_v3_additions/real/cf_train_v3_pixdiff_matched_real_5ecbae3d71d2e923_0061446.png.png,complete
cf_train_v3_pixdiff_matched_real_5f0227d16d957055,pixdiff_matched_real,data/HFCF_small_160.parquet,0,2281,0014168.png,PNG,LandscapesHQ,,train,0,Real,train_v3_additions/real/cf_train_v3_pixdiff_matched_real_5f0227d16d957055_0014168.png.png,complete
cf_train_v3_pixdiff_matched_real_5fc80e7f796de1f2,pixdiff_matched_real,data/HFCF_small_160.parquet,0,1875,0081028.png,PNG,LandscapesHQ,,train,0,Real,train_v3_additions/real/cf_train_v3_pixdiff_matched_real_5fc80e7f796de1f2_0081028.png.png,complete
cf_train_v3_pixdiff_matched_real_5fe48b7dd4a6d56b,pixdiff_matched_real,data/HFCF_small_160.parquet,0,2537,0027969.png,PNG,LandscapesHQ,,train,0,Real,train_v3_additions/real/cf_train_v3_pixdiff_matched_real_5fe48b7dd4a6d56b_0027969.png.png,complete
cf_train_v3_pixdiff_matched_real_5ff18cdf19254f3f,pixdiff_matched_real,data/HFCF_small_160.parquet,0,740,0013377.png,PNG,LandscapesHQ,,train,0,Real,train_v3_additions/real/cf_train_v3_pixdiff_matched_real_5ff18cdf19254f3f_0013377.png.png,complete
cf_train_v3_pixdiff_matched_real_6005c972f8fa2727,pixdiff_matched_real,data/HFCF_small_160.parquet,0,2072,0044599.png,PNG,LandscapesHQ,,train,0,Real,train_v3_additions/real/cf_train_v3_pixdiff_matched_real_6005c972f8fa2727_0044599.png.png,complete
cf_train_v3_pixdiff_matched_real_60060c9aeac54aae,pixdiff_matched_real,data/HFCF_small_160.parquet,0,2206,0015711.png,PNG,LandscapesHQ,,train,0,Real,train_v3_additions/real/cf_train_v3_pixdiff_matched_real_60060c9aeac54aae_0015711.png.png,complete
cf_train_v3_pixdiff_matched_real_6068f24c00480410,pixdiff_matched_real,data/HFCF_small_160.parquet,0,101,0002486.png,PNG,LandscapesHQ,,train,0,Real,train_v3_additions/real/cf_train_v3_pixdiff_matched_real_6068f24c00480410_0002486.png.png,complete
cf_train_v3_pixdiff_matched_real_609247f4e82c3214,pixdiff_matched_real,data/HFCF_small_160.parquet,0,2949,0080057.png,PNG,LandscapesHQ,,train,0,Real,train_v3_additions/real/cf_train_v3_pixdiff_matched_real_609247f4e82c3214_0080057.png.png,complete
cf_train_v3_pixdiff_matched_real_616b8a2555aeeedc,pixdiff_matched_real,data/HFCF_small_160.parquet,0,748,0088797.png,PNG,LandscapesHQ,,train,0,Real,train_v3_additions/real/cf_train_v3_pixdiff_matched_real_616b8a2555aeeedc_0088797.png.png,complete
cf_train_v3_pixdiff_matched_real_61a35c6979ddbd85,pixdiff_matched_real,data/HFCF_small_160.parquet,0,880,0037612.png,PNG,LandscapesHQ,,train,0,Real,train_v3_additions/real/cf_train_v3_pixdiff_matched_real_61a35c6979ddbd85_0037612.png.png,complete
cf_train_v3_pixdiff_matched_real_61e3832d5c7ae52d,pixdiff_matched_real,data/HFCF_small_160.parquet,0,235,0086972.png,PNG,LandscapesHQ,,train,0,Real,train_v3_additions/real/cf_train_v3_pixdiff_matched_real_61e3832d5c7ae52d_0086972.png.png,complete
cf_train_v3_pixdiff_matched_real_63a854a8e8eafad5,pixdiff_matched_real,data/HFCF_small_160.parquet,0,115,0061687.png,PNG,LandscapesHQ,,train,0,Real,train_v3_additions/real/cf_train_v3_pixdiff_matched_real_63a854a8e8eafad5_0061687.png.png,complete
cf_train_v3_pixdiff_matched_real_63dee8d52eff7fc4,pixdiff_matched_real,data/HFCF_small_160.parquet,0,1560,0026319.png,PNG,LandscapesHQ,,train,0,Real,train_v3_additions/real/cf_train_v3_pixdiff_matched_real_63dee8d52eff7fc4_0026319.png.png,complete
cf_train_v3_pixdiff_matched_real_64173b4f692c0eba,pixdiff_matched_real,data/HFCF_small_160.parquet,0,1068,0088546.png,PNG,LandscapesHQ,,train,0,Real,train_v3_additions/real/cf_train_v3_pixdiff_matched_real_64173b4f692c0eba_0088546.png.png,complete
cf_train_v3_pixdiff_matched_real_6455c3a0d63b6349,pixdiff_matched_real,data/HFCF_small_160.parquet,0,108,0037348.png,PNG,LandscapesHQ,,train,0,Real,train_v3_additions/real/cf_train_v3_pixdiff_matched_real_6455c3a0d63b6349_0037348.png.png,complete
cf_train_v3_pixdiff_matched_real_64d24a8103e43423,pixdiff_matched_real,data/HFCF_small_160.parquet,0,1661,0031304.png,PNG,LandscapesHQ,,train,0,Real,train_v3_additions/real/cf_train_v3_pixdiff_matched_real_64d24a8103e43423_0031304.png.png,complete
cf_train_v3_pixdiff_matched_real_65159bf16791849b,pixdiff_matched_real,data/HFCF_small_160.parquet,0,2080,0003362.png,PNG,LandscapesHQ,,train,0,Real,train_v3_additions/real/cf_train_v3_pixdiff_matched_real_65159bf16791849b_0003362.png.png,complete
cf_train_v3_pixdiff_matched_real_656cd21a5acabf99,pixdiff_matched_real,data/HFCF_small_160.parquet,0,2040,0087067.png,PNG,LandscapesHQ,,train,0,Real,train_v3_additions/real/cf_train_v3_pixdiff_matched_real_656cd21a5acabf99_0087067.png.png,complete
cf_train_v3_pixdiff_matched_real_656f4da7a075b664,pixdiff_matched_real,data/HFCF_small_160.parquet,0,1827,0044799.png,PNG,LandscapesHQ,,train,0,Real,train_v3_additions/real/cf_train_v3_pixdiff_matched_real_656f4da7a075b664_0044799.png.png,complete
cf_train_v3_pixdiff_matched_real_6583d76cfb8054cc,pixdiff_matched_real,data/HFCF_small_160.parquet,0,2010,0032620.png,PNG,LandscapesHQ,,train,0,Real,train_v3_additions/real/cf_train_v3_pixdiff_matched_real_6583d76cfb8054cc_0032620.png.png,complete
cf_train_v3_pixdiff_matched_real_659b8c6d072f2824,pixdiff_matched_real,data/HFCF_small_160.parquet,0,2663,0041998.png,PNG,LandscapesHQ,,train,0,Real,train_v3_additions/real/cf_train_v3_pixdiff_matched_real_659b8c6d072f2824_0041998.png.png,complete
cf_train_v3_pixdiff_matched_real_65bf131622f9032b,pixdiff_matched_real,data/HFCF_small_160.parquet,0,2150,0033717.png,PNG,LandscapesHQ,,train,0,Real,train_v3_additions/real/cf_train_v3_pixdiff_matched_real_65bf131622f9032b_0033717.png.png,complete
cf_train_v3_pixdiff_matched_real_664fe3bea154c1aa,pixdiff_matched_real,data/HFCF_small_160.parquet,0,1537,0037984.png,PNG,LandscapesHQ,,train,0,Real,train_v3_additions/real/cf_train_v3_pixdiff_matched_real_664fe3bea154c1aa_0037984.png.png,complete
cf_train_v3_pixdiff_matched_real_66896e42e385e9ed,pixdiff_matched_real,data/HFCF_small_160.parquet,0,2328,0021476.png,PNG,LandscapesHQ,,train,0,Real,train_v3_additions/real/cf_train_v3_pixdiff_matched_real_66896e42e385e9ed_0021476.png.png,complete
cf_train_v3_pixdiff_matched_real_66c5a13a42e9335c,pixdiff_matched_real,data/HFCF_small_160.parquet,0,687,0010917.png,PNG,LandscapesHQ,,train,0,Real,train_v3_additions/real/cf_train_v3_pixdiff_matched_real_66c5a13a42e9335c_0010917.png.png,complete
cf_train_v3_pixdiff_matched_real_6783170eb41baf1b,pixdiff_matched_real,data/HFCF_small_160.parquet,0,1476,0053625.png,PNG,LandscapesHQ,,train,0,Real,train_v3_additions/real/cf_train_v3_pixdiff_matched_real_6783170eb41baf1b_0053625.png.png,complete
cf_train_v3_pixdiff_matched_real_67b3f4a0831e5727,pixdiff_matched_real,data/HFCF_small_160.parquet,0,1662,0031710.png,PNG,LandscapesHQ,,train,0,Real,train_v3_additions/real/cf_train_v3_pixdiff_matched_real_67b3f4a0831e5727_0031710.png.png,complete
cf_train_v3_pixdiff_matched_real_67df5657de7d1c7e,pixdiff_matched_real,data/HFCF_small_160.parquet,0,1133,0071456.png,PNG,LandscapesHQ,,train,0,Real,train_v3_additions/real/cf_train_v3_pixdiff_matched_real_67df5657de7d1c7e_0071456.png.png,complete
cf_train_v3_pixdiff_matched_real_67e8cbd133841270,pixdiff_matched_real,data/HFCF_small_160.parquet,0,2882,0059874.png,PNG,LandscapesHQ,,train,0,Real,train_v3_additions/real/cf_train_v3_pixdiff_matched_real_67e8cbd133841270_0059874.png.png,complete
cf_train_v3_pixdiff_matched_real_6841bd4e31e81252,pixdiff_matched_real,data/HFCF_small_160.parquet,0,407,0057324.png,PNG,LandscapesHQ,,train,0,Real,train_v3_additions/real/cf_train_v3_pixdiff_matched_real_6841bd4e31e81252_0057324.png.png,complete
cf_train_v3_pixdiff_matched_real_68af4eee47ad6b36,pixdiff_matched_real,data/HFCF_small_160.parquet,0,2017,0062613.png,PNG,LandscapesHQ,,train,0,Real,train_v3_additions/real/cf_train_v3_pixdiff_matched_real_68af4eee47ad6b36_0062613.png.png,complete
cf_train_v3_pixdiff_matched_real_69865f7c4c9fc4bc,pixdiff_matched_real,data/HFCF_small_160.parquet,0,895,0053778.png,PNG,LandscapesHQ,,train,0,Real,train_v3_additions/real/cf_train_v3_pixdiff_matched_real_69865f7c4c9fc4bc_0053778.png.png,complete
cf_train_v3_pixdiff_matched_real_69f0ecc980b8fb9d,pixdiff_matched_real,data/HFCF_small_160.parquet,0,642,0054808.png,PNG,LandscapesHQ,,train,0,Real,train_v3_additions/real/cf_train_v3_pixdiff_matched_real_69f0ecc980b8fb9d_0054808.png.png,complete
cf_train_v3_pixdiff_matched_real_6a23f8a22c48b396,pixdiff_matched_real,data/HFCF_small_160.parquet,0,2722,0016382.png,PNG,LandscapesHQ,,train,0,Real,train_v3_additions/real/cf_train_v3_pixdiff_matched_real_6a23f8a22c48b396_0016382.png.png,complete
cf_train_v3_pixdiff_matched_real_6a4b7c703c80f513,pixdiff_matched_real,data/HFCF_small_160.parquet,0,1455,0023448.png,PNG,LandscapesHQ,,train,0,Real,train_v3_additions/real/cf_train_v3_pixdiff_matched_real_6a4b7c703c80f513_0023448.png.png,complete
cf_train_v3_pixdiff_matched_real_6ad9634000b0c373,pixdiff_matched_real,data/HFCF_small_160.parquet,0,216,0074663.png,PNG,LandscapesHQ,,train,0,Real,train_v3_additions/real/cf_train_v3_pixdiff_matched_real_6ad9634000b0c373_0074663.png.png,complete
cf_train_v3_pixdiff_matched_real_6ae37de6b46d95a8,pixdiff_matched_real,data/HFCF_small_160.parquet,0,1930,0068936.png,PNG,LandscapesHQ,,train,0,Real,train_v3_additions/real/cf_train_v3_pixdiff_matched_real_6ae37de6b46d95a8_0068936.png.png,complete
cf_train_v3_pixdiff_matched_real_6b0436c2db9cf99a,pixdiff_matched_real,data/HFCF_small_160.parquet,0,368,0013370.png,PNG,LandscapesHQ,,train,0,Real,train_v3_additions/real/cf_train_v3_pixdiff_matched_real_6b0436c2db9cf99a_0013370.png.png,complete
cf_train_v3_pixdiff_matched_real_6b201dd730b25944,pixdiff_matched_real,data/HFCF_small_160.parquet,0,37,0069554.png,PNG,LandscapesHQ,,train,0,Real,train_v3_additions/real/cf_train_v3_pixdiff_matched_real_6b201dd730b25944_0069554.png.png,complete
cf_train_v3_pixdiff_matched_real_6b222df1e07c4519,pixdiff_matched_real,data/HFCF_small_160.parquet,0,2628,0084034.png,PNG,LandscapesHQ,,train,0,Real,train_v3_additions/real/cf_train_v3_pixdiff_matched_real_6b222df1e07c4519_0084034.png.png,complete
cf_train_v3_pixdiff_matched_real_6b22d01c8964b1ee,pixdiff_matched_real,data/HFCF_small_160.parquet,0,1898,0000650.png,PNG,LandscapesHQ,,train,0,Real,train_v3_additions/real/cf_train_v3_pixdiff_matched_real_6b22d01c8964b1ee_0000650.png.png,complete
cf_train_v3_pixdiff_matched_real_6bbdf675f1c63799,pixdiff_matched_real,data/HFCF_small_160.parquet,0,2613,0083824.png,PNG,LandscapesHQ,,train,0,Real,train_v3_additions/real/cf_train_v3_pixdiff_matched_real_6bbdf675f1c63799_0083824.png.png,complete
cf_train_v3_pixdiff_matched_real_6c1316265fc90040,pixdiff_matched_real,data/HFCF_small_160.parquet,0,294,0088169.png,PNG,LandscapesHQ,,train,0,Real,train_v3_additions/real/cf_train_v3_pixdiff_matched_real_6c1316265fc90040_0088169.png.png,complete
cf_train_v3_pixdiff_matched_real_6cc38e7ef622e570,pixdiff_matched_real,data/HFCF_small_160.parquet,0,775,0013177.png,PNG,LandscapesHQ,,train,0,Real,train_v3_additions/real/cf_train_v3_pixdiff_matched_real_6cc38e7ef622e570_0013177.png.png,complete
cf_train_v3_pixdiff_matched_real_6cc53eede9016133,pixdiff_matched_real,data/HFCF_small_160.parquet,0,2893,0003363.png,PNG,LandscapesHQ,,train,0,Real,train_v3_additions/real/cf_train_v3_pixdiff_matched_real_6cc53eede9016133_0003363.png.png,complete
cf_train_v3_pixdiff_matched_real_6d42d86d932d9768,pixdiff_matched_real,data/HFCF_small_160.parquet,0,2347,0087058.png,PNG,LandscapesHQ,,train,0,Real,train_v3_additions/real/cf_train_v3_pixdiff_matched_real_6d42d86d932d9768_0087058.png.png,complete
cf_train_v3_pixdiff_matched_real_6d5b1a8e6d81bb42,pixdiff_matched_real,data/HFCF_small_160.parquet,0,283,0068271.png,PNG,LandscapesHQ,,train,0,Real,train_v3_additions/real/cf_train_v3_pixdiff_matched_real_6d5b1a8e6d81bb42_0068271.png.png,complete
cf_train_v3_pixdiff_matched_real_6db356f2c594f356,pixdiff_matched_real,data/HFCF_small_160.parquet,0,663,0061085.png,PNG,LandscapesHQ,,train,0,Real,train_v3_additions/real/cf_train_v3_pixdiff_matched_real_6db356f2c594f356_0061085.png.png,complete
cf_train_v3_pixdiff_matched_real_6db6b50def708862,pixdiff_matched_real,data/HFCF_small_160.parquet,0,63,0008150.png,PNG,LandscapesHQ,,train,0,Real,train_v3_additions/real/cf_train_v3_pixdiff_matched_real_6db6b50def708862_0008150.png.png,complete
cf_train_v3_pixdiff_matched_real_6dd5c4306460c026,pixdiff_matched_real,data/HFCF_small_160.parquet,0,996,0023717.png,PNG,LandscapesHQ,,train,0,Real,train_v3_additions/real/cf_train_v3_pixdiff_matched_real_6dd5c4306460c026_0023717.png.png,complete
cf_train_v3_pixdiff_matched_real_6ddeb44d95e81364,pixdiff_matched_real,data/HFCF_small_160.parquet,0,1355,0062995.png,PNG,LandscapesHQ,,train,0,Real,train_v3_additions/real/cf_train_v3_pixdiff_matched_real_6ddeb44d95e81364_0062995.png.png,complete
cf_train_v3_pixdiff_matched_real_6e0cafa7d1ef9f93,pixdiff_matched_real,data/HFCF_small_160.parquet,0,2023,0025833.png,PNG,LandscapesHQ,,train,0,Real,train_v3_additions/real/cf_train_v3_pixdiff_matched_real_6e0cafa7d1ef9f93_0025833.png.png,complete
cf_train_v3_pixdiff_matched_real_6e78e3956facf541,pixdiff_matched_real,data/HFCF_small_160.parquet,0,499,0089075.png,PNG,LandscapesHQ,,train,0,Real,train_v3_additions/real/cf_train_v3_pixdiff_matched_real_6e78e3956facf541_0089075.png.png,complete
cf_train_v3_pixdiff_matched_real_6e97ad5df0a25942,pixdiff_matched_real,data/HFCF_small_160.parquet,0,1299,0035006.png,PNG,LandscapesHQ,,train,0,Real,train_v3_additions/real/cf_train_v3_pixdiff_matched_real_6e97ad5df0a25942_0035006.png.png,complete
cf_train_v3_pixdiff_matched_real_6ea6a8117ede4cd1,pixdiff_matched_real,data/HFCF_small_160.parquet,0,734,0000090.png,PNG,LandscapesHQ,,train,0,Real,train_v3_additions/real/cf_train_v3_pixdiff_matched_real_6ea6a8117ede4cd1_0000090.png.png,complete
cf_train_v3_pixdiff_matched_real_6edd4be75a9874a7,pixdiff_matched_real,data/HFCF_small_160.parquet,0,1677,0057079.png,PNG,LandscapesHQ,,train,0,Real,train_v3_additions/real/cf_train_v3_pixdiff_matched_real_6edd4be75a9874a7_0057079.png.png,complete
cf_train_v3_pixdiff_matched_real_6f2129c73039524e,pixdiff_matched_real,data/HFCF_small_160.parquet,0,125,0026863.png,PNG,LandscapesHQ,,train,0,Real,train_v3_additions/real/cf_train_v3_pixdiff_matched_real_6f2129c73039524e_0026863.png.png,complete
cf_train_v3_pixdiff_matched_real_6f5695e8b9e316b6,pixdiff_matched_real,data/HFCF_small_160.parquet,0,686,0075390.png,PNG,LandscapesHQ,,train,0,Real,train_v3_additions/real/cf_train_v3_pixdiff_matched_real_6f5695e8b9e316b6_0075390.png.png,complete
cf_train_v3_pixdiff_matched_real_6f99cf4ef7303cca,pixdiff_matched_real,data/HFCF_small_160.parquet,0,2767,0000123.png,PNG,LandscapesHQ,,train,0,Real,train_v3_additions/real/cf_train_v3_pixdiff_matched_real_6f99cf4ef7303cca_0000123.png.png,complete
cf_train_v3_pixdiff_matched_real_6fa758922f35613b,pixdiff_matched_real,data/HFCF_small_160.parquet,0,1398,0079839.png,PNG,LandscapesHQ,,train,0,Real,train_v3_additions/real/cf_train_v3_pixdiff_matched_real_6fa758922f35613b_0079839.png.png,complete
cf_train_v3_pixdiff_matched_real_700c64586389aea3,pixdiff_matched_real,data/HFCF_small_160.parquet,0,430,0016221.png,PNG,LandscapesHQ,,train,0,Real,train_v3_additions/real/cf_train_v3_pixdiff_matched_real_700c64586389aea3_0016221.png.png,complete
cf_train_v3_pixdiff_matched_real_704efe699398f4de,pixdiff_matched_real,data/HFCF_small_160.parquet,0,2485,0058549.png,PNG,LandscapesHQ,,train,0,Real,train_v3_additions/real/cf_train_v3_pixdiff_matched_real_704efe699398f4de_0058549.png.png,complete
cf_train_v3_pixdiff_matched_real_705266a818789d6a,pixdiff_matched_real,data/HFCF_small_160.parquet,0,1470,0014350.png,PNG,LandscapesHQ,,train,0,Real,train_v3_additions/real/cf_train_v3_pixdiff_matched_real_705266a818789d6a_0014350.png.png,complete
cf_train_v3_pixdiff_matched_real_707582a84c0b5cb8,pixdiff_matched_real,data/HFCF_small_160.parquet,0,278,0030750.png,PNG,LandscapesHQ,,train,0,Real,train_v3_additions/real/cf_train_v3_pixdiff_matched_real_707582a84c0b5cb8_0030750.png.png,complete
cf_train_v3_pixdiff_matched_real_70ac2f926d60bd1e,pixdiff_matched_real,data/HFCF_small_160.parquet,0,1635,0089489.png,PNG,LandscapesHQ,,train,0,Real,train_v3_additions/real/cf_train_v3_pixdiff_matched_real_70ac2f926d60bd1e_0089489.png.png,complete
cf_train_v3_pixdiff_matched_real_70ad56689fcc205b,pixdiff_matched_real,data/HFCF_small_160.parquet,0,2604,0060809.png,PNG,LandscapesHQ,,train,0,Real,train_v3_additions/real/cf_train_v3_pixdiff_matched_real_70ad56689fcc205b_0060809.png.png,complete
cf_train_v3_pixdiff_matched_real_70c2ab2b6d8ab0a0,pixdiff_matched_real,data/HFCF_small_160.parquet,0,582,0039406.png,PNG,LandscapesHQ,,train,0,Real,train_v3_additions/real/cf_train_v3_pixdiff_matched_real_70c2ab2b6d8ab0a0_0039406.png.png,complete
cf_train_v3_pixdiff_matched_real_70cb12d0d0f73219,pixdiff_matched_real,data/HFCF_small_160.parquet,0,850,0066739.png,PNG,LandscapesHQ,,train,0,Real,train_v3_additions/real/cf_train_v3_pixdiff_matched_real_70cb12d0d0f73219_0066739.png.png,complete
cf_train_v3_pixdiff_matched_real_71bb16469c3978bd,pixdiff_matched_real,data/HFCF_small_160.parquet,0,1873,0077140.png,PNG,LandscapesHQ,,train,0,Real,train_v3_additions/real/cf_train_v3_pixdiff_matched_real_71bb16469c3978bd_0077140.png.png,complete
cf_train_v3_pixdiff_matched_real_71dcbc2db6f1d823,pixdiff_matched_real,data/HFCF_small_160.parquet,0,1865,0089506.png,PNG,LandscapesHQ,,train,0,Real,train_v3_additions/real/cf_train_v3_pixdiff_matched_real_71dcbc2db6f1d823_0089506.png.png,complete
cf_train_v3_pixdiff_matched_real_71e56d2dedeb69f2,pixdiff_matched_real,data/HFCF_small_160.parquet,0,1554,0013827.png,PNG,LandscapesHQ,,train,0,Real,train_v3_additions/real/cf_train_v3_pixdiff_matched_real_71e56d2dedeb69f2_0013827.png.png,complete
cf_train_v3_pixdiff_matched_real_71fa3ee2b7de534c,pixdiff_matched_real,data/HFCF_small_160.parquet,0,2233,0038290.png,PNG,LandscapesHQ,,train,0,Real,train_v3_additions/real/cf_train_v3_pixdiff_matched_real_71fa3ee2b7de534c_0038290.png.png,complete
cf_train_v3_pixdiff_matched_real_71fcb4d1ebba1a09,pixdiff_matched_real,data/HFCF_small_160.parquet,0,550,0017878.png,PNG,LandscapesHQ,,train,0,Real,train_v3_additions/real/cf_train_v3_pixdiff_matched_real_71fcb4d1ebba1a09_0017878.png.png,complete
cf_train_v3_pixdiff_matched_real_7228f299995b4825,pixdiff_matched_real,data/HFCF_small_160.parquet,0,1869,0024130.png,PNG,LandscapesHQ,,train,0,Real,train_v3_additions/real/cf_train_v3_pixdiff_matched_real_7228f299995b4825_0024130.png.png,complete
cf_train_v3_pixdiff_matched_real_72c35640f5a9f5e7,pixdiff_matched_real,data/HFCF_small_160.parquet,0,2545,0059085.png,PNG,LandscapesHQ,,train,0,Real,train_v3_additions/real/cf_train_v3_pixdiff_matched_real_72c35640f5a9f5e7_0059085.png.png,complete
cf_train_v3_pixdiff_matched_real_72eb34ff3ac3ab2f,pixdiff_matched_real,data/HFCF_small_160.parquet,0,1143,0036080.png,PNG,LandscapesHQ,,train,0,Real,train_v3_additions/real/cf_train_v3_pixdiff_matched_real_72eb34ff3ac3ab2f_0036080.png.png,complete
cf_train_v3_pixdiff_matched_real_72f7664cb7768c00,pixdiff_matched_real,data/HFCF_small_160.parquet,0,2674,0010907.png,PNG,LandscapesHQ,,train,0,Real,train_v3_additions/real/cf_train_v3_pixdiff_matched_real_72f7664cb7768c00_0010907.png.png,complete
cf_train_v3_pixdiff_matched_real_73720b6d95ebe9fc,pixdiff_matched_real,data/HFCF_small_160.parquet,0,1505,0063090.png,PNG,LandscapesHQ,,train,0,Real,train_v3_additions/real/cf_train_v3_pixdiff_matched_real_73720b6d95ebe9fc_0063090.png.png,complete
cf_train_v3_pixdiff_matched_real_742aea417a5a67b4,pixdiff_matched_real,data/HFCF_small_160.parquet,0,1446,0028457.png,PNG,LandscapesHQ,,train,0,Real,train_v3_additions/real/cf_train_v3_pixdiff_matched_real_742aea417a5a67b4_0028457.png.png,complete
cf_train_v3_pixdiff_matched_real_7451d41714017aef,pixdiff_matched_real,data/HFCF_small_160.parquet,0,2693,0008620.png,PNG,LandscapesHQ,,train,0,Real,train_v3_additions/real/cf_train_v3_pixdiff_matched_real_7451d41714017aef_0008620.png.png,complete
cf_train_v3_pixdiff_matched_real_746e61dc90104d86,pixdiff_matched_real,data/HFCF_small_160.parquet,0,1795,0008409.png,PNG,LandscapesHQ,,train,0,Real,train_v3_additions/real/cf_train_v3_pixdiff_matched_real_746e61dc90104d86_0008409.png.png,complete
cf_train_v3_pixdiff_matched_real_748e93e8f3126c53,pixdiff_matched_real,data/HFCF_small_160.parquet,0,1517,0083239.png,PNG,LandscapesHQ,,train,0,Real,train_v3_additions/real/cf_train_v3_pixdiff_matched_real_748e93e8f3126c53_0083239.png.png,complete
cf_train_v3_pixdiff_matched_real_7506c41cc5b78955,pixdiff_matched_real,data/HFCF_small_160.parquet,0,1807,0013766.png,PNG,LandscapesHQ,,train,0,Real,train_v3_additions/real/cf_train_v3_pixdiff_matched_real_7506c41cc5b78955_0013766.png.png,complete
cf_train_v3_pixdiff_matched_real_7530b9e4201c5467,pixdiff_matched_real,data/HFCF_small_160.parquet,0,1998,0014608.png,PNG,LandscapesHQ,,train,0,Real,train_v3_additions/real/cf_train_v3_pixdiff_matched_real_7530b9e4201c5467_0014608.png.png,complete
cf_train_v3_pixdiff_matched_real_75a1e55f10fe1d3c,pixdiff_matched_real,data/HFCF_small_160.parquet,0,2591,0071294.png,PNG,LandscapesHQ,,train,0,Real,train_v3_additions/real/cf_train_v3_pixdiff_matched_real_75a1e55f10fe1d3c_0071294.png.png,complete
cf_train_v3_pixdiff_matched_real_75ff84c638747ae5,pixdiff_matched_real,data/HFCF_small_160.parquet,0,1474,0063057.png,PNG,LandscapesHQ,,train,0,Real,train_v3_additions/real/cf_train_v3_pixdiff_matched_real_75ff84c638747ae5_0063057.png.png,complete
cf_train_v3_pixdiff_matched_real_7653713544543bca,pixdiff_matched_real,data/HFCF_small_160.parquet,0,1759,0080094.png,PNG,LandscapesHQ,,train,0,Real,train_v3_additions/real/cf_train_v3_pixdiff_matched_real_7653713544543bca_0080094.png.png,complete
cf_train_v3_pixdiff_matched_real_76a40c45a7a0b2cf,pixdiff_matched_real,data/HFCF_small_160.parquet,0,433,0032989.png,PNG,LandscapesHQ,,train,0,Real,train_v3_additions/real/cf_train_v3_pixdiff_matched_real_76a40c45a7a0b2cf_0032989.png.png,complete
cf_train_v3_pixdiff_matched_real_76b4d52de61d03a8,pixdiff_matched_real,data/HFCF_small_160.parquet,0,2061,0081617.png,PNG,LandscapesHQ,,train,0,Real,train_v3_additions/real/cf_train_v3_pixdiff_matched_real_76b4d52de61d03a8_0081617.png.png,complete
cf_train_v3_pixdiff_matched_real_76df09588eeb37ab,pixdiff_matched_real,data/HFCF_small_160.parquet,0,661,0025572.png,PNG,LandscapesHQ,,train,0,Real,train_v3_additions/real/cf_train_v3_pixdiff_matched_real_76df09588eeb37ab_0025572.png.png,complete
cf_train_v3_pixdiff_matched_real_77299d040a3927a8,pixdiff_matched_real,data/HFCF_small_160.parquet,0,888,0003373.png,PNG,LandscapesHQ,,train,0,Real,train_v3_additions/real/cf_train_v3_pixdiff_matched_real_77299d040a3927a8_0003373.png.png,complete
cf_train_v3_pixdiff_matched_real_774cdcdf385b95ff,pixdiff_matched_real,data/HFCF_small_160.parquet,0,1833,0069369.png,PNG,LandscapesHQ,,train,0,Real,train_v3_additions/real/cf_train_v3_pixdiff_matched_real_774cdcdf385b95ff_0069369.png.png,complete
cf_train_v3_pixdiff_matched_real_7796564e5b011444,pixdiff_matched_real,data/HFCF_small_160.parquet,0,1544,0036861.png,PNG,LandscapesHQ,,train,0,Real,train_v3_additions/real/cf_train_v3_pixdiff_matched_real_7796564e5b011444_0036861.png.png,complete
cf_train_v3_pixdiff_matched_real_780295987ff5b0df,pixdiff_matched_real,data/HFCF_small_160.parquet,0,2568,0009059.png,PNG,LandscapesHQ,,train,0,Real,train_v3_additions/real/cf_train_v3_pixdiff_matched_real_780295987ff5b0df_0009059.png.png,complete
cf_train_v3_pixdiff_matched_real_784bccd737561c1f,pixdiff_matched_real,data/HFCF_small_160.parquet,0,2180,0085466.png,PNG,LandscapesHQ,,train,0,Real,train_v3_additions/real/cf_train_v3_pixdiff_matched_real_784bccd737561c1f_0085466.png.png,complete
cf_train_v3_pixdiff_matched_real_785b26f199da23a8,pixdiff_matched_real,data/HFCF_small_160.parquet,0,1815,0004635.png,PNG,LandscapesHQ,,train,0,Real,train_v3_additions/real/cf_train_v3_pixdiff_matched_real_785b26f199da23a8_0004635.png.png,complete
cf_train_v3_pixdiff_matched_real_786d7b26456e2a7d,pixdiff_matched_real,data/HFCF_small_160.parquet,0,1797,0007885.png,PNG,LandscapesHQ,,train,0,Real,train_v3_additions/real/cf_train_v3_pixdiff_matched_real_786d7b26456e2a7d_0007885.png.png,complete
cf_train_v3_pixdiff_matched_real_78bbd8d61d60ba6f,pixdiff_matched_real,data/HFCF_small_160.parquet,0,53,0015689.png,PNG,LandscapesHQ,,train,0,Real,train_v3_additions/real/cf_train_v3_pixdiff_matched_real_78bbd8d61d60ba6f_0015689.png.png,complete
cf_train_v3_pixdiff_matched_real_78c87550c38d82b8,pixdiff_matched_real,data/HFCF_small_160.parquet,0,1029,0018637.png,PNG,LandscapesHQ,,train,0,Real,train_v3_additions/real/cf_train_v3_pixdiff_matched_real_78c87550c38d82b8_0018637.png.png,complete
cf_train_v3_pixdiff_matched_real_78d4f4a449d79f12,pixdiff_matched_real,data/HFCF_small_160.parquet,0,448,0004179.png,PNG,LandscapesHQ,,train,0,Real,train_v3_additions/real/cf_train_v3_pixdiff_matched_real_78d4f4a449d79f12_0004179.png.png,complete
cf_train_v3_pixdiff_matched_real_7934d81a5d75d4e4,pixdiff_matched_real,data/HFCF_small_160.parquet,0,2836,0008590.png,PNG,LandscapesHQ,,train,0,Real,train_v3_additions/real/cf_train_v3_pixdiff_matched_real_7934d81a5d75d4e4_0008590.png.png,complete
cf_train_v3_pixdiff_matched_real_79423bf545156ace,pixdiff_matched_real,data/HFCF_small_160.parquet,0,546,0067961.png,PNG,LandscapesHQ,,train,0,Real,train_v3_additions/real/cf_train_v3_pixdiff_matched_real_79423bf545156ace_0067961.png.png,complete
cf_train_v3_pixdiff_matched_real_7968800eb2b0fa4f,pixdiff_matched_real,data/HFCF_small_160.parquet,0,2661,0081161.png,PNG,LandscapesHQ,,train,0,Real,train_v3_additions/real/cf_train_v3_pixdiff_matched_real_7968800eb2b0fa4f_0081161.png.png,complete
cf_train_v3_pixdiff_matched_real_7969a56f27f38405,pixdiff_matched_real,data/HFCF_small_160.parquet,0,1615,0019850.png,PNG,LandscapesHQ,,train,0,Real,train_v3_additions/real/cf_train_v3_pixdiff_matched_real_7969a56f27f38405_0019850.png.png,complete
cf_train_v3_pixdiff_matched_real_79c2d1e3c6803883,pixdiff_matched_real,data/HFCF_small_160.parquet,0,2360,0041963.png,PNG,LandscapesHQ,,train,0,Real,train_v3_additions/real/cf_train_v3_pixdiff_matched_real_79c2d1e3c6803883_0041963.png.png,complete
cf_train_v3_pixdiff_matched_real_79ef2674733bad46,pixdiff_matched_real,data/HFCF_small_160.parquet,0,1622,0088543.png,PNG,LandscapesHQ,,train,0,Real,train_v3_additions/real/cf_train_v3_pixdiff_matched_real_79ef2674733bad46_0088543.png.png,complete
cf_train_v3_pixdiff_matched_real_79f23361e7fbee62,pixdiff_matched_real,data/HFCF_small_160.parquet,0,725,0045708.png,PNG,LandscapesHQ,,train,0,Real,train_v3_additions/real/cf_train_v3_pixdiff_matched_real_79f23361e7fbee62_0045708.png.png,complete
cf_train_v3_pixdiff_matched_real_7a1e5e406b36598d,pixdiff_matched_real,data/HFCF_small_160.parquet,0,2634,0000442.png,PNG,LandscapesHQ,,train,0,Real,train_v3_additions/real/cf_train_v3_pixdiff_matched_real_7a1e5e406b36598d_0000442.png.png,complete
cf_train_v3_pixdiff_matched_real_7a4809a3edf2127c,pixdiff_matched_real,data/HFCF_small_160.parquet,0,575,0028286.png,PNG,LandscapesHQ,,train,0,Real,train_v3_additions/real/cf_train_v3_pixdiff_matched_real_7a4809a3edf2127c_0028286.png.png,complete
cf_train_v3_pixdiff_matched_real_7a8d6992e56499fe,pixdiff_matched_real,data/HFCF_small_160.parquet,0,2484,0006151.png,PNG,LandscapesHQ,,train,0,Real,train_v3_additions/real/cf_train_v3_pixdiff_matched_real_7a8d6992e56499fe_0006151.png.png,complete
cf_train_v3_pixdiff_matched_real_7ad794a58a366e56,pixdiff_matched_real,data/HFCF_small_160.parquet,0,2814,0004544.png,PNG,LandscapesHQ,,train,0,Real,train_v3_additions/real/cf_train_v3_pixdiff_matched_real_7ad794a58a366e56_0004544.png.png,complete
cf_train_v3_pixdiff_matched_real_7b15189d8694c4d0,pixdiff_matched_real,data/HFCF_small_160.parquet,0,1712,0073253.png,PNG,LandscapesHQ,,train,0,Real,train_v3_additions/real/cf_train_v3_pixdiff_matched_real_7b15189d8694c4d0_0073253.png.png,complete
cf_train_v3_pixdiff_matched_real_7b94f7ae340ce208,pixdiff_matched_real,data/HFCF_small_160.parquet,0,61,0053582.png,PNG,LandscapesHQ,,train,0,Real,train_v3_additions/real/cf_train_v3_pixdiff_matched_real_7b94f7ae340ce208_0053582.png.png,complete
cf_train_v3_pixdiff_matched_real_7bc3821d307d9e8a,pixdiff_matched_real,data/HFCF_small_160.parquet,0,2846,0044987.png,PNG,LandscapesHQ,,train,0,Real,train_v3_additions/real/cf_train_v3_pixdiff_matched_real_7bc3821d307d9e8a_0044987.png.png,complete
cf_train_v3_pixdiff_matched_real_7be6c176bd45f636,pixdiff_matched_real,data/HFCF_small_160.parquet,0,1636,0069792.png,PNG,LandscapesHQ,,train,0,Real,train_v3_additions/real/cf_train_v3_pixdiff_matched_real_7be6c176bd45f636_0069792.png.png,complete
cf_train_v3_pixdiff_matched_real_7bf3d240a1333d95,pixdiff_matched_real,data/HFCF_small_160.parquet,0,1785,0041754.png,PNG,LandscapesHQ,,train,0,Real,train_v3_additions/real/cf_train_v3_pixdiff_matched_real_7bf3d240a1333d95_0041754.png.png,complete
cf_train_v3_pixdiff_matched_real_7bff1ce1d8aa14be,pixdiff_matched_real,data/HFCF_small_160.parquet,0,2720,0077631.png,PNG,LandscapesHQ,,train,0,Real,train_v3_additions/real/cf_train_v3_pixdiff_matched_real_7bff1ce1d8aa14be_0077631.png.png,complete
cf_train_v3_pixdiff_matched_real_7c172a6d1e27edbe,pixdiff_matched_real,data/HFCF_small_160.parquet,0,1233,0079421.png,PNG,LandscapesHQ,,train,0,Real,train_v3_additions/real/cf_train_v3_pixdiff_matched_real_7c172a6d1e27edbe_0079421.png.png,complete
cf_train_v3_pixdiff_matched_real_7c3da11ebbe5e94c,pixdiff_matched_real,data/HFCF_small_160.parquet,0,2874,0087701.png,PNG,LandscapesHQ,,train,0,Real,train_v3_additions/real/cf_train_v3_pixdiff_matched_real_7c3da11ebbe5e94c_0087701.png.png,complete
cf_train_v3_pixdiff_matched_real_7c78fd5037eae70b,pixdiff_matched_real,data/HFCF_small_160.parquet,0,84,0084387.png,PNG,LandscapesHQ,,train,0,Real,train_v3_additions/real/cf_train_v3_pixdiff_matched_real_7c78fd5037eae70b_0084387.png.png,complete
cf_train_v3_pixdiff_matched_real_7cd54c470920868a,pixdiff_matched_real,data/HFCF_small_160.parquet,0,2382,0088437.png,PNG,LandscapesHQ,,train,0,Real,train_v3_additions/real/cf_train_v3_pixdiff_matched_real_7cd54c470920868a_0088437.png.png,complete
cf_train_v3_pixdiff_matched_real_7cf3443bec3f4f89,pixdiff_matched_real,data/HFCF_small_160.parquet,0,1136,0064299.png,PNG,LandscapesHQ,,train,0,Real,train_v3_additions/real/cf_train_v3_pixdiff_matched_real_7cf3443bec3f4f89_0064299.png.png,complete
cf_train_v3_pixdiff_matched_real_7e18cc2e72d49ee2,pixdiff_matched_real,data/HFCF_small_160.parquet,0,1520,0025028.png,PNG,LandscapesHQ,,train,0,Real,train_v3_additions/real/cf_train_v3_pixdiff_matched_real_7e18cc2e72d49ee2_0025028.png.png,complete
cf_train_v3_pixdiff_matched_real_7e372cddfd019301,pixdiff_matched_real,data/HFCF_small_160.parquet,0,2602,0060827.png,PNG,LandscapesHQ,,train,0,Real,train_v3_additions/real/cf_train_v3_pixdiff_matched_real_7e372cddfd019301_0060827.png.png,complete
cf_train_v3_pixdiff_matched_real_7e68431558915aa1,pixdiff_matched_real,data/HFCF_small_160.parquet,0,2849,0042843.png,PNG,LandscapesHQ,,train,0,Real,train_v3_additions/real/cf_train_v3_pixdiff_matched_real_7e68431558915aa1_0042843.png.png,complete
cf_train_v3_pixdiff_matched_real_7eb15e7b485c39e6,pixdiff_matched_real,data/HFCF_small_160.parquet,0,19,0020143.png,PNG,LandscapesHQ,,train,0,Real,train_v3_additions/real/cf_train_v3_pixdiff_matched_real_7eb15e7b485c39e6_0020143.png.png,complete
cf_train_v3_pixdiff_matched_real_7edc19398a57bdcb,pixdiff_matched_real,data/HFCF_small_160.parquet,0,1929,0055440.png,PNG,LandscapesHQ,,train,0,Real,train_v3_additions/real/cf_train_v3_pixdiff_matched_real_7edc19398a57bdcb_0055440.png.png,complete
cf_train_v3_pixdiff_matched_real_7ee358b7afd50ec2,pixdiff_matched_real,data/HFCF_small_160.parquet,0,2819,0025172.png,PNG,LandscapesHQ,,train,0,Real,train_v3_additions/real/cf_train_v3_pixdiff_matched_real_7ee358b7afd50ec2_0025172.png.png,complete
cf_train_v3_pixdiff_matched_real_7f102a094731961c,pixdiff_matched_real,data/HFCF_small_160.parquet,0,484,0018380.png,PNG,LandscapesHQ,,train,0,Real,train_v3_additions/real/cf_train_v3_pixdiff_matched_real_7f102a094731961c_0018380.png.png,complete
cf_train_v3_pixdiff_matched_real_7f5842913076d767,pixdiff_matched_real,data/HFCF_small_160.parquet,0,611,0014218.png,PNG,LandscapesHQ,,train,0,Real,train_v3_additions/real/cf_train_v3_pixdiff_matched_real_7f5842913076d767_0014218.png.png,complete
cf_train_v3_pixdiff_matched_real_7fcb680bba3b9a75,pixdiff_matched_real,data/HFCF_small_160.parquet,0,1601,0082480.png,PNG,LandscapesHQ,,train,0,Real,train_v3_additions/real/cf_train_v3_pixdiff_matched_real_7fcb680bba3b9a75_0082480.png.png,complete
cf_train_v3_pixdiff_matched_real_8095921eb5b381d9,pixdiff_matched_real,data/HFCF_small_160.parquet,0,347,0047640.png,PNG,LandscapesHQ,,train,0,Real,train_v3_additions/real/cf_train_v3_pixdiff_matched_real_8095921eb5b381d9_0047640.png.png,complete
cf_train_v3_pixdiff_matched_real_8095ee7b399ecb9f,pixdiff_matched_real,data/HFCF_small_160.parquet,0,2647,0068315.png,PNG,LandscapesHQ,,train,0,Real,train_v3_additions/real/cf_train_v3_pixdiff_matched_real_8095ee7b399ecb9f_0068315.png.png,complete
cf_train_v3_pixdiff_matched_real_80eee6ebc2bb9173,pixdiff_matched_real,data/HFCF_small_160.parquet,0,2470,0010687.png,PNG,LandscapesHQ,,train,0,Real,train_v3_additions/real/cf_train_v3_pixdiff_matched_real_80eee6ebc2bb9173_0010687.png.png,complete
cf_train_v3_pixdiff_matched_real_8129f71c9b595a03,pixdiff_matched_real,data/HFCF_small_160.parquet,0,2285,0008344.png,PNG,LandscapesHQ,,train,0,Real,train_v3_additions/real/cf_train_v3_pixdiff_matched_real_8129f71c9b595a03_0008344.png.png,complete
cf_train_v3_pixdiff_matched_real_8177c014cca08665,pixdiff_matched_real,data/HFCF_small_160.parquet,0,2766,0057730.png,PNG,LandscapesHQ,,train,0,Real,train_v3_additions/real/cf_train_v3_pixdiff_matched_real_8177c014cca08665_0057730.png.png,complete
cf_train_v3_pixdiff_matched_real_817cfca60d1db16a,pixdiff_matched_real,data/HFCF_small_160.parquet,0,576,0031665.png,PNG,LandscapesHQ,,train,0,Real,train_v3_additions/real/cf_train_v3_pixdiff_matched_real_817cfca60d1db16a_0031665.png.png,complete
cf_train_v3_pixdiff_matched_real_81997f9ac9676730,pixdiff_matched_real,data/HFCF_small_160.parquet,0,1380,0079636.png,PNG,LandscapesHQ,,train,0,Real,train_v3_additions/real/cf_train_v3_pixdiff_matched_real_81997f9ac9676730_0079636.png.png,complete
cf_train_v3_pixdiff_matched_real_81b0aa6c687483f4,pixdiff_matched_real,data/HFCF_small_160.parquet,0,147,0003628.png,PNG,LandscapesHQ,,train,0,Real,train_v3_additions/real/cf_train_v3_pixdiff_matched_real_81b0aa6c687483f4_0003628.png.png,complete
cf_train_v3_pixdiff_matched_real_81ff0005e1de9399,pixdiff_matched_real,data/HFCF_small_160.parquet,0,1466,0083000.png,PNG,LandscapesHQ,,train,0,Real,train_v3_additions/real/cf_train_v3_pixdiff_matched_real_81ff0005e1de9399_0083000.png.png,complete
cf_train_v3_pixdiff_matched_real_82911c0e1ae52b46,pixdiff_matched_real,data/HFCF_small_160.parquet,0,1037,0084580.png,PNG,LandscapesHQ,,train,0,Real,train_v3_additions/real/cf_train_v3_pixdiff_matched_real_82911c0e1ae52b46_0084580.png.png,complete
cf_train_v3_pixdiff_matched_real_829b3d05b50ac062,pixdiff_matched_real,data/HFCF_small_160.parquet,0,2911,0043191.png,PNG,LandscapesHQ,,train,0,Real,train_v3_additions/real/cf_train_v3_pixdiff_matched_real_829b3d05b50ac062_0043191.png.png,complete
cf_train_v3_pixdiff_matched_real_830deb47eb7bab1a,pixdiff_matched_real,data/HFCF_small_160.parquet,0,504,0039767.png,PNG,LandscapesHQ,,train,0,Real,train_v3_additions/real/cf_train_v3_pixdiff_matched_real_830deb47eb7bab1a_0039767.png.png,complete
cf_train_v3_pixdiff_matched_real_830f6c62c739e567,pixdiff_matched_real,data/HFCF_small_160.parquet,0,143,0034492.png,PNG,LandscapesHQ,,train,0,Real,train_v3_additions/real/cf_train_v3_pixdiff_matched_real_830f6c62c739e567_0034492.png.png,complete
cf_train_v3_pixdiff_matched_real_83404b9583b49da7,pixdiff_matched_real,data/HFCF_small_160.parquet,0,2399,0028901.png,PNG,LandscapesHQ,,train,0,Real,train_v3_additions/real/cf_train_v3_pixdiff_matched_real_83404b9583b49da7_0028901.png.png,complete
cf_train_v3_pixdiff_matched_real_83a5c994abf21326,pixdiff_matched_real,data/HFCF_small_160.parquet,0,2672,0062749.png,PNG,LandscapesHQ,,train,0,Real,train_v3_additions/real/cf_train_v3_pixdiff_matched_real_83a5c994abf21326_0062749.png.png,complete
cf_train_v3_pixdiff_matched_real_83b21a36f78ed874,pixdiff_matched_real,data/HFCF_small_160.parquet,0,2443,0058376.png,PNG,LandscapesHQ,,train,0,Real,train_v3_additions/real/cf_train_v3_pixdiff_matched_real_83b21a36f78ed874_0058376.png.png,complete
cf_train_v3_pixdiff_matched_real_83bdaa514f72f90a,pixdiff_matched_real,data/HFCF_small_160.parquet,0,2805,0062821.png,PNG,LandscapesHQ,,train,0,Real,train_v3_additions/real/cf_train_v3_pixdiff_matched_real_83bdaa514f72f90a_0062821.png.png,complete
cf_train_v3_pixdiff_matched_real_83d75c2f57f80df8,pixdiff_matched_real,data/HFCF_small_160.parquet,0,939,0067812.png,PNG,LandscapesHQ,,train,0,Real,train_v3_additions/real/cf_train_v3_pixdiff_matched_real_83d75c2f57f80df8_0067812.png.png,complete
cf_train_v3_pixdiff_matched_real_84348b22fe79dcd7,pixdiff_matched_real,data/HFCF_small_160.parquet,0,364,0070001.png,PNG,LandscapesHQ,,train,0,Real,train_v3_additions/real/cf_train_v3_pixdiff_matched_real_84348b22fe79dcd7_0070001.png.png,complete
cf_train_v3_pixdiff_matched_real_8463235f93b57375,pixdiff_matched_real,data/HFCF_small_160.parquet,0,1680,0081211.png,PNG,LandscapesHQ,,train,0,Real,train_v3_additions/real/cf_train_v3_pixdiff_matched_real_8463235f93b57375_0081211.png.png,complete
cf_train_v3_pixdiff_matched_real_8466ad605f929a46,pixdiff_matched_real,data/HFCF_small_160.parquet,0,421,0057726.png,PNG,LandscapesHQ,,train,0,Real,train_v3_additions/real/cf_train_v3_pixdiff_matched_real_8466ad605f929a46_0057726.png.png,complete
cf_train_v3_pixdiff_matched_real_84ac65d53129710f,pixdiff_matched_real,data/HFCF_small_160.parquet,0,838,0047278.png,PNG,LandscapesHQ,,train,0,Real,train_v3_additions/real/cf_train_v3_pixdiff_matched_real_84ac65d53129710f_0047278.png.png,complete
cf_train_v3_pixdiff_matched_real_8549b57a350cd550,pixdiff_matched_real,data/HFCF_small_160.parquet,0,2251,0013566.png,PNG,LandscapesHQ,,train,0,Real,train_v3_additions/real/cf_train_v3_pixdiff_matched_real_8549b57a350cd550_0013566.png.png,complete
cf_train_v3_pixdiff_matched_real_86886baa4d6941ff,pixdiff_matched_real,data/HFCF_small_160.parquet,0,1638,0037172.png,PNG,LandscapesHQ,,train,0,Real,train_v3_additions/real/cf_train_v3_pixdiff_matched_real_86886baa4d6941ff_0037172.png.png,complete
cf_train_v3_pixdiff_matched_real_87bcd84eaa05e723,pixdiff_matched_real,data/HFCF_small_160.parquet,0,419,0071246.png,PNG,LandscapesHQ,,train,0,Real,train_v3_additions/real/cf_train_v3_pixdiff_matched_real_87bcd84eaa05e723_0071246.png.png,complete
cf_train_v3_pixdiff_matched_real_8857fbe66ec285a8,pixdiff_matched_real,data/HFCF_small_160.parquet,0,649,0068066.png,PNG,LandscapesHQ,,train,0,Real,train_v3_additions/real/cf_train_v3_pixdiff_matched_real_8857fbe66ec285a8_0068066.png.png,complete
cf_train_v3_pixdiff_matched_real_889920f7ea1ad009,pixdiff_matched_real,data/HFCF_small_160.parquet,0,904,0015921.png,PNG,LandscapesHQ,,train,0,Real,train_v3_additions/real/cf_train_v3_pixdiff_matched_real_889920f7ea1ad009_0015921.png.png,complete
cf_train_v3_pixdiff_matched_real_88b2bf1989b6dbb8,pixdiff_matched_real,data/HFCF_small_160.parquet,0,1968,0050922.png,PNG,LandscapesHQ,,train,0,Real,train_v3_additions/real/cf_train_v3_pixdiff_matched_real_88b2bf1989b6dbb8_0050922.png.png,complete
cf_train_v3_pixdiff_matched_real_88ea3f720d138188,pixdiff_matched_real,data/HFCF_small_160.parquet,0,2989,0048159.png,PNG,LandscapesHQ,,train,0,Real,train_v3_additions/real/cf_train_v3_pixdiff_matched_real_88ea3f720d138188_0048159.png.png,complete
cf_train_v3_pixdiff_matched_real_890d5e5b937f8559,pixdiff_matched_real,data/HFCF_small_160.parquet,0,846,0072995.png,PNG,LandscapesHQ,,train,0,Real,train_v3_additions/real/cf_train_v3_pixdiff_matched_real_890d5e5b937f8559_0072995.png.png,complete
cf_train_v3_pixdiff_matched_real_89aa8c1747ceeeb5,pixdiff_matched_real,data/HFCF_small_160.parquet,0,1742,0004397.png,PNG,LandscapesHQ,,train,0,Real,train_v3_additions/real/cf_train_v3_pixdiff_matched_real_89aa8c1747ceeeb5_0004397.png.png,complete
cf_train_v3_pixdiff_matched_real_8a18d2c804d9d9c7,pixdiff_matched_real,data/HFCF_small_160.parquet,0,1894,0055525.png,PNG,LandscapesHQ,,train,0,Real,train_v3_additions/real/cf_train_v3_pixdiff_matched_real_8a18d2c804d9d9c7_0055525.png.png,complete
cf_train_v3_pixdiff_matched_real_8a2e28937cbe9c02,pixdiff_matched_real,data/HFCF_small_160.parquet,0,1792,0045518.png,PNG,LandscapesHQ,,train,0,Real,train_v3_additions/real/cf_train_v3_pixdiff_matched_real_8a2e28937cbe9c02_0045518.png.png,complete
cf_train_v3_pixdiff_matched_real_8af91bb85ec43c48,pixdiff_matched_real,data/HFCF_small_160.parquet,0,460,0079169.png,PNG,LandscapesHQ,,train,0,Real,train_v3_additions/real/cf_train_v3_pixdiff_matched_real_8af91bb85ec43c48_0079169.png.png,complete
cf_train_v3_pixdiff_matched_real_8b9032b3615bd1fb,pixdiff_matched_real,data/HFCF_small_160.parquet,0,743,0083996.png,PNG,LandscapesHQ,,train,0,Real,train_v3_additions/real/cf_train_v3_pixdiff_matched_real_8b9032b3615bd1fb_0083996.png.png,complete
cf_train_v3_pixdiff_matched_real_8c1653afe1f1c712,pixdiff_matched_real,data/HFCF_small_160.parquet,0,2860,0050062.png,PNG,LandscapesHQ,,train,0,Real,train_v3_additions/real/cf_train_v3_pixdiff_matched_real_8c1653afe1f1c712_0050062.png.png,complete
cf_train_v3_pixdiff_matched_real_8c7b4be5cb3a56f0,pixdiff_matched_real,data/HFCF_small_160.parquet,0,936,0062005.png,PNG,LandscapesHQ,,train,0,Real,train_v3_additions/real/cf_train_v3_pixdiff_matched_real_8c7b4be5cb3a56f0_0062005.png.png,complete
cf_train_v3_pixdiff_matched_real_8c90e879b44ac062,pixdiff_matched_real,data/HFCF_small_160.parquet,0,435,0086551.png,PNG,LandscapesHQ,,train,0,Real,train_v3_additions/real/cf_train_v3_pixdiff_matched_real_8c90e879b44ac062_0086551.png.png,complete
cf_train_v3_pixdiff_matched_real_8c9f884a494e9243,pixdiff_matched_real,data/HFCF_small_160.parquet,0,1988,0046400.png,PNG,LandscapesHQ,,train,0,Real,train_v3_additions/real/cf_train_v3_pixdiff_matched_real_8c9f884a494e9243_0046400.png.png,complete
cf_train_v3_pixdiff_matched_real_8d66d6866d77fca8,pixdiff_matched_real,data/HFCF_small_160.parquet,0,911,0084542.png,PNG,LandscapesHQ,,train,0,Real,train_v3_additions/real/cf_train_v3_pixdiff_matched_real_8d66d6866d77fca8_0084542.png.png,complete
cf_train_v3_pixdiff_matched_real_8ebd3eeed1dae65b,pixdiff_matched_real,data/HFCF_small_160.parquet,0,894,0054600.png,PNG,LandscapesHQ,,train,0,Real,train_v3_additions/real/cf_train_v3_pixdiff_matched_real_8ebd3eeed1dae65b_0054600.png.png,complete
cf_train_v3_pixdiff_matched_real_8ec4851b24beb052,pixdiff_matched_real,data/HFCF_small_160.parquet,0,2178,0076317.png,PNG,LandscapesHQ,,train,0,Real,train_v3_additions/real/cf_train_v3_pixdiff_matched_real_8ec4851b24beb052_0076317.png.png,complete
cf_train_v3_pixdiff_matched_real_8f7982b11cd64407,pixdiff_matched_real,data/HFCF_small_160.parquet,0,1647,0004231.png,PNG,LandscapesHQ,,train,0,Real,train_v3_additions/real/cf_train_v3_pixdiff_matched_real_8f7982b11cd64407_0004231.png.png,complete
cf_train_v3_pixdiff_matched_real_8f7b25b03de3efa5,pixdiff_matched_real,data/HFCF_small_160.parquet,0,2944,0015058.png,PNG,LandscapesHQ,,train,0,Real,train_v3_additions/real/cf_train_v3_pixdiff_matched_real_8f7b25b03de3efa5_0015058.png.png,complete
cf_train_v3_pixdiff_matched_real_8f881456c876a460,pixdiff_matched_real,data/HFCF_small_160.parquet,0,902,0030542.png,PNG,LandscapesHQ,,train,0,Real,train_v3_additions/real/cf_train_v3_pixdiff_matched_real_8f881456c876a460_0030542.png.png,complete
cf_train_v3_pixdiff_matched_real_8f9ab90dd7c2133e,pixdiff_matched_real,data/HFCF_small_160.parquet,0,116,0030347.png,PNG,LandscapesHQ,,train,0,Real,train_v3_additions/real/cf_train_v3_pixdiff_matched_real_8f9ab90dd7c2133e_0030347.png.png,complete
cf_train_v3_pixdiff_matched_real_8fb8b7481af6c761,pixdiff_matched_real,data/HFCF_small_160.parquet,0,98,0053769.png,PNG,LandscapesHQ,,train,0,Real,train_v3_additions/real/cf_train_v3_pixdiff_matched_real_8fb8b7481af6c761_0053769.png.png,complete
cf_train_v3_pixdiff_matched_real_900794be565b0a12,pixdiff_matched_real,data/HFCF_small_160.parquet,0,834,0072830.png,PNG,LandscapesHQ,,train,0,Real,train_v3_additions/real/cf_train_v3_pixdiff_matched_real_900794be565b0a12_0072830.png.png,complete
cf_train_v3_pixdiff_matched_real_907b5ad82254a5e0,pixdiff_matched_real,data/HFCF_small_160.parquet,0,2067,0034697.png,PNG,LandscapesHQ,,train,0,Real,train_v3_additions/real/cf_train_v3_pixdiff_matched_real_907b5ad82254a5e0_0034697.png.png,complete
cf_train_v3_pixdiff_matched_real_907c2b20994241ae,pixdiff_matched_real,data/HFCF_small_160.parquet,0,2169,0013818.png,PNG,LandscapesHQ,,train,0,Real,train_v3_additions/real/cf_train_v3_pixdiff_matched_real_907c2b20994241ae_0013818.png.png,complete
cf_train_v3_pixdiff_matched_real_907ff08374092518,pixdiff_matched_real,data/HFCF_small_160.parquet,0,1046,0066933.png,PNG,LandscapesHQ,,train,0,Real,train_v3_additions/real/cf_train_v3_pixdiff_matched_real_907ff08374092518_0066933.png.png,complete
cf_train_v3_pixdiff_matched_real_90952804385162b9,pixdiff_matched_real,data/HFCF_small_160.parquet,0,78,0018195.png,PNG,LandscapesHQ,,train,0,Real,train_v3_additions/real/cf_train_v3_pixdiff_matched_real_90952804385162b9_0018195.png.png,complete
cf_train_v3_pixdiff_matched_real_90b2d14903b35500,pixdiff_matched_real,data/HFCF_small_160.parquet,0,1263,0029200.png,PNG,LandscapesHQ,,train,0,Real,train_v3_additions/real/cf_train_v3_pixdiff_matched_real_90b2d14903b35500_0029200.png.png,complete
cf_train_v3_pixdiff_matched_real_9119c8f5922a24e8,pixdiff_matched_real,data/HFCF_small_160.parquet,0,1709,0021660.png,PNG,LandscapesHQ,,train,0,Real,train_v3_additions/real/cf_train_v3_pixdiff_matched_real_9119c8f5922a24e8_0021660.png.png,complete
cf_train_v3_pixdiff_matched_real_91454c73321200c4,pixdiff_matched_real,data/HFCF_small_160.parquet,0,2377,0051418.png,PNG,LandscapesHQ,,train,0,Real,train_v3_additions/real/cf_train_v3_pixdiff_matched_real_91454c73321200c4_0051418.png.png,complete
cf_train_v3_pixdiff_matched_real_91a18a0e5a58473a,pixdiff_matched_real,data/HFCF_small_160.parquet,0,753,0021505.png,PNG,LandscapesHQ,,train,0,Real,train_v3_additions/real/cf_train_v3_pixdiff_matched_real_91a18a0e5a58473a_0021505.png.png,complete
cf_train_v3_pixdiff_matched_real_91b8ccb06de517bd,pixdiff_matched_real,data/HFCF_small_160.parquet,0,864,0063709.png,PNG,LandscapesHQ,,train,0,Real,train_v3_additions/real/cf_train_v3_pixdiff_matched_real_91b8ccb06de517bd_0063709.png.png,complete
cf_train_v3_pixdiff_matched_real_92bd64f53b5dfc06,pixdiff_matched_real,data/HFCF_small_160.parquet,0,2608,0004436.png,PNG,LandscapesHQ,,train,0,Real,train_v3_additions/real/cf_train_v3_pixdiff_matched_real_92bd64f53b5dfc06_0004436.png.png,complete
cf_train_v3_pixdiff_matched_real_92d82f2b3747fb97,pixdiff_matched_real,data/HFCF_small_160.parquet,0,413,0082525.png,PNG,LandscapesHQ,,train,0,Real,train_v3_additions/real/cf_train_v3_pixdiff_matched_real_92d82f2b3747fb97_0082525.png.png,complete
cf_train_v3_pixdiff_matched_real_930a3a8eee95a223,pixdiff_matched_real,data/HFCF_small_160.parquet,0,1633,0051806.png,PNG,LandscapesHQ,,train,0,Real,train_v3_additions/real/cf_train_v3_pixdiff_matched_real_930a3a8eee95a223_0051806.png.png,complete
cf_train_v3_pixdiff_matched_real_9323a0764a4085bf,pixdiff_matched_real,data/HFCF_small_160.parquet,0,2122,0055285.png,PNG,LandscapesHQ,,train,0,Real,train_v3_additions/real/cf_train_v3_pixdiff_matched_real_9323a0764a4085bf_0055285.png.png,complete
cf_train_v3_pixdiff_matched_real_933f487f1546d9bd,pixdiff_matched_real,data/HFCF_small_160.parquet,0,2610,0069350.png,PNG,LandscapesHQ,,train,0,Real,train_v3_additions/real/cf_train_v3_pixdiff_matched_real_933f487f1546d9bd_0069350.png.png,complete
cf_train_v3_pixdiff_matched_real_93c6b24e911ce3a7,pixdiff_matched_real,data/HFCF_small_160.parquet,0,1832,0051807.png,PNG,LandscapesHQ,,train,0,Real,train_v3_additions/real/cf_train_v3_pixdiff_matched_real_93c6b24e911ce3a7_0051807.png.png,complete
cf_train_v3_pixdiff_matched_real_93c8ce89e6c82e21,pixdiff_matched_real,data/HFCF_small_160.parquet,0,584,0079354.png,PNG,LandscapesHQ,,train,0,Real,train_v3_additions/real/cf_train_v3_pixdiff_matched_real_93c8ce89e6c82e21_0079354.png.png,complete
cf_train_v3_pixdiff_matched_real_94b00132be8d8452,pixdiff_matched_real,data/HFCF_small_160.parquet,0,935,0012527.png,PNG,LandscapesHQ,,train,0,Real,train_v3_additions/real/cf_train_v3_pixdiff_matched_real_94b00132be8d8452_0012527.png.png,complete
cf_train_v3_pixdiff_matched_real_94bf9d7403aa24eb,pixdiff_matched_real,data/HFCF_small_160.parquet,0,2909,0019316.png,PNG,LandscapesHQ,,train,0,Real,train_v3_additions/real/cf_train_v3_pixdiff_matched_real_94bf9d7403aa24eb_0019316.png.png,complete
cf_train_v3_pixdiff_matched_real_94db97da94f6d773,pixdiff_matched_real,data/HFCF_small_160.parquet,0,1409,0010668.png,PNG,LandscapesHQ,,train,0,Real,train_v3_additions/real/cf_train_v3_pixdiff_matched_real_94db97da94f6d773_0010668.png.png,complete
cf_train_v3_pixdiff_matched_real_94e1a3892cbc5381,pixdiff_matched_real,data/HFCF_small_160.parquet,0,1502,0043752.png,PNG,LandscapesHQ,,train,0,Real,train_v3_additions/real/cf_train_v3_pixdiff_matched_real_94e1a3892cbc5381_0043752.png.png,complete
cf_train_v3_pixdiff_matched_real_94eec5d8fb075615,pixdiff_matched_real,data/HFCF_small_160.parquet,0,2618,0057255.png,PNG,LandscapesHQ,,train,0,Real,train_v3_additions/real/cf_train_v3_pixdiff_matched_real_94eec5d8fb075615_0057255.png.png,complete
cf_train_v3_pixdiff_matched_real_953b817f4378e37e,pixdiff_matched_real,data/HFCF_small_160.parquet,0,2577,0064258.png,PNG,LandscapesHQ,,train,0,Real,train_v3_additions/real/cf_train_v3_pixdiff_matched_real_953b817f4378e37e_0064258.png.png,complete
cf_train_v3_pixdiff_matched_real_958761eb568fb989,pixdiff_matched_real,data/HFCF_small_160.parquet,0,1966,0079816.png,PNG,LandscapesHQ,,train,0,Real,train_v3_additions/real/cf_train_v3_pixdiff_matched_real_958761eb568fb989_0079816.png.png,complete
cf_train_v3_pixdiff_matched_real_95c513acdc9f39d7,pixdiff_matched_real,data/HFCF_small_160.parquet,0,2081,0012872.png,PNG,LandscapesHQ,,train,0,Real,train_v3_additions/real/cf_train_v3_pixdiff_matched_real_95c513acdc9f39d7_0012872.png.png,complete
cf_train_v3_pixdiff_matched_real_95d3207ef6edab89,pixdiff_matched_real,data/HFCF_small_160.parquet,0,2397,0030196.png,PNG,LandscapesHQ,,train,0,Real,train_v3_additions/real/cf_train_v3_pixdiff_matched_real_95d3207ef6edab89_0030196.png.png,complete
cf_train_v3_pixdiff_matched_real_966ad5bac03bb5c8,pixdiff_matched_real,data/HFCF_small_160.parquet,0,1430,0070163.png,PNG,LandscapesHQ,,train,0,Real,train_v3_additions/real/cf_train_v3_pixdiff_matched_real_966ad5bac03bb5c8_0070163.png.png,complete
cf_train_v3_pixdiff_matched_real_96971c344c90bb1f,pixdiff_matched_real,data/HFCF_small_160.parquet,0,745,0045281.png,PNG,LandscapesHQ,,train,0,Real,train_v3_additions/real/cf_train_v3_pixdiff_matched_real_96971c344c90bb1f_0045281.png.png,complete
cf_train_v3_pixdiff_matched_real_96b3a2d986c4f5be,pixdiff_matched_real,data/HFCF_small_160.parquet,0,1897,0065769.png,PNG,LandscapesHQ,,train,0,Real,train_v3_additions/real/cf_train_v3_pixdiff_matched_real_96b3a2d986c4f5be_0065769.png.png,complete
cf_train_v3_pixdiff_matched_real_96da847c661901cd,pixdiff_matched_real,data/HFCF_small_160.parquet,0,1718,0022186.png,PNG,LandscapesHQ,,train,0,Real,train_v3_additions/real/cf_train_v3_pixdiff_matched_real_96da847c661901cd_0022186.png.png,complete
cf_train_v3_pixdiff_matched_real_96e4853598ab8f21,pixdiff_matched_real,data/HFCF_small_160.parquet,0,1581,0008800.png,PNG,LandscapesHQ,,train,0,Real,train_v3_additions/real/cf_train_v3_pixdiff_matched_real_96e4853598ab8f21_0008800.png.png,complete
cf_train_v3_pixdiff_matched_real_96f3e8f8ee6fd3da,pixdiff_matched_real,data/HFCF_small_160.parquet,0,105,0049720.png,PNG,LandscapesHQ,,train,0,Real,train_v3_additions/real/cf_train_v3_pixdiff_matched_real_96f3e8f8ee6fd3da_0049720.png.png,complete
cf_train_v3_pixdiff_matched_real_971f716e4b3241a7,pixdiff_matched_real,data/HFCF_small_160.parquet,0,630,0012068.png,PNG,LandscapesHQ,,train,0,Real,train_v3_additions/real/cf_train_v3_pixdiff_matched_real_971f716e4b3241a7_0012068.png.png,complete
cf_train_v3_pixdiff_matched_real_97da506a177f5e03,pixdiff_matched_real,data/HFCF_small_160.parquet,0,1392,0024269.png,PNG,LandscapesHQ,,train,0,Real,train_v3_additions/real/cf_train_v3_pixdiff_matched_real_97da506a177f5e03_0024269.png.png,complete
cf_train_v3_pixdiff_matched_real_980a0ea2f607236b,pixdiff_matched_real,data/HFCF_small_160.parquet,0,685,0017128.png,PNG,LandscapesHQ,,train,0,Real,train_v3_additions/real/cf_train_v3_pixdiff_matched_real_980a0ea2f607236b_0017128.png.png,complete
cf_train_v3_pixdiff_matched_real_9810bb6b3c031150,pixdiff_matched_real,data/HFCF_small_160.parquet,0,2121,0006144.png,PNG,LandscapesHQ,,train,0,Real,train_v3_additions/real/cf_train_v3_pixdiff_matched_real_9810bb6b3c031150_0006144.png.png,complete
cf_train_v3_pixdiff_matched_real_983c1c48370c8c40,pixdiff_matched_real,data/HFCF_small_160.parquet,0,1521,0078649.png,PNG,LandscapesHQ,,train,0,Real,train_v3_additions/real/cf_train_v3_pixdiff_matched_real_983c1c48370c8c40_0078649.png.png,complete
cf_train_v3_pixdiff_matched_real_9851c313dd3c117d,pixdiff_matched_real,data/HFCF_small_160.parquet,0,401,0088586.png,PNG,LandscapesHQ,,train,0,Real,train_v3_additions/real/cf_train_v3_pixdiff_matched_real_9851c313dd3c117d_0088586.png.png,complete
cf_train_v3_pixdiff_matched_real_9853128f2c6dd4fe,pixdiff_matched_real,data/HFCF_small_160.parquet,0,393,0012495.png,PNG,LandscapesHQ,,train,0,Real,train_v3_additions/real/cf_train_v3_pixdiff_matched_real_9853128f2c6dd4fe_0012495.png.png,complete
cf_train_v3_pixdiff_matched_real_98c56bb8e9ec0d5e,pixdiff_matched_real,data/HFCF_small_160.parquet,0,1183,0016190.png,PNG,LandscapesHQ,,train,0,Real,train_v3_additions/real/cf_train_v3_pixdiff_matched_real_98c56bb8e9ec0d5e_0016190.png.png,complete
cf_train_v3_pixdiff_matched_real_98f48abc1fcfa9b5,pixdiff_matched_real,data/HFCF_small_160.parquet,0,2019,0041022.png,PNG,LandscapesHQ,,train,0,Real,train_v3_additions/real/cf_train_v3_pixdiff_matched_real_98f48abc1fcfa9b5_0041022.png.png,complete
cf_train_v3_pixdiff_matched_real_991291dfdb8a7520,pixdiff_matched_real,data/HFCF_small_160.parquet,0,212,0025010.png,PNG,LandscapesHQ,,train,0,Real,train_v3_additions/real/cf_train_v3_pixdiff_matched_real_991291dfdb8a7520_0025010.png.png,complete
cf_train_v3_pixdiff_matched_real_9929e6795b388ba5,pixdiff_matched_real,data/HFCF_small_160.parquet,0,365,0042881.png,PNG,LandscapesHQ,,train,0,Real,train_v3_additions/real/cf_train_v3_pixdiff_matched_real_9929e6795b388ba5_0042881.png.png,complete
cf_train_v3_pixdiff_matched_real_99c33d071f3e104c,pixdiff_matched_real,data/HFCF_small_160.parquet,0,2888,0037614.png,PNG,LandscapesHQ,,train,0,Real,train_v3_additions/real/cf_train_v3_pixdiff_matched_real_99c33d071f3e104c_0037614.png.png,complete
cf_train_v3_pixdiff_matched_real_99eb1cd9da57fa1a,pixdiff_matched_real,data/HFCF_small_160.parquet,0,2323,0047333.png,PNG,LandscapesHQ,,train,0,Real,train_v3_additions/real/cf_train_v3_pixdiff_matched_real_99eb1cd9da57fa1a_0047333.png.png,complete
cf_train_v3_pixdiff_matched_real_9bd85d547d22d094,pixdiff_matched_real,data/HFCF_small_160.parquet,0,1019,0023315.png,PNG,LandscapesHQ,,train,0,Real,train_v3_additions/real/cf_train_v3_pixdiff_matched_real_9bd85d547d22d094_0023315.png.png,complete
cf_train_v3_pixdiff_matched_real_9bdf2faf5ffc4448,pixdiff_matched_real,data/HFCF_small_160.parquet,0,614,0060000.png,PNG,LandscapesHQ,,train,0,Real,train_v3_additions/real/cf_train_v3_pixdiff_matched_real_9bdf2faf5ffc4448_0060000.png.png,complete
cf_train_v3_pixdiff_matched_real_9c59625dacb1edd7,pixdiff_matched_real,data/HFCF_small_160.parquet,0,1438,0028521.png,PNG,LandscapesHQ,,train,0,Real,train_v3_additions/real/cf_train_v3_pixdiff_matched_real_9c59625dacb1edd7_0028521.png.png,complete
cf_train_v3_pixdiff_matched_real_9c6e8ee2a0748e1b,pixdiff_matched_real,data/HFCF_small_160.parquet,0,2763,0041144.png,PNG,LandscapesHQ,,train,0,Real,train_v3_additions/real/cf_train_v3_pixdiff_matched_real_9c6e8ee2a0748e1b_0041144.png.png,complete
cf_train_v3_pixdiff_matched_real_9d1e23c83af936dc,pixdiff_matched_real,data/HFCF_small_160.parquet,0,1765,0022384.png,PNG,LandscapesHQ,,train,0,Real,train_v3_additions/real/cf_train_v3_pixdiff_matched_real_9d1e23c83af936dc_0022384.png.png,complete
cf_train_v3_pixdiff_matched_real_9d2b272305a36c27,pixdiff_matched_real,data/HFCF_small_160.parquet,0,737,0045522.png,PNG,LandscapesHQ,,train,0,Real,train_v3_additions/real/cf_train_v3_pixdiff_matched_real_9d2b272305a36c27_0045522.png.png,complete
cf_train_v3_pixdiff_matched_real_9da6cd9232cf97c6,pixdiff_matched_real,data/HFCF_small_160.parquet,0,842,0027370.png,PNG,LandscapesHQ,,train,0,Real,train_v3_additions/real/cf_train_v3_pixdiff_matched_real_9da6cd9232cf97c6_0027370.png.png,complete
cf_train_v3_pixdiff_matched_real_9de3d8839a7e1c8a,pixdiff_matched_real,data/HFCF_small_160.parquet,0,712,0070012.png,PNG,LandscapesHQ,,train,0,Real,train_v3_additions/real/cf_train_v3_pixdiff_matched_real_9de3d8839a7e1c8a_0070012.png.png,complete
cf_train_v3_pixdiff_matched_real_9e00961f05919c85,pixdiff_matched_real,data/HFCF_small_160.parquet,0,2113,0088740.png,PNG,LandscapesHQ,,train,0,Real,train_v3_additions/real/cf_train_v3_pixdiff_matched_real_9e00961f05919c85_0088740.png.png,complete
cf_train_v3_pixdiff_matched_real_9f2bd96179bd580c,pixdiff_matched_real,data/HFCF_small_160.parquet,0,796,0053142.png,PNG,LandscapesHQ,,train,0,Real,train_v3_additions/real/cf_train_v3_pixdiff_matched_real_9f2bd96179bd580c_0053142.png.png,complete
cf_train_v3_pixdiff_matched_real_9f347432b8fe09ec,pixdiff_matched_real,data/HFCF_small_160.parquet,0,1974,0032145.png,PNG,LandscapesHQ,,train,0,Real,train_v3_additions/real/cf_train_v3_pixdiff_matched_real_9f347432b8fe09ec_0032145.png.png,complete
cf_train_v3_pixdiff_matched_real_9f8ea998184c6dd2,pixdiff_matched_real,data/HFCF_small_160.parquet,0,390,0013213.png,PNG,LandscapesHQ,,train,0,Real,train_v3_additions/real/cf_train_v3_pixdiff_matched_real_9f8ea998184c6dd2_0013213.png.png,complete
cf_train_v3_pixdiff_matched_real_9f91721ca7aaeadb,pixdiff_matched_real,data/HFCF_small_160.parquet,0,301,0026295.png,PNG,LandscapesHQ,,train,0,Real,train_v3_additions/real/cf_train_v3_pixdiff_matched_real_9f91721ca7aaeadb_0026295.png.png,complete
cf_train_v3_pixdiff_matched_real_9fa16b29b09af4a5,pixdiff_matched_real,data/HFCF_small_160.parquet,0,1353,0058957.png,PNG,LandscapesHQ,,train,0,Real,train_v3_additions/real/cf_train_v3_pixdiff_matched_real_9fa16b29b09af4a5_0058957.png.png,complete
cf_train_v3_pixdiff_matched_real_9fa1c8dee80b9927,pixdiff_matched_real,data/HFCF_small_160.parquet,0,713,0023103.png,PNG,LandscapesHQ,,train,0,Real,train_v3_additions/real/cf_train_v3_pixdiff_matched_real_9fa1c8dee80b9927_0023103.png.png,complete
cf_train_v3_pixdiff_matched_real_9fc6c9ccce8b6c4e,pixdiff_matched_real,data/HFCF_small_160.parquet,0,2226,0023328.png,PNG,LandscapesHQ,,train,0,Real,train_v3_additions/real/cf_train_v3_pixdiff_matched_real_9fc6c9ccce8b6c4e_0023328.png.png,complete
cf_train_v3_pixdiff_matched_real_9fd070ecc7cf03bd,pixdiff_matched_real,data/HFCF_small_160.parquet,0,153,0000532.png,PNG,LandscapesHQ,,train,0,Real,train_v3_additions/real/cf_train_v3_pixdiff_matched_real_9fd070ecc7cf03bd_0000532.png.png,complete
cf_train_v3_pixdiff_matched_real_9feedbe8db3c02c1,pixdiff_matched_real,data/HFCF_small_160.parquet,0,1447,0088392.png,PNG,LandscapesHQ,,train,0,Real,train_v3_additions/real/cf_train_v3_pixdiff_matched_real_9feedbe8db3c02c1_0088392.png.png,complete
cf_train_v3_pixdiff_matched_real_9feef11e12a6dcff,pixdiff_matched_real,data/HFCF_small_160.parquet,0,99,0078271.png,PNG,LandscapesHQ,,train,0,Real,train_v3_additions/real/cf_train_v3_pixdiff_matched_real_9feef11e12a6dcff_0078271.png.png,complete
cf_train_v3_pixdiff_matched_real_a062586ca43dc289,pixdiff_matched_real,data/HFCF_small_160.parquet,0,1163,0077626.png,PNG,LandscapesHQ,,train,0,Real,train_v3_additions/real/cf_train_v3_pixdiff_matched_real_a062586ca43dc289_0077626.png.png,complete
cf_train_v3_pixdiff_matched_real_a0a78fbcb916cbfa,pixdiff_matched_real,data/HFCF_small_160.parquet,0,1690,0001200.png,PNG,LandscapesHQ,,train,0,Real,train_v3_additions/real/cf_train_v3_pixdiff_matched_real_a0a78fbcb916cbfa_0001200.png.png,complete
cf_train_v3_pixdiff_matched_real_a0a82f18cf6c6bf7,pixdiff_matched_real,data/HFCF_small_160.parquet,0,506,0071692.png,PNG,LandscapesHQ,,train,0,Real,train_v3_additions/real/cf_train_v3_pixdiff_matched_real_a0a82f18cf6c6bf7_0071692.png.png,complete
cf_train_v3_pixdiff_matched_real_a1bfc9352eb6b5ba,pixdiff_matched_real,data/HFCF_small_160.parquet,0,643,0035161.png,PNG,LandscapesHQ,,train,0,Real,train_v3_additions/real/cf_train_v3_pixdiff_matched_real_a1bfc9352eb6b5ba_0035161.png.png,complete
cf_train_v3_pixdiff_matched_real_a28dc143b1b83263,pixdiff_matched_real,data/HFCF_small_160.parquet,0,1020,0028518.png,PNG,LandscapesHQ,,train,0,Real,train_v3_additions/real/cf_train_v3_pixdiff_matched_real_a28dc143b1b83263_0028518.png.png,complete
cf_train_v3_pixdiff_matched_real_a2b5fd24fb80fd4c,pixdiff_matched_real,data/HFCF_small_160.parquet,0,1693,0012445.png,PNG,LandscapesHQ,,train,0,Real,train_v3_additions/real/cf_train_v3_pixdiff_matched_real_a2b5fd24fb80fd4c_0012445.png.png,complete
cf_train_v3_pixdiff_matched_real_a2c9bcb8b1f663b8,pixdiff_matched_real,data/HFCF_small_160.parquet,0,1828,0008192.png,PNG,LandscapesHQ,,train,0,Real,train_v3_additions/real/cf_train_v3_pixdiff_matched_real_a2c9bcb8b1f663b8_0008192.png.png,complete
cf_train_v3_pixdiff_matched_real_a3508515f833a672,pixdiff_matched_real,data/HFCF_small_160.parquet,0,2776,0013995.png,PNG,LandscapesHQ,,train,0,Real,train_v3_additions/real/cf_train_v3_pixdiff_matched_real_a3508515f833a672_0013995.png.png,complete
cf_train_v3_pixdiff_matched_real_a361d5f782e9ab2e,pixdiff_matched_real,data/HFCF_small_160.parquet,0,1555,0000282.png,PNG,LandscapesHQ,,train,0,Real,train_v3_additions/real/cf_train_v3_pixdiff_matched_real_a361d5f782e9ab2e_0000282.png.png,complete
cf_train_v3_pixdiff_matched_real_a3af2142c9b64e10,pixdiff_matched_real,data/HFCF_small_160.parquet,0,2021,0042649.png,PNG,LandscapesHQ,,train,0,Real,train_v3_additions/real/cf_train_v3_pixdiff_matched_real_a3af2142c9b64e10_0042649.png.png,complete
cf_train_v3_pixdiff_matched_real_a420b977d16340d8,pixdiff_matched_real,data/HFCF_small_160.parquet,0,1218,0020191.png,PNG,LandscapesHQ,,train,0,Real,train_v3_additions/real/cf_train_v3_pixdiff_matched_real_a420b977d16340d8_0020191.png.png,complete
cf_train_v3_pixdiff_matched_real_a47e3e24cd543960,pixdiff_matched_real,data/HFCF_small_160.parquet,0,472,0011398.png,PNG,LandscapesHQ,,train,0,Real,train_v3_additions/real/cf_train_v3_pixdiff_matched_real_a47e3e24cd543960_0011398.png.png,complete
cf_train_v3_pixdiff_matched_real_a4ae91ac2141d59a,pixdiff_matched_real,data/HFCF_small_160.parquet,0,1170,0023908.png,PNG,LandscapesHQ,,train,0,Real,train_v3_additions/real/cf_train_v3_pixdiff_matched_real_a4ae91ac2141d59a_0023908.png.png,complete
cf_train_v3_pixdiff_matched_real_a4c995c154efabad,pixdiff_matched_real,data/HFCF_small_160.parquet,0,1265,0027992.png,PNG,LandscapesHQ,,train,0,Real,train_v3_additions/real/cf_train_v3_pixdiff_matched_real_a4c995c154efabad_0027992.png.png,complete
cf_train_v3_pixdiff_matched_real_a514c8c22c220f9b,pixdiff_matched_real,data/HFCF_small_160.parquet,0,1867,0060215.png,PNG,LandscapesHQ,,train,0,Real,train_v3_additions/real/cf_train_v3_pixdiff_matched_real_a514c8c22c220f9b_0060215.png.png,complete
cf_train_v3_pixdiff_matched_real_a51a287c8fb43ab8,pixdiff_matched_real,data/HFCF_small_160.parquet,0,1775,0035986.png,PNG,LandscapesHQ,,train,0,Real,train_v3_additions/real/cf_train_v3_pixdiff_matched_real_a51a287c8fb43ab8_0035986.png.png,complete
cf_train_v3_pixdiff_matched_real_a51b6ee603ec2c07,pixdiff_matched_real,data/HFCF_small_160.parquet,0,389,0021675.png,PNG,LandscapesHQ,,train,0,Real,train_v3_additions/real/cf_train_v3_pixdiff_matched_real_a51b6ee603ec2c07_0021675.png.png,complete
cf_train_v3_pixdiff_matched_real_a5d289c0df08f2d7,pixdiff_matched_real,data/HFCF_small_160.parquet,0,882,0018184.png,PNG,LandscapesHQ,,train,0,Real,train_v3_additions/real/cf_train_v3_pixdiff_matched_real_a5d289c0df08f2d7_0018184.png.png,complete
cf_train_v3_pixdiff_matched_real_a6322602e1e769cb,pixdiff_matched_real,data/HFCF_small_160.parquet,0,1087,0008546.png,PNG,LandscapesHQ,,train,0,Real,train_v3_additions/real/cf_train_v3_pixdiff_matched_real_a6322602e1e769cb_0008546.png.png,complete
cf_train_v3_pixdiff_matched_real_a6d8900f5be6e758,pixdiff_matched_real,data/HFCF_small_160.parquet,0,1463,0056238.png,PNG,LandscapesHQ,,train,0,Real,train_v3_additions/real/cf_train_v3_pixdiff_matched_real_a6d8900f5be6e758_0056238.png.png,complete
cf_train_v3_pixdiff_matched_real_a721d3edbb93e064,pixdiff_matched_real,data/HFCF_small_160.parquet,0,2551,0080733.png,PNG,LandscapesHQ,,train,0,Real,train_v3_additions/real/cf_train_v3_pixdiff_matched_real_a721d3edbb93e064_0080733.png.png,complete
cf_train_v3_pixdiff_matched_real_a7c4a901511f32de,pixdiff_matched_real,data/HFCF_small_160.parquet,0,715,0071656.png,PNG,LandscapesHQ,,train,0,Real,train_v3_additions/real/cf_train_v3_pixdiff_matched_real_a7c4a901511f32de_0071656.png.png,complete
cf_train_v3_pixdiff_matched_real_a81766056d4f93a8,pixdiff_matched_real,data/HFCF_small_160.parquet,0,934,0010859.png,PNG,LandscapesHQ,,train,0,Real,train_v3_additions/real/cf_train_v3_pixdiff_matched_real_a81766056d4f93a8_0010859.png.png,complete
cf_train_v3_pixdiff_matched_real_a83ad4fac7d175c7,pixdiff_matched_real,data/HFCF_small_160.parquet,0,223,0077838.png,PNG,LandscapesHQ,,train,0,Real,train_v3_additions/real/cf_train_v3_pixdiff_matched_real_a83ad4fac7d175c7_0077838.png.png,complete
cf_train_v3_pixdiff_matched_real_a88e0846087d7a0d,pixdiff_matched_real,data/HFCF_small_160.parquet,0,1551,0013951.png,PNG,LandscapesHQ,,train,0,Real,train_v3_additions/real/cf_train_v3_pixdiff_matched_real_a88e0846087d7a0d_0013951.png.png,complete
cf_train_v3_pixdiff_matched_real_a8fa8dc2eaebcc68,pixdiff_matched_real,data/HFCF_small_160.parquet,0,1678,0054943.png,PNG,LandscapesHQ,,train,0,Real,train_v3_additions/real/cf_train_v3_pixdiff_matched_real_a8fa8dc2eaebcc68_0054943.png.png,complete
cf_train_v3_pixdiff_matched_real_a931871ca2173fc0,pixdiff_matched_real,data/HFCF_small_160.parquet,0,1018,0038493.png,PNG,LandscapesHQ,,train,0,Real,train_v3_additions/real/cf_train_v3_pixdiff_matched_real_a931871ca2173fc0_0038493.png.png,complete
cf_train_v3_pixdiff_matched_real_a96b91c849688c43,pixdiff_matched_real,data/HFCF_small_160.parquet,0,298,0018540.png,PNG,LandscapesHQ,,train,0,Real,train_v3_additions/real/cf_train_v3_pixdiff_matched_real_a96b91c849688c43_0018540.png.png,complete
cf_train_v3_pixdiff_matched_real_a9aeb55decb554a0,pixdiff_matched_real,data/HFCF_small_160.parquet,0,994,0028655.png,PNG,LandscapesHQ,,train,0,Real,train_v3_additions/real/cf_train_v3_pixdiff_matched_real_a9aeb55decb554a0_0028655.png.png,complete
cf_train_v3_pixdiff_matched_real_aa0886db6430df60,pixdiff_matched_real,data/HFCF_small_160.parquet,0,1687,0057323.png,PNG,LandscapesHQ,,train,0,Real,train_v3_additions/real/cf_train_v3_pixdiff_matched_real_aa0886db6430df60_0057323.png.png,complete
cf_train_v3_pixdiff_matched_real_aa4f4c89d588c02c,pixdiff_matched_real,data/HFCF_small_160.parquet,0,462,0061094.png,PNG,LandscapesHQ,,train,0,Real,train_v3_additions/real/cf_train_v3_pixdiff_matched_real_aa4f4c89d588c02c_0061094.png.png,complete
cf_train_v3_pixdiff_matched_real_aa559fbb01eca4ff,pixdiff_matched_real,data/HFCF_small_160.parquet,0,1900,0041408.png,PNG,LandscapesHQ,,train,0,Real,train_v3_additions/real/cf_train_v3_pixdiff_matched_real_aa559fbb01eca4ff_0041408.png.png,complete
cf_train_v3_pixdiff_matched_real_aa60282df851baff,pixdiff_matched_real,data/HFCF_small_160.parquet,0,761,0087248.png,PNG,LandscapesHQ,,train,0,Real,train_v3_additions/real/cf_train_v3_pixdiff_matched_real_aa60282df851baff_0087248.png.png,complete
cf_train_v3_pixdiff_matched_real_aa70234b67c0c365,pixdiff_matched_real,data/HFCF_small_160.parquet,0,2977,0079624.png,PNG,LandscapesHQ,,train,0,Real,train_v3_additions/real/cf_train_v3_pixdiff_matched_real_aa70234b67c0c365_0079624.png.png,complete
cf_train_v3_pixdiff_matched_real_aac312e1440748f8,pixdiff_matched_real,data/HFCF_small_160.parquet,0,739,0021065.png,PNG,LandscapesHQ,,train,0,Real,train_v3_additions/real/cf_train_v3_pixdiff_matched_real_aac312e1440748f8_0021065.png.png,complete
cf_train_v3_pixdiff_matched_real_ab1293b5c0f85f5f,pixdiff_matched_real,data/HFCF_small_160.parquet,0,325,0037789.png,PNG,LandscapesHQ,,train,0,Real,train_v3_additions/real/cf_train_v3_pixdiff_matched_real_ab1293b5c0f85f5f_0037789.png.png,complete
cf_train_v3_pixdiff_matched_real_ab58e0fd591dd26f,pixdiff_matched_real,data/HFCF_small_160.parquet,0,456,0012296.png,PNG,LandscapesHQ,,train,0,Real,train_v3_additions/real/cf_train_v3_pixdiff_matched_real_ab58e0fd591dd26f_0012296.png.png,complete
cf_train_v3_pixdiff_matched_real_abaf2c45d1225671,pixdiff_matched_real,data/HFCF_small_160.parquet,0,2386,0000913.png,PNG,LandscapesHQ,,train,0,Real,train_v3_additions/real/cf_train_v3_pixdiff_matched_real_abaf2c45d1225671_0000913.png.png,complete
cf_train_v3_pixdiff_matched_real_ac62749dcb739924,pixdiff_matched_real,data/HFCF_small_160.parquet,0,1013,0013986.png,PNG,LandscapesHQ,,train,0,Real,train_v3_additions/real/cf_train_v3_pixdiff_matched_real_ac62749dcb739924_0013986.png.png,complete
cf_train_v3_pixdiff_matched_real_ac846c2bea863aa9,pixdiff_matched_real,data/HFCF_small_160.parquet,0,487,0010457.png,PNG,LandscapesHQ,,train,0,Real,train_v3_additions/real/cf_train_v3_pixdiff_matched_real_ac846c2bea863aa9_0010457.png.png,complete
cf_train_v3_pixdiff_matched_real_acbea8bdea8116b3,pixdiff_matched_real,data/HFCF_small_160.parquet,0,1099,0085930.png,PNG,LandscapesHQ,,train,0,Real,train_v3_additions/real/cf_train_v3_pixdiff_matched_real_acbea8bdea8116b3_0085930.png.png,complete
cf_train_v3_pixdiff_matched_real_ace7edb7b2d851ad,pixdiff_matched_real,data/HFCF_small_160.parquet,0,983,0088547.png,PNG,LandscapesHQ,,train,0,Real,train_v3_additions/real/cf_train_v3_pixdiff_matched_real_ace7edb7b2d851ad_0088547.png.png,complete
cf_train_v3_pixdiff_matched_real_ad21cb906a35f21b,pixdiff_matched_real,data/HFCF_small_160.parquet,0,2210,0023855.png,PNG,LandscapesHQ,,train,0,Real,train_v3_additions/real/cf_train_v3_pixdiff_matched_real_ad21cb906a35f21b_0023855.png.png,complete
cf_train_v3_pixdiff_matched_real_ad2546e0a499d264,pixdiff_matched_real,data/HFCF_small_160.parquet,0,1323,0083212.png,PNG,LandscapesHQ,,train,0,Real,train_v3_additions/real/cf_train_v3_pixdiff_matched_real_ad2546e0a499d264_0083212.png.png,complete
cf_train_v3_pixdiff_matched_real_adb8516995b82ee3,pixdiff_matched_real,data/HFCF_small_160.parquet,0,2339,0014419.png,PNG,LandscapesHQ,,train,0,Real,train_v3_additions/real/cf_train_v3_pixdiff_matched_real_adb8516995b82ee3_0014419.png.png,complete
cf_train_v3_pixdiff_matched_real_ae6cfe3193a0e477,pixdiff_matched_real,data/HFCF_small_160.parquet,0,2295,0003985.png,PNG,LandscapesHQ,,train,0,Real,train_v3_additions/real/cf_train_v3_pixdiff_matched_real_ae6cfe3193a0e477_0003985.png.png,complete
cf_train_v3_pixdiff_matched_real_ae96e5b12f18b2f4,pixdiff_matched_real,data/HFCF_small_160.parquet,0,215,0085663.png,PNG,LandscapesHQ,,train,0,Real,train_v3_additions/real/cf_train_v3_pixdiff_matched_real_ae96e5b12f18b2f4_0085663.png.png,complete
cf_train_v3_pixdiff_matched_real_aed996635d6fac8d,pixdiff_matched_real,data/HFCF_small_160.parquet,0,383,0056588.png,PNG,LandscapesHQ,,train,0,Real,train_v3_additions/real/cf_train_v3_pixdiff_matched_real_aed996635d6fac8d_0056588.png.png,complete
cf_train_v3_pixdiff_matched_real_af273488cec25594,pixdiff_matched_real,data/HFCF_small_160.parquet,0,2683,0052516.png,PNG,LandscapesHQ,,train,0,Real,train_v3_additions/real/cf_train_v3_pixdiff_matched_real_af273488cec25594_0052516.png.png,complete
cf_train_v3_pixdiff_matched_real_afa7aee7bcd572ea,pixdiff_matched_real,data/HFCF_small_160.parquet,0,1908,0072199.png,PNG,LandscapesHQ,,train,0,Real,train_v3_additions/real/cf_train_v3_pixdiff_matched_real_afa7aee7bcd572ea_0072199.png.png,complete
cf_train_v3_pixdiff_matched_real_afaad89ba1a5985f,pixdiff_matched_real,data/HFCF_small_160.parquet,0,681,0032021.png,PNG,LandscapesHQ,,train,0,Real,train_v3_additions/real/cf_train_v3_pixdiff_matched_real_afaad89ba1a5985f_0032021.png.png,complete
cf_train_v3_pixdiff_matched_real_b00f74c5ede16864,pixdiff_matched_real,data/HFCF_small_160.parquet,0,2118,0006169.png,PNG,LandscapesHQ,,train,0,Real,train_v3_additions/real/cf_train_v3_pixdiff_matched_real_b00f74c5ede16864_0006169.png.png,complete
cf_train_v3_pixdiff_matched_real_b026d857d953527d,pixdiff_matched_real,data/HFCF_small_160.parquet,0,2594,0061654.png,PNG,LandscapesHQ,,train,0,Real,train_v3_additions/real/cf_train_v3_pixdiff_matched_real_b026d857d953527d_0061654.png.png,complete
cf_train_v3_pixdiff_matched_real_b048e4f59c0220b6,pixdiff_matched_real,data/HFCF_small_160.parquet,0,2033,0013013.png,PNG,LandscapesHQ,,train,0,Real,train_v3_additions/real/cf_train_v3_pixdiff_matched_real_b048e4f59c0220b6_0013013.png.png,complete
cf_train_v3_pixdiff_matched_real_b079fe176fa2afe7,pixdiff_matched_real,data/HFCF_small_160.parquet,0,2227,0035775.png,PNG,LandscapesHQ,,train,0,Real,train_v3_additions/real/cf_train_v3_pixdiff_matched_real_b079fe176fa2afe7_0035775.png.png,complete
cf_train_v3_pixdiff_matched_real_b08936c548fb6fd4,pixdiff_matched_real,data/HFCF_small_160.parquet,0,2406,0005937.png,PNG,LandscapesHQ,,train,0,Real,train_v3_additions/real/cf_train_v3_pixdiff_matched_real_b08936c548fb6fd4_0005937.png.png,complete
cf_train_v3_pixdiff_matched_real_b08cd7544020bdb6,pixdiff_matched_real,data/HFCF_small_160.parquet,0,2868,0018368.png,PNG,LandscapesHQ,,train,0,Real,train_v3_additions/real/cf_train_v3_pixdiff_matched_real_b08cd7544020bdb6_0018368.png.png,complete
cf_train_v3_pixdiff_matched_real_b0963c0d5f5c5e8d,pixdiff_matched_real,data/HFCF_small_160.parquet,0,2087,0000718.png,PNG,LandscapesHQ,,train,0,Real,train_v3_additions/real/cf_train_v3_pixdiff_matched_real_b0963c0d5f5c5e8d_0000718.png.png,complete
cf_train_v3_pixdiff_matched_real_b16e2e8a4ed0d70f,pixdiff_matched_real,data/HFCF_small_160.parquet,0,1983,0081177.png,PNG,LandscapesHQ,,train,0,Real,train_v3_additions/real/cf_train_v3_pixdiff_matched_real_b16e2e8a4ed0d70f_0081177.png.png,complete
cf_train_v3_pixdiff_matched_real_b19f4bcbba85744b,pixdiff_matched_real,data/HFCF_small_160.parquet,0,1786,0040510.png,PNG,LandscapesHQ,,train,0,Real,train_v3_additions/real/cf_train_v3_pixdiff_matched_real_b19f4bcbba85744b_0040510.png.png,complete
cf_train_v3_pixdiff_matched_real_b23b489443da8660,pixdiff_matched_real,data/HFCF_small_160.parquet,0,2732,0062403.png,PNG,LandscapesHQ,,train,0,Real,train_v3_additions/real/cf_train_v3_pixdiff_matched_real_b23b489443da8660_0062403.png.png,complete
cf_train_v3_pixdiff_matched_real_b2754ff423c71453,pixdiff_matched_real,data/HFCF_small_160.parquet,0,897,0077974.png,PNG,LandscapesHQ,,train,0,Real,train_v3_additions/real/cf_train_v3_pixdiff_matched_real_b2754ff423c71453_0077974.png.png,complete
cf_train_v3_pixdiff_matched_real_b29890f94798a57d,pixdiff_matched_real,data/HFCF_small_160.parquet,0,222,0032547.png,PNG,LandscapesHQ,,train,0,Real,train_v3_additions/real/cf_train_v3_pixdiff_matched_real_b29890f94798a57d_0032547.png.png,complete
cf_train_v3_pixdiff_matched_real_b2a990645a1bc8f2,pixdiff_matched_real,data/HFCF_small_160.parquet,0,1338,0073491.png,PNG,LandscapesHQ,,train,0,Real,train_v3_additions/real/cf_train_v3_pixdiff_matched_real_b2a990645a1bc8f2_0073491.png.png,complete
cf_train_v3_pixdiff_matched_real_b2e6d349f582660f,pixdiff_matched_real,data/HFCF_small_160.parquet,0,901,0020630.png,PNG,LandscapesHQ,,train,0,Real,train_v3_additions/real/cf_train_v3_pixdiff_matched_real_b2e6d349f582660f_0020630.png.png,complete
cf_train_v3_pixdiff_matched_real_b340a9977f8a4a3b,pixdiff_matched_real,data/HFCF_small_160.parquet,0,2983,0043816.png,PNG,LandscapesHQ,,train,0,Real,train_v3_additions/real/cf_train_v3_pixdiff_matched_real_b340a9977f8a4a3b_0043816.png.png,complete
cf_train_v3_pixdiff_matched_real_b3c08a7e66c833b0,pixdiff_matched_real,data/HFCF_small_160.parquet,0,822,0003994.png,PNG,LandscapesHQ,,train,0,Real,train_v3_additions/real/cf_train_v3_pixdiff_matched_real_b3c08a7e66c833b0_0003994.png.png,complete
cf_train_v3_pixdiff_matched_real_b4a18b9bd62f2b94,pixdiff_matched_real,data/HFCF_small_160.parquet,0,1570,0002108.png,PNG,LandscapesHQ,,train,0,Real,train_v3_additions/real/cf_train_v3_pixdiff_matched_real_b4a18b9bd62f2b94_0002108.png.png,complete
cf_train_v3_pixdiff_matched_real_b4b6f802b5721155,pixdiff_matched_real,data/HFCF_small_160.parquet,0,2139,0057130.png,PNG,LandscapesHQ,,train,0,Real,train_v3_additions/real/cf_train_v3_pixdiff_matched_real_b4b6f802b5721155_0057130.png.png,complete
cf_train_v3_pixdiff_matched_real_b4c6377cf1154184,pixdiff_matched_real,data/HFCF_small_160.parquet,0,539,0015315.png,PNG,LandscapesHQ,,train,0,Real,train_v3_additions/real/cf_train_v3_pixdiff_matched_real_b4c6377cf1154184_0015315.png.png,complete
cf_train_v3_pixdiff_matched_real_b4d5f8fca57b63bd,pixdiff_matched_real,data/HFCF_small_160.parquet,0,2675,0033464.png,PNG,LandscapesHQ,,train,0,Real,train_v3_additions/real/cf_train_v3_pixdiff_matched_real_b4d5f8fca57b63bd_0033464.png.png,complete
cf_train_v3_pixdiff_matched_real_b4fea42fd286733b,pixdiff_matched_real,data/HFCF_small_160.parquet,0,890,0001834.png,PNG,LandscapesHQ,,train,0,Real,train_v3_additions/real/cf_train_v3_pixdiff_matched_real_b4fea42fd286733b_0001834.png.png,complete
cf_train_v3_pixdiff_matched_real_b50416fea9a76c61,pixdiff_matched_real,data/HFCF_small_160.parquet,0,776,0071731.png,PNG,LandscapesHQ,,train,0,Real,train_v3_additions/real/cf_train_v3_pixdiff_matched_real_b50416fea9a76c61_0071731.png.png,complete
cf_train_v3_pixdiff_matched_real_b527a4a31090e421,pixdiff_matched_real,data/HFCF_small_160.parquet,0,2047,0016193.png,PNG,LandscapesHQ,,train,0,Real,train_v3_additions/real/cf_train_v3_pixdiff_matched_real_b527a4a31090e421_0016193.png.png,complete
cf_train_v3_pixdiff_matched_real_b59a05bc5f8c2dc9,pixdiff_matched_real,data/HFCF_small_160.parquet,0,1325,0064688.png,PNG,LandscapesHQ,,train,0,Real,train_v3_additions/real/cf_train_v3_pixdiff_matched_real_b59a05bc5f8c2dc9_0064688.png.png,complete
cf_train_v3_pixdiff_matched_real_b5a9e5f7f70c0e80,pixdiff_matched_real,data/HFCF_small_160.parquet,0,376,0016750.png,PNG,LandscapesHQ,,train,0,Real,train_v3_additions/real/cf_train_v3_pixdiff_matched_real_b5a9e5f7f70c0e80_0016750.png.png,complete
cf_train_v3_pixdiff_matched_real_b5c3f9659af84f15,pixdiff_matched_real,data/HFCF_small_160.parquet,0,830,0086346.png,PNG,LandscapesHQ,,train,0,Real,train_v3_additions/real/cf_train_v3_pixdiff_matched_real_b5c3f9659af84f15_0086346.png.png,complete
cf_train_v3_pixdiff_matched_real_b5f9c873de994c00,pixdiff_matched_real,data/HFCF_small_160.parquet,0,2895,0016627.png,PNG,LandscapesHQ,,train,0,Real,train_v3_additions/real/cf_train_v3_pixdiff_matched_real_b5f9c873de994c00_0016627.png.png,complete
cf_train_v3_pixdiff_matched_real_b673285fcc8cc0c3,pixdiff_matched_real,data/HFCF_small_160.parquet,0,1513,0013612.png,PNG,LandscapesHQ,,train,0,Real,train_v3_additions/real/cf_train_v3_pixdiff_matched_real_b673285fcc8cc0c3_0013612.png.png,complete
cf_train_v3_pixdiff_matched_real_b6afece5fa2f6cca,pixdiff_matched_real,data/HFCF_small_160.parquet,0,361,0040315.png,PNG,LandscapesHQ,,train,0,Real,train_v3_additions/real/cf_train_v3_pixdiff_matched_real_b6afece5fa2f6cca_0040315.png.png,complete
cf_train_v3_pixdiff_matched_real_b6f54f662c45a130,pixdiff_matched_real,data/HFCF_small_160.parquet,0,1717,0011628.png,PNG,LandscapesHQ,,train,0,Real,train_v3_additions/real/cf_train_v3_pixdiff_matched_real_b6f54f662c45a130_0011628.png.png,complete
cf_train_v3_pixdiff_matched_real_b7540714beb2e1ee,pixdiff_matched_real,data/HFCF_small_160.parquet,0,282,0051623.png,PNG,LandscapesHQ,,train,0,Real,train_v3_additions/real/cf_train_v3_pixdiff_matched_real_b7540714beb2e1ee_0051623.png.png,complete
cf_train_v3_pixdiff_matched_real_b7f21edecb2fe42d,pixdiff_matched_real,data/HFCF_small_160.parquet,0,1205,0079237.png,PNG,LandscapesHQ,,train,0,Real,train_v3_additions/real/cf_train_v3_pixdiff_matched_real_b7f21edecb2fe42d_0079237.png.png,complete
cf_train_v3_pixdiff_matched_real_b80829eb613d946c,pixdiff_matched_real,data/HFCF_small_160.parquet,0,1500,0050105.png,PNG,LandscapesHQ,,train,0,Real,train_v3_additions/real/cf_train_v3_pixdiff_matched_real_b80829eb613d946c_0050105.png.png,complete
cf_train_v3_pixdiff_matched_real_b81098bbf388a448,pixdiff_matched_real,data/HFCF_small_160.parquet,0,2167,0017249.png,PNG,LandscapesHQ,,train,0,Real,train_v3_additions/real/cf_train_v3_pixdiff_matched_real_b81098bbf388a448_0017249.png.png,complete
cf_train_v3_pixdiff_matched_real_b82eebf0e146bd69,pixdiff_matched_real,data/HFCF_small_160.parquet,0,2571,0046214.png,PNG,LandscapesHQ,,train,0,Real,train_v3_additions/real/cf_train_v3_pixdiff_matched_real_b82eebf0e146bd69_0046214.png.png,complete
cf_train_v3_pixdiff_matched_real_b85c9d1dbf5e2b7a,pixdiff_matched_real,data/HFCF_small_160.parquet,0,2267,0022747.png,PNG,LandscapesHQ,,train,0,Real,train_v3_additions/real/cf_train_v3_pixdiff_matched_real_b85c9d1dbf5e2b7a_0022747.png.png,complete
cf_train_v3_pixdiff_matched_real_b8e7d659c78a3d6d,pixdiff_matched_real,data/HFCF_small_160.parquet,0,636,0031329.png,PNG,LandscapesHQ,,train,0,Real,train_v3_additions/real/cf_train_v3_pixdiff_matched_real_b8e7d659c78a3d6d_0031329.png.png,complete
cf_train_v3_pixdiff_matched_real_b93b4119a5e9771d,pixdiff_matched_real,data/HFCF_small_160.parquet,0,1017,0077803.png,PNG,LandscapesHQ,,train,0,Real,train_v3_additions/real/cf_train_v3_pixdiff_matched_real_b93b4119a5e9771d_0077803.png.png,complete
cf_train_v3_pixdiff_matched_real_b95fd2bc46a14c15,pixdiff_matched_real,data/HFCF_small_160.parquet,0,2678,0014633.png,PNG,LandscapesHQ,,train,0,Real,train_v3_additions/real/cf_train_v3_pixdiff_matched_real_b95fd2bc46a14c15_0014633.png.png,complete
cf_train_v3_pixdiff_matched_real_b994129f167320ae,pixdiff_matched_real,data/HFCF_small_160.parquet,0,1067,0089510.png,PNG,LandscapesHQ,,train,0,Real,train_v3_additions/real/cf_train_v3_pixdiff_matched_real_b994129f167320ae_0089510.png.png,complete
cf_train_v3_pixdiff_matched_real_b9fc29d5e7804d0e,pixdiff_matched_real,data/HFCF_small_160.parquet,0,2583,0036134.png,PNG,LandscapesHQ,,train,0,Real,train_v3_additions/real/cf_train_v3_pixdiff_matched_real_b9fc29d5e7804d0e_0036134.png.png,complete
cf_train_v3_pixdiff_matched_real_ba010bbe7ab1e9fa,pixdiff_matched_real,data/HFCF_small_160.parquet,0,2499,0040935.png,PNG,LandscapesHQ,,train,0,Real,train_v3_additions/real/cf_train_v3_pixdiff_matched_real_ba010bbe7ab1e9fa_0040935.png.png,complete
cf_train_v3_pixdiff_matched_real_baccc00a14a43259,pixdiff_matched_real,data/HFCF_small_160.parquet,0,1927,0025788.png,PNG,LandscapesHQ,,train,0,Real,train_v3_additions/real/cf_train_v3_pixdiff_matched_real_baccc00a14a43259_0025788.png.png,complete
cf_train_v3_pixdiff_matched_real_bb014fca8897816e,pixdiff_matched_real,data/HFCF_small_160.parquet,0,2831,0038090.png,PNG,LandscapesHQ,,train,0,Real,train_v3_additions/real/cf_train_v3_pixdiff_matched_real_bb014fca8897816e_0038090.png.png,complete
cf_train_v3_pixdiff_matched_real_bb1d89271cfa7469,pixdiff_matched_real,data/HFCF_small_160.parquet,0,1038,0061911.png,PNG,LandscapesHQ,,train,0,Real,train_v3_additions/real/cf_train_v3_pixdiff_matched_real_bb1d89271cfa7469_0061911.png.png,complete
cf_train_v3_pixdiff_matched_real_bb216c5df367ddb9,pixdiff_matched_real,data/HFCF_small_160.parquet,0,2263,0059253.png,PNG,LandscapesHQ,,train,0,Real,train_v3_additions/real/cf_train_v3_pixdiff_matched_real_bb216c5df367ddb9_0059253.png.png,complete
cf_train_v3_pixdiff_matched_real_bb917904baa20cbd,pixdiff_matched_real,data/HFCF_small_160.parquet,0,139,0060005.png,PNG,LandscapesHQ,,train,0,Real,train_v3_additions/real/cf_train_v3_pixdiff_matched_real_bb917904baa20cbd_0060005.png.png,complete
cf_train_v3_pixdiff_matched_real_bc1472c16989054d,pixdiff_matched_real,data/HFCF_small_160.parquet,0,1024,0071495.png,PNG,LandscapesHQ,,train,0,Real,train_v3_additions/real/cf_train_v3_pixdiff_matched_real_bc1472c16989054d_0071495.png.png,complete
cf_train_v3_pixdiff_matched_real_bc163c4b4cff732d,pixdiff_matched_real,data/HFCF_small_160.parquet,0,1914,0024135.png,PNG,LandscapesHQ,,train,0,Real,train_v3_additions/real/cf_train_v3_pixdiff_matched_real_bc163c4b4cff732d_0024135.png.png,complete
cf_train_v3_pixdiff_matched_real_bc396c57c707b5c8,pixdiff_matched_real,data/HFCF_small_160.parquet,0,1871,0038641.png,PNG,LandscapesHQ,,train,0,Real,train_v3_additions/real/cf_train_v3_pixdiff_matched_real_bc396c57c707b5c8_0038641.png.png,complete
cf_train_v3_pixdiff_matched_real_bc63615e83331a77,pixdiff_matched_real,data/HFCF_small_160.parquet,0,2750,0020342.png,PNG,LandscapesHQ,,train,0,Real,train_v3_additions/real/cf_train_v3_pixdiff_matched_real_bc63615e83331a77_0020342.png.png,complete
cf_train_v3_pixdiff_matched_real_bc9e1b9428e540fe,pixdiff_matched_real,data/HFCF_small_160.parquet,0,2691,0045864.png,PNG,LandscapesHQ,,train,0,Real,train_v3_additions/real/cf_train_v3_pixdiff_matched_real_bc9e1b9428e540fe_0045864.png.png,complete
cf_train_v3_pixdiff_matched_real_bcabfb35b1392e4d,pixdiff_matched_real,data/HFCF_small_160.parquet,0,2833,0063241.png,PNG,LandscapesHQ,,train,0,Real,train_v3_additions/real/cf_train_v3_pixdiff_matched_real_bcabfb35b1392e4d_0063241.png.png,complete
cf_train_v3_pixdiff_matched_real_bcad4e01e7792913,pixdiff_matched_real,data/HFCF_small_160.parquet,0,923,0017498.png,PNG,LandscapesHQ,,train,0,Real,train_v3_additions/real/cf_train_v3_pixdiff_matched_real_bcad4e01e7792913_0017498.png.png,complete
cf_train_v3_pixdiff_matched_real_bcc40eef4fcbfebd,pixdiff_matched_real,data/HFCF_small_160.parquet,0,2276,0079226.png,PNG,LandscapesHQ,,train,0,Real,train_v3_additions/real/cf_train_v3_pixdiff_matched_real_bcc40eef4fcbfebd_0079226.png.png,complete
cf_train_v3_pixdiff_matched_real_bcd805e08da4ed48,pixdiff_matched_real,data/HFCF_small_160.parquet,0,688,0015472.png,PNG,LandscapesHQ,,train,0,Real,train_v3_additions/real/cf_train_v3_pixdiff_matched_real_bcd805e08da4ed48_0015472.png.png,complete
cf_train_v3_pixdiff_matched_real_bd6ee6050266b7ff,pixdiff_matched_real,data/HFCF_small_160.parquet,0,963,0035206.png,PNG,LandscapesHQ,,train,0,Real,train_v3_additions/real/cf_train_v3_pixdiff_matched_real_bd6ee6050266b7ff_0035206.png.png,complete
cf_train_v3_pixdiff_matched_real_bd770cda76c4ff43,pixdiff_matched_real,data/HFCF_small_160.parquet,0,2593,0007702.png,PNG,LandscapesHQ,,train,0,Real,train_v3_additions/real/cf_train_v3_pixdiff_matched_real_bd770cda76c4ff43_0007702.png.png,complete
cf_train_v3_pixdiff_matched_real_bd99361d96c7b1ad,pixdiff_matched_real,data/HFCF_small_160.parquet,0,631,0053422.png,PNG,LandscapesHQ,,train,0,Real,train_v3_additions/real/cf_train_v3_pixdiff_matched_real_bd99361d96c7b1ad_0053422.png.png,complete
cf_train_v3_pixdiff_matched_real_bde21165d2d28d78,pixdiff_matched_real,data/HFCF_small_160.parquet,0,2791,0035766.png,PNG,LandscapesHQ,,train,0,Real,train_v3_additions/real/cf_train_v3_pixdiff_matched_real_bde21165d2d28d78_0035766.png.png,complete
cf_train_v3_pixdiff_matched_real_be1616dd22fc88b9,pixdiff_matched_real,data/HFCF_small_160.parquet,0,1234,0041354.png,PNG,LandscapesHQ,,train,0,Real,train_v3_additions/real/cf_train_v3_pixdiff_matched_real_be1616dd22fc88b9_0041354.png.png,complete
cf_train_v3_pixdiff_matched_real_be55fc4c8e6c8756,pixdiff_matched_real,data/HFCF_small_160.parquet,0,1262,0056598.png,PNG,LandscapesHQ,,train,0,Real,train_v3_additions/real/cf_train_v3_pixdiff_matched_real_be55fc4c8e6c8756_0056598.png.png,complete
cf_train_v3_pixdiff_matched_real_be89f1d903f86d24,pixdiff_matched_real,data/HFCF_small_160.parquet,0,1528,0038446.png,PNG,LandscapesHQ,,train,0,Real,train_v3_additions/real/cf_train_v3_pixdiff_matched_real_be89f1d903f86d24_0038446.png.png,complete
cf_train_v3_pixdiff_matched_real_bebac7e973c003ea,pixdiff_matched_real,data/HFCF_small_160.parquet,0,304,0067578.png,PNG,LandscapesHQ,,train,0,Real,train_v3_additions/real/cf_train_v3_pixdiff_matched_real_bebac7e973c003ea_0067578.png.png,complete
cf_train_v3_pixdiff_matched_real_bec93ac44d54f470,pixdiff_matched_real,data/HFCF_small_160.parquet,0,866,0062400.png,PNG,LandscapesHQ,,train,0,Real,train_v3_additions/real/cf_train_v3_pixdiff_matched_real_bec93ac44d54f470_0062400.png.png,complete
cf_train_v3_pixdiff_matched_real_bf1ec6f6d061d65e,pixdiff_matched_real,data/HFCF_small_160.parquet,0,2753,0068897.png,PNG,LandscapesHQ,,train,0,Real,train_v3_additions/real/cf_train_v3_pixdiff_matched_real_bf1ec6f6d061d65e_0068897.png.png,complete
cf_train_v3_pixdiff_matched_real_bf82a05982183ac2,pixdiff_matched_real,data/HFCF_small_160.parquet,0,1771,0031933.png,PNG,LandscapesHQ,,train,0,Real,train_v3_additions/real/cf_train_v3_pixdiff_matched_real_bf82a05982183ac2_0031933.png.png,complete
cf_train_v3_pixdiff_matched_real_bfcd535e3654d967,pixdiff_matched_real,data/HFCF_small_160.parquet,0,2152,0075781.png,PNG,LandscapesHQ,,train,0,Real,train_v3_additions/real/cf_train_v3_pixdiff_matched_real_bfcd535e3654d967_0075781.png.png,complete
cf_train_v3_pixdiff_matched_real_bfd1d5fdba049ab2,pixdiff_matched_real,data/HFCF_small_160.parquet,0,49,0036126.png,PNG,LandscapesHQ,,train,0,Real,train_v3_additions/real/cf_train_v3_pixdiff_matched_real_bfd1d5fdba049ab2_0036126.png.png,complete
cf_train_v3_pixdiff_matched_real_c057dc405684950e,pixdiff_matched_real,data/HFCF_small_160.parquet,0,1782,0033896.png,PNG,LandscapesHQ,,train,0,Real,train_v3_additions/real/cf_train_v3_pixdiff_matched_real_c057dc405684950e_0033896.png.png,complete
cf_train_v3_pixdiff_matched_real_c086d4be0a2c9525,pixdiff_matched_real,data/HFCF_small_160.parquet,0,2902,0057444.png,PNG,LandscapesHQ,,train,0,Real,train_v3_additions/real/cf_train_v3_pixdiff_matched_real_c086d4be0a2c9525_0057444.png.png,complete
cf_train_v3_pixdiff_matched_real_c08e7334ba0dc2aa,pixdiff_matched_real,data/HFCF_small_160.parquet,0,1670,0059068.png,PNG,LandscapesHQ,,train,0,Real,train_v3_additions/real/cf_train_v3_pixdiff_matched_real_c08e7334ba0dc2aa_0059068.png.png,complete
cf_train_v3_pixdiff_matched_real_c116ef6f60e51526,pixdiff_matched_real,data/HFCF_small_160.parquet,0,2552,0053618.png,PNG,LandscapesHQ,,train,0,Real,train_v3_additions/real/cf_train_v3_pixdiff_matched_real_c116ef6f60e51526_0053618.png.png,complete
cf_train_v3_pixdiff_matched_real_c1944ab04cd50a7f,pixdiff_matched_real,data/HFCF_small_160.parquet,0,373,0001826.png,PNG,LandscapesHQ,,train,0,Real,train_v3_additions/real/cf_train_v3_pixdiff_matched_real_c1944ab04cd50a7f_0001826.png.png,complete
cf_train_v3_pixdiff_matched_real_c196b06b34fbf6f8,pixdiff_matched_real,data/HFCF_small_160.parquet,0,2444,0026535.png,PNG,LandscapesHQ,,train,0,Real,train_v3_additions/real/cf_train_v3_pixdiff_matched_real_c196b06b34fbf6f8_0026535.png.png,complete
cf_train_v3_pixdiff_matched_real_c227950e9c8c62cf,pixdiff_matched_real,data/HFCF_small_160.parquet,0,2266,0081159.png,PNG,LandscapesHQ,,train,0,Real,train_v3_additions/real/cf_train_v3_pixdiff_matched_real_c227950e9c8c62cf_0081159.png.png,complete
cf_train_v3_pixdiff_matched_real_c23a8c4c4fd5d93c,pixdiff_matched_real,data/HFCF_small_160.parquet,0,1674,0069190.png,PNG,LandscapesHQ,,train,0,Real,train_v3_additions/real/cf_train_v3_pixdiff_matched_real_c23a8c4c4fd5d93c_0069190.png.png,complete
cf_train_v3_pixdiff_matched_real_c24328830a1a7eee,pixdiff_matched_real,data/HFCF_small_160.parquet,0,2728,0011575.png,PNG,LandscapesHQ,,train,0,Real,train_v3_additions/real/cf_train_v3_pixdiff_matched_real_c24328830a1a7eee_0011575.png.png,complete
cf_train_v3_pixdiff_matched_real_c24aab59023a6e1a,pixdiff_matched_real,data/HFCF_small_160.parquet,0,2355,0079219.png,PNG,LandscapesHQ,,train,0,Real,train_v3_additions/real/cf_train_v3_pixdiff_matched_real_c24aab59023a6e1a_0079219.png.png,complete
cf_train_v3_pixdiff_matched_real_c26d4742fde1f146,pixdiff_matched_real,data/HFCF_small_160.parquet,0,2333,0069223.png,PNG,LandscapesHQ,,train,0,Real,train_v3_additions/real/cf_train_v3_pixdiff_matched_real_c26d4742fde1f146_0069223.png.png,complete
cf_train_v3_pixdiff_matched_real_c2a1d66e0db4d173,pixdiff_matched_real,data/HFCF_small_160.parquet,0,937,0029012.png,PNG,LandscapesHQ,,train,0,Real,train_v3_additions/real/cf_train_v3_pixdiff_matched_real_c2a1d66e0db4d173_0029012.png.png,complete
cf_train_v3_pixdiff_matched_real_c2b87484cbce02bb,pixdiff_matched_real,data/HFCF_small_160.parquet,0,601,0047486.png,PNG,LandscapesHQ,,train,0,Real,train_v3_additions/real/cf_train_v3_pixdiff_matched_real_c2b87484cbce02bb_0047486.png.png,complete
cf_train_v3_pixdiff_matched_real_c2f2d7f150316447,pixdiff_matched_real,data/HFCF_small_160.parquet,0,2188,0044416.png,PNG,LandscapesHQ,,train,0,Real,train_v3_additions/real/cf_train_v3_pixdiff_matched_real_c2f2d7f150316447_0044416.png.png,complete
cf_train_v3_pixdiff_matched_real_c346e815b95070ae,pixdiff_matched_real,data/HFCF_small_160.parquet,0,2025,0038096.png,PNG,LandscapesHQ,,train,0,Real,train_v3_additions/real/cf_train_v3_pixdiff_matched_real_c346e815b95070ae_0038096.png.png,complete
cf_train_v3_pixdiff_matched_real_c3a7da517cd7666c,pixdiff_matched_real,data/HFCF_small_160.parquet,0,1216,0072991.png,PNG,LandscapesHQ,,train,0,Real,train_v3_additions/real/cf_train_v3_pixdiff_matched_real_c3a7da517cd7666c_0072991.png.png,complete
cf_train_v3_pixdiff_matched_real_c40a26b06491ce7c,pixdiff_matched_real,data/HFCF_small_160.parquet,0,1788,0002907.png,PNG,LandscapesHQ,,train,0,Real,train_v3_additions/real/cf_train_v3_pixdiff_matched_real_c40a26b06491ce7c_0002907.png.png,complete
cf_train_v3_pixdiff_matched_real_c4cae14b6ac6a31e,pixdiff_matched_real,data/HFCF_small_160.parquet,0,1006,0010911.png,PNG,LandscapesHQ,,train,0,Real,train_v3_additions/real/cf_train_v3_pixdiff_matched_real_c4cae14b6ac6a31e_0010911.png.png,complete
cf_train_v3_pixdiff_matched_real_c4e73112bbb7e532,pixdiff_matched_real,data/HFCF_small_160.parquet,0,185,0053408.png,PNG,LandscapesHQ,,train,0,Real,train_v3_additions/real/cf_train_v3_pixdiff_matched_real_c4e73112bbb7e532_0053408.png.png,complete
cf_train_v3_pixdiff_matched_real_c4fc7a6c39260c66,pixdiff_matched_real,data/HFCF_small_160.parquet,0,1334,0025164.png,PNG,LandscapesHQ,,train,0,Real,train_v3_additions/real/cf_train_v3_pixdiff_matched_real_c4fc7a6c39260c66_0025164.png.png,complete
cf_train_v3_pixdiff_matched_real_c503437c673899cd,pixdiff_matched_real,data/HFCF_small_160.parquet,0,2252,0029160.png,PNG,LandscapesHQ,,train,0,Real,train_v3_additions/real/cf_train_v3_pixdiff_matched_real_c503437c673899cd_0029160.png.png,complete
cf_train_v3_pixdiff_matched_real_c52cf77e9ac455e0,pixdiff_matched_real,data/HFCF_small_160.parquet,0,424,0055684.png,PNG,LandscapesHQ,,train,0,Real,train_v3_additions/real/cf_train_v3_pixdiff_matched_real_c52cf77e9ac455e0_0055684.png.png,complete
cf_train_v3_pixdiff_matched_real_c54dde0eba4f3e2a,pixdiff_matched_real,data/HFCF_small_160.parquet,0,612,0063737.png,PNG,LandscapesHQ,,train,0,Real,train_v3_additions/real/cf_train_v3_pixdiff_matched_real_c54dde0eba4f3e2a_0063737.png.png,complete
cf_train_v3_pixdiff_matched_real_c55e83228ca446a9,pixdiff_matched_real,data/HFCF_small_160.parquet,0,1701,0047522.png,PNG,LandscapesHQ,,train,0,Real,train_v3_additions/real/cf_train_v3_pixdiff_matched_real_c55e83228ca446a9_0047522.png.png,complete
cf_train_v3_pixdiff_matched_real_c57686b44071fb19,pixdiff_matched_real,data/HFCF_small_160.parquet,0,633,0033847.png,PNG,LandscapesHQ,,train,0,Real,train_v3_additions/real/cf_train_v3_pixdiff_matched_real_c57686b44071fb19_0033847.png.png,complete
cf_train_v3_pixdiff_matched_real_c57887aebcb78b3e,pixdiff_matched_real,data/HFCF_small_160.parquet,0,2550,0018814.png,PNG,LandscapesHQ,,train,0,Real,train_v3_additions/real/cf_train_v3_pixdiff_matched_real_c57887aebcb78b3e_0018814.png.png,complete
cf_train_v3_pixdiff_matched_real_c5a819fcd09881ea,pixdiff_matched_real,data/HFCF_small_160.parquet,0,2173,0082519.png,PNG,LandscapesHQ,,train,0,Real,train_v3_additions/real/cf_train_v3_pixdiff_matched_real_c5a819fcd09881ea_0082519.png.png,complete
cf_train_v3_pixdiff_matched_real_c5cff305f8f881e0,pixdiff_matched_real,data/HFCF_small_160.parquet,0,92,0079208.png,PNG,LandscapesHQ,,train,0,Real,train_v3_additions/real/cf_train_v3_pixdiff_matched_real_c5cff305f8f881e0_0079208.png.png,complete
cf_train_v3_pixdiff_matched_real_c5e460c6e1e0a757,pixdiff_matched_real,data/HFCF_small_160.parquet,0,1748,0076105.png,PNG,LandscapesHQ,,train,0,Real,train_v3_additions/real/cf_train_v3_pixdiff_matched_real_c5e460c6e1e0a757_0076105.png.png,complete
cf_train_v3_pixdiff_matched_real_c5fa0f454653d278,pixdiff_matched_real,data/HFCF_small_160.parquet,0,287,0077580.png,PNG,LandscapesHQ,,train,0,Real,train_v3_additions/real/cf_train_v3_pixdiff_matched_real_c5fa0f454653d278_0077580.png.png,complete
cf_train_v3_pixdiff_matched_real_c61ad69e2a6c6bef,pixdiff_matched_real,data/HFCF_small_160.parquet,0,2707,0084143.png,PNG,LandscapesHQ,,train,0,Real,train_v3_additions/real/cf_train_v3_pixdiff_matched_real_c61ad69e2a6c6bef_0084143.png.png,complete
cf_train_v3_pixdiff_matched_real_c61b1f63b3de74c1,pixdiff_matched_real,data/HFCF_small_160.parquet,0,2643,0078300.png,PNG,LandscapesHQ,,train,0,Real,train_v3_additions/real/cf_train_v3_pixdiff_matched_real_c61b1f63b3de74c1_0078300.png.png,complete
cf_train_v3_pixdiff_matched_real_c661f9a687211b51,pixdiff_matched_real,data/HFCF_small_160.parquet,0,2521,0028046.png,PNG,LandscapesHQ,,train,0,Real,train_v3_additions/real/cf_train_v3_pixdiff_matched_real_c661f9a687211b51_0028046.png.png,complete
cf_train_v3_pixdiff_matched_real_c686da973c41da87,pixdiff_matched_real,data/HFCF_small_160.parquet,0,1167,0043143.png,PNG,LandscapesHQ,,train,0,Real,train_v3_additions/real/cf_train_v3_pixdiff_matched_real_c686da973c41da87_0043143.png.png,complete
cf_train_v3_pixdiff_matched_real_c6c787a3439c5fc2,pixdiff_matched_real,data/HFCF_small_160.parquet,0,1779,0068065.png,PNG,LandscapesHQ,,train,0,Real,train_v3_additions/real/cf_train_v3_pixdiff_matched_real_c6c787a3439c5fc2_0068065.png.png,complete
cf_train_v3_pixdiff_matched_real_c7159bd701eec89b,pixdiff_matched_real,data/HFCF_small_160.parquet,0,1876,0084805.png,PNG,LandscapesHQ,,train,0,Real,train_v3_additions/real/cf_train_v3_pixdiff_matched_real_c7159bd701eec89b_0084805.png.png,complete
cf_train_v3_pixdiff_matched_real_c75976e77b9d1742,pixdiff_matched_real,data/HFCF_small_160.parquet,0,320,0031539.png,PNG,LandscapesHQ,,train,0,Real,train_v3_additions/real/cf_train_v3_pixdiff_matched_real_c75976e77b9d1742_0031539.png.png,complete
cf_train_v3_pixdiff_matched_real_c76f1f9386e7f03f,pixdiff_matched_real,data/HFCF_small_160.parquet,0,2174,0073863.png,PNG,LandscapesHQ,,train,0,Real,train_v3_additions/real/cf_train_v3_pixdiff_matched_real_c76f1f9386e7f03f_0073863.png.png,complete
cf_train_v3_pixdiff_matched_real_c77f9e4ee00a904f,pixdiff_matched_real,data/HFCF_small_160.parquet,0,721,0017107.png,PNG,LandscapesHQ,,train,0,Real,train_v3_additions/real/cf_train_v3_pixdiff_matched_real_c77f9e4ee00a904f_0017107.png.png,complete
cf_train_v3_pixdiff_matched_real_c7c0fb78194280a2,pixdiff_matched_real,data/HFCF_small_160.parquet,0,2905,0033310.png,PNG,LandscapesHQ,,train,0,Real,train_v3_additions/real/cf_train_v3_pixdiff_matched_real_c7c0fb78194280a2_0033310.png.png,complete
cf_train_v3_pixdiff_matched_real_c87b503f5343a579,pixdiff_matched_real,data/HFCF_small_160.parquet,0,2922,0057694.png,PNG,LandscapesHQ,,train,0,Real,train_v3_additions/real/cf_train_v3_pixdiff_matched_real_c87b503f5343a579_0057694.png.png,complete
cf_train_v3_pixdiff_matched_real_c881d428b1f8982e,pixdiff_matched_real,data/HFCF_small_160.parquet,0,2524,0028691.png,PNG,LandscapesHQ,,train,0,Real,train_v3_additions/real/cf_train_v3_pixdiff_matched_real_c881d428b1f8982e_0028691.png.png,complete
cf_train_v3_pixdiff_matched_real_c8b317be7abfaf4e,pixdiff_matched_real,data/HFCF_small_160.parquet,0,1195,0012530.png,PNG,LandscapesHQ,,train,0,Real,train_v3_additions/real/cf_train_v3_pixdiff_matched_real_c8b317be7abfaf4e_0012530.png.png,complete
cf_train_v3_pixdiff_matched_real_c9167fc15518f55f,pixdiff_matched_real,data/HFCF_small_160.parquet,0,2961,0063054.png,PNG,LandscapesHQ,,train,0,Real,train_v3_additions/real/cf_train_v3_pixdiff_matched_real_c9167fc15518f55f_0063054.png.png,complete
cf_train_v3_pixdiff_matched_real_ca20fdc41704b206,pixdiff_matched_real,data/HFCF_small_160.parquet,0,2390,0022436.png,PNG,LandscapesHQ,,train,0,Real,train_v3_additions/real/cf_train_v3_pixdiff_matched_real_ca20fdc41704b206_0022436.png.png,complete
cf_train_v3_pixdiff_matched_real_cb3561d2cb4bf908,pixdiff_matched_real,data/HFCF_small_160.parquet,0,2008,0028045.png,PNG,LandscapesHQ,,train,0,Real,train_v3_additions/real/cf_train_v3_pixdiff_matched_real_cb3561d2cb4bf908_0028045.png.png,complete
cf_train_v3_pixdiff_matched_real_cb82b901fe17f225,pixdiff_matched_real,data/HFCF_small_160.parquet,0,334,0026860.png,PNG,LandscapesHQ,,train,0,Real,train_v3_additions/real/cf_train_v3_pixdiff_matched_real_cb82b901fe17f225_0026860.png.png,complete
cf_train_v3_pixdiff_matched_real_cbabf9c8a7d588bd,pixdiff_matched_real,data/HFCF_small_160.parquet,0,704,0055718.png,PNG,LandscapesHQ,,train,0,Real,train_v3_additions/real/cf_train_v3_pixdiff_matched_real_cbabf9c8a7d588bd_0055718.png.png,complete
cf_train_v3_pixdiff_matched_real_cc0addf5925a4f46,pixdiff_matched_real,data/HFCF_small_160.parquet,0,742,0022813.png,PNG,LandscapesHQ,,train,0,Real,train_v3_additions/real/cf_train_v3_pixdiff_matched_real_cc0addf5925a4f46_0022813.png.png,complete
cf_train_v3_pixdiff_matched_real_ccf621fd9c5eddb9,pixdiff_matched_real,data/HFCF_small_160.parquet,0,1916,0034685.png,PNG,LandscapesHQ,,train,0,Real,train_v3_additions/real/cf_train_v3_pixdiff_matched_real_ccf621fd9c5eddb9_0034685.png.png,complete
cf_train_v3_pixdiff_matched_real_cdaa7d2888b07790,pixdiff_matched_real,data/HFCF_small_160.parquet,0,1910,0049903.png,PNG,LandscapesHQ,,train,0,Real,train_v3_additions/real/cf_train_v3_pixdiff_matched_real_cdaa7d2888b07790_0049903.png.png,complete
cf_train_v3_pixdiff_matched_real_ce00d2fb56e69c4f,pixdiff_matched_real,data/HFCF_small_160.parquet,0,247,0081984.png,PNG,LandscapesHQ,,train,0,Real,train_v3_additions/real/cf_train_v3_pixdiff_matched_real_ce00d2fb56e69c4f_0081984.png.png,complete
cf_train_v3_pixdiff_matched_real_ce05a631e8faeff7,pixdiff_matched_real,data/HFCF_small_160.parquet,0,780,0071241.png,PNG,LandscapesHQ,,train,0,Real,train_v3_additions/real/cf_train_v3_pixdiff_matched_real_ce05a631e8faeff7_0071241.png.png,complete
cf_train_v3_pixdiff_matched_real_ce211c298b0779b9,pixdiff_matched_real,data/HFCF_small_160.parquet,0,632,0001589.png,PNG,LandscapesHQ,,train,0,Real,train_v3_additions/real/cf_train_v3_pixdiff_matched_real_ce211c298b0779b9_0001589.png.png,complete
cf_train_v3_pixdiff_matched_real_ce30f8ca2c4e550f,pixdiff_matched_real,data/HFCF_small_160.parquet,0,1395,0073450.png,PNG,LandscapesHQ,,train,0,Real,train_v3_additions/real/cf_train_v3_pixdiff_matched_real_ce30f8ca2c4e550f_0073450.png.png,complete
cf_train_v3_pixdiff_matched_real_ceb6018aaea11eaf,pixdiff_matched_real,data/HFCF_small_160.parquet,0,2811,0060798.png,PNG,LandscapesHQ,,train,0,Real,train_v3_additions/real/cf_train_v3_pixdiff_matched_real_ceb6018aaea11eaf_0060798.png.png,complete
cf_train_v3_pixdiff_matched_real_cec0fe38576f57b1,pixdiff_matched_real,data/HFCF_small_160.parquet,0,2256,0046613.png,PNG,LandscapesHQ,,train,0,Real,train_v3_additions/real/cf_train_v3_pixdiff_matched_real_cec0fe38576f57b1_0046613.png.png,complete
cf_train_v3_pixdiff_matched_real_cf44c16cdecfd4cf,pixdiff_matched_real,data/HFCF_small_160.parquet,0,1507,0028440.png,PNG,LandscapesHQ,,train,0,Real,train_v3_additions/real/cf_train_v3_pixdiff_matched_real_cf44c16cdecfd4cf_0028440.png.png,complete
cf_train_v3_pixdiff_matched_real_cf4cb80392a1db1d,pixdiff_matched_real,data/HFCF_small_160.parquet,0,1854,0054170.png,PNG,LandscapesHQ,,train,0,Real,train_v3_additions/real/cf_train_v3_pixdiff_matched_real_cf4cb80392a1db1d_0054170.png.png,complete
cf_train_v3_pixdiff_matched_real_cf4f6d95d76a15b7,pixdiff_matched_real,data/HFCF_small_160.parquet,0,1874,0072229.png,PNG,LandscapesHQ,,train,0,Real,train_v3_additions/real/cf_train_v3_pixdiff_matched_real_cf4f6d95d76a15b7_0072229.png.png,complete
cf_train_v3_pixdiff_matched_real_cf8b8cd981e47418,pixdiff_matched_real,data/HFCF_small_160.parquet,0,1922,0058438.png,PNG,LandscapesHQ,,train,0,Real,train_v3_additions/real/cf_train_v3_pixdiff_matched_real_cf8b8cd981e47418_0058438.png.png,complete
cf_train_v3_pixdiff_matched_real_cf93b012abb27caa,pixdiff_matched_real,data/HFCF_small_160.parquet,0,2337,0006636.png,PNG,LandscapesHQ,,train,0,Real,train_v3_additions/real/cf_train_v3_pixdiff_matched_real_cf93b012abb27caa_0006636.png.png,complete
cf_train_v3_pixdiff_matched_real_d06b634c8f825641,pixdiff_matched_real,data/HFCF_small_160.parquet,0,72,0066710.png,PNG,LandscapesHQ,,train,0,Real,train_v3_additions/real/cf_train_v3_pixdiff_matched_real_d06b634c8f825641_0066710.png.png,complete
cf_train_v3_pixdiff_matched_real_d0a6138a7e3e48ce,pixdiff_matched_real,data/HFCF_small_160.parquet,0,2257,0067425.png,PNG,LandscapesHQ,,train,0,Real,train_v3_additions/real/cf_train_v3_pixdiff_matched_real_d0a6138a7e3e48ce_0067425.png.png,complete
cf_train_v3_pixdiff_matched_real_d18bffd00756f15d,pixdiff_matched_real,data/HFCF_small_160.parquet,0,170,0088346.png,PNG,LandscapesHQ,,train,0,Real,train_v3_additions/real/cf_train_v3_pixdiff_matched_real_d18bffd00756f15d_0088346.png.png,complete
cf_train_v3_pixdiff_matched_real_d2436c57e51ee998,pixdiff_matched_real,data/HFCF_small_160.parquet,0,385,0076505.png,PNG,LandscapesHQ,,train,0,Real,train_v3_additions/real/cf_train_v3_pixdiff_matched_real_d2436c57e51ee998_0076505.png.png,complete
cf_train_v3_pixdiff_matched_real_d276d7012610fd68,pixdiff_matched_real,data/HFCF_small_160.parquet,0,2798,0030803.png,PNG,LandscapesHQ,,train,0,Real,train_v3_additions/real/cf_train_v3_pixdiff_matched_real_d276d7012610fd68_0030803.png.png,complete
cf_train_v3_pixdiff_matched_real_d285a348c660aab2,pixdiff_matched_real,data/HFCF_small_160.parquet,0,763,0025776.png,PNG,LandscapesHQ,,train,0,Real,train_v3_additions/real/cf_train_v3_pixdiff_matched_real_d285a348c660aab2_0025776.png.png,complete
cf_train_v3_pixdiff_matched_real_d2affe3c7dd31e57,pixdiff_matched_real,data/HFCF_small_160.parquet,0,1619,0003348.png,PNG,LandscapesHQ,,train,0,Real,train_v3_additions/real/cf_train_v3_pixdiff_matched_real_d2affe3c7dd31e57_0003348.png.png,complete
cf_train_v3_pixdiff_matched_real_d2eb93724ec24f15,pixdiff_matched_real,data/HFCF_small_160.parquet,0,2272,0030153.png,PNG,LandscapesHQ,,train,0,Real,train_v3_additions/real/cf_train_v3_pixdiff_matched_real_d2eb93724ec24f15_0030153.png.png,complete
cf_train_v3_pixdiff_matched_real_d2ebede6ab7d0b80,pixdiff_matched_real,data/HFCF_small_160.parquet,0,1855,0078659.png,PNG,LandscapesHQ,,train,0,Real,train_v3_additions/real/cf_train_v3_pixdiff_matched_real_d2ebede6ab7d0b80_0078659.png.png,complete
cf_train_v3_pixdiff_matched_real_d341abab5556d265,pixdiff_matched_real,data/HFCF_small_160.parquet,0,1149,0083229.png,PNG,LandscapesHQ,,train,0,Real,train_v3_additions/real/cf_train_v3_pixdiff_matched_real_d341abab5556d265_0083229.png.png,complete
cf_train_v3_pixdiff_matched_real_d35f7ac746ff1084,pixdiff_matched_real,data/HFCF_small_160.parquet,0,2367,0085066.png,PNG,LandscapesHQ,,train,0,Real,train_v3_additions/real/cf_train_v3_pixdiff_matched_real_d35f7ac746ff1084_0085066.png.png,complete
cf_train_v3_pixdiff_matched_real_d3693a818587eaf8,pixdiff_matched_real,data/HFCF_small_160.parquet,0,808,0049323.png,PNG,LandscapesHQ,,train,0,Real,train_v3_additions/real/cf_train_v3_pixdiff_matched_real_d3693a818587eaf8_0049323.png.png,complete
cf_train_v3_pixdiff_matched_real_d36e8bf00c4f97bb,pixdiff_matched_real,data/HFCF_small_160.parquet,0,2685,0089878.png,PNG,LandscapesHQ,,train,0,Real,train_v3_additions/real/cf_train_v3_pixdiff_matched_real_d36e8bf00c4f97bb_0089878.png.png,complete
cf_train_v3_pixdiff_matched_real_d38bc3121606f6e2,pixdiff_matched_real,data/HFCF_small_160.parquet,0,1826,0031316.png,PNG,LandscapesHQ,,train,0,Real,train_v3_additions/real/cf_train_v3_pixdiff_matched_real_d38bc3121606f6e2_0031316.png.png,complete
cf_train_v3_pixdiff_matched_real_d3b05bf5dd3ba7b1,pixdiff_matched_real,data/HFCF_small_160.parquet,0,542,0026325.png,PNG,LandscapesHQ,,train,0,Real,train_v3_additions/real/cf_train_v3_pixdiff_matched_real_d3b05bf5dd3ba7b1_0026325.png.png,complete
cf_train_v3_pixdiff_matched_real_d3b8c73a267a74b6,pixdiff_matched_real,data/HFCF_small_160.parquet,0,2799,0016948.png,PNG,LandscapesHQ,,train,0,Real,train_v3_additions/real/cf_train_v3_pixdiff_matched_real_d3b8c73a267a74b6_0016948.png.png,complete
cf_train_v3_pixdiff_matched_real_d3d283f3290d175d,pixdiff_matched_real,data/HFCF_small_160.parquet,0,2124,0005660.png,PNG,LandscapesHQ,,train,0,Real,train_v3_additions/real/cf_train_v3_pixdiff_matched_real_d3d283f3290d175d_0005660.png.png,complete
cf_train_v3_pixdiff_matched_real_d46d5fee60fe313b,pixdiff_matched_real,data/HFCF_small_160.parquet,0,623,0082509.png,PNG,LandscapesHQ,,train,0,Real,train_v3_additions/real/cf_train_v3_pixdiff_matched_real_d46d5fee60fe313b_0082509.png.png,complete
cf_train_v3_pixdiff_matched_real_d499a4bae552d0a0,pixdiff_matched_real,data/HFCF_small_160.parquet,0,2198,0089305.png,PNG,LandscapesHQ,,train,0,Real,train_v3_additions/real/cf_train_v3_pixdiff_matched_real_d499a4bae552d0a0_0089305.png.png,complete
cf_train_v3_pixdiff_matched_real_d4da896d9246bccc,pixdiff_matched_real,data/HFCF_small_160.parquet,0,1698,0062374.png,PNG,LandscapesHQ,,train,0,Real,train_v3_additions/real/cf_train_v3_pixdiff_matched_real_d4da896d9246bccc_0062374.png.png,complete
cf_train_v3_pixdiff_matched_real_d4e14f58696fc8df,pixdiff_matched_real,data/HFCF_small_160.parquet,0,1285,0042312.png,PNG,LandscapesHQ,,train,0,Real,train_v3_additions/real/cf_train_v3_pixdiff_matched_real_d4e14f58696fc8df_0042312.png.png,complete
cf_train_v3_pixdiff_matched_real_d56db313457ce3af,pixdiff_matched_real,data/HFCF_small_160.parquet,0,1947,0088220.png,PNG,LandscapesHQ,,train,0,Real,train_v3_additions/real/cf_train_v3_pixdiff_matched_real_d56db313457ce3af_0088220.png.png,complete
cf_train_v3_pixdiff_matched_real_d585626abbbe2304,pixdiff_matched_real,data/HFCF_small_160.parquet,0,1388,0045478.png,PNG,LandscapesHQ,,train,0,Real,train_v3_additions/real/cf_train_v3_pixdiff_matched_real_d585626abbbe2304_0045478.png.png,complete
cf_train_v3_pixdiff_matched_real_d58bb4fee10ff4ce,pixdiff_matched_real,data/HFCF_small_160.parquet,0,952,0049250.png,PNG,LandscapesHQ,,train,0,Real,train_v3_additions/real/cf_train_v3_pixdiff_matched_real_d58bb4fee10ff4ce_0049250.png.png,complete
cf_train_v3_pixdiff_matched_real_d59eacb691eb333f,pixdiff_matched_real,data/HFCF_small_160.parquet,0,2125,0023301.png,PNG,LandscapesHQ,,train,0,Real,train_v3_additions/real/cf_train_v3_pixdiff_matched_real_d59eacb691eb333f_0023301.png.png,complete
cf_train_v3_pixdiff_matched_real_d5fc89722d1199eb,pixdiff_matched_real,data/HFCF_small_160.parquet,0,2344,0077187.png,PNG,LandscapesHQ,,train,0,Real,train_v3_additions/real/cf_train_v3_pixdiff_matched_real_d5fc89722d1199eb_0077187.png.png,complete
cf_train_v3_pixdiff_matched_real_d6299a05b217bb27,pixdiff_matched_real,data/HFCF_small_160.parquet,0,545,0004581.png,PNG,LandscapesHQ,,train,0,Real,train_v3_additions/real/cf_train_v3_pixdiff_matched_real_d6299a05b217bb27_0004581.png.png,complete
cf_train_v3_pixdiff_matched_real_d66b5477ba1de473,pixdiff_matched_real,data/HFCF_small_160.parquet,0,312,0048767.png,PNG,LandscapesHQ,,train,0,Real,train_v3_additions/real/cf_train_v3_pixdiff_matched_real_d66b5477ba1de473_0048767.png.png,complete
cf_train_v3_pixdiff_matched_real_d6988e343319c78d,pixdiff_matched_real,data/HFCF_small_160.parquet,0,526,0000284.png,PNG,LandscapesHQ,,train,0,Real,train_v3_additions/real/cf_train_v3_pixdiff_matched_real_d6988e343319c78d_0000284.png.png,complete
cf_train_v3_pixdiff_matched_real_d6a027887f0b2667,pixdiff_matched_real,data/HFCF_small_160.parquet,0,770,0087264.png,PNG,LandscapesHQ,,train,0,Real,train_v3_additions/real/cf_train_v3_pixdiff_matched_real_d6a027887f0b2667_0087264.png.png,complete
cf_train_v3_pixdiff_matched_real_d6f4332861ab7777,pixdiff_matched_real,data/HFCF_small_160.parquet,0,1058,0041804.png,PNG,LandscapesHQ,,train,0,Real,train_v3_additions/real/cf_train_v3_pixdiff_matched_real_d6f4332861ab7777_0041804.png.png,complete
cf_train_v3_pixdiff_matched_real_d6f7db930efdbc47,pixdiff_matched_real,data/HFCF_small_160.parquet,0,503,0065156.png,PNG,LandscapesHQ,,train,0,Real,train_v3_additions/real/cf_train_v3_pixdiff_matched_real_d6f7db930efdbc47_0065156.png.png,complete
cf_train_v3_pixdiff_matched_real_d7542e6e238466ec,pixdiff_matched_real,data/HFCF_small_160.parquet,0,54,0089922.png,PNG,LandscapesHQ,,train,0,Real,train_v3_additions/real/cf_train_v3_pixdiff_matched_real_d7542e6e238466ec_0089922.png.png,complete
cf_train_v3_pixdiff_matched_real_d78a7b19140b14ff,pixdiff_matched_real,data/HFCF_small_160.parquet,0,1208,0030209.png,PNG,LandscapesHQ,,train,0,Real,train_v3_additions/real/cf_train_v3_pixdiff_matched_real_d78a7b19140b14ff_0030209.png.png,complete
cf_train_v3_pixdiff_matched_real_d7e64753471be3ef,pixdiff_matched_real,data/HFCF_small_160.parquet,0,2512,0030419.png,PNG,LandscapesHQ,,train,0,Real,train_v3_additions/real/cf_train_v3_pixdiff_matched_real_d7e64753471be3ef_0030419.png.png,complete
cf_train_v3_pixdiff_matched_real_d804398c90651c96,pixdiff_matched_real,data/HFCF_small_160.parquet,0,276,0024873.png,PNG,LandscapesHQ,,train,0,Real,train_v3_additions/real/cf_train_v3_pixdiff_matched_real_d804398c90651c96_0024873.png.png,complete
cf_train_v3_pixdiff_matched_real_d81174b99f382269,pixdiff_matched_real,data/HFCF_small_160.parquet,0,567,0052258.png,PNG,LandscapesHQ,,train,0,Real,train_v3_additions/real/cf_train_v3_pixdiff_matched_real_d81174b99f382269_0052258.png.png,complete
cf_train_v3_pixdiff_matched_real_d846c888d9a81e6e,pixdiff_matched_real,data/HFCF_small_160.parquet,0,1665,0024293.png,PNG,LandscapesHQ,,train,0,Real,train_v3_additions/real/cf_train_v3_pixdiff_matched_real_d846c888d9a81e6e_0024293.png.png,complete
cf_train_v3_pixdiff_matched_real_d84e124aa10dcca5,pixdiff_matched_real,data/HFCF_small_160.parquet,0,2018,0043179.png,PNG,LandscapesHQ,,train,0,Real,train_v3_additions/real/cf_train_v3_pixdiff_matched_real_d84e124aa10dcca5_0043179.png.png,complete
cf_train_v3_pixdiff_matched_real_d8f6578c7ca360ca,pixdiff_matched_real,data/HFCF_small_160.parquet,0,677,0032811.png,PNG,LandscapesHQ,,train,0,Real,train_v3_additions/real/cf_train_v3_pixdiff_matched_real_d8f6578c7ca360ca_0032811.png.png,complete
cf_train_v3_pixdiff_matched_real_d93150fcc94c4da0,pixdiff_matched_real,data/HFCF_small_160.parquet,0,1226,0069543.png,PNG,LandscapesHQ,,train,0,Real,train_v3_additions/real/cf_train_v3_pixdiff_matched_real_d93150fcc94c4da0_0069543.png.png,complete
cf_train_v3_pixdiff_matched_real_d973af9858d19024,pixdiff_matched_real,data/HFCF_small_160.parquet,0,2070,0056764.png,PNG,LandscapesHQ,,train,0,Real,train_v3_additions/real/cf_train_v3_pixdiff_matched_real_d973af9858d19024_0056764.png.png,complete
cf_train_v3_pixdiff_matched_real_d9d4039a0ef1a34b,pixdiff_matched_real,data/HFCF_small_160.parquet,0,130,0043183.png,PNG,LandscapesHQ,,train,0,Real,train_v3_additions/real/cf_train_v3_pixdiff_matched_real_d9d4039a0ef1a34b_0043183.png.png,complete
cf_train_v3_pixdiff_matched_real_d9f2e50417c6bd96,pixdiff_matched_real,data/HFCF_small_160.parquet,0,783,0038318.png,PNG,LandscapesHQ,,train,0,Real,train_v3_additions/real/cf_train_v3_pixdiff_matched_real_d9f2e50417c6bd96_0038318.png.png,complete
cf_train_v3_pixdiff_matched_real_d9f72d5bd4b96b65,pixdiff_matched_real,data/HFCF_small_160.parquet,0,2904,0015249.png,PNG,LandscapesHQ,,train,0,Real,train_v3_additions/real/cf_train_v3_pixdiff_matched_real_d9f72d5bd4b96b65_0015249.png.png,complete
cf_train_v3_pixdiff_matched_real_da140a19c2997a53,pixdiff_matched_real,data/HFCF_small_160.parquet,0,1901,0083159.png,PNG,LandscapesHQ,,train,0,Real,train_v3_additions/real/cf_train_v3_pixdiff_matched_real_da140a19c2997a53_0083159.png.png,complete
cf_train_v3_pixdiff_matched_real_da606edd160247f9,pixdiff_matched_real,data/HFCF_small_160.parquet,0,511,0050717.png,PNG,LandscapesHQ,,train,0,Real,train_v3_additions/real/cf_train_v3_pixdiff_matched_real_da606edd160247f9_0050717.png.png,complete
cf_train_v3_pixdiff_matched_real_da7911031399e954,pixdiff_matched_real,data/HFCF_small_160.parquet,0,1049,0039764.png,PNG,LandscapesHQ,,train,0,Real,train_v3_additions/real/cf_train_v3_pixdiff_matched_real_da7911031399e954_0039764.png.png,complete
cf_train_v3_pixdiff_matched_real_daf4083f022675a5,pixdiff_matched_real,data/HFCF_small_160.parquet,0,85,0082654.png,PNG,LandscapesHQ,,train,0,Real,train_v3_additions/real/cf_train_v3_pixdiff_matched_real_daf4083f022675a5_0082654.png.png,complete
cf_train_v3_pixdiff_matched_real_db03fe4799d567cf,pixdiff_matched_real,data/HFCF_small_160.parquet,0,2201,0054364.png,PNG,LandscapesHQ,,train,0,Real,train_v3_additions/real/cf_train_v3_pixdiff_matched_real_db03fe4799d567cf_0054364.png.png,complete
cf_train_v3_pixdiff_matched_real_db3fe2200448f53b,pixdiff_matched_real,data/HFCF_small_160.parquet,0,1724,0036042.png,PNG,LandscapesHQ,,train,0,Real,train_v3_additions/real/cf_train_v3_pixdiff_matched_real_db3fe2200448f53b_0036042.png.png,complete
cf_train_v3_pixdiff_matched_real_db6f64089791bfec,pixdiff_matched_real,data/HFCF_small_160.parquet,0,1773,0066538.png,PNG,LandscapesHQ,,train,0,Real,train_v3_additions/real/cf_train_v3_pixdiff_matched_real_db6f64089791bfec_0066538.png.png,complete
cf_train_v3_pixdiff_matched_real_dc0b451d3efc002c,pixdiff_matched_real,data/HFCF_small_160.parquet,0,1345,0029402.png,PNG,LandscapesHQ,,train,0,Real,train_v3_additions/real/cf_train_v3_pixdiff_matched_real_dc0b451d3efc002c_0029402.png.png,complete
cf_train_v3_pixdiff_matched_real_dc2be317130f7f4a,pixdiff_matched_real,data/HFCF_small_160.parquet,0,20,0062774.png,PNG,LandscapesHQ,,train,0,Real,train_v3_additions/real/cf_train_v3_pixdiff_matched_real_dc2be317130f7f4a_0062774.png.png,complete
cf_train_v3_pixdiff_matched_real_dc5fa67d52702d0f,pixdiff_matched_real,data/HFCF_small_160.parquet,0,555,0014351.png,PNG,LandscapesHQ,,train,0,Real,train_v3_additions/real/cf_train_v3_pixdiff_matched_real_dc5fa67d52702d0f_0014351.png.png,complete
cf_train_v3_pixdiff_matched_real_dd948f61bca5c7db,pixdiff_matched_real,data/HFCF_small_160.parquet,0,2660,0052934.png,PNG,LandscapesHQ,,train,0,Real,train_v3_additions/real/cf_train_v3_pixdiff_matched_real_dd948f61bca5c7db_0052934.png.png,complete
cf_train_v3_pixdiff_matched_real_ddae87b8d76b0266,pixdiff_matched_real,data/HFCF_small_160.parquet,0,91,0041948.png,PNG,LandscapesHQ,,train,0,Real,train_v3_additions/real/cf_train_v3_pixdiff_matched_real_ddae87b8d76b0266_0041948.png.png,complete
cf_train_v3_pixdiff_matched_real_ddde3f034fcc8040,pixdiff_matched_real,data/HFCF_small_160.parquet,0,1784,0054827.png,PNG,LandscapesHQ,,train,0,Real,train_v3_additions/real/cf_train_v3_pixdiff_matched_real_ddde3f034fcc8040_0054827.png.png,complete
cf_train_v3_pixdiff_matched_real_ddef0ee3f9b4c106,pixdiff_matched_real,data/HFCF_small_160.parquet,0,1174,0051791.png,PNG,LandscapesHQ,,train,0,Real,train_v3_additions/real/cf_train_v3_pixdiff_matched_real_ddef0ee3f9b4c106_0051791.png.png,complete
cf_train_v3_pixdiff_matched_real_ddf85f44de2e1838,pixdiff_matched_real,data/HFCF_small_160.parquet,0,2988,0071135.png,PNG,LandscapesHQ,,train,0,Real,train_v3_additions/real/cf_train_v3_pixdiff_matched_real_ddf85f44de2e1838_0071135.png.png,complete
cf_train_v3_pixdiff_matched_real_ddfc9fe71de5611b,pixdiff_matched_real,data/HFCF_small_160.parquet,0,2920,0038253.png,PNG,LandscapesHQ,,train,0,Real,train_v3_additions/real/cf_train_v3_pixdiff_matched_real_ddfc9fe71de5611b_0038253.png.png,complete
cf_train_v3_pixdiff_matched_real_de1dda547f07bc1c,pixdiff_matched_real,data/HFCF_small_160.parquet,0,2448,0069752.png,PNG,LandscapesHQ,,train,0,Real,train_v3_additions/real/cf_train_v3_pixdiff_matched_real_de1dda547f07bc1c_0069752.png.png,complete
cf_train_v3_pixdiff_matched_real_de20cf1424777c83,pixdiff_matched_real,data/HFCF_small_160.parquet,0,2772,0057872.png,PNG,LandscapesHQ,,train,0,Real,train_v3_additions/real/cf_train_v3_pixdiff_matched_real_de20cf1424777c83_0057872.png.png,complete
cf_train_v3_pixdiff_matched_real_de9dfebfba8611f1,pixdiff_matched_real,data/HFCF_small_160.parquet,0,154,0057642.png,PNG,LandscapesHQ,,train,0,Real,train_v3_additions/real/cf_train_v3_pixdiff_matched_real_de9dfebfba8611f1_0057642.png.png,complete
cf_train_v3_pixdiff_matched_real_deca009f1bbe8c61,pixdiff_matched_real,data/HFCF_small_160.parquet,0,2391,0013826.png,PNG,LandscapesHQ,,train,0,Real,train_v3_additions/real/cf_train_v3_pixdiff_matched_real_deca009f1bbe8c61_0013826.png.png,complete
cf_train_v3_pixdiff_matched_real_deeab79c4725628e,pixdiff_matched_real,data/HFCF_small_160.parquet,0,2982,0075782.png,PNG,LandscapesHQ,,train,0,Real,train_v3_additions/real/cf_train_v3_pixdiff_matched_real_deeab79c4725628e_0075782.png.png,complete
cf_train_v3_pixdiff_matched_real_df454a20a5f80d51,pixdiff_matched_real,data/HFCF_small_160.parquet,0,1213,0087842.png,PNG,LandscapesHQ,,train,0,Real,train_v3_additions/real/cf_train_v3_pixdiff_matched_real_df454a20a5f80d51_0087842.png.png,complete
cf_train_v3_pixdiff_matched_real_df809e9c9a5d1394,pixdiff_matched_real,data/HFCF_small_160.parquet,0,2528,0062764.png,PNG,LandscapesHQ,,train,0,Real,train_v3_additions/real/cf_train_v3_pixdiff_matched_real_df809e9c9a5d1394_0062764.png.png,complete
cf_train_v3_pixdiff_matched_real_dfb11e4437cdd0a8,pixdiff_matched_real,data/HFCF_small_160.parquet,0,2832,0080291.png,PNG,LandscapesHQ,,train,0,Real,train_v3_additions/real/cf_train_v3_pixdiff_matched_real_dfb11e4437cdd0a8_0080291.png.png,complete
cf_train_v3_pixdiff_matched_real_dfb2c1963546d808,pixdiff_matched_real,data/HFCF_small_160.parquet,0,1072,0082492.png,PNG,LandscapesHQ,,train,0,Real,train_v3_additions/real/cf_train_v3_pixdiff_matched_real_dfb2c1963546d808_0082492.png.png,complete
cf_train_v3_pixdiff_matched_real_dfe1ef77e4b2d0a2,pixdiff_matched_real,data/HFCF_small_160.parquet,0,2929,0051140.png,PNG,LandscapesHQ,,train,0,Real,train_v3_additions/real/cf_train_v3_pixdiff_matched_real_dfe1ef77e4b2d0a2_0051140.png.png,complete
cf_train_v3_pixdiff_matched_real_dfe807ce022c67d2,pixdiff_matched_real,data/HFCF_small_160.parquet,0,2808,0063686.png,PNG,LandscapesHQ,,train,0,Real,train_v3_additions/real/cf_train_v3_pixdiff_matched_real_dfe807ce022c67d2_0063686.png.png,complete
cf_train_v3_pixdiff_matched_real_dff2ebacbbc20ed0,pixdiff_matched_real,data/HFCF_small_160.parquet,0,1545,0053036.png,PNG,LandscapesHQ,,train,0,Real,train_v3_additions/real/cf_train_v3_pixdiff_matched_real_dff2ebacbbc20ed0_0053036.png.png,complete
cf_train_v3_pixdiff_matched_real_e0405e2cdad482b9,pixdiff_matched_real,data/HFCF_small_160.parquet,0,1224,0069418.png,PNG,LandscapesHQ,,train,0,Real,train_v3_additions/real/cf_train_v3_pixdiff_matched_real_e0405e2cdad482b9_0069418.png.png,complete
cf_train_v3_pixdiff_matched_real_e059d61649f43330,pixdiff_matched_real,data/HFCF_small_160.parquet,0,459,0081360.png,PNG,LandscapesHQ,,train,0,Real,train_v3_additions/real/cf_train_v3_pixdiff_matched_real_e059d61649f43330_0081360.png.png,complete
cf_train_v3_pixdiff_matched_real_e0b335458149ee5f,pixdiff_matched_real,data/HFCF_small_160.parquet,0,957,0032350.png,PNG,LandscapesHQ,,train,0,Real,train_v3_additions/real/cf_train_v3_pixdiff_matched_real_e0b335458149ee5f_0032350.png.png,complete
cf_train_v3_pixdiff_matched_real_e0e78a623dd016bd,pixdiff_matched_real,data/HFCF_small_160.parquet,0,669,0075035.png,PNG,LandscapesHQ,,train,0,Real,train_v3_additions/real/cf_train_v3_pixdiff_matched_real_e0e78a623dd016bd_0075035.png.png,complete
cf_train_v3_pixdiff_matched_real_e12d87a4d7a97a82,pixdiff_matched_real,data/HFCF_small_160.parquet,0,1780,0027175.png,PNG,LandscapesHQ,,train,0,Real,train_v3_additions/real/cf_train_v3_pixdiff_matched_real_e12d87a4d7a97a82_0027175.png.png,complete
cf_train_v3_pixdiff_matched_real_e14d0f3dcbf8a9e5,pixdiff_matched_real,data/HFCF_small_160.parquet,0,1589,0034251.png,PNG,LandscapesHQ,,train,0,Real,train_v3_additions/real/cf_train_v3_pixdiff_matched_real_e14d0f3dcbf8a9e5_0034251.png.png,complete
cf_train_v3_pixdiff_matched_real_e20b28139b2613c9,pixdiff_matched_real,data/HFCF_small_160.parquet,0,176,0042298.png,PNG,LandscapesHQ,,train,0,Real,train_v3_additions/real/cf_train_v3_pixdiff_matched_real_e20b28139b2613c9_0042298.png.png,complete
cf_train_v3_pixdiff_matched_real_e225590caa42e3e3,pixdiff_matched_real,data/HFCF_small_160.parquet,0,1316,0043976.png,PNG,LandscapesHQ,,train,0,Real,train_v3_additions/real/cf_train_v3_pixdiff_matched_real_e225590caa42e3e3_0043976.png.png,complete
cf_train_v3_pixdiff_matched_real_e2294086076d1bbd,pixdiff_matched_real,data/HFCF_small_160.parquet,0,2817,0069346.png,PNG,LandscapesHQ,,train,0,Real,train_v3_additions/real/cf_train_v3_pixdiff_matched_real_e2294086076d1bbd_0069346.png.png,complete
cf_train_v3_pixdiff_matched_real_e27c11fa4c99ac20,pixdiff_matched_real,data/HFCF_small_160.parquet,0,1359,0068077.png,PNG,LandscapesHQ,,train,0,Real,train_v3_additions/real/cf_train_v3_pixdiff_matched_real_e27c11fa4c99ac20_0068077.png.png,complete
cf_train_v3_pixdiff_matched_real_e28a765177560e54,pixdiff_matched_real,data/HFCF_small_160.parquet,0,2205,0003610.png,PNG,LandscapesHQ,,train,0,Real,train_v3_additions/real/cf_train_v3_pixdiff_matched_real_e28a765177560e54_0003610.png.png,complete
cf_train_v3_pixdiff_matched_real_e2b0673b8fdc35d9,pixdiff_matched_real,data/HFCF_small_160.parquet,0,1954,0070952.png,PNG,LandscapesHQ,,train,0,Real,train_v3_additions/real/cf_train_v3_pixdiff_matched_real_e2b0673b8fdc35d9_0070952.png.png,complete
cf_train_v3_pixdiff_matched_real_e392ec50b55f54ae,pixdiff_matched_real,data/HFCF_small_160.parquet,0,997,0066924.png,PNG,LandscapesHQ,,train,0,Real,train_v3_additions/real/cf_train_v3_pixdiff_matched_real_e392ec50b55f54ae_0066924.png.png,complete
cf_train_v3_pixdiff_matched_real_e39eb15600f29098,pixdiff_matched_real,data/HFCF_small_160.parquet,0,2305,0031465.png,PNG,LandscapesHQ,,train,0,Real,train_v3_additions/real/cf_train_v3_pixdiff_matched_real_e39eb15600f29098_0031465.png.png,complete
cf_train_v3_pixdiff_matched_real_e3e20e3a38540cd5,pixdiff_matched_real,data/HFCF_small_160.parquet,0,2342,0063131.png,PNG,LandscapesHQ,,train,0,Real,train_v3_additions/real/cf_train_v3_pixdiff_matched_real_e3e20e3a38540cd5_0063131.png.png,complete
cf_train_v3_pixdiff_matched_real_e3ed6bb0131c13ce,pixdiff_matched_real,data/HFCF_small_160.parquet,0,709,0075145.png,PNG,LandscapesHQ,,train,0,Real,train_v3_additions/real/cf_train_v3_pixdiff_matched_real_e3ed6bb0131c13ce_0075145.png.png,complete
cf_train_v3_pixdiff_matched_real_e45e678174246c0e,pixdiff_matched_real,data/HFCF_small_160.parquet,0,2862,0012508.png,PNG,LandscapesHQ,,train,0,Real,train_v3_additions/real/cf_train_v3_pixdiff_matched_real_e45e678174246c0e_0012508.png.png,complete
cf_train_v3_pixdiff_matched_real_e55861990101d6a4,pixdiff_matched_real,data/HFCF_small_160.parquet,0,1308,0023464.png,PNG,LandscapesHQ,,train,0,Real,train_v3_additions/real/cf_train_v3_pixdiff_matched_real_e55861990101d6a4_0023464.png.png,complete
cf_train_v3_pixdiff_matched_real_e5a4526374ce64bd,pixdiff_matched_real,data/HFCF_small_160.parquet,0,2277,0077593.png,PNG,LandscapesHQ,,train,0,Real,train_v3_additions/real/cf_train_v3_pixdiff_matched_real_e5a4526374ce64bd_0077593.png.png,complete
cf_train_v3_pixdiff_matched_real_e5a5530d7840c38f,pixdiff_matched_real,data/HFCF_small_160.parquet,0,422,0024679.png,PNG,LandscapesHQ,,train,0,Real,train_v3_additions/real/cf_train_v3_pixdiff_matched_real_e5a5530d7840c38f_0024679.png.png,complete
cf_train_v3_pixdiff_matched_real_e5edbdec1bcdc862,pixdiff_matched_real,data/HFCF_small_160.parquet,0,1356,0009843.png,PNG,LandscapesHQ,,train,0,Real,train_v3_additions/real/cf_train_v3_pixdiff_matched_real_e5edbdec1bcdc862_0009843.png.png,complete
cf_train_v3_pixdiff_matched_real_e622c2aa8fa41cc8,pixdiff_matched_real,data/HFCF_small_160.parquet,0,1850,0029428.png,PNG,LandscapesHQ,,train,0,Real,train_v3_additions/real/cf_train_v3_pixdiff_matched_real_e622c2aa8fa41cc8_0029428.png.png,complete
cf_train_v3_pixdiff_matched_real_e7262e2d9fa77427,pixdiff_matched_real,data/HFCF_small_160.parquet,0,330,0080686.png,PNG,LandscapesHQ,,train,0,Real,train_v3_additions/real/cf_train_v3_pixdiff_matched_real_e7262e2d9fa77427_0080686.png.png,complete
cf_train_v3_pixdiff_matched_real_e7771a150b989024,pixdiff_matched_real,data/HFCF_small_160.parquet,0,847,0009060.png,PNG,LandscapesHQ,,train,0,Real,train_v3_additions/real/cf_train_v3_pixdiff_matched_real_e7771a150b989024_0009060.png.png,complete
cf_train_v3_pixdiff_matched_real_e7794348dcdefaf1,pixdiff_matched_real,data/HFCF_small_160.parquet,0,219,0007464.png,PNG,LandscapesHQ,,train,0,Real,train_v3_additions/real/cf_train_v3_pixdiff_matched_real_e7794348dcdefaf1_0007464.png.png,complete
cf_train_v3_pixdiff_matched_real_e7872d05bdea13b9,pixdiff_matched_real,data/HFCF_small_160.parquet,0,231,0048567.png,PNG,LandscapesHQ,,train,0,Real,train_v3_additions/real/cf_train_v3_pixdiff_matched_real_e7872d05bdea13b9_0048567.png.png,complete
cf_train_v3_pixdiff_matched_real_e7f4c1dc4ce6eb9c,pixdiff_matched_real,data/HFCF_small_160.parquet,0,886,0005895.png,PNG,LandscapesHQ,,train,0,Real,train_v3_additions/real/cf_train_v3_pixdiff_matched_real_e7f4c1dc4ce6eb9c_0005895.png.png,complete
cf_train_v3_pixdiff_matched_real_e85a17fd95dc5cc4,pixdiff_matched_real,data/HFCF_small_160.parquet,0,1994,0060617.png,PNG,LandscapesHQ,,train,0,Real,train_v3_additions/real/cf_train_v3_pixdiff_matched_real_e85a17fd95dc5cc4_0060617.png.png,complete
cf_train_v3_pixdiff_matched_real_e8ac89cfdbba809f,pixdiff_matched_real,data/HFCF_small_160.parquet,0,1096,0073108.png,PNG,LandscapesHQ,,train,0,Real,train_v3_additions/real/cf_train_v3_pixdiff_matched_real_e8ac89cfdbba809f_0073108.png.png,complete
cf_train_v3_pixdiff_matched_real_e8bdff7d451b63ad,pixdiff_matched_real,data/HFCF_small_160.parquet,0,2948,0066263.png,PNG,LandscapesHQ,,train,0,Real,train_v3_additions/real/cf_train_v3_pixdiff_matched_real_e8bdff7d451b63ad_0066263.png.png,complete
cf_train_v3_pixdiff_matched_real_e8e7abb0dc204eaa,pixdiff_matched_real,data/HFCF_small_160.parquet,0,161,0014353.png,PNG,LandscapesHQ,,train,0,Real,train_v3_additions/real/cf_train_v3_pixdiff_matched_real_e8e7abb0dc204eaa_0014353.png.png,complete
cf_train_v3_pixdiff_matched_real_e918b715229dbe82,pixdiff_matched_real,data/HFCF_small_160.parquet,0,1573,0019699.png,PNG,LandscapesHQ,,train,0,Real,train_v3_additions/real/cf_train_v3_pixdiff_matched_real_e918b715229dbe82_0019699.png.png,complete
cf_train_v3_pixdiff_matched_real_e919930aa26dfe70,pixdiff_matched_real,data/HFCF_small_160.parquet,0,541,0026524.png,PNG,LandscapesHQ,,train,0,Real,train_v3_additions/real/cf_train_v3_pixdiff_matched_real_e919930aa26dfe70_0026524.png.png,complete
cf_train_v3_pixdiff_matched_real_e9248f82d2b7a6f9,pixdiff_matched_real,data/HFCF_small_160.parquet,0,2465,0081827.png,PNG,LandscapesHQ,,train,0,Real,train_v3_additions/real/cf_train_v3_pixdiff_matched_real_e9248f82d2b7a6f9_0081827.png.png,complete
cf_train_v3_pixdiff_matched_real_e96f01c4a123be0a,pixdiff_matched_real,data/HFCF_small_160.parquet,0,188,0087677.png,PNG,LandscapesHQ,,train,0,Real,train_v3_additions/real/cf_train_v3_pixdiff_matched_real_e96f01c4a123be0a_0087677.png.png,complete
cf_train_v3_pixdiff_matched_real_e986e4ceeb703f5c,pixdiff_matched_real,data/HFCF_small_160.parquet,0,2208,0050274.png,PNG,LandscapesHQ,,train,0,Real,train_v3_additions/real/cf_train_v3_pixdiff_matched_real_e986e4ceeb703f5c_0050274.png.png,complete
cf_train_v3_pixdiff_matched_real_e9c144595dfd215c,pixdiff_matched_real,data/HFCF_small_160.parquet,0,2459,0040855.png,PNG,LandscapesHQ,,train,0,Real,train_v3_additions/real/cf_train_v3_pixdiff_matched_real_e9c144595dfd215c_0040855.png.png,complete
cf_train_v3_pixdiff_matched_real_e9d748765ecf4638,pixdiff_matched_real,data/HFCF_small_160.parquet,0,1319,0035601.png,PNG,LandscapesHQ,,train,0,Real,train_v3_additions/real/cf_train_v3_pixdiff_matched_real_e9d748765ecf4638_0035601.png.png,complete
cf_train_v3_pixdiff_matched_real_ea2b96963ed5daeb,pixdiff_matched_real,data/HFCF_small_160.parquet,0,2646,0067419.png,PNG,LandscapesHQ,,train,0,Real,train_v3_additions/real/cf_train_v3_pixdiff_matched_real_ea2b96963ed5daeb_0067419.png.png,complete
cf_train_v3_pixdiff_matched_real_ea37c47f919d319e,pixdiff_matched_real,data/HFCF_small_160.parquet,0,1347,0013572.png,PNG,LandscapesHQ,,train,0,Real,train_v3_additions/real/cf_train_v3_pixdiff_matched_real_ea37c47f919d319e_0013572.png.png,complete
cf_train_v3_pixdiff_matched_real_ea99cfa51b56aed4,pixdiff_matched_real,data/HFCF_small_160.parquet,0,2695,0084624.png,PNG,LandscapesHQ,,train,0,Real,train_v3_additions/real/cf_train_v3_pixdiff_matched_real_ea99cfa51b56aed4_0084624.png.png,complete
cf_train_v3_pixdiff_matched_real_eaa6a4f4ccf18e19,pixdiff_matched_real,data/HFCF_small_160.parquet,0,1882,0043425.png,PNG,LandscapesHQ,,train,0,Real,train_v3_additions/real/cf_train_v3_pixdiff_matched_real_eaa6a4f4ccf18e19_0043425.png.png,complete
cf_train_v3_pixdiff_matched_real_eafa42d7abfac7c4,pixdiff_matched_real,data/HFCF_small_160.parquet,0,418,0044798.png,PNG,LandscapesHQ,,train,0,Real,train_v3_additions/real/cf_train_v3_pixdiff_matched_real_eafa42d7abfac7c4_0044798.png.png,complete
cf_train_v3_pixdiff_matched_real_eb3e4a05c5f18ea0,pixdiff_matched_real,data/HFCF_small_160.parquet,0,1862,0069742.png,PNG,LandscapesHQ,,train,0,Real,train_v3_additions/real/cf_train_v3_pixdiff_matched_real_eb3e4a05c5f18ea0_0069742.png.png,complete
cf_train_v3_pixdiff_matched_real_eba02b5defd1d115,pixdiff_matched_real,data/HFCF_small_160.parquet,0,2844,0089261.png,PNG,LandscapesHQ,,train,0,Real,train_v3_additions/real/cf_train_v3_pixdiff_matched_real_eba02b5defd1d115_0089261.png.png,complete
cf_train_v3_pixdiff_matched_real_ebdee4c787085c00,pixdiff_matched_real,data/HFCF_small_160.parquet,0,2111,0057247.png,PNG,LandscapesHQ,,train,0,Real,train_v3_additions/real/cf_train_v3_pixdiff_matched_real_ebdee4c787085c00_0057247.png.png,complete
cf_train_v3_pixdiff_matched_real_ec02fbb8bf82cb14,pixdiff_matched_real,data/HFCF_small_160.parquet,0,1731,0086999.png,PNG,LandscapesHQ,,train,0,Real,train_v3_additions/real/cf_train_v3_pixdiff_matched_real_ec02fbb8bf82cb14_0086999.png.png,complete
cf_train_v3_pixdiff_matched_real_ec0984ab4fdc2a2a,pixdiff_matched_real,data/HFCF_small_160.parquet,0,2650,0083808.png,PNG,LandscapesHQ,,train,0,Real,train_v3_additions/real/cf_train_v3_pixdiff_matched_real_ec0984ab4fdc2a2a_0083808.png.png,complete
cf_train_v3_pixdiff_matched_real_ecc8bbcce59e9a4f,pixdiff_matched_real,data/HFCF_small_160.parquet,0,1847,0023306.png,PNG,LandscapesHQ,,train,0,Real,train_v3_additions/real/cf_train_v3_pixdiff_matched_real_ecc8bbcce59e9a4f_0023306.png.png,complete
cf_train_v3_pixdiff_matched_real_ecd719eb9af82e2e,pixdiff_matched_real,data/HFCF_small_160.parquet,0,210,0068301.png,PNG,LandscapesHQ,,train,0,Real,train_v3_additions/real/cf_train_v3_pixdiff_matched_real_ecd719eb9af82e2e_0068301.png.png,complete
cf_train_v3_pixdiff_matched_real_ed2933e8e422b827,pixdiff_matched_real,data/HFCF_small_160.parquet,0,1400,0074312.png,PNG,LandscapesHQ,,train,0,Real,train_v3_additions/real/cf_train_v3_pixdiff_matched_real_ed2933e8e422b827_0074312.png.png,complete
cf_train_v3_pixdiff_matched_real_ed567143f0b9bc86,pixdiff_matched_real,data/HFCF_small_160.parquet,0,1732,0010254.png,PNG,LandscapesHQ,,train,0,Real,train_v3_additions/real/cf_train_v3_pixdiff_matched_real_ed567143f0b9bc86_0010254.png.png,complete
cf_train_v3_pixdiff_matched_real_eda5d12ac82d78ee,pixdiff_matched_real,data/HFCF_small_160.parquet,0,2848,0029986.png,PNG,LandscapesHQ,,train,0,Real,train_v3_additions/real/cf_train_v3_pixdiff_matched_real_eda5d12ac82d78ee_0029986.png.png,complete
cf_train_v3_pixdiff_matched_real_edfdb1f37f75897e,pixdiff_matched_real,data/HFCF_small_160.parquet,0,2855,0023659.png,PNG,LandscapesHQ,,train,0,Real,train_v3_additions/real/cf_train_v3_pixdiff_matched_real_edfdb1f37f75897e_0023659.png.png,complete
cf_train_v3_pixdiff_matched_real_ee6fc7ca8b6b3f07,pixdiff_matched_real,data/HFCF_small_160.parquet,0,18,0002243.png,PNG,LandscapesHQ,,train,0,Real,train_v3_additions/real/cf_train_v3_pixdiff_matched_real_ee6fc7ca8b6b3f07_0002243.png.png,complete
cf_train_v3_pixdiff_matched_real_eea3ded8fec961b7,pixdiff_matched_real,data/HFCF_small_160.parquet,0,2053,0006235.png,PNG,LandscapesHQ,,train,0,Real,train_v3_additions/real/cf_train_v3_pixdiff_matched_real_eea3ded8fec961b7_0006235.png.png,complete
cf_train_v3_pixdiff_matched_real_eebe7151a3af59b2,pixdiff_matched_real,data/HFCF_small_160.parquet,0,2221,0082647.png,PNG,LandscapesHQ,,train,0,Real,train_v3_additions/real/cf_train_v3_pixdiff_matched_real_eebe7151a3af59b2_0082647.png.png,complete
cf_train_v3_pixdiff_matched_real_eef59199941d971b,pixdiff_matched_real,data/HFCF_small_160.parquet,0,1987,0075590.png,PNG,LandscapesHQ,,train,0,Real,train_v3_additions/real/cf_train_v3_pixdiff_matched_real_eef59199941d971b_0075590.png.png,complete
cf_train_v3_pixdiff_matched_real_ef398f01768e1887,pixdiff_matched_real,data/HFCF_small_160.parquet,0,1935,0063047.png,PNG,LandscapesHQ,,train,0,Real,train_v3_additions/real/cf_train_v3_pixdiff_matched_real_ef398f01768e1887_0063047.png.png,complete
cf_train_v3_pixdiff_matched_real_ef446d379707c062,pixdiff_matched_real,data/HFCF_small_160.parquet,0,760,0003986.png,PNG,LandscapesHQ,,train,0,Real,train_v3_additions/real/cf_train_v3_pixdiff_matched_real_ef446d379707c062_0003986.png.png,complete
cf_train_v3_pixdiff_matched_real_ef7f0c67dcbb47d0,pixdiff_matched_real,data/HFCF_small_160.parquet,0,787,0049901.png,PNG,LandscapesHQ,,train,0,Real,train_v3_additions/real/cf_train_v3_pixdiff_matched_real_ef7f0c67dcbb47d0_0049901.png.png,complete
cf_train_v3_pixdiff_matched_real_ef9c9ad9c03d4870,pixdiff_matched_real,data/HFCF_small_160.parquet,0,1198,0004812.png,PNG,LandscapesHQ,,train,0,Real,train_v3_additions/real/cf_train_v3_pixdiff_matched_real_ef9c9ad9c03d4870_0004812.png.png,complete
cf_train_v3_pixdiff_matched_real_efa357d0d0a8b5c3,pixdiff_matched_real,data/HFCF_small_160.parquet,0,2823,0072439.png,PNG,LandscapesHQ,,train,0,Real,train_v3_additions/real/cf_train_v3_pixdiff_matched_real_efa357d0d0a8b5c3_0072439.png.png,complete
cf_train_v3_pixdiff_matched_real_efce8780b47b4be3,pixdiff_matched_real,data/HFCF_small_160.parquet,0,932,0070400.png,PNG,LandscapesHQ,,train,0,Real,train_v3_additions/real/cf_train_v3_pixdiff_matched_real_efce8780b47b4be3_0070400.png.png,complete
cf_train_v3_pixdiff_matched_real_f000f53e75fd4c10,pixdiff_matched_real,data/HFCF_small_160.parquet,0,1917,0086795.png,PNG,LandscapesHQ,,train,0,Real,train_v3_additions/real/cf_train_v3_pixdiff_matched_real_f000f53e75fd4c10_0086795.png.png,complete
cf_train_v3_pixdiff_matched_real_f02a6329a19e1f61,pixdiff_matched_real,data/HFCF_small_160.parquet,0,1189,0050936.png,PNG,LandscapesHQ,,train,0,Real,train_v3_additions/real/cf_train_v3_pixdiff_matched_real_f02a6329a19e1f61_0050936.png.png,complete
cf_train_v3_pixdiff_matched_real_f048d53b7db0690b,pixdiff_matched_real,data/HFCF_small_160.parquet,0,2238,0008780.png,PNG,LandscapesHQ,,train,0,Real,train_v3_additions/real/cf_train_v3_pixdiff_matched_real_f048d53b7db0690b_0008780.png.png,complete
cf_train_v3_pixdiff_matched_real_f05f09ff55b84876,pixdiff_matched_real,data/HFCF_small_160.parquet,0,551,0042270.png,PNG,LandscapesHQ,,train,0,Real,train_v3_additions/real/cf_train_v3_pixdiff_matched_real_f05f09ff55b84876_0042270.png.png,complete
cf_train_v3_pixdiff_matched_real_f0d6e45706246563,pixdiff_matched_real,data/HFCF_small_160.parquet,0,2704,0031270.png,PNG,LandscapesHQ,,train,0,Real,train_v3_additions/real/cf_train_v3_pixdiff_matched_real_f0d6e45706246563_0031270.png.png,complete
cf_train_v3_pixdiff_matched_real_f0f8bcc1fc5e76c9,pixdiff_matched_real,data/HFCF_small_160.parquet,0,1878,0077030.png,PNG,LandscapesHQ,,train,0,Real,train_v3_additions/real/cf_train_v3_pixdiff_matched_real_f0f8bcc1fc5e76c9_0077030.png.png,complete
cf_train_v3_pixdiff_matched_real_f2334fab57b6b557,pixdiff_matched_real,data/HFCF_small_160.parquet,0,2132,0062819.png,PNG,LandscapesHQ,,train,0,Real,train_v3_additions/real/cf_train_v3_pixdiff_matched_real_f2334fab57b6b557_0062819.png.png,complete
cf_train_v3_pixdiff_matched_real_f27fe0c6bba4f370,pixdiff_matched_real,data/HFCF_small_160.parquet,0,2387,0001372.png,PNG,LandscapesHQ,,train,0,Real,train_v3_additions/real/cf_train_v3_pixdiff_matched_real_f27fe0c6bba4f370_0001372.png.png,complete
cf_train_v3_pixdiff_matched_real_f3af8b38d4131dce,pixdiff_matched_real,data/HFCF_small_160.parquet,0,184,0043032.png,PNG,LandscapesHQ,,train,0,Real,train_v3_additions/real/cf_train_v3_pixdiff_matched_real_f3af8b38d4131dce_0043032.png.png,complete
cf_train_v3_pixdiff_matched_real_f3fae5ce2464d263,pixdiff_matched_real,data/HFCF_small_160.parquet,0,2717,0082877.png,PNG,LandscapesHQ,,train,0,Real,train_v3_additions/real/cf_train_v3_pixdiff_matched_real_f3fae5ce2464d263_0082877.png.png,complete
cf_train_v3_pixdiff_matched_real_f426a61d72e17c4b,pixdiff_matched_real,data/HFCF_small_160.parquet,0,284,0036257.png,PNG,LandscapesHQ,,train,0,Real,train_v3_additions/real/cf_train_v3_pixdiff_matched_real_f426a61d72e17c4b_0036257.png.png,complete
cf_train_v3_pixdiff_matched_real_f48635720d5fe70b,pixdiff_matched_real,data/HFCF_small_160.parquet,0,2596,0043585.png,PNG,LandscapesHQ,,train,0,Real,train_v3_additions/real/cf_train_v3_pixdiff_matched_real_f48635720d5fe70b_0043585.png.png,complete
cf_train_v3_pixdiff_matched_real_f4aa910c61eca9cd,pixdiff_matched_real,data/HFCF_small_160.parquet,0,2318,0070202.png,PNG,LandscapesHQ,,train,0,Real,train_v3_additions/real/cf_train_v3_pixdiff_matched_real_f4aa910c61eca9cd_0070202.png.png,complete
cf_train_v3_pixdiff_matched_real_f4c7594d3cf6aa91,pixdiff_matched_real,data/HFCF_small_160.parquet,0,1540,0004347.png,PNG,LandscapesHQ,,train,0,Real,train_v3_additions/real/cf_train_v3_pixdiff_matched_real_f4c7594d3cf6aa91_0004347.png.png,complete
cf_train_v3_pixdiff_matched_real_f50880b5c8a45717,pixdiff_matched_real,data/HFCF_small_160.parquet,0,1760,0050060.png,PNG,LandscapesHQ,,train,0,Real,train_v3_additions/real/cf_train_v3_pixdiff_matched_real_f50880b5c8a45717_0050060.png.png,complete
cf_train_v3_pixdiff_matched_real_f5305cef57ba237c,pixdiff_matched_real,data/HFCF_small_160.parquet,0,1232,0063478.png,PNG,LandscapesHQ,,train,0,Real,train_v3_additions/real/cf_train_v3_pixdiff_matched_real_f5305cef57ba237c_0063478.png.png,complete
cf_train_v3_pixdiff_matched_real_f5329d5aa703c14a,pixdiff_matched_real,data/HFCF_small_160.parquet,0,2157,0010727.png,PNG,LandscapesHQ,,train,0,Real,train_v3_additions/real/cf_train_v3_pixdiff_matched_real_f5329d5aa703c14a_0010727.png.png,complete
cf_train_v3_pixdiff_matched_real_f54cdf4279fcf838,pixdiff_matched_real,data/HFCF_small_160.parquet,0,2225,0053145.png,PNG,LandscapesHQ,,train,0,Real,train_v3_additions/real/cf_train_v3_pixdiff_matched_real_f54cdf4279fcf838_0053145.png.png,complete
cf_train_v3_pixdiff_matched_real_f55c7002ec5b1306,pixdiff_matched_real,data/HFCF_small_160.parquet,0,950,0051752.png,PNG,LandscapesHQ,,train,0,Real,train_v3_additions/real/cf_train_v3_pixdiff_matched_real_f55c7002ec5b1306_0051752.png.png,complete
cf_train_v3_pixdiff_matched_real_f582c0781a3e5d1b,pixdiff_matched_real,data/HFCF_small_160.parquet,0,1238,0082319.png,PNG,LandscapesHQ,,train,0,Real,train_v3_additions/real/cf_train_v3_pixdiff_matched_real_f582c0781a3e5d1b_0082319.png.png,complete
cf_train_v3_pixdiff_matched_real_f5d6c6518988bda3,pixdiff_matched_real,data/HFCF_small_160.parquet,0,2916,0033463.png,PNG,LandscapesHQ,,train,0,Real,train_v3_additions/real/cf_train_v3_pixdiff_matched_real_f5d6c6518988bda3_0033463.png.png,complete
cf_train_v3_pixdiff_matched_real_f5fbf77d6e6baead,pixdiff_matched_real,data/HFCF_small_160.parquet,0,2592,0065838.png,PNG,LandscapesHQ,,train,0,Real,train_v3_additions/real/cf_train_v3_pixdiff_matched_real_f5fbf77d6e6baead_0065838.png.png,complete
cf_train_v3_pixdiff_matched_real_f6035544d8ab72a9,pixdiff_matched_real,data/HFCF_small_160.parquet,0,436,0050660.png,PNG,LandscapesHQ,,train,0,Real,train_v3_additions/real/cf_train_v3_pixdiff_matched_real_f6035544d8ab72a9_0050660.png.png,complete
cf_train_v3_pixdiff_matched_real_f60a1ea83fcb365d,pixdiff_matched_real,data/HFCF_small_160.parquet,0,1065,0061690.png,PNG,LandscapesHQ,,train,0,Real,train_v3_additions/real/cf_train_v3_pixdiff_matched_real_f60a1ea83fcb365d_0061690.png.png,complete
cf_train_v3_pixdiff_matched_real_f62a63573121f638,pixdiff_matched_real,data/HFCF_small_160.parquet,0,1516,0009305.png,PNG,LandscapesHQ,,train,0,Real,train_v3_additions/real/cf_train_v3_pixdiff_matched_real_f62a63573121f638_0009305.png.png,complete
cf_train_v3_pixdiff_matched_real_f65cdc8508c86234,pixdiff_matched_real,data/HFCF_small_160.parquet,0,1823,0030224.png,PNG,LandscapesHQ,,train,0,Real,train_v3_additions/real/cf_train_v3_pixdiff_matched_real_f65cdc8508c86234_0030224.png.png,complete
cf_train_v3_pixdiff_matched_real_f69d2fecc201da1d,pixdiff_matched_real,data/HFCF_small_160.parquet,0,39,0041342.png,PNG,LandscapesHQ,,train,0,Real,train_v3_additions/real/cf_train_v3_pixdiff_matched_real_f69d2fecc201da1d_0041342.png.png,complete
cf_train_v3_pixdiff_matched_real_f7af6d4f6ac8946f,pixdiff_matched_real,data/HFCF_small_160.parquet,0,769,0082858.png,PNG,LandscapesHQ,,train,0,Real,train_v3_additions/real/cf_train_v3_pixdiff_matched_real_f7af6d4f6ac8946f_0082858.png.png,complete
cf_train_v3_pixdiff_matched_real_f8221540fe36aa3c,pixdiff_matched_real,data/HFCF_small_160.parquet,0,254,0011401.png,PNG,LandscapesHQ,,train,0,Real,train_v3_additions/real/cf_train_v3_pixdiff_matched_real_f8221540fe36aa3c_0011401.png.png,complete
cf_train_v3_pixdiff_matched_real_f92fdd059644687b,pixdiff_matched_real,data/HFCF_small_160.parquet,0,2616,0063079.png,PNG,LandscapesHQ,,train,0,Real,train_v3_additions/real/cf_train_v3_pixdiff_matched_real_f92fdd059644687b_0063079.png.png,complete
cf_train_v3_pixdiff_matched_real_f9af6c5b2fff0ec4,pixdiff_matched_real,data/HFCF_small_160.parquet,0,1405,0053380.png,PNG,LandscapesHQ,,train,0,Real,train_v3_additions/real/cf_train_v3_pixdiff_matched_real_f9af6c5b2fff0ec4_0053380.png.png,complete
cf_train_v3_pixdiff_matched_real_f9b26a139429a069,pixdiff_matched_real,data/HFCF_small_160.parquet,0,1158,0017854.png,PNG,LandscapesHQ,,train,0,Real,train_v3_additions/real/cf_train_v3_pixdiff_matched_real_f9b26a139429a069_0017854.png.png,complete
cf_train_v3_pixdiff_matched_real_f9d12a8384d13168,pixdiff_matched_real,data/HFCF_small_160.parquet,0,371,0025203.png,PNG,LandscapesHQ,,train,0,Real,train_v3_additions/real/cf_train_v3_pixdiff_matched_real_f9d12a8384d13168_0025203.png.png,complete
cf_train_v3_pixdiff_matched_real_fa0d53d9db0bd59b,pixdiff_matched_real,data/HFCF_small_160.parquet,0,1157,0003980.png,PNG,LandscapesHQ,,train,0,Real,train_v3_additions/real/cf_train_v3_pixdiff_matched_real_fa0d53d9db0bd59b_0003980.png.png,complete
cf_train_v3_pixdiff_matched_real_fa5984ed34d9a7c4,pixdiff_matched_real,data/HFCF_small_160.parquet,0,265,0027401.png,PNG,LandscapesHQ,,train,0,Real,train_v3_additions/real/cf_train_v3_pixdiff_matched_real_fa5984ed34d9a7c4_0027401.png.png,complete
cf_train_v3_pixdiff_matched_real_fad4a9a37a5e6bf6,pixdiff_matched_real,data/HFCF_small_160.parquet,0,1842,0039217.png,PNG,LandscapesHQ,,train,0,Real,train_v3_additions/real/cf_train_v3_pixdiff_matched_real_fad4a9a37a5e6bf6_0039217.png.png,complete
cf_train_v3_pixdiff_matched_real_fb17215d8a420ab7,pixdiff_matched_real,data/HFCF_small_160.parquet,0,2230,0028321.png,PNG,LandscapesHQ,,train,0,Real,train_v3_additions/real/cf_train_v3_pixdiff_matched_real_fb17215d8a420ab7_0028321.png.png,complete
cf_train_v3_pixdiff_matched_real_fb2f2ab63902b280,pixdiff_matched_real,data/HFCF_small_160.parquet,0,1056,0087071.png,PNG,LandscapesHQ,,train,0,Real,train_v3_additions/real/cf_train_v3_pixdiff_matched_real_fb2f2ab63902b280_0087071.png.png,complete
cf_train_v3_pixdiff_matched_real_fba872a418256f70,pixdiff_matched_real,data/HFCF_small_160.parquet,0,1023,0027561.png,PNG,LandscapesHQ,,train,0,Real,train_v3_additions/real/cf_train_v3_pixdiff_matched_real_fba872a418256f70_0027561.png.png,complete
cf_train_v3_pixdiff_matched_real_fbaf727caf139ab3,pixdiff_matched_real,data/HFCF_small_160.parquet,0,672,0000335.png,PNG,LandscapesHQ,,train,0,Real,train_v3_additions/real/cf_train_v3_pixdiff_matched_real_fbaf727caf139ab3_0000335.png.png,complete
cf_train_v3_pixdiff_matched_real_fbfe47266be9caeb,pixdiff_matched_real,data/HFCF_small_160.parquet,0,839,0014034.png,PNG,LandscapesHQ,,train,0,Real,train_v3_additions/real/cf_train_v3_pixdiff_matched_real_fbfe47266be9caeb_0014034.png.png,complete
cf_train_v3_pixdiff_matched_real_fc4bcdef03bb501b,pixdiff_matched_real,data/HFCF_small_160.parquet,0,2308,0078698.png,PNG,LandscapesHQ,,train,0,Real,train_v3_additions/real/cf_train_v3_pixdiff_matched_real_fc4bcdef03bb501b_0078698.png.png,complete
cf_train_v3_pixdiff_matched_real_fc52d0cfffed09c4,pixdiff_matched_real,data/HFCF_small_160.parquet,0,2456,0015049.png,PNG,LandscapesHQ,,train,0,Real,train_v3_additions/real/cf_train_v3_pixdiff_matched_real_fc52d0cfffed09c4_0015049.png.png,complete
cf_train_v3_pixdiff_matched_real_fc8c161745bb072d,pixdiff_matched_real,data/HFCF_small_160.parquet,0,1713,0061294.png,PNG,LandscapesHQ,,train,0,Real,train_v3_additions/real/cf_train_v3_pixdiff_matched_real_fc8c161745bb072d_0061294.png.png,complete
cf_train_v3_pixdiff_matched_real_fcc49932c648384d,pixdiff_matched_real,data/HFCF_small_160.parquet,0,1188,0083799.png,PNG,LandscapesHQ,,train,0,Real,train_v3_additions/real/cf_train_v3_pixdiff_matched_real_fcc49932c648384d_0083799.png.png,complete
cf_train_v3_pixdiff_matched_real_fcc9cd103e273986,pixdiff_matched_real,data/HFCF_small_160.parquet,0,1121,0052879.png,PNG,LandscapesHQ,,train,0,Real,train_v3_additions/real/cf_train_v3_pixdiff_matched_real_fcc9cd103e273986_0052879.png.png,complete
cf_train_v3_pixdiff_matched_real_fcf981a46dfd2fb0,pixdiff_matched_real,data/HFCF_small_160.parquet,0,1201,0045519.png,PNG,LandscapesHQ,,train,0,Real,train_v3_additions/real/cf_train_v3_pixdiff_matched_real_fcf981a46dfd2fb0_0045519.png.png,complete
cf_train_v3_pixdiff_matched_real_fcfe3456c8f6bb1c,pixdiff_matched_real,data/HFCF_small_160.parquet,0,1586,0059725.png,PNG,LandscapesHQ,,train,0,Real,train_v3_additions/real/cf_train_v3_pixdiff_matched_real_fcfe3456c8f6bb1c_0059725.png.png,complete
cf_train_v3_pixdiff_matched_real_fd27f5c6cbbce22c,pixdiff_matched_real,data/HFCF_small_160.parquet,0,1611,0051355.png,PNG,LandscapesHQ,,train,0,Real,train_v3_additions/real/cf_train_v3_pixdiff_matched_real_fd27f5c6cbbce22c_0051355.png.png,complete
cf_train_v3_pixdiff_matched_real_fd6a244ce424464f,pixdiff_matched_real,data/HFCF_small_160.parquet,0,560,0009665.png,PNG,LandscapesHQ,,train,0,Real,train_v3_additions/real/cf_train_v3_pixdiff_matched_real_fd6a244ce424464f_0009665.png.png,complete
cf_train_v3_pixdiff_matched_real_fe962f9e458d1e1e,pixdiff_matched_real,data/HFCF_small_160.parquet,0,893,0002452.png,PNG,LandscapesHQ,,train,0,Real,train_v3_additions/real/cf_train_v3_pixdiff_matched_real_fe962f9e458d1e1e_0002452.png.png,complete
cf_train_v3_pixdiff_matched_real_fecf992742c35fc7,pixdiff_matched_real,data/HFCF_small_160.parquet,0,1628,0081945.png,PNG,LandscapesHQ,,train,0,Real,train_v3_additions/real/cf_train_v3_pixdiff_matched_real_fecf992742c35fc7_0081945.png.png,complete
cf_train_v3_pixdiff_matched_real_ff72c90b4996f71d,pixdiff_matched_real,data/HFCF_small_160.parquet,0,2696,0002640.png,PNG,LandscapesHQ,,train,0,Real,train_v3_additions/real/cf_train_v3_pixdiff_matched_real_ff72c90b4996f71d_0002640.png.png,complete
cf_train_v3_pixdiff_matched_real_ff7ef7179e75ab79,pixdiff_matched_real,data/HFCF_small_160.parquet,0,2724,0064689.png,PNG,LandscapesHQ,,train,0,Real,train_v3_additions/real/cf_train_v3_pixdiff_matched_real_ff7ef7179e75ab79_0064689.png.png,complete
cf_train_v3_pixdiff_matched_real_ffc2c77a56a52dc8,pixdiff_matched_real,data/HFCF_small_160.parquet,0,2572,0080451.png,PNG,LandscapesHQ,,train,0,Real,train_v3_additions/real/cf_train_v3_pixdiff_matched_real_ffc2c77a56a52dc8_0080451.png.png,complete
