sample_id,addition_group,source_file,row_group,row_index,image_name,source_format,model_name_raw,canonical_generator_id,real_source,official_split,label,architecture,relative_path,status
cf_external_unseen_v3_aigi_commercial_0007c31a16c68f1c,aigi_commercial,data/CompEval-00183-of-00413.parquet,3,18,00000612.png,PNG,FLUX-schnell,flux-schnell,LAION,test,1,Commercial,test_external_unseen_v3_additions/aigi/cf_external_unseen_v3_aigi_commercial_0007c31a16c68f1c_00000612.png.png,complete
cf_external_unseen_v3_aigi_commercial_005f058d5b64881b,aigi_commercial,data/CompEval-00308-of-00413.parquet,0,22,00000265_1.png,PNG,Imagen3,imagen3,LAION,test,1,Commercial,test_external_unseen_v3_additions/aigi/cf_external_unseen_v3_aigi_commercial_005f058d5b64881b_00000265_1.png.png,complete
cf_external_unseen_v3_aigi_commercial_007ef86aef02c89f,aigi_commercial,data/CompEval-00266-of-00413.parquet,1,14,00000231_3.jpg,JPEG,Firefly_Image3,firefly-image3,LAION,test,1,Commercial,test_external_unseen_v3_additions/aigi/cf_external_unseen_v3_aigi_commercial_007ef86aef02c89f_00000231_3.jpg.jpg,complete
cf_external_unseen_v3_aigi_commercial_00ce92895525c3e5,aigi_commercial,data/CompEval-00147-of-00413.parquet,3,24,00000752.png,PNG,IdeogramV2,ideogramv2,LAION,test,1,Commercial,test_external_unseen_v3_additions/aigi/cf_external_unseen_v3_aigi_commercial_00ce92895525c3e5_00000752.png.png,complete
cf_external_unseen_v3_aigi_commercial_0109023e6e0ab5ba,aigi_commercial,data/CompEval-00173-of-00413.parquet,4,0,00000106_0.png,PNG,Imagen3,imagen3,LAION,test,1,Commercial,test_external_unseen_v3_additions/aigi/cf_external_unseen_v3_aigi_commercial_0109023e6e0ab5ba_00000106_0.png.png,complete
cf_external_unseen_v3_aigi_commercial_0112a49d02e90e9b,aigi_commercial,data/CompEval-00406-of-00413.parquet,3,4,00000300.png,PNG,IdeogramV1,ideogramv1,LAION,test,1,Commercial,test_external_unseen_v3_additions/aigi/cf_external_unseen_v3_aigi_commercial_0112a49d02e90e9b_00000300.png.png,complete
cf_external_unseen_v3_aigi_commercial_0122bb6bcc677655,aigi_commercial,data/CompEval-00144-of-00413.parquet,2,5,00000033.png,PNG,IdeogramV2,ideogramv2,LAION,test,1,Commercial,test_external_unseen_v3_additions/aigi/cf_external_unseen_v3_aigi_commercial_0122bb6bcc677655_00000033.png.png,complete
cf_external_unseen_v3_aigi_commercial_013303a0d1d5f4d7,aigi_commercial,data/CompEval-00407-of-00413.parquet,1,22,00000563.png,PNG,IdeogramV1,ideogramv1,LAION,test,1,Commercial,test_external_unseen_v3_additions/aigi/cf_external_unseen_v3_aigi_commercial_013303a0d1d5f4d7_00000563.png.png,complete
cf_external_unseen_v3_aigi_commercial_01337adcbd4ce1a3,aigi_commercial,data/CompEval-00252-of-00413.parquet,1,10,00000603.png,PNG,Dalle2,dalle2,LAION,test,1,Commercial,test_external_unseen_v3_additions/aigi/cf_external_unseen_v3_aigi_commercial_01337adcbd4ce1a3_00000603.png.png,complete
cf_external_unseen_v3_aigi_commercial_01e368007528ff06,aigi_commercial,data/CompEval-00145-of-00413.parquet,0,12,00000094.png,PNG,IdeogramV2,ideogramv2,LAION,test,1,Commercial,test_external_unseen_v3_additions/aigi/cf_external_unseen_v3_aigi_commercial_01e368007528ff06_00000094.png.png,complete
cf_external_unseen_v3_aigi_commercial_02429b87ddc4febb,aigi_commercial,data/CompEval-00228-of-00413.parquet,3,21,00000745.png,PNG,Dalle3,dalle3,LAION,test,1,Commercial,test_external_unseen_v3_additions/aigi/cf_external_unseen_v3_aigi_commercial_02429b87ddc4febb_00000745.png.png,complete
cf_external_unseen_v3_aigi_commercial_02736c64a1dab2b6,aigi_commercial,data/CompEval-00141-of-00413.parquet,3,8,00000463.png,PNG,FLUX-schnell,flux-schnell,LAION,test,1,Commercial,test_external_unseen_v3_additions/aigi/cf_external_unseen_v3_aigi_commercial_02736c64a1dab2b6_00000463.png.png,complete
cf_external_unseen_v3_aigi_commercial_02f21d430148db50,aigi_commercial,data/CompEval-00030-of-00413.parquet,4,6,00000340_3.png,PNG,MidjourneyV5_2,midjourneyv5-2,LAION,test,1,Commercial,test_external_unseen_v3_additions/aigi/cf_external_unseen_v3_aigi_commercial_02f21d430148db50_00000340_3.png.png,complete
cf_external_unseen_v3_aigi_commercial_03046ac645d433de,aigi_commercial,data/CompEval-00144-of-00413.parquet,2,18,00000375.png,PNG,IdeogramV2,ideogramv2,LAION,test,1,Commercial,test_external_unseen_v3_additions/aigi/cf_external_unseen_v3_aigi_commercial_03046ac645d433de_00000375.png.png,complete
cf_external_unseen_v3_aigi_commercial_0344638c1ffb4980,aigi_commercial,data/CompEval-00335-of-00413.parquet,1,1,00000307_2.jpg,JPEG,Firefly_Image3,firefly-image3,LAION,test,1,Commercial,test_external_unseen_v3_additions/aigi/cf_external_unseen_v3_aigi_commercial_0344638c1ffb4980_00000307_2.jpg.jpg,complete
cf_external_unseen_v3_aigi_commercial_03467fb2b3dc7257,aigi_commercial,data/CompEval-00224-of-00413.parquet,3,19,00000186.png,PNG,Dalle3,dalle3,LAION,test,1,Commercial,test_external_unseen_v3_additions/aigi/cf_external_unseen_v3_aigi_commercial_03467fb2b3dc7257_00000186.png.png,complete
cf_external_unseen_v3_aigi_commercial_036d5943d0e0f973,aigi_commercial,data/CompEval-00147-of-00413.parquet,3,22,00000602.png,PNG,IdeogramV2,ideogramv2,LAION,test,1,Commercial,test_external_unseen_v3_additions/aigi/cf_external_unseen_v3_aigi_commercial_036d5943d0e0f973_00000602.png.png,complete
cf_external_unseen_v3_aigi_commercial_037dd54d0c3d2f35,aigi_commercial,data/CompEval-00147-of-00413.parquet,3,17,00000638.png,PNG,IdeogramV2,ideogramv2,LAION,test,1,Commercial,test_external_unseen_v3_additions/aigi/cf_external_unseen_v3_aigi_commercial_037dd54d0c3d2f35_00000638.png.png,complete
cf_external_unseen_v3_aigi_commercial_03d9a8b082e6a005,aigi_commercial,data/CompEval-00145-of-00413.parquet,2,6,00000592.png,PNG,IdeogramV2,ideogramv2,LAION,test,1,Commercial,test_external_unseen_v3_additions/aigi/cf_external_unseen_v3_aigi_commercial_03d9a8b082e6a005_00000592.png.png,complete
cf_external_unseen_v3_aigi_commercial_03fa3bc426a03509,aigi_commercial,data/CompEval-00069-of-00413.parquet,0,8,00000030_3.jpg,JPEG,Firefly_Image2,firefly-image2,LAION,test,1,Commercial,test_external_unseen_v3_additions/aigi/cf_external_unseen_v3_aigi_commercial_03fa3bc426a03509_00000030_3.jpg.jpg,complete
cf_external_unseen_v3_aigi_commercial_0404031422644915,aigi_commercial,data/CompEval-00407-of-00413.parquet,1,4,00000729.png,PNG,IdeogramV1,ideogramv1,LAION,test,1,Commercial,test_external_unseen_v3_additions/aigi/cf_external_unseen_v3_aigi_commercial_0404031422644915_00000729.png.png,complete
cf_external_unseen_v3_aigi_commercial_04ad58d22d7e5196,aigi_commercial,data/CompEval-00183-of-00413.parquet,3,11,00000962.png,PNG,FLUX-schnell,flux-schnell,LAION,test,1,Commercial,test_external_unseen_v3_additions/aigi/cf_external_unseen_v3_aigi_commercial_04ad58d22d7e5196_00000962.png.png,complete
cf_external_unseen_v3_aigi_commercial_04d7d0b2cac4ab3a,aigi_commercial,data/CompEval-00048-of-00413.parquet,1,9,00000261_3.png,PNG,MidjourneyV5_2,midjourneyv5-2,LAION,test,1,Commercial,test_external_unseen_v3_additions/aigi/cf_external_unseen_v3_aigi_commercial_04d7d0b2cac4ab3a_00000261_3.png.png,complete
cf_external_unseen_v3_aigi_commercial_051385af11216e31,aigi_commercial,data/CompEval-00228-of-00413.parquet,3,13,00000497.png,PNG,Dalle3,dalle3,LAION,test,1,Commercial,test_external_unseen_v3_additions/aigi/cf_external_unseen_v3_aigi_commercial_051385af11216e31_00000497.png.png,complete
cf_external_unseen_v3_aigi_commercial_053297e76998af5d,aigi_commercial,data/CompEval-00268-of-00413.parquet,2,7,00000176_1.jpg,JPEG,Firefly_Image3,firefly-image3,LAION,test,1,Commercial,test_external_unseen_v3_additions/aigi/cf_external_unseen_v3_aigi_commercial_053297e76998af5d_00000176_1.jpg.jpg,complete
cf_external_unseen_v3_aigi_commercial_05b58d151b35a510,aigi_commercial,data/CompEval-00030-of-00413.parquet,4,14,00000002_0.png,PNG,MidjourneyV5_2,midjourneyv5-2,LAION,test,1,Commercial,test_external_unseen_v3_additions/aigi/cf_external_unseen_v3_aigi_commercial_05b58d151b35a510_00000002_0.png.png,complete
cf_external_unseen_v3_aigi_commercial_05d0a8b06ce498b2,aigi_commercial,data/CompEval-00253-of-00413.parquet,1,22,00000392.png,PNG,Dalle2,dalle2,LAION,test,1,Commercial,test_external_unseen_v3_additions/aigi/cf_external_unseen_v3_aigi_commercial_05d0a8b06ce498b2_00000392.png.png,complete
cf_external_unseen_v3_aigi_commercial_06032265d61354e5,aigi_commercial,data/CompEval-00390-of-00413.parquet,3,8,00000292_3.png,PNG,MidjourneyV6_1,midjourneyv6-1,LAION,test,1,Commercial,test_external_unseen_v3_additions/aigi/cf_external_unseen_v3_aigi_commercial_06032265d61354e5_00000292_3.png.png,complete
cf_external_unseen_v3_aigi_commercial_06176a0780da62db,aigi_commercial,data/CompEval-00303-of-00413.parquet,2,19,00000076_2.png,PNG,Imagen3,imagen3,LAION,test,1,Commercial,test_external_unseen_v3_additions/aigi/cf_external_unseen_v3_aigi_commercial_06176a0780da62db_00000076_2.png.png,complete
cf_external_unseen_v3_aigi_commercial_064aa88bf828a174,aigi_commercial,data/CompEval-00141-of-00413.parquet,3,17,00000201.png,PNG,FLUX-schnell,flux-schnell,LAION,test,1,Commercial,test_external_unseen_v3_additions/aigi/cf_external_unseen_v3_aigi_commercial_064aa88bf828a174_00000201.png.png,complete
cf_external_unseen_v3_aigi_commercial_064e2f8b6fcc48ba,aigi_commercial,data/CompEval-00228-of-00413.parquet,2,9,00000115.png,PNG,Dalle3,dalle3,LAION,test,1,Commercial,test_external_unseen_v3_additions/aigi/cf_external_unseen_v3_aigi_commercial_064e2f8b6fcc48ba_00000115.png.png,complete
cf_external_unseen_v3_aigi_commercial_0664ccc97d5e1a23,aigi_commercial,data/CompEval-00285-of-00413.parquet,2,7,00000255_1.png,PNG,MidjourneyV6_1,midjourneyv6-1,LAION,test,1,Commercial,test_external_unseen_v3_additions/aigi/cf_external_unseen_v3_aigi_commercial_0664ccc97d5e1a23_00000255_1.png.png,complete
cf_external_unseen_v3_aigi_commercial_0696b31585b68a0c,aigi_commercial,data/CompEval-00145-of-00413.parquet,2,22,00000952.png,PNG,IdeogramV2,ideogramv2,LAION,test,1,Commercial,test_external_unseen_v3_additions/aigi/cf_external_unseen_v3_aigi_commercial_0696b31585b68a0c_00000952.png.png,complete
cf_external_unseen_v3_aigi_commercial_06ce7fa3fb7bcaab,aigi_commercial,data/CompEval-00144-of-00413.parquet,2,3,00000128.png,PNG,IdeogramV2,ideogramv2,LAION,test,1,Commercial,test_external_unseen_v3_additions/aigi/cf_external_unseen_v3_aigi_commercial_06ce7fa3fb7bcaab_00000128.png.png,complete
cf_external_unseen_v3_aigi_commercial_06fe69b853b27434,aigi_commercial,data/CompEval-00298-of-00413.parquet,3,6,00000563.png,PNG,FLUX-dev,flux-dev,LAION,test,1,Commercial,test_external_unseen_v3_additions/aigi/cf_external_unseen_v3_aigi_commercial_06fe69b853b27434_00000563.png.png,complete
cf_external_unseen_v3_aigi_commercial_0812f5aa8793b0e7,aigi_commercial,data/CompEval-00308-of-00413.parquet,0,24,00000077_3.png,PNG,Imagen3,imagen3,LAION,test,1,Commercial,test_external_unseen_v3_additions/aigi/cf_external_unseen_v3_aigi_commercial_0812f5aa8793b0e7_00000077_3.png.png,complete
cf_external_unseen_v3_aigi_commercial_083047d7dd46357d,aigi_commercial,data/CompEval-00300-of-00413.parquet,2,5,00000472.png,PNG,FLUX-dev,flux-dev,LAION,test,1,Commercial,test_external_unseen_v3_additions/aigi/cf_external_unseen_v3_aigi_commercial_083047d7dd46357d_00000472.png.png,complete
cf_external_unseen_v3_aigi_commercial_083c3f1ab03ec28a,aigi_commercial,data/CompEval-00144-of-00413.parquet,2,8,00000910.png,PNG,IdeogramV2,ideogramv2,LAION,test,1,Commercial,test_external_unseen_v3_additions/aigi/cf_external_unseen_v3_aigi_commercial_083c3f1ab03ec28a_00000910.png.png,complete
cf_external_unseen_v3_aigi_commercial_08453b6b44da8f26,aigi_commercial,data/CompEval-00284-of-00413.parquet,0,22,00000052_2.png,PNG,MidjourneyV6_1,midjourneyv6-1,LAION,test,1,Commercial,test_external_unseen_v3_additions/aigi/cf_external_unseen_v3_aigi_commercial_08453b6b44da8f26_00000052_2.png.png,complete
cf_external_unseen_v3_aigi_commercial_0a1e09253c2a4674,aigi_commercial,data/CompEval-00069-of-00413.parquet,0,3,00000324_0.jpg,JPEG,Firefly_Image2,firefly-image2,LAION,test,1,Commercial,test_external_unseen_v3_additions/aigi/cf_external_unseen_v3_aigi_commercial_0a1e09253c2a4674_00000324_0.jpg.jpg,complete
cf_external_unseen_v3_aigi_commercial_0a4c82c5aed0e5c3,aigi_commercial,data/CompEval-00173-of-00413.parquet,4,3,00000261_2.png,PNG,Imagen3,imagen3,LAION,test,1,Commercial,test_external_unseen_v3_additions/aigi/cf_external_unseen_v3_aigi_commercial_0a4c82c5aed0e5c3_00000261_2.png.png,complete
cf_external_unseen_v3_aigi_commercial_0a58ea98861365f0,aigi_commercial,data/CompEval-00250-of-00413.parquet,0,22,00000676.png,PNG,Dalle2,dalle2,LAION,test,1,Commercial,test_external_unseen_v3_additions/aigi/cf_external_unseen_v3_aigi_commercial_0a58ea98861365f0_00000676.png.png,complete
cf_external_unseen_v3_aigi_commercial_0b0b36dde9595ed8,aigi_commercial,data/CompEval-00066-of-00413.parquet,1,19,00000377_2.jpg,JPEG,Firefly_Image2,firefly-image2,LAION,test,1,Commercial,test_external_unseen_v3_additions/aigi/cf_external_unseen_v3_aigi_commercial_0b0b36dde9595ed8_00000377_2.jpg.jpg,complete
cf_external_unseen_v3_aigi_commercial_0b3f825a3c825eb0,aigi_commercial,data/CompEval-00300-of-00413.parquet,0,3,00000127.png,PNG,FLUX-dev,flux-dev,LAION,test,1,Commercial,test_external_unseen_v3_additions/aigi/cf_external_unseen_v3_aigi_commercial_0b3f825a3c825eb0_00000127.png.png,complete
cf_external_unseen_v3_aigi_commercial_0b61fb36295a22dd,aigi_commercial,data/CompEval-00266-of-00413.parquet,1,7,00000484_0.jpg,JPEG,Firefly_Image3,firefly-image3,LAION,test,1,Commercial,test_external_unseen_v3_additions/aigi/cf_external_unseen_v3_aigi_commercial_0b61fb36295a22dd_00000484_0.jpg.jpg,complete
cf_external_unseen_v3_aigi_commercial_0c108f3abcf8244c,aigi_commercial,data/CompEval-00285-of-00413.parquet,2,2,00000017_1.png,PNG,MidjourneyV6_1,midjourneyv6-1,LAION,test,1,Commercial,test_external_unseen_v3_additions/aigi/cf_external_unseen_v3_aigi_commercial_0c108f3abcf8244c_00000017_1.png.png,complete
cf_external_unseen_v3_aigi_commercial_0c421f09d9c03d19,aigi_commercial,data/CompEval-00253-of-00413.parquet,1,14,00000317.png,PNG,Dalle2,dalle2,LAION,test,1,Commercial,test_external_unseen_v3_additions/aigi/cf_external_unseen_v3_aigi_commercial_0c421f09d9c03d19_00000317.png.png,complete
cf_external_unseen_v3_aigi_commercial_0ce0f5e0941dec5f,aigi_commercial,data/CompEval-00228-of-00413.parquet,2,23,00000116.png,PNG,Dalle3,dalle3,LAION,test,1,Commercial,test_external_unseen_v3_additions/aigi/cf_external_unseen_v3_aigi_commercial_0ce0f5e0941dec5f_00000116.png.png,complete
cf_external_unseen_v3_aigi_commercial_0d1b5e97baa0bcc6,aigi_commercial,data/CompEval-00405-of-00413.parquet,1,14,00000166.png,PNG,IdeogramV1,ideogramv1,LAION,test,1,Commercial,test_external_unseen_v3_additions/aigi/cf_external_unseen_v3_aigi_commercial_0d1b5e97baa0bcc6_00000166.png.png,complete
cf_external_unseen_v3_aigi_commercial_0d384df0df8ac84c,aigi_commercial,data/CompEval-00173-of-00413.parquet,4,12,00000107_1.png,PNG,Imagen3,imagen3,LAION,test,1,Commercial,test_external_unseen_v3_additions/aigi/cf_external_unseen_v3_aigi_commercial_0d384df0df8ac84c_00000107_1.png.png,complete
cf_external_unseen_v3_aigi_commercial_0d5b7e1f9fde856c,aigi_commercial,data/CompEval-00300-of-00413.parquet,2,17,00000886.png,PNG,FLUX-dev,flux-dev,LAION,test,1,Commercial,test_external_unseen_v3_additions/aigi/cf_external_unseen_v3_aigi_commercial_0d5b7e1f9fde856c_00000886.png.png,complete
cf_external_unseen_v3_aigi_commercial_0d67f2bf687da9d9,aigi_commercial,data/CompEval-00030-of-00413.parquet,4,8,00000499_0.png,PNG,MidjourneyV5_2,midjourneyv5-2,LAION,test,1,Commercial,test_external_unseen_v3_additions/aigi/cf_external_unseen_v3_aigi_commercial_0d67f2bf687da9d9_00000499_0.png.png,complete
cf_external_unseen_v3_aigi_commercial_0d8080f2c764eb99,aigi_commercial,data/CompEval-00147-of-00413.parquet,3,7,00000751.png,PNG,IdeogramV2,ideogramv2,LAION,test,1,Commercial,test_external_unseen_v3_additions/aigi/cf_external_unseen_v3_aigi_commercial_0d8080f2c764eb99_00000751.png.png,complete
cf_external_unseen_v3_aigi_commercial_0dedc8168b377c58,aigi_commercial,data/CompEval-00141-of-00413.parquet,3,22,00000759.png,PNG,FLUX-schnell,flux-schnell,LAION,test,1,Commercial,test_external_unseen_v3_additions/aigi/cf_external_unseen_v3_aigi_commercial_0dedc8168b377c58_00000759.png.png,complete
cf_external_unseen_v3_aigi_commercial_0e2408a397ce64f0,aigi_commercial,data/CompEval-00066-of-00413.parquet,1,15,00000484_1.jpg,JPEG,Firefly_Image2,firefly-image2,LAION,test,1,Commercial,test_external_unseen_v3_additions/aigi/cf_external_unseen_v3_aigi_commercial_0e2408a397ce64f0_00000484_1.jpg.jpg,complete
cf_external_unseen_v3_aigi_commercial_0e8d5506ccda4cd8,aigi_commercial,data/CompEval-00069-of-00413.parquet,0,16,00000341_3.jpg,JPEG,Firefly_Image2,firefly-image2,LAION,test,1,Commercial,test_external_unseen_v3_additions/aigi/cf_external_unseen_v3_aigi_commercial_0e8d5506ccda4cd8_00000341_3.jpg.jpg,complete
cf_external_unseen_v3_aigi_commercial_0ea54573fb7c7944,aigi_commercial,data/CompEval-00264-of-00413.parquet,2,12,00000473_1.jpg,JPEG,Firefly_Image3,firefly-image3,LAION,test,1,Commercial,test_external_unseen_v3_additions/aigi/cf_external_unseen_v3_aigi_commercial_0ea54573fb7c7944_00000473_1.jpg.jpg,complete
cf_external_unseen_v3_aigi_commercial_0ebf7307f1c59b69,aigi_commercial,data/CompEval-00228-of-00413.parquet,2,24,00000044.png,PNG,Dalle3,dalle3,LAION,test,1,Commercial,test_external_unseen_v3_additions/aigi/cf_external_unseen_v3_aigi_commercial_0ebf7307f1c59b69_00000044.png.png,complete
cf_external_unseen_v3_aigi_commercial_0eda769669157955,aigi_commercial,data/CompEval-00145-of-00413.parquet,2,23,00000286.png,PNG,IdeogramV2,ideogramv2,LAION,test,1,Commercial,test_external_unseen_v3_additions/aigi/cf_external_unseen_v3_aigi_commercial_0eda769669157955_00000286.png.png,complete
cf_external_unseen_v3_aigi_commercial_0effd863f0e8f6cc,aigi_commercial,data/CompEval-00173-of-00413.parquet,4,23,00000197_0.png,PNG,Imagen3,imagen3,LAION,test,1,Commercial,test_external_unseen_v3_additions/aigi/cf_external_unseen_v3_aigi_commercial_0effd863f0e8f6cc_00000197_0.png.png,complete
cf_external_unseen_v3_aigi_commercial_0f6b49ba027edb1f,aigi_commercial,data/CompEval-00147-of-00413.parquet,3,1,00000603.png,PNG,IdeogramV2,ideogramv2,LAION,test,1,Commercial,test_external_unseen_v3_additions/aigi/cf_external_unseen_v3_aigi_commercial_0f6b49ba027edb1f_00000603.png.png,complete
cf_external_unseen_v3_aigi_commercial_0f88fa8755adc951,aigi_commercial,data/CompEval-00390-of-00413.parquet,0,4,00000078_1.png,PNG,MidjourneyV6_1,midjourneyv6-1,LAION,test,1,Commercial,test_external_unseen_v3_additions/aigi/cf_external_unseen_v3_aigi_commercial_0f88fa8755adc951_00000078_1.png.png,complete
cf_external_unseen_v3_aigi_commercial_103bf3ad11ca5b63,aigi_commercial,data/CompEval-00228-of-00413.parquet,2,12,00000520.png,PNG,Dalle3,dalle3,LAION,test,1,Commercial,test_external_unseen_v3_additions/aigi/cf_external_unseen_v3_aigi_commercial_103bf3ad11ca5b63_00000520.png.png,complete
cf_external_unseen_v3_aigi_commercial_104d53e60c284b47,aigi_commercial,data/CompEval-00300-of-00413.parquet,2,24,00000835.png,PNG,FLUX-dev,flux-dev,LAION,test,1,Commercial,test_external_unseen_v3_additions/aigi/cf_external_unseen_v3_aigi_commercial_104d53e60c284b47_00000835.png.png,complete
cf_external_unseen_v3_aigi_commercial_1099841b161a18a1,aigi_commercial,data/CompEval-00184-of-00413.parquet,3,18,00000122.png,PNG,FLUX-schnell,flux-schnell,LAION,test,1,Commercial,test_external_unseen_v3_additions/aigi/cf_external_unseen_v3_aigi_commercial_1099841b161a18a1_00000122.png.png,complete
cf_external_unseen_v3_aigi_commercial_10ba549f7e988064,aigi_commercial,data/CompEval-00147-of-00413.parquet,3,8,00000826.png,PNG,IdeogramV2,ideogramv2,LAION,test,1,Commercial,test_external_unseen_v3_additions/aigi/cf_external_unseen_v3_aigi_commercial_10ba549f7e988064_00000826.png.png,complete
cf_external_unseen_v3_aigi_commercial_10c2b32484743b5b,aigi_commercial,data/CompEval-00208-of-00413.parquet,1,3,00000289_3.jpg,JPEG,Firefly_Image2,firefly-image2,LAION,test,1,Commercial,test_external_unseen_v3_additions/aigi/cf_external_unseen_v3_aigi_commercial_10c2b32484743b5b_00000289_3.jpg.jpg,complete
cf_external_unseen_v3_aigi_commercial_113100d38df3ff5b,aigi_commercial,data/CompEval-00051-of-00413.parquet,2,24,00000018_3.png,PNG,MidjourneyV5_2,midjourneyv5-2,LAION,test,1,Commercial,test_external_unseen_v3_additions/aigi/cf_external_unseen_v3_aigi_commercial_113100d38df3ff5b_00000018_3.png.png,complete
cf_external_unseen_v3_aigi_commercial_11ca252d5fa05c03,aigi_commercial,data/CompEval-00147-of-00413.parquet,3,19,00000921.png,PNG,IdeogramV2,ideogramv2,LAION,test,1,Commercial,test_external_unseen_v3_additions/aigi/cf_external_unseen_v3_aigi_commercial_11ca252d5fa05c03_00000921.png.png,complete
cf_external_unseen_v3_aigi_commercial_11dadfb72ab8a1fe,aigi_commercial,data/CompEval-00184-of-00413.parquet,3,11,00000791.png,PNG,FLUX-schnell,flux-schnell,LAION,test,1,Commercial,test_external_unseen_v3_additions/aigi/cf_external_unseen_v3_aigi_commercial_11dadfb72ab8a1fe_00000791.png.png,complete
cf_external_unseen_v3_aigi_commercial_11dc769ae6510f0a,aigi_commercial,data/CompEval-00173-of-00413.parquet,4,16,00000000_0.png,PNG,Imagen3,imagen3,LAION,test,1,Commercial,test_external_unseen_v3_additions/aigi/cf_external_unseen_v3_aigi_commercial_11dc769ae6510f0a_00000000_0.png.png,complete
cf_external_unseen_v3_aigi_commercial_11e720bf6b31fae4,aigi_commercial,data/CompEval-00390-of-00413.parquet,3,14,00000027_2.png,PNG,MidjourneyV6_1,midjourneyv6-1,LAION,test,1,Commercial,test_external_unseen_v3_additions/aigi/cf_external_unseen_v3_aigi_commercial_11e720bf6b31fae4_00000027_2.png.png,complete
cf_external_unseen_v3_aigi_commercial_11f921382ae334b4,aigi_commercial,data/CompEval-00250-of-00413.parquet,0,3,00000408.png,PNG,Dalle2,dalle2,LAION,test,1,Commercial,test_external_unseen_v3_additions/aigi/cf_external_unseen_v3_aigi_commercial_11f921382ae334b4_00000408.png.png,complete
cf_external_unseen_v3_aigi_commercial_12022bfb21a64da1,aigi_commercial,data/CompEval-00405-of-00413.parquet,3,24,00000091.png,PNG,IdeogramV1,ideogramv1,LAION,test,1,Commercial,test_external_unseen_v3_additions/aigi/cf_external_unseen_v3_aigi_commercial_12022bfb21a64da1_00000091.png.png,complete
cf_external_unseen_v3_aigi_commercial_12285f05448f4337,aigi_commercial,data/CompEval-00294-of-00413.parquet,3,14,00000211.png,PNG,FLUX-dev,flux-dev,LAION,test,1,Commercial,test_external_unseen_v3_additions/aigi/cf_external_unseen_v3_aigi_commercial_12285f05448f4337_00000211.png.png,complete
cf_external_unseen_v3_aigi_commercial_12a88eb89642a693,aigi_commercial,data/CompEval-00300-of-00413.parquet,0,9,00000491.png,PNG,FLUX-dev,flux-dev,LAION,test,1,Commercial,test_external_unseen_v3_additions/aigi/cf_external_unseen_v3_aigi_commercial_12a88eb89642a693_00000491.png.png,complete
cf_external_unseen_v3_aigi_commercial_12e875d0fd4555ea,aigi_commercial,data/CompEval-00030-of-00413.parquet,4,5,00000338_3.png,PNG,MidjourneyV5_2,midjourneyv5-2,LAION,test,1,Commercial,test_external_unseen_v3_additions/aigi/cf_external_unseen_v3_aigi_commercial_12e875d0fd4555ea_00000338_3.png.png,complete
cf_external_unseen_v3_aigi_commercial_13070855eeb0471f,aigi_commercial,data/CompEval-00230-of-00413.parquet,1,20,00000352.png,PNG,Dalle3,dalle3,LAION,test,1,Commercial,test_external_unseen_v3_additions/aigi/cf_external_unseen_v3_aigi_commercial_13070855eeb0471f_00000352.png.png,complete
cf_external_unseen_v3_aigi_commercial_135d4d1b939d77be,aigi_commercial,data/CompEval-00224-of-00413.parquet,3,16,00000657.png,PNG,Dalle3,dalle3,LAION,test,1,Commercial,test_external_unseen_v3_additions/aigi/cf_external_unseen_v3_aigi_commercial_135d4d1b939d77be_00000657.png.png,complete
cf_external_unseen_v3_aigi_commercial_13b4cd5dd9d898c4,aigi_commercial,data/CompEval-00048-of-00413.parquet,1,16,00000258_0.png,PNG,MidjourneyV5_2,midjourneyv5-2,LAION,test,1,Commercial,test_external_unseen_v3_additions/aigi/cf_external_unseen_v3_aigi_commercial_13b4cd5dd9d898c4_00000258_0.png.png,complete
cf_external_unseen_v3_aigi_commercial_1432c9e8d5184166,aigi_commercial,data/CompEval-00142-of-00413.parquet,4,19,00000432.png,PNG,FLUX-schnell,flux-schnell,LAION,test,1,Commercial,test_external_unseen_v3_additions/aigi/cf_external_unseen_v3_aigi_commercial_1432c9e8d5184166_00000432.png.png,complete
cf_external_unseen_v3_aigi_commercial_14de75ec346b34ba,aigi_commercial,data/CompEval-00173-of-00413.parquet,4,14,00000052_1.png,PNG,Imagen3,imagen3,LAION,test,1,Commercial,test_external_unseen_v3_additions/aigi/cf_external_unseen_v3_aigi_commercial_14de75ec346b34ba_00000052_1.png.png,complete
cf_external_unseen_v3_aigi_commercial_151e8eef03f32c6f,aigi_commercial,data/CompEval-00407-of-00413.parquet,1,8,00000439.png,PNG,IdeogramV1,ideogramv1,LAION,test,1,Commercial,test_external_unseen_v3_additions/aigi/cf_external_unseen_v3_aigi_commercial_151e8eef03f32c6f_00000439.png.png,complete
cf_external_unseen_v3_aigi_commercial_15609b4bf344e66b,aigi_commercial,data/CompEval-00406-of-00413.parquet,3,14,00000121.png,PNG,IdeogramV1,ideogramv1,LAION,test,1,Commercial,test_external_unseen_v3_additions/aigi/cf_external_unseen_v3_aigi_commercial_15609b4bf344e66b_00000121.png.png,complete
cf_external_unseen_v3_aigi_commercial_158e0057d1d39ffd,aigi_commercial,data/CompEval-00030-of-00413.parquet,4,21,00000009_0.png,PNG,MidjourneyV5_2,midjourneyv5-2,LAION,test,1,Commercial,test_external_unseen_v3_additions/aigi/cf_external_unseen_v3_aigi_commercial_158e0057d1d39ffd_00000009_0.png.png,complete
cf_external_unseen_v3_aigi_commercial_15d22f79ffbde924,aigi_commercial,data/CompEval-00030-of-00413.parquet,4,3,00000497_1.png,PNG,MidjourneyV5_2,midjourneyv5-2,LAION,test,1,Commercial,test_external_unseen_v3_additions/aigi/cf_external_unseen_v3_aigi_commercial_15d22f79ffbde924_00000497_1.png.png,complete
cf_external_unseen_v3_aigi_commercial_15f832a0638b112f,aigi_commercial,data/CompEval-00407-of-00413.parquet,1,7,00000433.png,PNG,IdeogramV1,ideogramv1,LAION,test,1,Commercial,test_external_unseen_v3_additions/aigi/cf_external_unseen_v3_aigi_commercial_15f832a0638b112f_00000433.png.png,complete
cf_external_unseen_v3_aigi_commercial_161cdc491450394d,aigi_commercial,data/CompEval-00266-of-00413.parquet,1,0,00000144_1.jpg,JPEG,Firefly_Image3,firefly-image3,LAION,test,1,Commercial,test_external_unseen_v3_additions/aigi/cf_external_unseen_v3_aigi_commercial_161cdc491450394d_00000144_1.jpg.jpg,complete
cf_external_unseen_v3_aigi_commercial_163a4565e5f6ee9d,aigi_commercial,data/CompEval-00405-of-00413.parquet,1,0,00000419.png,PNG,IdeogramV1,ideogramv1,LAION,test,1,Commercial,test_external_unseen_v3_additions/aigi/cf_external_unseen_v3_aigi_commercial_163a4565e5f6ee9d_00000419.png.png,complete
cf_external_unseen_v3_aigi_commercial_16679290208912a3,aigi_commercial,data/CompEval-00141-of-00413.parquet,3,19,00000542.png,PNG,FLUX-schnell,flux-schnell,LAION,test,1,Commercial,test_external_unseen_v3_additions/aigi/cf_external_unseen_v3_aigi_commercial_16679290208912a3_00000542.png.png,complete
cf_external_unseen_v3_aigi_commercial_166a0304177aac9a,aigi_commercial,data/CompEval-00308-of-00413.parquet,0,9,00000191_0.png,PNG,Imagen3,imagen3,LAION,test,1,Commercial,test_external_unseen_v3_additions/aigi/cf_external_unseen_v3_aigi_commercial_166a0304177aac9a_00000191_0.png.png,complete
cf_external_unseen_v3_aigi_commercial_1688607770874582,aigi_commercial,data/CompEval-00405-of-00413.parquet,1,18,00000458.png,PNG,IdeogramV1,ideogramv1,LAION,test,1,Commercial,test_external_unseen_v3_additions/aigi/cf_external_unseen_v3_aigi_commercial_1688607770874582_00000458.png.png,complete
cf_external_unseen_v3_aigi_commercial_16ef3ad434fd9d15,aigi_commercial,data/CompEval-00228-of-00413.parquet,2,5,00000368.png,PNG,Dalle3,dalle3,LAION,test,1,Commercial,test_external_unseen_v3_additions/aigi/cf_external_unseen_v3_aigi_commercial_16ef3ad434fd9d15_00000368.png.png,complete
cf_external_unseen_v3_aigi_commercial_1755c42950a4c34b,aigi_commercial,data/CompEval-00407-of-00413.parquet,1,21,00000601.png,PNG,IdeogramV1,ideogramv1,LAION,test,1,Commercial,test_external_unseen_v3_additions/aigi/cf_external_unseen_v3_aigi_commercial_1755c42950a4c34b_00000601.png.png,complete
cf_external_unseen_v3_aigi_commercial_17cb171a3bc50dcf,aigi_commercial,data/CompEval-00284-of-00413.parquet,0,23,00000307_2.png,PNG,MidjourneyV6_1,midjourneyv6-1,LAION,test,1,Commercial,test_external_unseen_v3_additions/aigi/cf_external_unseen_v3_aigi_commercial_17cb171a3bc50dcf_00000307_2.png.png,complete
cf_external_unseen_v3_aigi_commercial_17d3bd9c717fce70,aigi_commercial,data/CompEval-00208-of-00413.parquet,1,18,00000468_3.jpg,JPEG,Firefly_Image2,firefly-image2,LAION,test,1,Commercial,test_external_unseen_v3_additions/aigi/cf_external_unseen_v3_aigi_commercial_17d3bd9c717fce70_00000468_3.jpg.jpg,complete
cf_external_unseen_v3_aigi_commercial_17f3e02ca59ef845,aigi_commercial,data/CompEval-00147-of-00413.parquet,3,14,00000302.png,PNG,IdeogramV2,ideogramv2,LAION,test,1,Commercial,test_external_unseen_v3_additions/aigi/cf_external_unseen_v3_aigi_commercial_17f3e02ca59ef845_00000302.png.png,complete
cf_external_unseen_v3_aigi_commercial_184afa96830a3187,aigi_commercial,data/CompEval-00048-of-00413.parquet,1,23,00000294_2.png,PNG,MidjourneyV5_2,midjourneyv5-2,LAION,test,1,Commercial,test_external_unseen_v3_additions/aigi/cf_external_unseen_v3_aigi_commercial_184afa96830a3187_00000294_2.png.png,complete
cf_external_unseen_v3_aigi_commercial_18b1f4df860b1dcb,aigi_commercial,data/CompEval-00390-of-00413.parquet,3,11,00000254_0.png,PNG,MidjourneyV6_1,midjourneyv6-1,LAION,test,1,Commercial,test_external_unseen_v3_additions/aigi/cf_external_unseen_v3_aigi_commercial_18b1f4df860b1dcb_00000254_0.png.png,complete
cf_external_unseen_v3_aigi_commercial_18feaee9c0b924a0,aigi_commercial,data/CompEval-00335-of-00413.parquet,1,22,00000306_3.jpg,JPEG,Firefly_Image3,firefly-image3,LAION,test,1,Commercial,test_external_unseen_v3_additions/aigi/cf_external_unseen_v3_aigi_commercial_18feaee9c0b924a0_00000306_3.jpg.jpg,complete
cf_external_unseen_v3_aigi_commercial_19340fbcf2c43518,aigi_commercial,data/CompEval-00407-of-00413.parquet,1,14,00000268.png,PNG,IdeogramV1,ideogramv1,LAION,test,1,Commercial,test_external_unseen_v3_additions/aigi/cf_external_unseen_v3_aigi_commercial_19340fbcf2c43518_00000268.png.png,complete
cf_external_unseen_v3_aigi_commercial_19663a316d1b8c7e,aigi_commercial,data/CompEval-00308-of-00413.parquet,0,14,00000253_2.png,PNG,Imagen3,imagen3,LAION,test,1,Commercial,test_external_unseen_v3_additions/aigi/cf_external_unseen_v3_aigi_commercial_19663a316d1b8c7e_00000253_2.png.png,complete
cf_external_unseen_v3_aigi_commercial_1a7923796d26677d,aigi_commercial,data/CompEval-00307-of-00413.parquet,3,18,00000016_3.png,PNG,Imagen3,imagen3,LAION,test,1,Commercial,test_external_unseen_v3_additions/aigi/cf_external_unseen_v3_aigi_commercial_1a7923796d26677d_00000016_3.png.png,complete
cf_external_unseen_v3_aigi_commercial_1a9317006cee3c29,aigi_commercial,data/CompEval-00406-of-00413.parquet,3,11,00000950.png,PNG,IdeogramV1,ideogramv1,LAION,test,1,Commercial,test_external_unseen_v3_additions/aigi/cf_external_unseen_v3_aigi_commercial_1a9317006cee3c29_00000950.png.png,complete
cf_external_unseen_v3_aigi_commercial_1be3e09b704788ee,aigi_commercial,data/CompEval-00184-of-00413.parquet,3,0,00000979.png,PNG,FLUX-schnell,flux-schnell,LAION,test,1,Commercial,test_external_unseen_v3_additions/aigi/cf_external_unseen_v3_aigi_commercial_1be3e09b704788ee_00000979.png.png,complete
cf_external_unseen_v3_aigi_commercial_1cd16652aa9e5de2,aigi_commercial,data/CompEval-00250-of-00413.parquet,0,13,00000502.png,PNG,Dalle2,dalle2,LAION,test,1,Commercial,test_external_unseen_v3_additions/aigi/cf_external_unseen_v3_aigi_commercial_1cd16652aa9e5de2_00000502.png.png,complete
cf_external_unseen_v3_aigi_commercial_1ce3f31b0edb86be,aigi_commercial,data/CompEval-00308-of-00413.parquet,0,16,00000160_1.png,PNG,Imagen3,imagen3,LAION,test,1,Commercial,test_external_unseen_v3_additions/aigi/cf_external_unseen_v3_aigi_commercial_1ce3f31b0edb86be_00000160_1.png.png,complete
cf_external_unseen_v3_aigi_commercial_1d4499a2fe193073,aigi_commercial,data/CompEval-00228-of-00413.parquet,3,7,00000203.png,PNG,Dalle3,dalle3,LAION,test,1,Commercial,test_external_unseen_v3_additions/aigi/cf_external_unseen_v3_aigi_commercial_1d4499a2fe193073_00000203.png.png,complete
cf_external_unseen_v3_aigi_commercial_1d693336d0d59cf0,aigi_commercial,data/CompEval-00173-of-00413.parquet,4,18,00000062_3.png,PNG,Imagen3,imagen3,LAION,test,1,Commercial,test_external_unseen_v3_additions/aigi/cf_external_unseen_v3_aigi_commercial_1d693336d0d59cf0_00000062_3.png.png,complete
cf_external_unseen_v3_aigi_commercial_1d7d07264c80adbc,aigi_commercial,data/CompEval-00335-of-00413.parquet,1,19,00000047_0.jpg,JPEG,Firefly_Image3,firefly-image3,LAION,test,1,Commercial,test_external_unseen_v3_additions/aigi/cf_external_unseen_v3_aigi_commercial_1d7d07264c80adbc_00000047_0.jpg.jpg,complete
cf_external_unseen_v3_aigi_commercial_1da61bf0721c9e5a,aigi_commercial,data/CompEval-00145-of-00413.parquet,0,19,00000984.png,PNG,IdeogramV2,ideogramv2,LAION,test,1,Commercial,test_external_unseen_v3_additions/aigi/cf_external_unseen_v3_aigi_commercial_1da61bf0721c9e5a_00000984.png.png,complete
cf_external_unseen_v3_aigi_commercial_1df2400921f7e71a,aigi_commercial,data/CompEval-00405-of-00413.parquet,1,7,00000817.png,PNG,IdeogramV1,ideogramv1,LAION,test,1,Commercial,test_external_unseen_v3_additions/aigi/cf_external_unseen_v3_aigi_commercial_1df2400921f7e71a_00000817.png.png,complete
cf_external_unseen_v3_aigi_commercial_1df573a394b9b423,aigi_commercial,data/CompEval-00248-of-00413.parquet,4,24,00000132.png,PNG,Dalle2,dalle2,LAION,test,1,Commercial,test_external_unseen_v3_additions/aigi/cf_external_unseen_v3_aigi_commercial_1df573a394b9b423_00000132.png.png,complete
cf_external_unseen_v3_aigi_commercial_1eb4723aa6bfeb24,aigi_commercial,data/CompEval-00183-of-00413.parquet,3,1,00000294.png,PNG,FLUX-schnell,flux-schnell,LAION,test,1,Commercial,test_external_unseen_v3_additions/aigi/cf_external_unseen_v3_aigi_commercial_1eb4723aa6bfeb24_00000294.png.png,complete
cf_external_unseen_v3_aigi_commercial_1ecaee4a73bb1147,aigi_commercial,data/CompEval-00253-of-00413.parquet,1,21,00000119.png,PNG,Dalle2,dalle2,LAION,test,1,Commercial,test_external_unseen_v3_additions/aigi/cf_external_unseen_v3_aigi_commercial_1ecaee4a73bb1147_00000119.png.png,complete
cf_external_unseen_v3_aigi_commercial_1ecd1373133c2977,aigi_commercial,data/CompEval-00300-of-00413.parquet,0,2,00000176.png,PNG,FLUX-dev,flux-dev,LAION,test,1,Commercial,test_external_unseen_v3_additions/aigi/cf_external_unseen_v3_aigi_commercial_1ecd1373133c2977_00000176.png.png,complete
cf_external_unseen_v3_aigi_commercial_1f7059f7c6f5c047,aigi_commercial,data/CompEval-00308-of-00413.parquet,0,12,00000156_2.png,PNG,Imagen3,imagen3,LAION,test,1,Commercial,test_external_unseen_v3_additions/aigi/cf_external_unseen_v3_aigi_commercial_1f7059f7c6f5c047_00000156_2.png.png,complete
cf_external_unseen_v3_aigi_commercial_1fdb33a10eb71bef,aigi_commercial,data/CompEval-00030-of-00413.parquet,4,12,00000012_3.png,PNG,MidjourneyV5_2,midjourneyv5-2,LAION,test,1,Commercial,test_external_unseen_v3_additions/aigi/cf_external_unseen_v3_aigi_commercial_1fdb33a10eb71bef_00000012_3.png.png,complete
cf_external_unseen_v3_aigi_commercial_2016010371fc4a24,aigi_commercial,data/CompEval-00390-of-00413.parquet,3,18,00000475_1.png,PNG,MidjourneyV6_1,midjourneyv6-1,LAION,test,1,Commercial,test_external_unseen_v3_additions/aigi/cf_external_unseen_v3_aigi_commercial_2016010371fc4a24_00000475_1.png.png,complete
cf_external_unseen_v3_aigi_commercial_204160cf673a6bf8,aigi_commercial,data/CompEval-00208-of-00413.parquet,1,5,00000241_1.jpg,JPEG,Firefly_Image2,firefly-image2,LAION,test,1,Commercial,test_external_unseen_v3_additions/aigi/cf_external_unseen_v3_aigi_commercial_204160cf673a6bf8_00000241_1.jpg.jpg,complete
cf_external_unseen_v3_aigi_commercial_2042e60b678ab034,aigi_commercial,data/CompEval-00253-of-00413.parquet,1,0,00000561.png,PNG,Dalle2,dalle2,LAION,test,1,Commercial,test_external_unseen_v3_additions/aigi/cf_external_unseen_v3_aigi_commercial_2042e60b678ab034_00000561.png.png,complete
cf_external_unseen_v3_aigi_commercial_204a855d42498d80,aigi_commercial,data/CompEval-00147-of-00413.parquet,3,4,00000212.png,PNG,IdeogramV2,ideogramv2,LAION,test,1,Commercial,test_external_unseen_v3_additions/aigi/cf_external_unseen_v3_aigi_commercial_204a855d42498d80_00000212.png.png,complete
cf_external_unseen_v3_aigi_commercial_20647627a99a0bb2,aigi_commercial,data/CompEval-00264-of-00413.parquet,2,20,00000417_0.jpg,JPEG,Firefly_Image3,firefly-image3,LAION,test,1,Commercial,test_external_unseen_v3_additions/aigi/cf_external_unseen_v3_aigi_commercial_20647627a99a0bb2_00000417_0.jpg.jpg,complete
cf_external_unseen_v3_aigi_commercial_20d2755b95a1d3e5,aigi_commercial,data/CompEval-00183-of-00413.parquet,3,23,00000961.png,PNG,FLUX-schnell,flux-schnell,LAION,test,1,Commercial,test_external_unseen_v3_additions/aigi/cf_external_unseen_v3_aigi_commercial_20d2755b95a1d3e5_00000961.png.png,complete
cf_external_unseen_v3_aigi_commercial_20d5481ac41e8c77,aigi_commercial,data/CompEval-00252-of-00413.parquet,1,24,00000773.png,PNG,Dalle2,dalle2,LAION,test,1,Commercial,test_external_unseen_v3_additions/aigi/cf_external_unseen_v3_aigi_commercial_20d5481ac41e8c77_00000773.png.png,complete
cf_external_unseen_v3_aigi_commercial_20d754df16a9eea4,aigi_commercial,data/CompEval-00307-of-00413.parquet,3,10,00000157_1.png,PNG,Imagen3,imagen3,LAION,test,1,Commercial,test_external_unseen_v3_additions/aigi/cf_external_unseen_v3_aigi_commercial_20d754df16a9eea4_00000157_1.png.png,complete
cf_external_unseen_v3_aigi_commercial_210cd40f56e2c698,aigi_commercial,data/CompEval-00230-of-00413.parquet,1,2,00000136.png,PNG,Dalle3,dalle3,LAION,test,1,Commercial,test_external_unseen_v3_additions/aigi/cf_external_unseen_v3_aigi_commercial_210cd40f56e2c698_00000136.png.png,complete
cf_external_unseen_v3_aigi_commercial_2116a591d546f2f0,aigi_commercial,data/CompEval-00390-of-00413.parquet,0,5,00000059_2.png,PNG,MidjourneyV6_1,midjourneyv6-1,LAION,test,1,Commercial,test_external_unseen_v3_additions/aigi/cf_external_unseen_v3_aigi_commercial_2116a591d546f2f0_00000059_2.png.png,complete
cf_external_unseen_v3_aigi_commercial_21a68a94c7d94485,aigi_commercial,data/CompEval-00405-of-00413.parquet,1,11,00000658.png,PNG,IdeogramV1,ideogramv1,LAION,test,1,Commercial,test_external_unseen_v3_additions/aigi/cf_external_unseen_v3_aigi_commercial_21a68a94c7d94485_00000658.png.png,complete
cf_external_unseen_v3_aigi_commercial_21d8ea86024e578b,aigi_commercial,data/CompEval-00145-of-00413.parquet,2,13,00000888.png,PNG,IdeogramV2,ideogramv2,LAION,test,1,Commercial,test_external_unseen_v3_additions/aigi/cf_external_unseen_v3_aigi_commercial_21d8ea86024e578b_00000888.png.png,complete
cf_external_unseen_v3_aigi_commercial_225495e873f51b57,aigi_commercial,data/CompEval-00285-of-00413.parquet,2,20,00000461_2.png,PNG,MidjourneyV6_1,midjourneyv6-1,LAION,test,1,Commercial,test_external_unseen_v3_additions/aigi/cf_external_unseen_v3_aigi_commercial_225495e873f51b57_00000461_2.png.png,complete
cf_external_unseen_v3_aigi_commercial_22f9513e12be4393,aigi_commercial,data/CompEval-00300-of-00413.parquet,0,7,00000047.png,PNG,FLUX-dev,flux-dev,LAION,test,1,Commercial,test_external_unseen_v3_additions/aigi/cf_external_unseen_v3_aigi_commercial_22f9513e12be4393_00000047.png.png,complete
cf_external_unseen_v3_aigi_commercial_239240c3bdc4180d,aigi_commercial,data/CompEval-00253-of-00413.parquet,1,1,00000015.png,PNG,Dalle2,dalle2,LAION,test,1,Commercial,test_external_unseen_v3_additions/aigi/cf_external_unseen_v3_aigi_commercial_239240c3bdc4180d_00000015.png.png,complete
cf_external_unseen_v3_aigi_commercial_23bd971ba5bc2b07,aigi_commercial,data/CompEval-00228-of-00413.parquet,2,6,00000453.png,PNG,Dalle3,dalle3,LAION,test,1,Commercial,test_external_unseen_v3_additions/aigi/cf_external_unseen_v3_aigi_commercial_23bd971ba5bc2b07_00000453.png.png,complete
cf_external_unseen_v3_aigi_commercial_23d96214526ed474,aigi_commercial,data/CompEval-00308-of-00413.parquet,0,3,00000185_1.png,PNG,Imagen3,imagen3,LAION,test,1,Commercial,test_external_unseen_v3_additions/aigi/cf_external_unseen_v3_aigi_commercial_23d96214526ed474_00000185_1.png.png,complete
cf_external_unseen_v3_aigi_commercial_23dd84dec3514f03,aigi_commercial,data/CompEval-00051-of-00413.parquet,2,0,00000148_2.png,PNG,MidjourneyV5_2,midjourneyv5-2,LAION,test,1,Commercial,test_external_unseen_v3_additions/aigi/cf_external_unseen_v3_aigi_commercial_23dd84dec3514f03_00000148_2.png.png,complete
cf_external_unseen_v3_aigi_commercial_2416ef40233bb8a7,aigi_commercial,data/CompEval-00066-of-00413.parquet,1,6,00000417_3.jpg,JPEG,Firefly_Image2,firefly-image2,LAION,test,1,Commercial,test_external_unseen_v3_additions/aigi/cf_external_unseen_v3_aigi_commercial_2416ef40233bb8a7_00000417_3.jpg.jpg,complete
cf_external_unseen_v3_aigi_commercial_244d4537990f605e,aigi_commercial,data/CompEval-00300-of-00413.parquet,2,8,00000110.png,PNG,FLUX-dev,flux-dev,LAION,test,1,Commercial,test_external_unseen_v3_additions/aigi/cf_external_unseen_v3_aigi_commercial_244d4537990f605e_00000110.png.png,complete
cf_external_unseen_v3_aigi_commercial_247533b01cbc57d5,aigi_commercial,data/CompEval-00144-of-00413.parquet,2,22,00000568.png,PNG,IdeogramV2,ideogramv2,LAION,test,1,Commercial,test_external_unseen_v3_additions/aigi/cf_external_unseen_v3_aigi_commercial_247533b01cbc57d5_00000568.png.png,complete
cf_external_unseen_v3_aigi_commercial_2499a3ef0e69405e,aigi_commercial,data/CompEval-00147-of-00413.parquet,3,11,00000265.png,PNG,IdeogramV2,ideogramv2,LAION,test,1,Commercial,test_external_unseen_v3_additions/aigi/cf_external_unseen_v3_aigi_commercial_2499a3ef0e69405e_00000265.png.png,complete
cf_external_unseen_v3_aigi_commercial_249a681acc0532dc,aigi_commercial,data/CompEval-00300-of-00413.parquet,2,0,00000459.png,PNG,FLUX-dev,flux-dev,LAION,test,1,Commercial,test_external_unseen_v3_additions/aigi/cf_external_unseen_v3_aigi_commercial_249a681acc0532dc_00000459.png.png,complete
cf_external_unseen_v3_aigi_commercial_249af03ea202d5d7,aigi_commercial,data/CompEval-00284-of-00413.parquet,0,0,00000169_3.png,PNG,MidjourneyV6_1,midjourneyv6-1,LAION,test,1,Commercial,test_external_unseen_v3_additions/aigi/cf_external_unseen_v3_aigi_commercial_249af03ea202d5d7_00000169_3.png.png,complete
cf_external_unseen_v3_aigi_commercial_24a94ae92e02a686,aigi_commercial,data/CompEval-00183-of-00413.parquet,3,6,00000499.png,PNG,FLUX-schnell,flux-schnell,LAION,test,1,Commercial,test_external_unseen_v3_additions/aigi/cf_external_unseen_v3_aigi_commercial_24a94ae92e02a686_00000499.png.png,complete
cf_external_unseen_v3_aigi_commercial_2540bada0fc6357b,aigi_commercial,data/CompEval-00147-of-00413.parquet,3,20,00000264.png,PNG,IdeogramV2,ideogramv2,LAION,test,1,Commercial,test_external_unseen_v3_additions/aigi/cf_external_unseen_v3_aigi_commercial_2540bada0fc6357b_00000264.png.png,complete
cf_external_unseen_v3_aigi_commercial_25572254f7eb8d8c,aigi_commercial,data/CompEval-00142-of-00413.parquet,4,6,00000831.png,PNG,FLUX-schnell,flux-schnell,LAION,test,1,Commercial,test_external_unseen_v3_additions/aigi/cf_external_unseen_v3_aigi_commercial_25572254f7eb8d8c_00000831.png.png,complete
cf_external_unseen_v3_aigi_commercial_25c2341ad6a9f1b2,aigi_commercial,data/CompEval-00264-of-00413.parquet,2,23,00000345_1.jpg,JPEG,Firefly_Image3,firefly-image3,LAION,test,1,Commercial,test_external_unseen_v3_additions/aigi/cf_external_unseen_v3_aigi_commercial_25c2341ad6a9f1b2_00000345_1.jpg.jpg,complete
cf_external_unseen_v3_aigi_commercial_264a1181b29be721,aigi_commercial,data/CompEval-00144-of-00413.parquet,2,6,00000350.png,PNG,IdeogramV2,ideogramv2,LAION,test,1,Commercial,test_external_unseen_v3_additions/aigi/cf_external_unseen_v3_aigi_commercial_264a1181b29be721_00000350.png.png,complete
cf_external_unseen_v3_aigi_commercial_269b53441b3936ff,aigi_commercial,data/CompEval-00405-of-00413.parquet,3,21,00000960.png,PNG,IdeogramV1,ideogramv1,LAION,test,1,Commercial,test_external_unseen_v3_additions/aigi/cf_external_unseen_v3_aigi_commercial_269b53441b3936ff_00000960.png.png,complete
cf_external_unseen_v3_aigi_commercial_26fc13a0d775abff,aigi_commercial,data/CompEval-00048-of-00413.parquet,1,10,00000249_0.png,PNG,MidjourneyV5_2,midjourneyv5-2,LAION,test,1,Commercial,test_external_unseen_v3_additions/aigi/cf_external_unseen_v3_aigi_commercial_26fc13a0d775abff_00000249_0.png.png,complete
cf_external_unseen_v3_aigi_commercial_27579b7914f3892e,aigi_commercial,data/CompEval-00253-of-00413.parquet,1,18,00000890.png,PNG,Dalle2,dalle2,LAION,test,1,Commercial,test_external_unseen_v3_additions/aigi/cf_external_unseen_v3_aigi_commercial_27579b7914f3892e_00000890.png.png,complete
cf_external_unseen_v3_aigi_commercial_278f03692cccdd2a,aigi_commercial,data/CompEval-00144-of-00413.parquet,2,7,00000613.png,PNG,IdeogramV2,ideogramv2,LAION,test,1,Commercial,test_external_unseen_v3_additions/aigi/cf_external_unseen_v3_aigi_commercial_278f03692cccdd2a_00000613.png.png,complete
cf_external_unseen_v3_aigi_commercial_27a4c04a952f12f7,aigi_commercial,data/CompEval-00048-of-00413.parquet,1,4,00000302_1.png,PNG,MidjourneyV5_2,midjourneyv5-2,LAION,test,1,Commercial,test_external_unseen_v3_additions/aigi/cf_external_unseen_v3_aigi_commercial_27a4c04a952f12f7_00000302_1.png.png,complete
cf_external_unseen_v3_aigi_commercial_27aa5507408c8a9c,aigi_commercial,data/CompEval-00266-of-00413.parquet,1,10,00000138_1.jpg,JPEG,Firefly_Image3,firefly-image3,LAION,test,1,Commercial,test_external_unseen_v3_additions/aigi/cf_external_unseen_v3_aigi_commercial_27aa5507408c8a9c_00000138_1.jpg.jpg,complete
cf_external_unseen_v3_aigi_commercial_27e2a5e9632ca133,aigi_commercial,data/CompEval-00248-of-00413.parquet,4,10,00000033.png,PNG,Dalle2,dalle2,LAION,test,1,Commercial,test_external_unseen_v3_additions/aigi/cf_external_unseen_v3_aigi_commercial_27e2a5e9632ca133_00000033.png.png,complete
cf_external_unseen_v3_aigi_commercial_27f96fa103836cc7,aigi_commercial,data/CompEval-00266-of-00413.parquet,1,6,00000262_3.jpg,JPEG,Firefly_Image3,firefly-image3,LAION,test,1,Commercial,test_external_unseen_v3_additions/aigi/cf_external_unseen_v3_aigi_commercial_27f96fa103836cc7_00000262_3.jpg.jpg,complete
cf_external_unseen_v3_aigi_commercial_28b7276168633fd0,aigi_commercial,data/CompEval-00284-of-00413.parquet,0,10,00000232_0.png,PNG,MidjourneyV6_1,midjourneyv6-1,LAION,test,1,Commercial,test_external_unseen_v3_additions/aigi/cf_external_unseen_v3_aigi_commercial_28b7276168633fd0_00000232_0.png.png,complete
cf_external_unseen_v3_aigi_commercial_28c3878352d6464b,aigi_commercial,data/CompEval-00264-of-00413.parquet,2,7,00000116_3.jpg,JPEG,Firefly_Image3,firefly-image3,LAION,test,1,Commercial,test_external_unseen_v3_additions/aigi/cf_external_unseen_v3_aigi_commercial_28c3878352d6464b_00000116_3.jpg.jpg,complete
cf_external_unseen_v3_aigi_commercial_28fd40ad7d6b4f78,aigi_commercial,data/CompEval-00147-of-00413.parquet,3,3,00000388.png,PNG,IdeogramV2,ideogramv2,LAION,test,1,Commercial,test_external_unseen_v3_additions/aigi/cf_external_unseen_v3_aigi_commercial_28fd40ad7d6b4f78_00000388.png.png,complete
cf_external_unseen_v3_aigi_commercial_29c53c7645f066eb,aigi_commercial,data/CompEval-00145-of-00413.parquet,2,9,00000116.png,PNG,IdeogramV2,ideogramv2,LAION,test,1,Commercial,test_external_unseen_v3_additions/aigi/cf_external_unseen_v3_aigi_commercial_29c53c7645f066eb_00000116.png.png,complete
cf_external_unseen_v3_aigi_commercial_2a2e9c431dee0482,aigi_commercial,data/CompEval-00308-of-00413.parquet,0,1,00000155_0.png,PNG,Imagen3,imagen3,LAION,test,1,Commercial,test_external_unseen_v3_additions/aigi/cf_external_unseen_v3_aigi_commercial_2a2e9c431dee0482_00000155_0.png.png,complete
cf_external_unseen_v3_aigi_commercial_2a3be61510a39f92,aigi_commercial,data/CompEval-00335-of-00413.parquet,1,5,00000458_2.jpg,JPEG,Firefly_Image3,firefly-image3,LAION,test,1,Commercial,test_external_unseen_v3_additions/aigi/cf_external_unseen_v3_aigi_commercial_2a3be61510a39f92_00000458_2.jpg.jpg,complete
cf_external_unseen_v3_aigi_commercial_2a6d6a5212697875,aigi_commercial,data/CompEval-00252-of-00413.parquet,1,15,00000330.png,PNG,Dalle2,dalle2,LAION,test,1,Commercial,test_external_unseen_v3_additions/aigi/cf_external_unseen_v3_aigi_commercial_2a6d6a5212697875_00000330.png.png,complete
cf_external_unseen_v3_aigi_commercial_2b1c60283c50f3d2,aigi_commercial,data/CompEval-00250-of-00413.parquet,0,23,00000081.png,PNG,Dalle2,dalle2,LAION,test,1,Commercial,test_external_unseen_v3_additions/aigi/cf_external_unseen_v3_aigi_commercial_2b1c60283c50f3d2_00000081.png.png,complete
cf_external_unseen_v3_aigi_commercial_2bae3e22122dd40d,aigi_commercial,data/CompEval-00181-of-00413.parquet,4,8,00000153_0.jpg,JPEG,Firefly_Image2,firefly-image2,LAION,test,1,Commercial,test_external_unseen_v3_additions/aigi/cf_external_unseen_v3_aigi_commercial_2bae3e22122dd40d_00000153_0.jpg.jpg,complete
cf_external_unseen_v3_aigi_commercial_2c7f5feaa12d555b,aigi_commercial,data/CompEval-00308-of-00413.parquet,0,0,00000030_0.png,PNG,Imagen3,imagen3,LAION,test,1,Commercial,test_external_unseen_v3_additions/aigi/cf_external_unseen_v3_aigi_commercial_2c7f5feaa12d555b_00000030_0.png.png,complete
cf_external_unseen_v3_aigi_commercial_2c800597d5730740,aigi_commercial,data/CompEval-00228-of-00413.parquet,3,1,00000592.png,PNG,Dalle3,dalle3,LAION,test,1,Commercial,test_external_unseen_v3_additions/aigi/cf_external_unseen_v3_aigi_commercial_2c800597d5730740_00000592.png.png,complete
cf_external_unseen_v3_aigi_commercial_2cd4254943754419,aigi_commercial,data/CompEval-00228-of-00413.parquet,2,10,00000977.png,PNG,Dalle3,dalle3,LAION,test,1,Commercial,test_external_unseen_v3_additions/aigi/cf_external_unseen_v3_aigi_commercial_2cd4254943754419_00000977.png.png,complete
cf_external_unseen_v3_aigi_commercial_2d05ce2d3f8a63d4,aigi_commercial,data/CompEval-00303-of-00413.parquet,2,18,00000275_0.png,PNG,Imagen3,imagen3,LAION,test,1,Commercial,test_external_unseen_v3_additions/aigi/cf_external_unseen_v3_aigi_commercial_2d05ce2d3f8a63d4_00000275_0.png.png,complete
cf_external_unseen_v3_aigi_commercial_2d1f407fdd84adb1,aigi_commercial,data/CompEval-00300-of-00413.parquet,0,15,00000260.png,PNG,FLUX-dev,flux-dev,LAION,test,1,Commercial,test_external_unseen_v3_additions/aigi/cf_external_unseen_v3_aigi_commercial_2d1f407fdd84adb1_00000260.png.png,complete
cf_external_unseen_v3_aigi_commercial_2d4c259dca109cf8,aigi_commercial,data/CompEval-00252-of-00413.parquet,1,9,00000651.png,PNG,Dalle2,dalle2,LAION,test,1,Commercial,test_external_unseen_v3_additions/aigi/cf_external_unseen_v3_aigi_commercial_2d4c259dca109cf8_00000651.png.png,complete
cf_external_unseen_v3_aigi_commercial_2d964fd2a6b5395b,aigi_commercial,data/CompEval-00208-of-00413.parquet,1,4,00000140_0.jpg,JPEG,Firefly_Image2,firefly-image2,LAION,test,1,Commercial,test_external_unseen_v3_additions/aigi/cf_external_unseen_v3_aigi_commercial_2d964fd2a6b5395b_00000140_0.jpg.jpg,complete
cf_external_unseen_v3_aigi_commercial_2dcb77847e721ccf,aigi_commercial,data/CompEval-00335-of-00413.parquet,1,9,00000068_3.jpg,JPEG,Firefly_Image3,firefly-image3,LAION,test,1,Commercial,test_external_unseen_v3_additions/aigi/cf_external_unseen_v3_aigi_commercial_2dcb77847e721ccf_00000068_3.jpg.jpg,complete
cf_external_unseen_v3_aigi_commercial_2de70c1cd02ebf9c,aigi_commercial,data/CompEval-00406-of-00413.parquet,3,12,00000449.png,PNG,IdeogramV1,ideogramv1,LAION,test,1,Commercial,test_external_unseen_v3_additions/aigi/cf_external_unseen_v3_aigi_commercial_2de70c1cd02ebf9c_00000449.png.png,complete
cf_external_unseen_v3_aigi_commercial_2df4f930d9dfaa19,aigi_commercial,data/CompEval-00208-of-00413.parquet,1,0,00000309_0.jpg,JPEG,Firefly_Image2,firefly-image2,LAION,test,1,Commercial,test_external_unseen_v3_additions/aigi/cf_external_unseen_v3_aigi_commercial_2df4f930d9dfaa19_00000309_0.jpg.jpg,complete
cf_external_unseen_v3_aigi_commercial_2e3777363abaf9fd,aigi_commercial,data/CompEval-00066-of-00413.parquet,1,20,00000494_1.jpg,JPEG,Firefly_Image2,firefly-image2,LAION,test,1,Commercial,test_external_unseen_v3_additions/aigi/cf_external_unseen_v3_aigi_commercial_2e3777363abaf9fd_00000494_1.jpg.jpg,complete
cf_external_unseen_v3_aigi_commercial_2e5bb29ee22e4184,aigi_commercial,data/CompEval-00407-of-00413.parquet,1,20,00000825.png,PNG,IdeogramV1,ideogramv1,LAION,test,1,Commercial,test_external_unseen_v3_additions/aigi/cf_external_unseen_v3_aigi_commercial_2e5bb29ee22e4184_00000825.png.png,complete
cf_external_unseen_v3_aigi_commercial_2e75f8d6113c2da0,aigi_commercial,data/CompEval-00390-of-00413.parquet,0,20,00000030_0.png,PNG,MidjourneyV6_1,midjourneyv6-1,LAION,test,1,Commercial,test_external_unseen_v3_additions/aigi/cf_external_unseen_v3_aigi_commercial_2e75f8d6113c2da0_00000030_0.png.png,complete
cf_external_unseen_v3_aigi_commercial_2ee111b5358b4a87,aigi_commercial,data/CompEval-00250-of-00413.parquet,0,7,00000304.png,PNG,Dalle2,dalle2,LAION,test,1,Commercial,test_external_unseen_v3_additions/aigi/cf_external_unseen_v3_aigi_commercial_2ee111b5358b4a87_00000304.png.png,complete
cf_external_unseen_v3_aigi_commercial_2f853082d6b8ecfa,aigi_commercial,data/CompEval-00264-of-00413.parquet,2,18,00000363_0.jpg,JPEG,Firefly_Image3,firefly-image3,LAION,test,1,Commercial,test_external_unseen_v3_additions/aigi/cf_external_unseen_v3_aigi_commercial_2f853082d6b8ecfa_00000363_0.jpg.jpg,complete
cf_external_unseen_v3_aigi_commercial_2f8a82f07535fe40,aigi_commercial,data/CompEval-00308-of-00413.parquet,0,8,00000124_0.png,PNG,Imagen3,imagen3,LAION,test,1,Commercial,test_external_unseen_v3_additions/aigi/cf_external_unseen_v3_aigi_commercial_2f8a82f07535fe40_00000124_0.png.png,complete
cf_external_unseen_v3_aigi_commercial_2fa1a0a3faa47902,aigi_commercial,data/CompEval-00285-of-00413.parquet,2,3,00000225_2.png,PNG,MidjourneyV6_1,midjourneyv6-1,LAION,test,1,Commercial,test_external_unseen_v3_additions/aigi/cf_external_unseen_v3_aigi_commercial_2fa1a0a3faa47902_00000225_2.png.png,complete
cf_external_unseen_v3_aigi_commercial_303b967492746c7a,aigi_commercial,data/CompEval-00405-of-00413.parquet,3,3,00000324.png,PNG,IdeogramV1,ideogramv1,LAION,test,1,Commercial,test_external_unseen_v3_additions/aigi/cf_external_unseen_v3_aigi_commercial_303b967492746c7a_00000324.png.png,complete
cf_external_unseen_v3_aigi_commercial_305313ca87420025,aigi_commercial,data/CompEval-00390-of-00413.parquet,0,23,00000218_3.png,PNG,MidjourneyV6_1,midjourneyv6-1,LAION,test,1,Commercial,test_external_unseen_v3_additions/aigi/cf_external_unseen_v3_aigi_commercial_305313ca87420025_00000218_3.png.png,complete
cf_external_unseen_v3_aigi_commercial_30fc3a679336c476,aigi_commercial,data/CompEval-00141-of-00413.parquet,3,10,00000677.png,PNG,FLUX-schnell,flux-schnell,LAION,test,1,Commercial,test_external_unseen_v3_additions/aigi/cf_external_unseen_v3_aigi_commercial_30fc3a679336c476_00000677.png.png,complete
cf_external_unseen_v3_aigi_commercial_31417f19f30e4bdf,aigi_commercial,data/CompEval-00264-of-00413.parquet,2,24,00000478_3.jpg,JPEG,Firefly_Image3,firefly-image3,LAION,test,1,Commercial,test_external_unseen_v3_additions/aigi/cf_external_unseen_v3_aigi_commercial_31417f19f30e4bdf_00000478_3.jpg.jpg,complete
cf_external_unseen_v3_aigi_commercial_31d448ac19c26421,aigi_commercial,data/CompEval-00298-of-00413.parquet,3,9,00000059.png,PNG,FLUX-dev,flux-dev,LAION,test,1,Commercial,test_external_unseen_v3_additions/aigi/cf_external_unseen_v3_aigi_commercial_31d448ac19c26421_00000059.png.png,complete
cf_external_unseen_v3_aigi_commercial_323e479abd94022e,aigi_commercial,data/CompEval-00285-of-00413.parquet,2,8,00000165_3.png,PNG,MidjourneyV6_1,midjourneyv6-1,LAION,test,1,Commercial,test_external_unseen_v3_additions/aigi/cf_external_unseen_v3_aigi_commercial_323e479abd94022e_00000165_3.png.png,complete
cf_external_unseen_v3_aigi_commercial_3259c988a5e339e4,aigi_commercial,data/CompEval-00230-of-00413.parquet,1,10,00000701.png,PNG,Dalle3,dalle3,LAION,test,1,Commercial,test_external_unseen_v3_additions/aigi/cf_external_unseen_v3_aigi_commercial_3259c988a5e339e4_00000701.png.png,complete
cf_external_unseen_v3_aigi_commercial_326c0aef70bf2bff,aigi_commercial,data/CompEval-00147-of-00413.parquet,3,9,00000310.png,PNG,IdeogramV2,ideogramv2,LAION,test,1,Commercial,test_external_unseen_v3_additions/aigi/cf_external_unseen_v3_aigi_commercial_326c0aef70bf2bff_00000310.png.png,complete
cf_external_unseen_v3_aigi_commercial_32b729adc5de5eab,aigi_commercial,data/CompEval-00141-of-00413.parquet,3,20,00000334.png,PNG,FLUX-schnell,flux-schnell,LAION,test,1,Commercial,test_external_unseen_v3_additions/aigi/cf_external_unseen_v3_aigi_commercial_32b729adc5de5eab_00000334.png.png,complete
cf_external_unseen_v3_aigi_commercial_33590ae46442190e,aigi_commercial,data/CompEval-00048-of-00413.parquet,1,7,00000158_1.png,PNG,MidjourneyV5_2,midjourneyv5-2,LAION,test,1,Commercial,test_external_unseen_v3_additions/aigi/cf_external_unseen_v3_aigi_commercial_33590ae46442190e_00000158_1.png.png,complete
cf_external_unseen_v3_aigi_commercial_3369c9b9728ac0ae,aigi_commercial,data/CompEval-00147-of-00413.parquet,3,2,00000651.png,PNG,IdeogramV2,ideogramv2,LAION,test,1,Commercial,test_external_unseen_v3_additions/aigi/cf_external_unseen_v3_aigi_commercial_3369c9b9728ac0ae_00000651.png.png,complete
cf_external_unseen_v3_aigi_commercial_338e105a64fd5bbd,aigi_commercial,data/CompEval-00069-of-00413.parquet,0,12,00000488_2.jpg,JPEG,Firefly_Image2,firefly-image2,LAION,test,1,Commercial,test_external_unseen_v3_additions/aigi/cf_external_unseen_v3_aigi_commercial_338e105a64fd5bbd_00000488_2.jpg.jpg,complete
cf_external_unseen_v3_aigi_commercial_33986848d26bf242,aigi_commercial,data/CompEval-00250-of-00413.parquet,0,17,00000230.png,PNG,Dalle2,dalle2,LAION,test,1,Commercial,test_external_unseen_v3_additions/aigi/cf_external_unseen_v3_aigi_commercial_33986848d26bf242_00000230.png.png,complete
cf_external_unseen_v3_aigi_commercial_33ad2c6e91c81494,aigi_commercial,data/CompEval-00144-of-00413.parquet,2,20,00000509.png,PNG,IdeogramV2,ideogramv2,LAION,test,1,Commercial,test_external_unseen_v3_additions/aigi/cf_external_unseen_v3_aigi_commercial_33ad2c6e91c81494_00000509.png.png,complete
cf_external_unseen_v3_aigi_commercial_33f5e0d545d9b1c4,aigi_commercial,data/CompEval-00069-of-00413.parquet,0,0,00000327_3.jpg,JPEG,Firefly_Image2,firefly-image2,LAION,test,1,Commercial,test_external_unseen_v3_additions/aigi/cf_external_unseen_v3_aigi_commercial_33f5e0d545d9b1c4_00000327_3.jpg.jpg,complete
cf_external_unseen_v3_aigi_commercial_3419a6b81eee69d8,aigi_commercial,data/CompEval-00298-of-00413.parquet,3,1,00000197.png,PNG,FLUX-dev,flux-dev,LAION,test,1,Commercial,test_external_unseen_v3_additions/aigi/cf_external_unseen_v3_aigi_commercial_3419a6b81eee69d8_00000197.png.png,complete
cf_external_unseen_v3_aigi_commercial_347dfdad1a26ce1d,aigi_commercial,data/CompEval-00307-of-00413.parquet,3,4,00000097_0.png,PNG,Imagen3,imagen3,LAION,test,1,Commercial,test_external_unseen_v3_additions/aigi/cf_external_unseen_v3_aigi_commercial_347dfdad1a26ce1d_00000097_0.png.png,complete
cf_external_unseen_v3_aigi_commercial_3489a603166c76b9,aigi_commercial,data/CompEval-00335-of-00413.parquet,1,20,00000273_1.jpg,JPEG,Firefly_Image3,firefly-image3,LAION,test,1,Commercial,test_external_unseen_v3_additions/aigi/cf_external_unseen_v3_aigi_commercial_3489a603166c76b9_00000273_1.jpg.jpg,complete
cf_external_unseen_v3_aigi_commercial_351c3ca11afb9f97,aigi_commercial,data/CompEval-00141-of-00413.parquet,3,16,00000646.png,PNG,FLUX-schnell,flux-schnell,LAION,test,1,Commercial,test_external_unseen_v3_additions/aigi/cf_external_unseen_v3_aigi_commercial_351c3ca11afb9f97_00000646.png.png,complete
cf_external_unseen_v3_aigi_commercial_35283c0829e54be9,aigi_commercial,data/CompEval-00294-of-00413.parquet,3,8,00000783.png,PNG,FLUX-dev,flux-dev,LAION,test,1,Commercial,test_external_unseen_v3_additions/aigi/cf_external_unseen_v3_aigi_commercial_35283c0829e54be9_00000783.png.png,complete
cf_external_unseen_v3_aigi_commercial_3566b740e2c11c5f,aigi_commercial,data/CompEval-00228-of-00413.parquet,2,7,00000088.png,PNG,Dalle3,dalle3,LAION,test,1,Commercial,test_external_unseen_v3_additions/aigi/cf_external_unseen_v3_aigi_commercial_3566b740e2c11c5f_00000088.png.png,complete
cf_external_unseen_v3_aigi_commercial_3606fa6a18820e7c,aigi_commercial,data/CompEval-00285-of-00413.parquet,2,24,00000443_1.png,PNG,MidjourneyV6_1,midjourneyv6-1,LAION,test,1,Commercial,test_external_unseen_v3_additions/aigi/cf_external_unseen_v3_aigi_commercial_3606fa6a18820e7c_00000443_1.png.png,complete
cf_external_unseen_v3_aigi_commercial_3607246f317f1a77,aigi_commercial,data/CompEval-00069-of-00413.parquet,0,11,00000265_1.jpg,JPEG,Firefly_Image2,firefly-image2,LAION,test,1,Commercial,test_external_unseen_v3_additions/aigi/cf_external_unseen_v3_aigi_commercial_3607246f317f1a77_00000265_1.jpg.jpg,complete
cf_external_unseen_v3_aigi_commercial_36172e2a35b2a765,aigi_commercial,data/CompEval-00183-of-00413.parquet,3,22,00000441.png,PNG,FLUX-schnell,flux-schnell,LAION,test,1,Commercial,test_external_unseen_v3_additions/aigi/cf_external_unseen_v3_aigi_commercial_36172e2a35b2a765_00000441.png.png,complete
cf_external_unseen_v3_aigi_commercial_36334baefce9a8cd,aigi_commercial,data/CompEval-00250-of-00413.parquet,0,11,00000761.png,PNG,Dalle2,dalle2,LAION,test,1,Commercial,test_external_unseen_v3_additions/aigi/cf_external_unseen_v3_aigi_commercial_36334baefce9a8cd_00000761.png.png,complete
cf_external_unseen_v3_aigi_commercial_366558d485b754ea,aigi_commercial,data/CompEval-00294-of-00413.parquet,3,15,00000973.png,PNG,FLUX-dev,flux-dev,LAION,test,1,Commercial,test_external_unseen_v3_additions/aigi/cf_external_unseen_v3_aigi_commercial_366558d485b754ea_00000973.png.png,complete
cf_external_unseen_v3_aigi_commercial_36662e2c22565108,aigi_commercial,data/CompEval-00285-of-00413.parquet,2,23,00000133_3.png,PNG,MidjourneyV6_1,midjourneyv6-1,LAION,test,1,Commercial,test_external_unseen_v3_additions/aigi/cf_external_unseen_v3_aigi_commercial_36662e2c22565108_00000133_3.png.png,complete
cf_external_unseen_v3_aigi_commercial_368c31c756ed1ef5,aigi_commercial,data/CompEval-00030-of-00413.parquet,4,15,00000149_1.png,PNG,MidjourneyV5_2,midjourneyv5-2,LAION,test,1,Commercial,test_external_unseen_v3_additions/aigi/cf_external_unseen_v3_aigi_commercial_368c31c756ed1ef5_00000149_1.png.png,complete
cf_external_unseen_v3_aigi_commercial_36c4975cd10af95e,aigi_commercial,data/CompEval-00248-of-00413.parquet,4,21,00000578.png,PNG,Dalle2,dalle2,LAION,test,1,Commercial,test_external_unseen_v3_additions/aigi/cf_external_unseen_v3_aigi_commercial_36c4975cd10af95e_00000578.png.png,complete
cf_external_unseen_v3_aigi_commercial_36cc25c5664beddf,aigi_commercial,data/CompEval-00405-of-00413.parquet,1,19,00000803.png,PNG,IdeogramV1,ideogramv1,LAION,test,1,Commercial,test_external_unseen_v3_additions/aigi/cf_external_unseen_v3_aigi_commercial_36cc25c5664beddf_00000803.png.png,complete
cf_external_unseen_v3_aigi_commercial_373eda0f93302521,aigi_commercial,data/CompEval-00026-of-00413.parquet,1,4,00000284_0.png,PNG,MidjourneyV5_2,midjourneyv5-2,LAION,test,1,Commercial,test_external_unseen_v3_additions/aigi/cf_external_unseen_v3_aigi_commercial_373eda0f93302521_00000284_0.png.png,complete
cf_external_unseen_v3_aigi_commercial_3788eb5546f8e1b2,aigi_commercial,data/CompEval-00230-of-00413.parquet,1,24,00000620.png,PNG,Dalle3,dalle3,LAION,test,1,Commercial,test_external_unseen_v3_additions/aigi/cf_external_unseen_v3_aigi_commercial_3788eb5546f8e1b2_00000620.png.png,complete
cf_external_unseen_v3_aigi_commercial_37ca55c4dcb5f7b6,aigi_commercial,data/CompEval-00183-of-00413.parquet,3,9,00000372.png,PNG,FLUX-schnell,flux-schnell,LAION,test,1,Commercial,test_external_unseen_v3_additions/aigi/cf_external_unseen_v3_aigi_commercial_37ca55c4dcb5f7b6_00000372.png.png,complete
cf_external_unseen_v3_aigi_commercial_37ca7cb42567affe,aigi_commercial,data/CompEval-00266-of-00413.parquet,1,12,00000203_3.jpg,JPEG,Firefly_Image3,firefly-image3,LAION,test,1,Commercial,test_external_unseen_v3_additions/aigi/cf_external_unseen_v3_aigi_commercial_37ca7cb42567affe_00000203_3.jpg.jpg,complete
cf_external_unseen_v3_aigi_commercial_37dc37c566e0c490,aigi_commercial,data/CompEval-00173-of-00413.parquet,4,8,00000209_3.png,PNG,Imagen3,imagen3,LAION,test,1,Commercial,test_external_unseen_v3_additions/aigi/cf_external_unseen_v3_aigi_commercial_37dc37c566e0c490_00000209_3.png.png,complete
cf_external_unseen_v3_aigi_commercial_388776f81f572b06,aigi_commercial,data/CompEval-00173-of-00413.parquet,4,13,00000201_0.png,PNG,Imagen3,imagen3,LAION,test,1,Commercial,test_external_unseen_v3_additions/aigi/cf_external_unseen_v3_aigi_commercial_388776f81f572b06_00000201_0.png.png,complete
cf_external_unseen_v3_aigi_commercial_39320f9578662419,aigi_commercial,data/CompEval-00144-of-00413.parquet,2,0,00000686.png,PNG,IdeogramV2,ideogramv2,LAION,test,1,Commercial,test_external_unseen_v3_additions/aigi/cf_external_unseen_v3_aigi_commercial_39320f9578662419_00000686.png.png,complete
cf_external_unseen_v3_aigi_commercial_3932b225e8130da3,aigi_commercial,data/CompEval-00145-of-00413.parquet,2,8,00000044.png,PNG,IdeogramV2,ideogramv2,LAION,test,1,Commercial,test_external_unseen_v3_additions/aigi/cf_external_unseen_v3_aigi_commercial_3932b225e8130da3_00000044.png.png,complete
cf_external_unseen_v3_aigi_commercial_397876a0a0363f84,aigi_commercial,data/CompEval-00141-of-00413.parquet,3,5,00000245.png,PNG,FLUX-schnell,flux-schnell,LAION,test,1,Commercial,test_external_unseen_v3_additions/aigi/cf_external_unseen_v3_aigi_commercial_397876a0a0363f84_00000245.png.png,complete
cf_external_unseen_v3_aigi_commercial_39c284aaa3d4373d,aigi_commercial,data/CompEval-00303-of-00413.parquet,2,4,00000170_3.png,PNG,Imagen3,imagen3,LAION,test,1,Commercial,test_external_unseen_v3_additions/aigi/cf_external_unseen_v3_aigi_commercial_39c284aaa3d4373d_00000170_3.png.png,complete
cf_external_unseen_v3_aigi_commercial_39eddf825c680022,aigi_commercial,data/CompEval-00266-of-00413.parquet,1,2,00000296_2.jpg,JPEG,Firefly_Image3,firefly-image3,LAION,test,1,Commercial,test_external_unseen_v3_additions/aigi/cf_external_unseen_v3_aigi_commercial_39eddf825c680022_00000296_2.jpg.jpg,complete
cf_external_unseen_v3_aigi_commercial_3a2f830bdb1463a8,aigi_commercial,data/CompEval-00147-of-00413.parquet,3,23,00000822.png,PNG,IdeogramV2,ideogramv2,LAION,test,1,Commercial,test_external_unseen_v3_additions/aigi/cf_external_unseen_v3_aigi_commercial_3a2f830bdb1463a8_00000822.png.png,complete
cf_external_unseen_v3_aigi_commercial_3a458801d772e7db,aigi_commercial,data/CompEval-00390-of-00413.parquet,3,0,00000119_1.png,PNG,MidjourneyV6_1,midjourneyv6-1,LAION,test,1,Commercial,test_external_unseen_v3_additions/aigi/cf_external_unseen_v3_aigi_commercial_3a458801d772e7db_00000119_1.png.png,complete
cf_external_unseen_v3_aigi_commercial_3a45daab85b3af75,aigi_commercial,data/CompEval-00026-of-00413.parquet,1,19,00000121_0.png,PNG,MidjourneyV5_2,midjourneyv5-2,LAION,test,1,Commercial,test_external_unseen_v3_additions/aigi/cf_external_unseen_v3_aigi_commercial_3a45daab85b3af75_00000121_0.png.png,complete
cf_external_unseen_v3_aigi_commercial_3b31c71f7dccc5c8,aigi_commercial,data/CompEval-00144-of-00413.parquet,2,17,00000879.png,PNG,IdeogramV2,ideogramv2,LAION,test,1,Commercial,test_external_unseen_v3_additions/aigi/cf_external_unseen_v3_aigi_commercial_3b31c71f7dccc5c8_00000879.png.png,complete
cf_external_unseen_v3_aigi_commercial_3bafbad94866a6d0,aigi_commercial,data/CompEval-00230-of-00413.parquet,1,0,00000210.png,PNG,Dalle3,dalle3,LAION,test,1,Commercial,test_external_unseen_v3_additions/aigi/cf_external_unseen_v3_aigi_commercial_3bafbad94866a6d0_00000210.png.png,complete
cf_external_unseen_v3_aigi_commercial_3bdf9bb3b9244f34,aigi_commercial,data/CompEval-00405-of-00413.parquet,3,14,00000744.png,PNG,IdeogramV1,ideogramv1,LAION,test,1,Commercial,test_external_unseen_v3_additions/aigi/cf_external_unseen_v3_aigi_commercial_3bdf9bb3b9244f34_00000744.png.png,complete
cf_external_unseen_v3_aigi_commercial_3befec646ece68d0,aigi_commercial,data/CompEval-00335-of-00413.parquet,1,11,00000071_2.jpg,JPEG,Firefly_Image3,firefly-image3,LAION,test,1,Commercial,test_external_unseen_v3_additions/aigi/cf_external_unseen_v3_aigi_commercial_3befec646ece68d0_00000071_2.jpg.jpg,complete
cf_external_unseen_v3_aigi_commercial_3bfae9f4d2f4943f,aigi_commercial,data/CompEval-00252-of-00413.parquet,1,1,00000602.png,PNG,Dalle2,dalle2,LAION,test,1,Commercial,test_external_unseen_v3_additions/aigi/cf_external_unseen_v3_aigi_commercial_3bfae9f4d2f4943f_00000602.png.png,complete
cf_external_unseen_v3_aigi_commercial_3c26c936c9d15a56,aigi_commercial,data/CompEval-00253-of-00413.parquet,1,24,00000588.png,PNG,Dalle2,dalle2,LAION,test,1,Commercial,test_external_unseen_v3_additions/aigi/cf_external_unseen_v3_aigi_commercial_3c26c936c9d15a56_00000588.png.png,complete
cf_external_unseen_v3_aigi_commercial_3c63e5bd2adb0973,aigi_commercial,data/CompEval-00066-of-00413.parquet,1,9,00000016_0.jpg,JPEG,Firefly_Image2,firefly-image2,LAION,test,1,Commercial,test_external_unseen_v3_additions/aigi/cf_external_unseen_v3_aigi_commercial_3c63e5bd2adb0973_00000016_0.jpg.jpg,complete
cf_external_unseen_v3_aigi_commercial_3c9019a674a2643b,aigi_commercial,data/CompEval-00300-of-00413.parquet,2,11,00000450.png,PNG,FLUX-dev,flux-dev,LAION,test,1,Commercial,test_external_unseen_v3_additions/aigi/cf_external_unseen_v3_aigi_commercial_3c9019a674a2643b_00000450.png.png,complete
cf_external_unseen_v3_aigi_commercial_3cb35bc72e0b9e38,aigi_commercial,data/CompEval-00069-of-00413.parquet,0,23,00000344_2.jpg,JPEG,Firefly_Image2,firefly-image2,LAION,test,1,Commercial,test_external_unseen_v3_additions/aigi/cf_external_unseen_v3_aigi_commercial_3cb35bc72e0b9e38_00000344_2.jpg.jpg,complete
cf_external_unseen_v3_aigi_commercial_3cbb0775dbcbf606,aigi_commercial,data/CompEval-00230-of-00413.parquet,1,4,00000628.png,PNG,Dalle3,dalle3,LAION,test,1,Commercial,test_external_unseen_v3_additions/aigi/cf_external_unseen_v3_aigi_commercial_3cbb0775dbcbf606_00000628.png.png,complete
cf_external_unseen_v3_aigi_commercial_3d15c7e5cad78e73,aigi_commercial,data/CompEval-00405-of-00413.parquet,3,11,00000313.png,PNG,IdeogramV1,ideogramv1,LAION,test,1,Commercial,test_external_unseen_v3_additions/aigi/cf_external_unseen_v3_aigi_commercial_3d15c7e5cad78e73_00000313.png.png,complete
cf_external_unseen_v3_aigi_commercial_3d1650373e9827e4,aigi_commercial,data/CompEval-00405-of-00413.parquet,3,5,00000543.png,PNG,IdeogramV1,ideogramv1,LAION,test,1,Commercial,test_external_unseen_v3_additions/aigi/cf_external_unseen_v3_aigi_commercial_3d1650373e9827e4_00000543.png.png,complete
cf_external_unseen_v3_aigi_commercial_3d210155b1ee20b9,aigi_commercial,data/CompEval-00145-of-00413.parquet,2,2,00000401.png,PNG,IdeogramV2,ideogramv2,LAION,test,1,Commercial,test_external_unseen_v3_additions/aigi/cf_external_unseen_v3_aigi_commercial_3d210155b1ee20b9_00000401.png.png,complete
cf_external_unseen_v3_aigi_commercial_3d222514bc3d217c,aigi_commercial,data/CompEval-00308-of-00413.parquet,0,2,00000025_0.png,PNG,Imagen3,imagen3,LAION,test,1,Commercial,test_external_unseen_v3_additions/aigi/cf_external_unseen_v3_aigi_commercial_3d222514bc3d217c_00000025_0.png.png,complete
cf_external_unseen_v3_aigi_commercial_3f95047f42b94e39,aigi_commercial,data/CompEval-00250-of-00413.parquet,0,5,00000969.png,PNG,Dalle2,dalle2,LAION,test,1,Commercial,test_external_unseen_v3_additions/aigi/cf_external_unseen_v3_aigi_commercial_3f95047f42b94e39_00000969.png.png,complete
cf_external_unseen_v3_aigi_commercial_400543ea6345be33,aigi_commercial,data/CompEval-00253-of-00413.parquet,1,11,00000004.png,PNG,Dalle2,dalle2,LAION,test,1,Commercial,test_external_unseen_v3_additions/aigi/cf_external_unseen_v3_aigi_commercial_400543ea6345be33_00000004.png.png,complete
cf_external_unseen_v3_aigi_commercial_402ad8a585b57612,aigi_commercial,data/CompEval-00228-of-00413.parquet,2,18,00000940.png,PNG,Dalle3,dalle3,LAION,test,1,Commercial,test_external_unseen_v3_additions/aigi/cf_external_unseen_v3_aigi_commercial_402ad8a585b57612_00000940.png.png,complete
cf_external_unseen_v3_aigi_commercial_406deac88a363be4,aigi_commercial,data/CompEval-00224-of-00413.parquet,3,0,00000615.png,PNG,Dalle3,dalle3,LAION,test,1,Commercial,test_external_unseen_v3_additions/aigi/cf_external_unseen_v3_aigi_commercial_406deac88a363be4_00000615.png.png,complete
cf_external_unseen_v3_aigi_commercial_40a16d517bd0380a,aigi_commercial,data/CompEval-00250-of-00413.parquet,0,18,00000124.png,PNG,Dalle2,dalle2,LAION,test,1,Commercial,test_external_unseen_v3_additions/aigi/cf_external_unseen_v3_aigi_commercial_40a16d517bd0380a_00000124.png.png,complete
cf_external_unseen_v3_aigi_commercial_41bcad151afa1b4c,aigi_commercial,data/CompEval-00066-of-00413.parquet,1,22,00000476_3.jpg,JPEG,Firefly_Image2,firefly-image2,LAION,test,1,Commercial,test_external_unseen_v3_additions/aigi/cf_external_unseen_v3_aigi_commercial_41bcad151afa1b4c_00000476_3.jpg.jpg,complete
cf_external_unseen_v3_aigi_commercial_41cd30ad908f2134,aigi_commercial,data/CompEval-00051-of-00413.parquet,2,15,00000398_0.png,PNG,MidjourneyV5_2,midjourneyv5-2,LAION,test,1,Commercial,test_external_unseen_v3_additions/aigi/cf_external_unseen_v3_aigi_commercial_41cd30ad908f2134_00000398_0.png.png,complete
cf_external_unseen_v3_aigi_commercial_41f9027ebb4ecc36,aigi_commercial,data/CompEval-00407-of-00413.parquet,1,0,00000991.png,PNG,IdeogramV1,ideogramv1,LAION,test,1,Commercial,test_external_unseen_v3_additions/aigi/cf_external_unseen_v3_aigi_commercial_41f9027ebb4ecc36_00000991.png.png,complete
cf_external_unseen_v3_aigi_commercial_42780a05baf6c520,aigi_commercial,data/CompEval-00390-of-00413.parquet,3,22,00000032_3.png,PNG,MidjourneyV6_1,midjourneyv6-1,LAION,test,1,Commercial,test_external_unseen_v3_additions/aigi/cf_external_unseen_v3_aigi_commercial_42780a05baf6c520_00000032_3.png.png,complete
cf_external_unseen_v3_aigi_commercial_442ba61e58e75268,aigi_commercial,data/CompEval-00308-of-00413.parquet,0,11,00000208_1.png,PNG,Imagen3,imagen3,LAION,test,1,Commercial,test_external_unseen_v3_additions/aigi/cf_external_unseen_v3_aigi_commercial_442ba61e58e75268_00000208_1.png.png,complete
cf_external_unseen_v3_aigi_commercial_44558cca773942a8,aigi_commercial,data/CompEval-00300-of-00413.parquet,0,21,00000562.png,PNG,FLUX-dev,flux-dev,LAION,test,1,Commercial,test_external_unseen_v3_additions/aigi/cf_external_unseen_v3_aigi_commercial_44558cca773942a8_00000562.png.png,complete
cf_external_unseen_v3_aigi_commercial_446160ac5dc6cc02,aigi_commercial,data/CompEval-00266-of-00413.parquet,1,22,00000318_0.jpg,JPEG,Firefly_Image3,firefly-image3,LAION,test,1,Commercial,test_external_unseen_v3_additions/aigi/cf_external_unseen_v3_aigi_commercial_446160ac5dc6cc02_00000318_0.jpg.jpg,complete
cf_external_unseen_v3_aigi_commercial_45087a3f9daccdaa,aigi_commercial,data/CompEval-00294-of-00413.parquet,3,3,00000507.png,PNG,FLUX-dev,flux-dev,LAION,test,1,Commercial,test_external_unseen_v3_additions/aigi/cf_external_unseen_v3_aigi_commercial_45087a3f9daccdaa_00000507.png.png,complete
cf_external_unseen_v3_aigi_commercial_462ed7750434bda8,aigi_commercial,data/CompEval-00253-of-00413.parquet,1,23,00000665.png,PNG,Dalle2,dalle2,LAION,test,1,Commercial,test_external_unseen_v3_additions/aigi/cf_external_unseen_v3_aigi_commercial_462ed7750434bda8_00000665.png.png,complete
cf_external_unseen_v3_aigi_commercial_46aebb8f3ab45bb3,aigi_commercial,data/CompEval-00066-of-00413.parquet,1,14,00000389_1.jpg,JPEG,Firefly_Image2,firefly-image2,LAION,test,1,Commercial,test_external_unseen_v3_additions/aigi/cf_external_unseen_v3_aigi_commercial_46aebb8f3ab45bb3_00000389_1.jpg.jpg,complete
cf_external_unseen_v3_aigi_commercial_46f644a86f3aebba,aigi_commercial,data/CompEval-00308-of-00413.parquet,0,10,00000298_0.png,PNG,Imagen3,imagen3,LAION,test,1,Commercial,test_external_unseen_v3_additions/aigi/cf_external_unseen_v3_aigi_commercial_46f644a86f3aebba_00000298_0.png.png,complete
cf_external_unseen_v3_aigi_commercial_47823de70589054d,aigi_commercial,data/CompEval-00285-of-00413.parquet,2,21,00000366_0.png,PNG,MidjourneyV6_1,midjourneyv6-1,LAION,test,1,Commercial,test_external_unseen_v3_additions/aigi/cf_external_unseen_v3_aigi_commercial_47823de70589054d_00000366_0.png.png,complete
cf_external_unseen_v3_aigi_commercial_486639de401b8f4a,aigi_commercial,data/CompEval-00307-of-00413.parquet,3,16,00000226_2.png,PNG,Imagen3,imagen3,LAION,test,1,Commercial,test_external_unseen_v3_additions/aigi/cf_external_unseen_v3_aigi_commercial_486639de401b8f4a_00000226_2.png.png,complete
cf_external_unseen_v3_aigi_commercial_49c02a241daa0d60,aigi_commercial,data/CompEval-00208-of-00413.parquet,1,1,00000234_0.jpg,JPEG,Firefly_Image2,firefly-image2,LAION,test,1,Commercial,test_external_unseen_v3_additions/aigi/cf_external_unseen_v3_aigi_commercial_49c02a241daa0d60_00000234_0.jpg.jpg,complete
cf_external_unseen_v3_aigi_commercial_4a73a0d057ee6d60,aigi_commercial,data/CompEval-00183-of-00413.parquet,3,7,00000385.png,PNG,FLUX-schnell,flux-schnell,LAION,test,1,Commercial,test_external_unseen_v3_additions/aigi/cf_external_unseen_v3_aigi_commercial_4a73a0d057ee6d60_00000385.png.png,complete
cf_external_unseen_v3_aigi_commercial_4b0bb1526eabec94,aigi_commercial,data/CompEval-00264-of-00413.parquet,2,6,00000395_1.jpg,JPEG,Firefly_Image3,firefly-image3,LAION,test,1,Commercial,test_external_unseen_v3_additions/aigi/cf_external_unseen_v3_aigi_commercial_4b0bb1526eabec94_00000395_1.jpg.jpg,complete
cf_external_unseen_v3_aigi_commercial_4b406e0adec09328,aigi_commercial,data/CompEval-00300-of-00413.parquet,0,8,00000608.png,PNG,FLUX-dev,flux-dev,LAION,test,1,Commercial,test_external_unseen_v3_additions/aigi/cf_external_unseen_v3_aigi_commercial_4b406e0adec09328_00000608.png.png,complete
cf_external_unseen_v3_aigi_commercial_4b92a125bf374eb1,aigi_commercial,data/CompEval-00253-of-00413.parquet,1,15,00000472.png,PNG,Dalle2,dalle2,LAION,test,1,Commercial,test_external_unseen_v3_additions/aigi/cf_external_unseen_v3_aigi_commercial_4b92a125bf374eb1_00000472.png.png,complete
cf_external_unseen_v3_aigi_commercial_4bd7c3eca40ac377,aigi_commercial,data/CompEval-00026-of-00413.parquet,1,0,00000345_1.png,PNG,MidjourneyV5_2,midjourneyv5-2,LAION,test,1,Commercial,test_external_unseen_v3_additions/aigi/cf_external_unseen_v3_aigi_commercial_4bd7c3eca40ac377_00000345_1.png.png,complete
cf_external_unseen_v3_aigi_commercial_4c2c73b16e36bc6a,aigi_commercial,data/CompEval-00145-of-00413.parquet,2,17,00000416.png,PNG,IdeogramV2,ideogramv2,LAION,test,1,Commercial,test_external_unseen_v3_additions/aigi/cf_external_unseen_v3_aigi_commercial_4c2c73b16e36bc6a_00000416.png.png,complete
cf_external_unseen_v3_aigi_commercial_4c5841c65c2f4aa6,aigi_commercial,data/CompEval-00026-of-00413.parquet,1,23,00000343_3.png,PNG,MidjourneyV5_2,midjourneyv5-2,LAION,test,1,Commercial,test_external_unseen_v3_additions/aigi/cf_external_unseen_v3_aigi_commercial_4c5841c65c2f4aa6_00000343_3.png.png,complete
cf_external_unseen_v3_aigi_commercial_4c69f579aaab1cb1,aigi_commercial,data/CompEval-00407-of-00413.parquet,1,19,00000059.png,PNG,IdeogramV1,ideogramv1,LAION,test,1,Commercial,test_external_unseen_v3_additions/aigi/cf_external_unseen_v3_aigi_commercial_4c69f579aaab1cb1_00000059.png.png,complete
cf_external_unseen_v3_aigi_commercial_4c72f2ea2a9d0b44,aigi_commercial,data/CompEval-00294-of-00413.parquet,3,17,00000693.png,PNG,FLUX-dev,flux-dev,LAION,test,1,Commercial,test_external_unseen_v3_additions/aigi/cf_external_unseen_v3_aigi_commercial_4c72f2ea2a9d0b44_00000693.png.png,complete
cf_external_unseen_v3_aigi_commercial_4c7fe23efda0c099,aigi_commercial,data/CompEval-00264-of-00413.parquet,2,13,00000194_3.jpg,JPEG,Firefly_Image3,firefly-image3,LAION,test,1,Commercial,test_external_unseen_v3_additions/aigi/cf_external_unseen_v3_aigi_commercial_4c7fe23efda0c099_00000194_3.jpg.jpg,complete
cf_external_unseen_v3_aigi_commercial_4cf500c8e9d4104d,aigi_commercial,data/CompEval-00253-of-00413.parquet,1,12,00000110.png,PNG,Dalle2,dalle2,LAION,test,1,Commercial,test_external_unseen_v3_additions/aigi/cf_external_unseen_v3_aigi_commercial_4cf500c8e9d4104d_00000110.png.png,complete
cf_external_unseen_v3_aigi_commercial_4d7dcc07a5866a26,aigi_commercial,data/CompEval-00181-of-00413.parquet,4,12,00000041_3.jpg,JPEG,Firefly_Image2,firefly-image2,LAION,test,1,Commercial,test_external_unseen_v3_additions/aigi/cf_external_unseen_v3_aigi_commercial_4d7dcc07a5866a26_00000041_3.jpg.jpg,complete
cf_external_unseen_v3_aigi_commercial_4dc0ab587572cd42,aigi_commercial,data/CompEval-00250-of-00413.parquet,0,16,00000454.png,PNG,Dalle2,dalle2,LAION,test,1,Commercial,test_external_unseen_v3_additions/aigi/cf_external_unseen_v3_aigi_commercial_4dc0ab587572cd42_00000454.png.png,complete
cf_external_unseen_v3_aigi_commercial_4de3c6ba1dc12d4c,aigi_commercial,data/CompEval-00308-of-00413.parquet,0,15,00000006_2.png,PNG,Imagen3,imagen3,LAION,test,1,Commercial,test_external_unseen_v3_additions/aigi/cf_external_unseen_v3_aigi_commercial_4de3c6ba1dc12d4c_00000006_2.png.png,complete
cf_external_unseen_v3_aigi_commercial_4e8feb099c6beb2c,aigi_commercial,data/CompEval-00335-of-00413.parquet,1,3,00000439_3.jpg,JPEG,Firefly_Image3,firefly-image3,LAION,test,1,Commercial,test_external_unseen_v3_additions/aigi/cf_external_unseen_v3_aigi_commercial_4e8feb099c6beb2c_00000439_3.jpg.jpg,complete
cf_external_unseen_v3_aigi_commercial_4f1656c3ff92c734,aigi_commercial,data/CompEval-00294-of-00413.parquet,3,21,00000818.png,PNG,FLUX-dev,flux-dev,LAION,test,1,Commercial,test_external_unseen_v3_additions/aigi/cf_external_unseen_v3_aigi_commercial_4f1656c3ff92c734_00000818.png.png,complete
cf_external_unseen_v3_aigi_commercial_4fb1b6bf520a4ec6,aigi_commercial,data/CompEval-00183-of-00413.parquet,3,0,00000873.png,PNG,FLUX-schnell,flux-schnell,LAION,test,1,Commercial,test_external_unseen_v3_additions/aigi/cf_external_unseen_v3_aigi_commercial_4fb1b6bf520a4ec6_00000873.png.png,complete
cf_external_unseen_v3_aigi_commercial_4fec836f155d0651,aigi_commercial,data/CompEval-00026-of-00413.parquet,1,7,00000283_1.png,PNG,MidjourneyV5_2,midjourneyv5-2,LAION,test,1,Commercial,test_external_unseen_v3_additions/aigi/cf_external_unseen_v3_aigi_commercial_4fec836f155d0651_00000283_1.png.png,complete
cf_external_unseen_v3_aigi_commercial_4fff7ede5d608264,aigi_commercial,data/CompEval-00335-of-00413.parquet,1,15,00000128_0.jpg,JPEG,Firefly_Image3,firefly-image3,LAION,test,1,Commercial,test_external_unseen_v3_additions/aigi/cf_external_unseen_v3_aigi_commercial_4fff7ede5d608264_00000128_0.jpg.jpg,complete
cf_external_unseen_v3_aigi_commercial_50a4827d064f47ee,aigi_commercial,data/CompEval-00228-of-00413.parquet,3,14,00000581.png,PNG,Dalle3,dalle3,LAION,test,1,Commercial,test_external_unseen_v3_additions/aigi/cf_external_unseen_v3_aigi_commercial_50a4827d064f47ee_00000581.png.png,complete
cf_external_unseen_v3_aigi_commercial_50c2671b8050f5ae,aigi_commercial,data/CompEval-00144-of-00413.parquet,2,24,00000138.png,PNG,IdeogramV2,ideogramv2,LAION,test,1,Commercial,test_external_unseen_v3_additions/aigi/cf_external_unseen_v3_aigi_commercial_50c2671b8050f5ae_00000138.png.png,complete
cf_external_unseen_v3_aigi_commercial_50d20207d48d4e46,aigi_commercial,data/CompEval-00228-of-00413.parquet,3,17,00000729.png,PNG,Dalle3,dalle3,LAION,test,1,Commercial,test_external_unseen_v3_additions/aigi/cf_external_unseen_v3_aigi_commercial_50d20207d48d4e46_00000729.png.png,complete
cf_external_unseen_v3_aigi_commercial_517907dd2e8ff370,aigi_commercial,data/CompEval-00048-of-00413.parquet,1,12,00000176_1.png,PNG,MidjourneyV5_2,midjourneyv5-2,LAION,test,1,Commercial,test_external_unseen_v3_additions/aigi/cf_external_unseen_v3_aigi_commercial_517907dd2e8ff370_00000176_1.png.png,complete
cf_external_unseen_v3_aigi_commercial_51935adcdb354ef4,aigi_commercial,data/CompEval-00228-of-00413.parquet,3,5,00000401.png,PNG,Dalle3,dalle3,LAION,test,1,Commercial,test_external_unseen_v3_additions/aigi/cf_external_unseen_v3_aigi_commercial_51935adcdb354ef4_00000401.png.png,complete
cf_external_unseen_v3_aigi_commercial_51ad3c1094a76366,aigi_commercial,data/CompEval-00390-of-00413.parquet,3,2,00000124_0.png,PNG,MidjourneyV6_1,midjourneyv6-1,LAION,test,1,Commercial,test_external_unseen_v3_additions/aigi/cf_external_unseen_v3_aigi_commercial_51ad3c1094a76366_00000124_0.png.png,complete
cf_external_unseen_v3_aigi_commercial_51c2beeb82dea6e4,aigi_commercial,data/CompEval-00069-of-00413.parquet,0,6,00000480_1.jpg,JPEG,Firefly_Image2,firefly-image2,LAION,test,1,Commercial,test_external_unseen_v3_additions/aigi/cf_external_unseen_v3_aigi_commercial_51c2beeb82dea6e4_00000480_1.jpg.jpg,complete
cf_external_unseen_v3_aigi_commercial_5201013f8af84404,aigi_commercial,data/CompEval-00066-of-00413.parquet,1,2,00000060_0.jpg,JPEG,Firefly_Image2,firefly-image2,LAION,test,1,Commercial,test_external_unseen_v3_additions/aigi/cf_external_unseen_v3_aigi_commercial_5201013f8af84404_00000060_0.jpg.jpg,complete
cf_external_unseen_v3_aigi_commercial_5220fc774c05c210,aigi_commercial,data/CompEval-00145-of-00413.parquet,0,23,00000345.png,PNG,IdeogramV2,ideogramv2,LAION,test,1,Commercial,test_external_unseen_v3_additions/aigi/cf_external_unseen_v3_aigi_commercial_5220fc774c05c210_00000345.png.png,complete
cf_external_unseen_v3_aigi_commercial_52521aeee752bf30,aigi_commercial,data/CompEval-00390-of-00413.parquet,3,21,00000282_2.png,PNG,MidjourneyV6_1,midjourneyv6-1,LAION,test,1,Commercial,test_external_unseen_v3_additions/aigi/cf_external_unseen_v3_aigi_commercial_52521aeee752bf30_00000282_2.png.png,complete
cf_external_unseen_v3_aigi_commercial_529c059930ce1f15,aigi_commercial,data/CompEval-00253-of-00413.parquet,1,17,00000782.png,PNG,Dalle2,dalle2,LAION,test,1,Commercial,test_external_unseen_v3_additions/aigi/cf_external_unseen_v3_aigi_commercial_529c059930ce1f15_00000782.png.png,complete
cf_external_unseen_v3_aigi_commercial_539e251773663495,aigi_commercial,data/CompEval-00252-of-00413.parquet,1,12,00000084.png,PNG,Dalle2,dalle2,LAION,test,1,Commercial,test_external_unseen_v3_additions/aigi/cf_external_unseen_v3_aigi_commercial_539e251773663495_00000084.png.png,complete
cf_external_unseen_v3_aigi_commercial_53baa5dfa63396d8,aigi_commercial,data/CompEval-00183-of-00413.parquet,3,21,00000913.png,PNG,FLUX-schnell,flux-schnell,LAION,test,1,Commercial,test_external_unseen_v3_additions/aigi/cf_external_unseen_v3_aigi_commercial_53baa5dfa63396d8_00000913.png.png,complete
cf_external_unseen_v3_aigi_commercial_53eb1911a5faffbd,aigi_commercial,data/CompEval-00184-of-00413.parquet,3,1,00000550.png,PNG,FLUX-schnell,flux-schnell,LAION,test,1,Commercial,test_external_unseen_v3_additions/aigi/cf_external_unseen_v3_aigi_commercial_53eb1911a5faffbd_00000550.png.png,complete
cf_external_unseen_v3_aigi_commercial_54093635dd9e12b2,aigi_commercial,data/CompEval-00300-of-00413.parquet,0,17,00000090.png,PNG,FLUX-dev,flux-dev,LAION,test,1,Commercial,test_external_unseen_v3_additions/aigi/cf_external_unseen_v3_aigi_commercial_54093635dd9e12b2_00000090.png.png,complete
cf_external_unseen_v3_aigi_commercial_5416847b3f3de6ea,aigi_commercial,data/CompEval-00141-of-00413.parquet,3,9,00000824.png,PNG,FLUX-schnell,flux-schnell,LAION,test,1,Commercial,test_external_unseen_v3_additions/aigi/cf_external_unseen_v3_aigi_commercial_5416847b3f3de6ea_00000824.png.png,complete
cf_external_unseen_v3_aigi_commercial_5418b93dd737090f,aigi_commercial,data/CompEval-00066-of-00413.parquet,1,17,00000046_1.jpg,JPEG,Firefly_Image2,firefly-image2,LAION,test,1,Commercial,test_external_unseen_v3_additions/aigi/cf_external_unseen_v3_aigi_commercial_5418b93dd737090f_00000046_1.jpg.jpg,complete
cf_external_unseen_v3_aigi_commercial_546a4f8e60f7a557,aigi_commercial,data/CompEval-00069-of-00413.parquet,0,20,00000259_3.jpg,JPEG,Firefly_Image2,firefly-image2,LAION,test,1,Commercial,test_external_unseen_v3_additions/aigi/cf_external_unseen_v3_aigi_commercial_546a4f8e60f7a557_00000259_3.jpg.jpg,complete
cf_external_unseen_v3_aigi_commercial_54eb64913d37cfea,aigi_commercial,data/CompEval-00284-of-00413.parquet,0,18,00000261_1.png,PNG,MidjourneyV6_1,midjourneyv6-1,LAION,test,1,Commercial,test_external_unseen_v3_additions/aigi/cf_external_unseen_v3_aigi_commercial_54eb64913d37cfea_00000261_1.png.png,complete
cf_external_unseen_v3_aigi_commercial_558659d246d1b599,aigi_commercial,data/CompEval-00145-of-00413.parquet,2,18,00000736.png,PNG,IdeogramV2,ideogramv2,LAION,test,1,Commercial,test_external_unseen_v3_additions/aigi/cf_external_unseen_v3_aigi_commercial_558659d246d1b599_00000736.png.png,complete
cf_external_unseen_v3_aigi_commercial_558cc03fe8487ce0,aigi_commercial,data/CompEval-00145-of-00413.parquet,2,5,00000295.png,PNG,IdeogramV2,ideogramv2,LAION,test,1,Commercial,test_external_unseen_v3_additions/aigi/cf_external_unseen_v3_aigi_commercial_558cc03fe8487ce0_00000295.png.png,complete
cf_external_unseen_v3_aigi_commercial_55c1a3577f979961,aigi_commercial,data/CompEval-00294-of-00413.parquet,3,4,00000823.png,PNG,FLUX-dev,flux-dev,LAION,test,1,Commercial,test_external_unseen_v3_additions/aigi/cf_external_unseen_v3_aigi_commercial_55c1a3577f979961_00000823.png.png,complete
cf_external_unseen_v3_aigi_commercial_55c2a996a936dbc7,aigi_commercial,data/CompEval-00250-of-00413.parquet,0,14,00000871.png,PNG,Dalle2,dalle2,LAION,test,1,Commercial,test_external_unseen_v3_additions/aigi/cf_external_unseen_v3_aigi_commercial_55c2a996a936dbc7_00000871.png.png,complete
cf_external_unseen_v3_aigi_commercial_55ccd975b753ae46,aigi_commercial,data/CompEval-00300-of-00413.parquet,0,18,00000506.png,PNG,FLUX-dev,flux-dev,LAION,test,1,Commercial,test_external_unseen_v3_additions/aigi/cf_external_unseen_v3_aigi_commercial_55ccd975b753ae46_00000506.png.png,complete
cf_external_unseen_v3_aigi_commercial_5622184587c13a00,aigi_commercial,data/CompEval-00173-of-00413.parquet,4,15,00000022_0.png,PNG,Imagen3,imagen3,LAION,test,1,Commercial,test_external_unseen_v3_additions/aigi/cf_external_unseen_v3_aigi_commercial_5622184587c13a00_00000022_0.png.png,complete
cf_external_unseen_v3_aigi_commercial_562b1cbae92299fe,aigi_commercial,data/CompEval-00147-of-00413.parquet,3,15,00000503.png,PNG,IdeogramV2,ideogramv2,LAION,test,1,Commercial,test_external_unseen_v3_additions/aigi/cf_external_unseen_v3_aigi_commercial_562b1cbae92299fe_00000503.png.png,complete
cf_external_unseen_v3_aigi_commercial_564f411849366be9,aigi_commercial,data/CompEval-00066-of-00413.parquet,1,11,00000222_2.jpg,JPEG,Firefly_Image2,firefly-image2,LAION,test,1,Commercial,test_external_unseen_v3_additions/aigi/cf_external_unseen_v3_aigi_commercial_564f411849366be9_00000222_2.jpg.jpg,complete
cf_external_unseen_v3_aigi_commercial_566c86517e361f1a,aigi_commercial,data/CompEval-00230-of-00413.parquet,1,14,00000542.png,PNG,Dalle3,dalle3,LAION,test,1,Commercial,test_external_unseen_v3_additions/aigi/cf_external_unseen_v3_aigi_commercial_566c86517e361f1a_00000542.png.png,complete
cf_external_unseen_v3_aigi_commercial_56c4138844b7d6aa,aigi_commercial,data/CompEval-00181-of-00413.parquet,4,10,00000017_1.jpg,JPEG,Firefly_Image2,firefly-image2,LAION,test,1,Commercial,test_external_unseen_v3_additions/aigi/cf_external_unseen_v3_aigi_commercial_56c4138844b7d6aa_00000017_1.jpg.jpg,complete
cf_external_unseen_v3_aigi_commercial_56d47e915d00da7d,aigi_commercial,data/CompEval-00026-of-00413.parquet,1,15,00000405_3.png,PNG,MidjourneyV5_2,midjourneyv5-2,LAION,test,1,Commercial,test_external_unseen_v3_additions/aigi/cf_external_unseen_v3_aigi_commercial_56d47e915d00da7d_00000405_3.png.png,complete
cf_external_unseen_v3_aigi_commercial_56f5baa603a865b4,aigi_commercial,data/CompEval-00208-of-00413.parquet,1,20,00000178_1.jpg,JPEG,Firefly_Image2,firefly-image2,LAION,test,1,Commercial,test_external_unseen_v3_additions/aigi/cf_external_unseen_v3_aigi_commercial_56f5baa603a865b4_00000178_1.jpg.jpg,complete
cf_external_unseen_v3_aigi_commercial_57d09984e20436c0,aigi_commercial,data/CompEval-00335-of-00413.parquet,1,18,00000425_3.jpg,JPEG,Firefly_Image3,firefly-image3,LAION,test,1,Commercial,test_external_unseen_v3_additions/aigi/cf_external_unseen_v3_aigi_commercial_57d09984e20436c0_00000425_3.jpg.jpg,complete
cf_external_unseen_v3_aigi_commercial_583bce034e9426af,aigi_commercial,data/CompEval-00407-of-00413.parquet,1,2,00000745.png,PNG,IdeogramV1,ideogramv1,LAION,test,1,Commercial,test_external_unseen_v3_additions/aigi/cf_external_unseen_v3_aigi_commercial_583bce034e9426af_00000745.png.png,complete
cf_external_unseen_v3_aigi_commercial_5880da724e6a81aa,aigi_commercial,data/CompEval-00390-of-00413.parquet,3,17,00000244_0.png,PNG,MidjourneyV6_1,midjourneyv6-1,LAION,test,1,Commercial,test_external_unseen_v3_additions/aigi/cf_external_unseen_v3_aigi_commercial_5880da724e6a81aa_00000244_0.png.png,complete
cf_external_unseen_v3_aigi_commercial_58d1e330a12d7548,aigi_commercial,data/CompEval-00284-of-00413.parquet,0,7,00000359_2.png,PNG,MidjourneyV6_1,midjourneyv6-1,LAION,test,1,Commercial,test_external_unseen_v3_additions/aigi/cf_external_unseen_v3_aigi_commercial_58d1e330a12d7548_00000359_2.png.png,complete
cf_external_unseen_v3_aigi_commercial_59056d824bdedeb7,aigi_commercial,data/CompEval-00308-of-00413.parquet,0,21,00000128_1.png,PNG,Imagen3,imagen3,LAION,test,1,Commercial,test_external_unseen_v3_additions/aigi/cf_external_unseen_v3_aigi_commercial_59056d824bdedeb7_00000128_1.png.png,complete
cf_external_unseen_v3_aigi_commercial_5991dcc15fc90cac,aigi_commercial,data/CompEval-00141-of-00413.parquet,3,15,00000336.png,PNG,FLUX-schnell,flux-schnell,LAION,test,1,Commercial,test_external_unseen_v3_additions/aigi/cf_external_unseen_v3_aigi_commercial_5991dcc15fc90cac_00000336.png.png,complete
cf_external_unseen_v3_aigi_commercial_59a52125972537ae,aigi_commercial,data/CompEval-00405-of-00413.parquet,1,22,00000870.png,PNG,IdeogramV1,ideogramv1,LAION,test,1,Commercial,test_external_unseen_v3_additions/aigi/cf_external_unseen_v3_aigi_commercial_59a52125972537ae_00000870.png.png,complete
cf_external_unseen_v3_aigi_commercial_59cfa5201b3082ab,aigi_commercial,data/CompEval-00030-of-00413.parquet,4,23,00000296_1.png,PNG,MidjourneyV5_2,midjourneyv5-2,LAION,test,1,Commercial,test_external_unseen_v3_additions/aigi/cf_external_unseen_v3_aigi_commercial_59cfa5201b3082ab_00000296_1.png.png,complete
cf_external_unseen_v3_aigi_commercial_59f18a75f042c3f3,aigi_commercial,data/CompEval-00253-of-00413.parquet,1,7,00000135.png,PNG,Dalle2,dalle2,LAION,test,1,Commercial,test_external_unseen_v3_additions/aigi/cf_external_unseen_v3_aigi_commercial_59f18a75f042c3f3_00000135.png.png,complete
cf_external_unseen_v3_aigi_commercial_59f1a75b484965ab,aigi_commercial,data/CompEval-00250-of-00413.parquet,0,2,00000286.png,PNG,Dalle2,dalle2,LAION,test,1,Commercial,test_external_unseen_v3_additions/aigi/cf_external_unseen_v3_aigi_commercial_59f1a75b484965ab_00000286.png.png,complete
cf_external_unseen_v3_aigi_commercial_5a220cab464a0d58,aigi_commercial,data/CompEval-00230-of-00413.parquet,1,19,00000224.png,PNG,Dalle3,dalle3,LAION,test,1,Commercial,test_external_unseen_v3_additions/aigi/cf_external_unseen_v3_aigi_commercial_5a220cab464a0d58_00000224.png.png,complete
cf_external_unseen_v3_aigi_commercial_5b32aa16e36eb6af,aigi_commercial,data/CompEval-00268-of-00413.parquet,2,4,00000443_2.jpg,JPEG,Firefly_Image3,firefly-image3,LAION,test,1,Commercial,test_external_unseen_v3_additions/aigi/cf_external_unseen_v3_aigi_commercial_5b32aa16e36eb6af_00000443_2.jpg.jpg,complete
cf_external_unseen_v3_aigi_commercial_5b85ba39ff709968,aigi_commercial,data/CompEval-00030-of-00413.parquet,4,2,00000229_1.png,PNG,MidjourneyV5_2,midjourneyv5-2,LAION,test,1,Commercial,test_external_unseen_v3_additions/aigi/cf_external_unseen_v3_aigi_commercial_5b85ba39ff709968_00000229_1.png.png,complete
cf_external_unseen_v3_aigi_commercial_5b938b20cf091f34,aigi_commercial,data/CompEval-00026-of-00413.parquet,1,24,00000456_0.png,PNG,MidjourneyV5_2,midjourneyv5-2,LAION,test,1,Commercial,test_external_unseen_v3_additions/aigi/cf_external_unseen_v3_aigi_commercial_5b938b20cf091f34_00000456_0.png.png,complete
cf_external_unseen_v3_aigi_commercial_5c0a540571908f01,aigi_commercial,data/CompEval-00208-of-00413.parquet,1,10,00000317_3.jpg,JPEG,Firefly_Image2,firefly-image2,LAION,test,1,Commercial,test_external_unseen_v3_additions/aigi/cf_external_unseen_v3_aigi_commercial_5c0a540571908f01_00000317_3.jpg.jpg,complete
cf_external_unseen_v3_aigi_commercial_5c57eebb712585b4,aigi_commercial,data/CompEval-00294-of-00413.parquet,3,1,00000257.png,PNG,FLUX-dev,flux-dev,LAION,test,1,Commercial,test_external_unseen_v3_additions/aigi/cf_external_unseen_v3_aigi_commercial_5c57eebb712585b4_00000257.png.png,complete
cf_external_unseen_v3_aigi_commercial_5c762ff30d1eb91d,aigi_commercial,data/CompEval-00307-of-00413.parquet,3,24,00000204_1.png,PNG,Imagen3,imagen3,LAION,test,1,Commercial,test_external_unseen_v3_additions/aigi/cf_external_unseen_v3_aigi_commercial_5c762ff30d1eb91d_00000204_1.png.png,complete
cf_external_unseen_v3_aigi_commercial_5cbd475511b1de77,aigi_commercial,data/CompEval-00048-of-00413.parquet,1,6,00000008_2.png,PNG,MidjourneyV5_2,midjourneyv5-2,LAION,test,1,Commercial,test_external_unseen_v3_additions/aigi/cf_external_unseen_v3_aigi_commercial_5cbd475511b1de77_00000008_2.png.png,complete
cf_external_unseen_v3_aigi_commercial_5d0f6ab7069853e5,aigi_commercial,data/CompEval-00405-of-00413.parquet,1,21,00000650.png,PNG,IdeogramV1,ideogramv1,LAION,test,1,Commercial,test_external_unseen_v3_additions/aigi/cf_external_unseen_v3_aigi_commercial_5d0f6ab7069853e5_00000650.png.png,complete
cf_external_unseen_v3_aigi_commercial_5db0ea21e7bda171,aigi_commercial,data/CompEval-00173-of-00413.parquet,4,19,00000276_3.png,PNG,Imagen3,imagen3,LAION,test,1,Commercial,test_external_unseen_v3_additions/aigi/cf_external_unseen_v3_aigi_commercial_5db0ea21e7bda171_00000276_3.png.png,complete
cf_external_unseen_v3_aigi_commercial_5de63435a4a2055a,aigi_commercial,data/CompEval-00184-of-00413.parquet,3,22,00000974.png,PNG,FLUX-schnell,flux-schnell,LAION,test,1,Commercial,test_external_unseen_v3_additions/aigi/cf_external_unseen_v3_aigi_commercial_5de63435a4a2055a_00000974.png.png,complete
cf_external_unseen_v3_aigi_commercial_5e19e11c5af72b04,aigi_commercial,data/CompEval-00405-of-00413.parquet,1,23,00000129.png,PNG,IdeogramV1,ideogramv1,LAION,test,1,Commercial,test_external_unseen_v3_additions/aigi/cf_external_unseen_v3_aigi_commercial_5e19e11c5af72b04_00000129.png.png,complete
cf_external_unseen_v3_aigi_commercial_5e25a9d8a1df69c2,aigi_commercial,data/CompEval-00228-of-00413.parquet,3,0,00000710.png,PNG,Dalle3,dalle3,LAION,test,1,Commercial,test_external_unseen_v3_additions/aigi/cf_external_unseen_v3_aigi_commercial_5e25a9d8a1df69c2_00000710.png.png,complete
cf_external_unseen_v3_aigi_commercial_5e63f18bb724e26c,aigi_commercial,data/CompEval-00407-of-00413.parquet,1,17,00000038.png,PNG,IdeogramV1,ideogramv1,LAION,test,1,Commercial,test_external_unseen_v3_additions/aigi/cf_external_unseen_v3_aigi_commercial_5e63f18bb724e26c_00000038.png.png,complete
cf_external_unseen_v3_aigi_commercial_5e97fb394d6ca1a0,aigi_commercial,data/CompEval-00300-of-00413.parquet,0,24,00000984.png,PNG,FLUX-dev,flux-dev,LAION,test,1,Commercial,test_external_unseen_v3_additions/aigi/cf_external_unseen_v3_aigi_commercial_5e97fb394d6ca1a0_00000984.png.png,complete
cf_external_unseen_v3_aigi_commercial_5ec01796b0a8f194,aigi_commercial,data/CompEval-00141-of-00413.parquet,3,21,00000045.png,PNG,FLUX-schnell,flux-schnell,LAION,test,1,Commercial,test_external_unseen_v3_additions/aigi/cf_external_unseen_v3_aigi_commercial_5ec01796b0a8f194_00000045.png.png,complete
cf_external_unseen_v3_aigi_commercial_60afa75f9ae2845d,aigi_commercial,data/CompEval-00030-of-00413.parquet,4,16,00000391_2.png,PNG,MidjourneyV5_2,midjourneyv5-2,LAION,test,1,Commercial,test_external_unseen_v3_additions/aigi/cf_external_unseen_v3_aigi_commercial_60afa75f9ae2845d_00000391_2.png.png,complete
cf_external_unseen_v3_aigi_commercial_60db665cca3fad41,aigi_commercial,data/CompEval-00284-of-00413.parquet,0,3,00000237_1.png,PNG,MidjourneyV6_1,midjourneyv6-1,LAION,test,1,Commercial,test_external_unseen_v3_additions/aigi/cf_external_unseen_v3_aigi_commercial_60db665cca3fad41_00000237_1.png.png,complete
cf_external_unseen_v3_aigi_commercial_610462e81630292b,aigi_commercial,data/CompEval-00266-of-00413.parquet,1,16,00000009_3.jpg,JPEG,Firefly_Image3,firefly-image3,LAION,test,1,Commercial,test_external_unseen_v3_additions/aigi/cf_external_unseen_v3_aigi_commercial_610462e81630292b_00000009_3.jpg.jpg,complete
cf_external_unseen_v3_aigi_commercial_611086a09e1e7fa9,aigi_commercial,data/CompEval-00026-of-00413.parquet,1,1,00000383_2.png,PNG,MidjourneyV5_2,midjourneyv5-2,LAION,test,1,Commercial,test_external_unseen_v3_additions/aigi/cf_external_unseen_v3_aigi_commercial_611086a09e1e7fa9_00000383_2.png.png,complete
cf_external_unseen_v3_aigi_commercial_614bda0a7bec980d,aigi_commercial,data/CompEval-00228-of-00413.parquet,3,20,00000888.png,PNG,Dalle3,dalle3,LAION,test,1,Commercial,test_external_unseen_v3_additions/aigi/cf_external_unseen_v3_aigi_commercial_614bda0a7bec980d_00000888.png.png,complete
cf_external_unseen_v3_aigi_commercial_61603645e3ff4b4e,aigi_commercial,data/CompEval-00048-of-00413.parquet,1,3,00000411_3.png,PNG,MidjourneyV5_2,midjourneyv5-2,LAION,test,1,Commercial,test_external_unseen_v3_additions/aigi/cf_external_unseen_v3_aigi_commercial_61603645e3ff4b4e_00000411_3.png.png,complete
cf_external_unseen_v3_aigi_commercial_61b1cdceec807204,aigi_commercial,data/CompEval-00264-of-00413.parquet,2,10,00000072_3.jpg,JPEG,Firefly_Image3,firefly-image3,LAION,test,1,Commercial,test_external_unseen_v3_additions/aigi/cf_external_unseen_v3_aigi_commercial_61b1cdceec807204_00000072_3.jpg.jpg,complete
cf_external_unseen_v3_aigi_commercial_61bf0cee64cef4ff,aigi_commercial,data/CompEval-00252-of-00413.parquet,1,18,00000795.png,PNG,Dalle2,dalle2,LAION,test,1,Commercial,test_external_unseen_v3_additions/aigi/cf_external_unseen_v3_aigi_commercial_61bf0cee64cef4ff_00000795.png.png,complete
cf_external_unseen_v3_aigi_commercial_622bbaa262f6b1e6,aigi_commercial,data/CompEval-00407-of-00413.parquet,1,16,00000942.png,PNG,IdeogramV1,ideogramv1,LAION,test,1,Commercial,test_external_unseen_v3_additions/aigi/cf_external_unseen_v3_aigi_commercial_622bbaa262f6b1e6_00000942.png.png,complete
cf_external_unseen_v3_aigi_commercial_627c70318558f498,aigi_commercial,data/CompEval-00145-of-00413.parquet,0,16,00000880.png,PNG,IdeogramV2,ideogramv2,LAION,test,1,Commercial,test_external_unseen_v3_additions/aigi/cf_external_unseen_v3_aigi_commercial_627c70318558f498_00000880.png.png,complete
cf_external_unseen_v3_aigi_commercial_62c2c699c9c22305,aigi_commercial,data/CompEval-00284-of-00413.parquet,0,1,00000490_0.png,PNG,MidjourneyV6_1,midjourneyv6-1,LAION,test,1,Commercial,test_external_unseen_v3_additions/aigi/cf_external_unseen_v3_aigi_commercial_62c2c699c9c22305_00000490_0.png.png,complete
cf_external_unseen_v3_aigi_commercial_62f78f2b9c13068c,aigi_commercial,data/CompEval-00266-of-00413.parquet,1,1,00000465_0.jpg,JPEG,Firefly_Image3,firefly-image3,LAION,test,1,Commercial,test_external_unseen_v3_additions/aigi/cf_external_unseen_v3_aigi_commercial_62f78f2b9c13068c_00000465_0.jpg.jpg,complete
cf_external_unseen_v3_aigi_commercial_6422092bc115dac6,aigi_commercial,data/CompEval-00228-of-00413.parquet,3,19,00000251.png,PNG,Dalle3,dalle3,LAION,test,1,Commercial,test_external_unseen_v3_additions/aigi/cf_external_unseen_v3_aigi_commercial_6422092bc115dac6_00000251.png.png,complete
cf_external_unseen_v3_aigi_commercial_643b26e61a25a0d0,aigi_commercial,data/CompEval-00335-of-00413.parquet,1,23,00000027_1.jpg,JPEG,Firefly_Image3,firefly-image3,LAION,test,1,Commercial,test_external_unseen_v3_additions/aigi/cf_external_unseen_v3_aigi_commercial_643b26e61a25a0d0_00000027_1.jpg.jpg,complete
cf_external_unseen_v3_aigi_commercial_643e0439df996477,aigi_commercial,data/CompEval-00264-of-00413.parquet,2,0,00000245_3.jpg,JPEG,Firefly_Image3,firefly-image3,LAION,test,1,Commercial,test_external_unseen_v3_additions/aigi/cf_external_unseen_v3_aigi_commercial_643e0439df996477_00000245_3.jpg.jpg,complete
cf_external_unseen_v3_aigi_commercial_6444a5b56862e2d2,aigi_commercial,data/CompEval-00266-of-00413.parquet,1,8,00000418_0.jpg,JPEG,Firefly_Image3,firefly-image3,LAION,test,1,Commercial,test_external_unseen_v3_additions/aigi/cf_external_unseen_v3_aigi_commercial_6444a5b56862e2d2_00000418_0.jpg.jpg,complete
cf_external_unseen_v3_aigi_commercial_644670fc36564fcf,aigi_commercial,data/CompEval-00145-of-00413.parquet,2,1,00000267.png,PNG,IdeogramV2,ideogramv2,LAION,test,1,Commercial,test_external_unseen_v3_additions/aigi/cf_external_unseen_v3_aigi_commercial_644670fc36564fcf_00000267.png.png,complete
cf_external_unseen_v3_aigi_commercial_6461673bcff561f7,aigi_commercial,data/CompEval-00405-of-00413.parquet,3,16,00000724.png,PNG,IdeogramV1,ideogramv1,LAION,test,1,Commercial,test_external_unseen_v3_additions/aigi/cf_external_unseen_v3_aigi_commercial_6461673bcff561f7_00000724.png.png,complete
cf_external_unseen_v3_aigi_commercial_64c17fdac362951f,aigi_commercial,data/CompEval-00026-of-00413.parquet,1,21,00000371_1.png,PNG,MidjourneyV5_2,midjourneyv5-2,LAION,test,1,Commercial,test_external_unseen_v3_additions/aigi/cf_external_unseen_v3_aigi_commercial_64c17fdac362951f_00000371_1.png.png,complete
cf_external_unseen_v3_aigi_commercial_6527a839c4c0ce98,aigi_commercial,data/CompEval-00183-of-00413.parquet,3,19,00000982.png,PNG,FLUX-schnell,flux-schnell,LAION,test,1,Commercial,test_external_unseen_v3_additions/aigi/cf_external_unseen_v3_aigi_commercial_6527a839c4c0ce98_00000982.png.png,complete
cf_external_unseen_v3_aigi_commercial_653e5c937a6afca5,aigi_commercial,data/CompEval-00266-of-00413.parquet,1,3,00000406_0.jpg,JPEG,Firefly_Image3,firefly-image3,LAION,test,1,Commercial,test_external_unseen_v3_additions/aigi/cf_external_unseen_v3_aigi_commercial_653e5c937a6afca5_00000406_0.jpg.jpg,complete
cf_external_unseen_v3_aigi_commercial_6548a98cfecf04a0,aigi_commercial,data/CompEval-00307-of-00413.parquet,3,20,00000113_0.png,PNG,Imagen3,imagen3,LAION,test,1,Commercial,test_external_unseen_v3_additions/aigi/cf_external_unseen_v3_aigi_commercial_6548a98cfecf04a0_00000113_0.png.png,complete
cf_external_unseen_v3_aigi_commercial_6568313fd4298154,aigi_commercial,data/CompEval-00144-of-00413.parquet,2,4,00000025.png,PNG,IdeogramV2,ideogramv2,LAION,test,1,Commercial,test_external_unseen_v3_additions/aigi/cf_external_unseen_v3_aigi_commercial_6568313fd4298154_00000025.png.png,complete
cf_external_unseen_v3_aigi_commercial_65982ecbe636d58c,aigi_commercial,data/CompEval-00181-of-00413.parquet,4,20,00000423_0.jpg,JPEG,Firefly_Image2,firefly-image2,LAION,test,1,Commercial,test_external_unseen_v3_additions/aigi/cf_external_unseen_v3_aigi_commercial_65982ecbe636d58c_00000423_0.jpg.jpg,complete
cf_external_unseen_v3_aigi_commercial_65d5515449a1f1d9,aigi_commercial,data/CompEval-00147-of-00413.parquet,3,12,00000857.png,PNG,IdeogramV2,ideogramv2,LAION,test,1,Commercial,test_external_unseen_v3_additions/aigi/cf_external_unseen_v3_aigi_commercial_65d5515449a1f1d9_00000857.png.png,complete
cf_external_unseen_v3_aigi_commercial_65e9cbad5e609720,aigi_commercial,data/CompEval-00184-of-00413.parquet,3,4,00000242.png,PNG,FLUX-schnell,flux-schnell,LAION,test,1,Commercial,test_external_unseen_v3_additions/aigi/cf_external_unseen_v3_aigi_commercial_65e9cbad5e609720_00000242.png.png,complete
cf_external_unseen_v3_aigi_commercial_65fe14845dddf98b,aigi_commercial,data/CompEval-00308-of-00413.parquet,0,19,00000276_2.png,PNG,Imagen3,imagen3,LAION,test,1,Commercial,test_external_unseen_v3_additions/aigi/cf_external_unseen_v3_aigi_commercial_65fe14845dddf98b_00000276_2.png.png,complete
cf_external_unseen_v3_aigi_commercial_670cd51557dd3d69,aigi_commercial,data/CompEval-00030-of-00413.parquet,4,7,00000005_1.png,PNG,MidjourneyV5_2,midjourneyv5-2,LAION,test,1,Commercial,test_external_unseen_v3_additions/aigi/cf_external_unseen_v3_aigi_commercial_670cd51557dd3d69_00000005_1.png.png,complete
cf_external_unseen_v3_aigi_commercial_67ce21b6a2a95667,aigi_commercial,data/CompEval-00228-of-00413.parquet,2,4,00000565.png,PNG,Dalle3,dalle3,LAION,test,1,Commercial,test_external_unseen_v3_additions/aigi/cf_external_unseen_v3_aigi_commercial_67ce21b6a2a95667_00000565.png.png,complete
cf_external_unseen_v3_aigi_commercial_67ea470c9974f293,aigi_commercial,data/CompEval-00183-of-00413.parquet,3,2,00000575.png,PNG,FLUX-schnell,flux-schnell,LAION,test,1,Commercial,test_external_unseen_v3_additions/aigi/cf_external_unseen_v3_aigi_commercial_67ea470c9974f293_00000575.png.png,complete
cf_external_unseen_v3_aigi_commercial_680e8fdc898cfbca,aigi_commercial,data/CompEval-00147-of-00413.parquet,3,6,00000030.png,PNG,IdeogramV2,ideogramv2,LAION,test,1,Commercial,test_external_unseen_v3_additions/aigi/cf_external_unseen_v3_aigi_commercial_680e8fdc898cfbca_00000030.png.png,complete
cf_external_unseen_v3_aigi_commercial_681fd32d0eb00490,aigi_commercial,data/CompEval-00141-of-00413.parquet,3,14,00000427.png,PNG,FLUX-schnell,flux-schnell,LAION,test,1,Commercial,test_external_unseen_v3_additions/aigi/cf_external_unseen_v3_aigi_commercial_681fd32d0eb00490_00000427.png.png,complete
cf_external_unseen_v3_aigi_commercial_68bbdbeadb48a5af,aigi_commercial,data/CompEval-00405-of-00413.parquet,3,15,00000060.png,PNG,IdeogramV1,ideogramv1,LAION,test,1,Commercial,test_external_unseen_v3_additions/aigi/cf_external_unseen_v3_aigi_commercial_68bbdbeadb48a5af_00000060.png.png,complete
cf_external_unseen_v3_aigi_commercial_68eb601d0e7c599b,aigi_commercial,data/CompEval-00228-of-00413.parquet,2,1,00000767.png,PNG,Dalle3,dalle3,LAION,test,1,Commercial,test_external_unseen_v3_additions/aigi/cf_external_unseen_v3_aigi_commercial_68eb601d0e7c599b_00000767.png.png,complete
cf_external_unseen_v3_aigi_commercial_69026684f51e02e9,aigi_commercial,data/CompEval-00284-of-00413.parquet,0,8,00000003_0.png,PNG,MidjourneyV6_1,midjourneyv6-1,LAION,test,1,Commercial,test_external_unseen_v3_additions/aigi/cf_external_unseen_v3_aigi_commercial_69026684f51e02e9_00000003_0.png.png,complete
cf_external_unseen_v3_aigi_commercial_690eeb77508da87a,aigi_commercial,data/CompEval-00264-of-00413.parquet,2,21,00000158_2.jpg,JPEG,Firefly_Image3,firefly-image3,LAION,test,1,Commercial,test_external_unseen_v3_additions/aigi/cf_external_unseen_v3_aigi_commercial_690eeb77508da87a_00000158_2.jpg.jpg,complete
cf_external_unseen_v3_aigi_commercial_695a7fe7cd712206,aigi_commercial,data/CompEval-00026-of-00413.parquet,1,12,00000011_3.png,PNG,MidjourneyV5_2,midjourneyv5-2,LAION,test,1,Commercial,test_external_unseen_v3_additions/aigi/cf_external_unseen_v3_aigi_commercial_695a7fe7cd712206_00000011_3.png.png,complete
cf_external_unseen_v3_aigi_commercial_6984d18aca42416b,aigi_commercial,data/CompEval-00405-of-00413.parquet,1,12,00000909.png,PNG,IdeogramV1,ideogramv1,LAION,test,1,Commercial,test_external_unseen_v3_additions/aigi/cf_external_unseen_v3_aigi_commercial_6984d18aca42416b_00000909.png.png,complete
cf_external_unseen_v3_aigi_commercial_6990ffad0e0441fa,aigi_commercial,data/CompEval-00303-of-00413.parquet,2,20,00000195_1.png,PNG,Imagen3,imagen3,LAION,test,1,Commercial,test_external_unseen_v3_additions/aigi/cf_external_unseen_v3_aigi_commercial_6990ffad0e0441fa_00000195_1.png.png,complete
cf_external_unseen_v3_aigi_commercial_69f3ac0ce9ad8199,aigi_commercial,data/CompEval-00300-of-00413.parquet,2,14,00000004.png,PNG,FLUX-dev,flux-dev,LAION,test,1,Commercial,test_external_unseen_v3_additions/aigi/cf_external_unseen_v3_aigi_commercial_69f3ac0ce9ad8199_00000004.png.png,complete
cf_external_unseen_v3_aigi_commercial_6a5a4278a6dd405f,aigi_commercial,data/CompEval-00405-of-00413.parquet,3,19,00000863.png,PNG,IdeogramV1,ideogramv1,LAION,test,1,Commercial,test_external_unseen_v3_additions/aigi/cf_external_unseen_v3_aigi_commercial_6a5a4278a6dd405f_00000863.png.png,complete
cf_external_unseen_v3_aigi_commercial_6a87a24878562b1f,aigi_commercial,data/CompEval-00183-of-00413.parquet,3,4,00000292.png,PNG,FLUX-schnell,flux-schnell,LAION,test,1,Commercial,test_external_unseen_v3_additions/aigi/cf_external_unseen_v3_aigi_commercial_6a87a24878562b1f_00000292.png.png,complete
cf_external_unseen_v3_aigi_commercial_6a970806022024f4,aigi_commercial,data/CompEval-00228-of-00413.parquet,3,9,00000253.png,PNG,Dalle3,dalle3,LAION,test,1,Commercial,test_external_unseen_v3_additions/aigi/cf_external_unseen_v3_aigi_commercial_6a970806022024f4_00000253.png.png,complete
cf_external_unseen_v3_aigi_commercial_6a9f426f10e1dac4,aigi_commercial,data/CompEval-00048-of-00413.parquet,1,13,00000050_3.png,PNG,MidjourneyV5_2,midjourneyv5-2,LAION,test,1,Commercial,test_external_unseen_v3_additions/aigi/cf_external_unseen_v3_aigi_commercial_6a9f426f10e1dac4_00000050_3.png.png,complete
cf_external_unseen_v3_aigi_commercial_6ba6db4e39413791,aigi_commercial,data/CompEval-00228-of-00413.parquet,2,22,00000215.png,PNG,Dalle3,dalle3,LAION,test,1,Commercial,test_external_unseen_v3_additions/aigi/cf_external_unseen_v3_aigi_commercial_6ba6db4e39413791_00000215.png.png,complete
cf_external_unseen_v3_aigi_commercial_6bea41daa38c364a,aigi_commercial,data/CompEval-00303-of-00413.parquet,2,3,00000207_2.png,PNG,Imagen3,imagen3,LAION,test,1,Commercial,test_external_unseen_v3_additions/aigi/cf_external_unseen_v3_aigi_commercial_6bea41daa38c364a_00000207_2.png.png,complete
cf_external_unseen_v3_aigi_commercial_6c525f829fe239b2,aigi_commercial,data/CompEval-00145-of-00413.parquet,2,20,00000929.png,PNG,IdeogramV2,ideogramv2,LAION,test,1,Commercial,test_external_unseen_v3_additions/aigi/cf_external_unseen_v3_aigi_commercial_6c525f829fe239b2_00000929.png.png,complete
cf_external_unseen_v3_aigi_commercial_6cb13cf1c6a4a1b2,aigi_commercial,data/CompEval-00184-of-00413.parquet,3,13,00000635.png,PNG,FLUX-schnell,flux-schnell,LAION,test,1,Commercial,test_external_unseen_v3_additions/aigi/cf_external_unseen_v3_aigi_commercial_6cb13cf1c6a4a1b2_00000635.png.png,complete
cf_external_unseen_v3_aigi_commercial_6cf8c6dc6ca5c34b,aigi_commercial,data/CompEval-00285-of-00413.parquet,2,19,00000453_1.png,PNG,MidjourneyV6_1,midjourneyv6-1,LAION,test,1,Commercial,test_external_unseen_v3_additions/aigi/cf_external_unseen_v3_aigi_commercial_6cf8c6dc6ca5c34b_00000453_1.png.png,complete
cf_external_unseen_v3_aigi_commercial_6d3ee989a0c92e93,aigi_commercial,data/CompEval-00145-of-00413.parquet,2,3,00000639.png,PNG,IdeogramV2,ideogramv2,LAION,test,1,Commercial,test_external_unseen_v3_additions/aigi/cf_external_unseen_v3_aigi_commercial_6d3ee989a0c92e93_00000639.png.png,complete
cf_external_unseen_v3_aigi_commercial_6dc54d27b9da4d87,aigi_commercial,data/CompEval-00147-of-00413.parquet,3,18,00000698.png,PNG,IdeogramV2,ideogramv2,LAION,test,1,Commercial,test_external_unseen_v3_additions/aigi/cf_external_unseen_v3_aigi_commercial_6dc54d27b9da4d87_00000698.png.png,complete
cf_external_unseen_v3_aigi_commercial_6de1e8e1d0595538,aigi_commercial,data/CompEval-00224-of-00413.parquet,3,15,00000941.png,PNG,Dalle3,dalle3,LAION,test,1,Commercial,test_external_unseen_v3_additions/aigi/cf_external_unseen_v3_aigi_commercial_6de1e8e1d0595538_00000941.png.png,complete
cf_external_unseen_v3_aigi_commercial_6e611ee1c8b5daf4,aigi_commercial,data/CompEval-00390-of-00413.parquet,0,7,00000110_1.png,PNG,MidjourneyV6_1,midjourneyv6-1,LAION,test,1,Commercial,test_external_unseen_v3_additions/aigi/cf_external_unseen_v3_aigi_commercial_6e611ee1c8b5daf4_00000110_1.png.png,complete
cf_external_unseen_v3_aigi_commercial_6ec9f75d091bd854,aigi_commercial,data/CompEval-00405-of-00413.parquet,1,3,00000180.png,PNG,IdeogramV1,ideogramv1,LAION,test,1,Commercial,test_external_unseen_v3_additions/aigi/cf_external_unseen_v3_aigi_commercial_6ec9f75d091bd854_00000180.png.png,complete
cf_external_unseen_v3_aigi_commercial_6f0e355800c85d95,aigi_commercial,data/CompEval-00307-of-00413.parquet,3,22,00000078_3.png,PNG,Imagen3,imagen3,LAION,test,1,Commercial,test_external_unseen_v3_additions/aigi/cf_external_unseen_v3_aigi_commercial_6f0e355800c85d95_00000078_3.png.png,complete
cf_external_unseen_v3_aigi_commercial_700a341d9e56e40e,aigi_commercial,data/CompEval-00248-of-00413.parquet,4,8,00000128.png,PNG,Dalle2,dalle2,LAION,test,1,Commercial,test_external_unseen_v3_additions/aigi/cf_external_unseen_v3_aigi_commercial_700a341d9e56e40e_00000128.png.png,complete
cf_external_unseen_v3_aigi_commercial_70a65d89a6fc3f3d,aigi_commercial,data/CompEval-00250-of-00413.parquet,0,19,00000189.png,PNG,Dalle2,dalle2,LAION,test,1,Commercial,test_external_unseen_v3_additions/aigi/cf_external_unseen_v3_aigi_commercial_70a65d89a6fc3f3d_00000189.png.png,complete
cf_external_unseen_v3_aigi_commercial_70c79aadbebc3a52,aigi_commercial,data/CompEval-00300-of-00413.parquet,0,1,00000999.png,PNG,FLUX-dev,flux-dev,LAION,test,1,Commercial,test_external_unseen_v3_additions/aigi/cf_external_unseen_v3_aigi_commercial_70c79aadbebc3a52_00000999.png.png,complete
cf_external_unseen_v3_aigi_commercial_70cc0a525c0ac1d8,aigi_commercial,data/CompEval-00407-of-00413.parquet,1,10,00000806.png,PNG,IdeogramV1,ideogramv1,LAION,test,1,Commercial,test_external_unseen_v3_additions/aigi/cf_external_unseen_v3_aigi_commercial_70cc0a525c0ac1d8_00000806.png.png,complete
cf_external_unseen_v3_aigi_commercial_714a94b6247dd5ca,aigi_commercial,data/CompEval-00284-of-00413.parquet,0,13,00000299_1.png,PNG,MidjourneyV6_1,midjourneyv6-1,LAION,test,1,Commercial,test_external_unseen_v3_additions/aigi/cf_external_unseen_v3_aigi_commercial_714a94b6247dd5ca_00000299_1.png.png,complete
cf_external_unseen_v3_aigi_commercial_716a792712c70f4f,aigi_commercial,data/CompEval-00228-of-00413.parquet,2,2,00000149.png,PNG,Dalle3,dalle3,LAION,test,1,Commercial,test_external_unseen_v3_additions/aigi/cf_external_unseen_v3_aigi_commercial_716a792712c70f4f_00000149.png.png,complete
cf_external_unseen_v3_aigi_commercial_71c224187379d172,aigi_commercial,data/CompEval-00183-of-00413.parquet,3,3,00000178.png,PNG,FLUX-schnell,flux-schnell,LAION,test,1,Commercial,test_external_unseen_v3_additions/aigi/cf_external_unseen_v3_aigi_commercial_71c224187379d172_00000178.png.png,complete
cf_external_unseen_v3_aigi_commercial_71ff1d23a5b10870,aigi_commercial,data/CompEval-00284-of-00413.parquet,0,16,00000458_2.png,PNG,MidjourneyV6_1,midjourneyv6-1,LAION,test,1,Commercial,test_external_unseen_v3_additions/aigi/cf_external_unseen_v3_aigi_commercial_71ff1d23a5b10870_00000458_2.png.png,complete
cf_external_unseen_v3_aigi_commercial_721e54e0b195d6de,aigi_commercial,data/CompEval-00184-of-00413.parquet,3,14,00000056.png,PNG,FLUX-schnell,flux-schnell,LAION,test,1,Commercial,test_external_unseen_v3_additions/aigi/cf_external_unseen_v3_aigi_commercial_721e54e0b195d6de_00000056.png.png,complete
cf_external_unseen_v3_aigi_commercial_72555b72c49cac45,aigi_commercial,data/CompEval-00300-of-00413.parquet,0,4,00000652.png,PNG,FLUX-dev,flux-dev,LAION,test,1,Commercial,test_external_unseen_v3_additions/aigi/cf_external_unseen_v3_aigi_commercial_72555b72c49cac45_00000652.png.png,complete
cf_external_unseen_v3_aigi_commercial_725a8941164ed8c1,aigi_commercial,data/CompEval-00307-of-00413.parquet,3,23,00000130_3.png,PNG,Imagen3,imagen3,LAION,test,1,Commercial,test_external_unseen_v3_additions/aigi/cf_external_unseen_v3_aigi_commercial_725a8941164ed8c1_00000130_3.png.png,complete
cf_external_unseen_v3_aigi_commercial_727469e3bdf596cc,aigi_commercial,data/CompEval-00405-of-00413.parquet,3,9,00000199.png,PNG,IdeogramV1,ideogramv1,LAION,test,1,Commercial,test_external_unseen_v3_additions/aigi/cf_external_unseen_v3_aigi_commercial_727469e3bdf596cc_00000199.png.png,complete
cf_external_unseen_v3_aigi_commercial_72cdfabf09b642f7,aigi_commercial,data/CompEval-00250-of-00413.parquet,0,1,00000952.png,PNG,Dalle2,dalle2,LAION,test,1,Commercial,test_external_unseen_v3_additions/aigi/cf_external_unseen_v3_aigi_commercial_72cdfabf09b642f7_00000952.png.png,complete
cf_external_unseen_v3_aigi_commercial_7324ddbaa4d0195b,aigi_commercial,data/CompEval-00298-of-00413.parquet,3,13,00000796.png,PNG,FLUX-dev,flux-dev,LAION,test,1,Commercial,test_external_unseen_v3_additions/aigi/cf_external_unseen_v3_aigi_commercial_7324ddbaa4d0195b_00000796.png.png,complete
cf_external_unseen_v3_aigi_commercial_732beb5e01686557,aigi_commercial,data/CompEval-00142-of-00413.parquet,4,7,00000478.png,PNG,FLUX-schnell,flux-schnell,LAION,test,1,Commercial,test_external_unseen_v3_additions/aigi/cf_external_unseen_v3_aigi_commercial_732beb5e01686557_00000478.png.png,complete
cf_external_unseen_v3_aigi_commercial_7380b4ae59955114,aigi_commercial,data/CompEval-00142-of-00413.parquet,4,17,00000671.png,PNG,FLUX-schnell,flux-schnell,LAION,test,1,Commercial,test_external_unseen_v3_additions/aigi/cf_external_unseen_v3_aigi_commercial_7380b4ae59955114_00000671.png.png,complete
cf_external_unseen_v3_aigi_commercial_7433f839f1e0b532,aigi_commercial,data/CompEval-00268-of-00413.parquet,2,22,00000226_1.jpg,JPEG,Firefly_Image3,firefly-image3,LAION,test,1,Commercial,test_external_unseen_v3_additions/aigi/cf_external_unseen_v3_aigi_commercial_7433f839f1e0b532_00000226_1.jpg.jpg,complete
cf_external_unseen_v3_aigi_commercial_743edf4a81570a9c,aigi_commercial,data/CompEval-00048-of-00413.parquet,1,14,00000474_3.png,PNG,MidjourneyV5_2,midjourneyv5-2,LAION,test,1,Commercial,test_external_unseen_v3_additions/aigi/cf_external_unseen_v3_aigi_commercial_743edf4a81570a9c_00000474_3.png.png,complete
cf_external_unseen_v3_aigi_commercial_751635932b9069ad,aigi_commercial,data/CompEval-00030-of-00413.parquet,4,24,00000089_0.png,PNG,MidjourneyV5_2,midjourneyv5-2,LAION,test,1,Commercial,test_external_unseen_v3_additions/aigi/cf_external_unseen_v3_aigi_commercial_751635932b9069ad_00000089_0.png.png,complete
cf_external_unseen_v3_aigi_commercial_756f8d79d4886cb3,aigi_commercial,data/CompEval-00230-of-00413.parquet,1,11,00000557.png,PNG,Dalle3,dalle3,LAION,test,1,Commercial,test_external_unseen_v3_additions/aigi/cf_external_unseen_v3_aigi_commercial_756f8d79d4886cb3_00000557.png.png,complete
cf_external_unseen_v3_aigi_commercial_75706733f4409257,aigi_commercial,data/CompEval-00030-of-00413.parquet,4,11,00000199_2.png,PNG,MidjourneyV5_2,midjourneyv5-2,LAION,test,1,Commercial,test_external_unseen_v3_additions/aigi/cf_external_unseen_v3_aigi_commercial_75706733f4409257_00000199_2.png.png,complete
cf_external_unseen_v3_aigi_commercial_759adb7b2e0e8766,aigi_commercial,data/CompEval-00303-of-00413.parquet,2,11,00000200_2.png,PNG,Imagen3,imagen3,LAION,test,1,Commercial,test_external_unseen_v3_additions/aigi/cf_external_unseen_v3_aigi_commercial_759adb7b2e0e8766_00000200_2.png.png,complete
cf_external_unseen_v3_aigi_commercial_75aac0d1d4212540,aigi_commercial,data/CompEval-00308-of-00413.parquet,0,5,00000076_1.png,PNG,Imagen3,imagen3,LAION,test,1,Commercial,test_external_unseen_v3_additions/aigi/cf_external_unseen_v3_aigi_commercial_75aac0d1d4212540_00000076_1.png.png,complete
cf_external_unseen_v3_aigi_commercial_761658c38bc7102f,aigi_commercial,data/CompEval-00300-of-00413.parquet,0,20,00000345.png,PNG,FLUX-dev,flux-dev,LAION,test,1,Commercial,test_external_unseen_v3_additions/aigi/cf_external_unseen_v3_aigi_commercial_761658c38bc7102f_00000345.png.png,complete
cf_external_unseen_v3_aigi_commercial_765ed68b74421b4f,aigi_commercial,data/CompEval-00284-of-00413.parquet,0,14,00000328_2.png,PNG,MidjourneyV6_1,midjourneyv6-1,LAION,test,1,Commercial,test_external_unseen_v3_additions/aigi/cf_external_unseen_v3_aigi_commercial_765ed68b74421b4f_00000328_2.png.png,complete
cf_external_unseen_v3_aigi_commercial_7686c3739f6b9390,aigi_commercial,data/CompEval-00230-of-00413.parquet,1,3,00000876.png,PNG,Dalle3,dalle3,LAION,test,1,Commercial,test_external_unseen_v3_additions/aigi/cf_external_unseen_v3_aigi_commercial_7686c3739f6b9390_00000876.png.png,complete
cf_external_unseen_v3_aigi_commercial_769565714d55f753,aigi_commercial,data/CompEval-00147-of-00413.parquet,3,16,00000997.png,PNG,IdeogramV2,ideogramv2,LAION,test,1,Commercial,test_external_unseen_v3_additions/aigi/cf_external_unseen_v3_aigi_commercial_769565714d55f753_00000997.png.png,complete
cf_external_unseen_v3_aigi_commercial_769dd2f5c181b6e2,aigi_commercial,data/CompEval-00252-of-00413.parquet,1,7,00000254.png,PNG,Dalle2,dalle2,LAION,test,1,Commercial,test_external_unseen_v3_additions/aigi/cf_external_unseen_v3_aigi_commercial_769dd2f5c181b6e2_00000254.png.png,complete
cf_external_unseen_v3_aigi_commercial_76c015182c58bd21,aigi_commercial,data/CompEval-00250-of-00413.parquet,0,0,00000523.png,PNG,Dalle2,dalle2,LAION,test,1,Commercial,test_external_unseen_v3_additions/aigi/cf_external_unseen_v3_aigi_commercial_76c015182c58bd21_00000523.png.png,complete
cf_external_unseen_v3_aigi_commercial_76dfd59a4598a65b,aigi_commercial,data/CompEval-00300-of-00413.parquet,0,10,00000378.png,PNG,FLUX-dev,flux-dev,LAION,test,1,Commercial,test_external_unseen_v3_additions/aigi/cf_external_unseen_v3_aigi_commercial_76dfd59a4598a65b_00000378.png.png,complete
cf_external_unseen_v3_aigi_commercial_76f4611d2976656c,aigi_commercial,data/CompEval-00335-of-00413.parquet,1,13,00000367_0.jpg,JPEG,Firefly_Image3,firefly-image3,LAION,test,1,Commercial,test_external_unseen_v3_additions/aigi/cf_external_unseen_v3_aigi_commercial_76f4611d2976656c_00000367_0.jpg.jpg,complete
cf_external_unseen_v3_aigi_commercial_776caaaf6314fb0f,aigi_commercial,data/CompEval-00141-of-00413.parquet,3,12,00000169.png,PNG,FLUX-schnell,flux-schnell,LAION,test,1,Commercial,test_external_unseen_v3_additions/aigi/cf_external_unseen_v3_aigi_commercial_776caaaf6314fb0f_00000169.png.png,complete
cf_external_unseen_v3_aigi_commercial_779bca1aa2464181,aigi_commercial,data/CompEval-00294-of-00413.parquet,3,10,00000967.png,PNG,FLUX-dev,flux-dev,LAION,test,1,Commercial,test_external_unseen_v3_additions/aigi/cf_external_unseen_v3_aigi_commercial_779bca1aa2464181_00000967.png.png,complete
cf_external_unseen_v3_aigi_commercial_77cc3c104620a95d,aigi_commercial,data/CompEval-00183-of-00413.parquet,3,10,00000164.png,PNG,FLUX-schnell,flux-schnell,LAION,test,1,Commercial,test_external_unseen_v3_additions/aigi/cf_external_unseen_v3_aigi_commercial_77cc3c104620a95d_00000164.png.png,complete
cf_external_unseen_v3_aigi_commercial_77e1d8c29d56ee1b,aigi_commercial,data/CompEval-00266-of-00413.parquet,1,11,00000440_3.jpg,JPEG,Firefly_Image3,firefly-image3,LAION,test,1,Commercial,test_external_unseen_v3_additions/aigi/cf_external_unseen_v3_aigi_commercial_77e1d8c29d56ee1b_00000440_3.jpg.jpg,complete
cf_external_unseen_v3_aigi_commercial_780b1000c6f884ad,aigi_commercial,data/CompEval-00051-of-00413.parquet,2,16,00000135_3.png,PNG,MidjourneyV5_2,midjourneyv5-2,LAION,test,1,Commercial,test_external_unseen_v3_additions/aigi/cf_external_unseen_v3_aigi_commercial_780b1000c6f884ad_00000135_3.png.png,complete
cf_external_unseen_v3_aigi_commercial_78316267cc265a13,aigi_commercial,data/CompEval-00266-of-00413.parquet,1,21,00000061_1.jpg,JPEG,Firefly_Image3,firefly-image3,LAION,test,1,Commercial,test_external_unseen_v3_additions/aigi/cf_external_unseen_v3_aigi_commercial_78316267cc265a13_00000061_1.jpg.jpg,complete
cf_external_unseen_v3_aigi_commercial_7855ee0f779832f8,aigi_commercial,data/CompEval-00252-of-00413.parquet,1,22,00000485.png,PNG,Dalle2,dalle2,LAION,test,1,Commercial,test_external_unseen_v3_additions/aigi/cf_external_unseen_v3_aigi_commercial_7855ee0f779832f8_00000485.png.png,complete
cf_external_unseen_v3_aigi_commercial_785d5b78efc4995f,aigi_commercial,data/CompEval-00266-of-00413.parquet,1,4,00000307_0.jpg,JPEG,Firefly_Image3,firefly-image3,LAION,test,1,Commercial,test_external_unseen_v3_additions/aigi/cf_external_unseen_v3_aigi_commercial_785d5b78efc4995f_00000307_0.jpg.jpg,complete
cf_external_unseen_v3_aigi_commercial_78a7360fb99ac6b6,aigi_commercial,data/CompEval-00173-of-00413.parquet,4,7,00000267_2.png,PNG,Imagen3,imagen3,LAION,test,1,Commercial,test_external_unseen_v3_additions/aigi/cf_external_unseen_v3_aigi_commercial_78a7360fb99ac6b6_00000267_2.png.png,complete
cf_external_unseen_v3_aigi_commercial_78ead7e57b72ecd5,aigi_commercial,data/CompEval-00250-of-00413.parquet,0,24,00000964.png,PNG,Dalle2,dalle2,LAION,test,1,Commercial,test_external_unseen_v3_additions/aigi/cf_external_unseen_v3_aigi_commercial_78ead7e57b72ecd5_00000964.png.png,complete
cf_external_unseen_v3_aigi_commercial_78ee209639e890d3,aigi_commercial,data/CompEval-00173-of-00413.parquet,4,21,00000163_2.png,PNG,Imagen3,imagen3,LAION,test,1,Commercial,test_external_unseen_v3_additions/aigi/cf_external_unseen_v3_aigi_commercial_78ee209639e890d3_00000163_2.png.png,complete
cf_external_unseen_v3_aigi_commercial_791e9596e43cfb0b,aigi_commercial,data/CompEval-00208-of-00413.parquet,1,24,00000243_2.jpg,JPEG,Firefly_Image2,firefly-image2,LAION,test,1,Commercial,test_external_unseen_v3_additions/aigi/cf_external_unseen_v3_aigi_commercial_791e9596e43cfb0b_00000243_2.jpg.jpg,complete
cf_external_unseen_v3_aigi_commercial_79bf0fbe19f339dc,aigi_commercial,data/CompEval-00390-of-00413.parquet,0,2,00000210_3.png,PNG,MidjourneyV6_1,midjourneyv6-1,LAION,test,1,Commercial,test_external_unseen_v3_additions/aigi/cf_external_unseen_v3_aigi_commercial_79bf0fbe19f339dc_00000210_3.png.png,complete
cf_external_unseen_v3_aigi_commercial_79d182bd1490c5a9,aigi_commercial,data/CompEval-00406-of-00413.parquet,3,16,00000591.png,PNG,IdeogramV1,ideogramv1,LAION,test,1,Commercial,test_external_unseen_v3_additions/aigi/cf_external_unseen_v3_aigi_commercial_79d182bd1490c5a9_00000591.png.png,complete
cf_external_unseen_v3_aigi_commercial_79dd930298417420,aigi_commercial,data/CompEval-00307-of-00413.parquet,3,21,00000202_0.png,PNG,Imagen3,imagen3,LAION,test,1,Commercial,test_external_unseen_v3_additions/aigi/cf_external_unseen_v3_aigi_commercial_79dd930298417420_00000202_0.png.png,complete
cf_external_unseen_v3_aigi_commercial_7a5dd293a564b47f,aigi_commercial,data/CompEval-00048-of-00413.parquet,1,15,00000479_1.png,PNG,MidjourneyV5_2,midjourneyv5-2,LAION,test,1,Commercial,test_external_unseen_v3_additions/aigi/cf_external_unseen_v3_aigi_commercial_7a5dd293a564b47f_00000479_1.png.png,complete
cf_external_unseen_v3_aigi_commercial_7ab34dd1267290c5,aigi_commercial,data/CompEval-00268-of-00413.parquet,2,12,00000063_3.jpg,JPEG,Firefly_Image3,firefly-image3,LAION,test,1,Commercial,test_external_unseen_v3_additions/aigi/cf_external_unseen_v3_aigi_commercial_7ab34dd1267290c5_00000063_3.jpg.jpg,complete
cf_external_unseen_v3_aigi_commercial_7aceed29593da3f7,aigi_commercial,data/CompEval-00253-of-00413.parquet,1,6,00000797.png,PNG,Dalle2,dalle2,LAION,test,1,Commercial,test_external_unseen_v3_additions/aigi/cf_external_unseen_v3_aigi_commercial_7aceed29593da3f7_00000797.png.png,complete
cf_external_unseen_v3_aigi_commercial_7ae062630797b0c1,aigi_commercial,data/CompEval-00335-of-00413.parquet,1,0,00000185_3.jpg,JPEG,Firefly_Image3,firefly-image3,LAION,test,1,Commercial,test_external_unseen_v3_additions/aigi/cf_external_unseen_v3_aigi_commercial_7ae062630797b0c1_00000185_3.jpg.jpg,complete
cf_external_unseen_v3_aigi_commercial_7b1ae80139d84ca8,aigi_commercial,data/CompEval-00266-of-00413.parquet,1,9,00000321_1.jpg,JPEG,Firefly_Image3,firefly-image3,LAION,test,1,Commercial,test_external_unseen_v3_additions/aigi/cf_external_unseen_v3_aigi_commercial_7b1ae80139d84ca8_00000321_1.jpg.jpg,complete
cf_external_unseen_v3_aigi_commercial_7b5860bc23517a7f,aigi_commercial,data/CompEval-00264-of-00413.parquet,2,3,00000308_1.jpg,JPEG,Firefly_Image3,firefly-image3,LAION,test,1,Commercial,test_external_unseen_v3_additions/aigi/cf_external_unseen_v3_aigi_commercial_7b5860bc23517a7f_00000308_1.jpg.jpg,complete
cf_external_unseen_v3_aigi_commercial_7b5e3adcff0b9118,aigi_commercial,data/CompEval-00300-of-00413.parquet,2,22,00000594.png,PNG,FLUX-dev,flux-dev,LAION,test,1,Commercial,test_external_unseen_v3_additions/aigi/cf_external_unseen_v3_aigi_commercial_7b5e3adcff0b9118_00000594.png.png,complete
cf_external_unseen_v3_aigi_commercial_7beb8f8df43ec1f4,aigi_commercial,data/CompEval-00144-of-00413.parquet,2,16,00000578.png,PNG,IdeogramV2,ideogramv2,LAION,test,1,Commercial,test_external_unseen_v3_additions/aigi/cf_external_unseen_v3_aigi_commercial_7beb8f8df43ec1f4_00000578.png.png,complete
cf_external_unseen_v3_aigi_commercial_7bf3fd7e2b01a1a6,aigi_commercial,data/CompEval-00252-of-00413.parquet,1,16,00000693.png,PNG,Dalle2,dalle2,LAION,test,1,Commercial,test_external_unseen_v3_additions/aigi/cf_external_unseen_v3_aigi_commercial_7bf3fd7e2b01a1a6_00000693.png.png,complete
cf_external_unseen_v3_aigi_commercial_7c2d33c6dd2418ea,aigi_commercial,data/CompEval-00183-of-00413.parquet,3,17,00000636.png,PNG,FLUX-schnell,flux-schnell,LAION,test,1,Commercial,test_external_unseen_v3_additions/aigi/cf_external_unseen_v3_aigi_commercial_7c2d33c6dd2418ea_00000636.png.png,complete
cf_external_unseen_v3_aigi_commercial_7c2ea4bdc37018a3,aigi_commercial,data/CompEval-00264-of-00413.parquet,2,8,00000340_2.jpg,JPEG,Firefly_Image3,firefly-image3,LAION,test,1,Commercial,test_external_unseen_v3_additions/aigi/cf_external_unseen_v3_aigi_commercial_7c2ea4bdc37018a3_00000340_2.jpg.jpg,complete
cf_external_unseen_v3_aigi_commercial_7cbf0532bca215fb,aigi_commercial,data/CompEval-00252-of-00413.parquet,1,5,00000841.png,PNG,Dalle2,dalle2,LAION,test,1,Commercial,test_external_unseen_v3_additions/aigi/cf_external_unseen_v3_aigi_commercial_7cbf0532bca215fb_00000841.png.png,complete
cf_external_unseen_v3_aigi_commercial_7cc2849d65e68083,aigi_commercial,data/CompEval-00228-of-00413.parquet,2,13,00000611.png,PNG,Dalle3,dalle3,LAION,test,1,Commercial,test_external_unseen_v3_additions/aigi/cf_external_unseen_v3_aigi_commercial_7cc2849d65e68083_00000611.png.png,complete
cf_external_unseen_v3_aigi_commercial_7cf9a7be31551d34,aigi_commercial,data/CompEval-00141-of-00413.parquet,3,24,00000306.png,PNG,FLUX-schnell,flux-schnell,LAION,test,1,Commercial,test_external_unseen_v3_additions/aigi/cf_external_unseen_v3_aigi_commercial_7cf9a7be31551d34_00000306.png.png,complete
cf_external_unseen_v3_aigi_commercial_7d19063a38754310,aigi_commercial,data/CompEval-00069-of-00413.parquet,0,15,00000249_0.jpg,JPEG,Firefly_Image2,firefly-image2,LAION,test,1,Commercial,test_external_unseen_v3_additions/aigi/cf_external_unseen_v3_aigi_commercial_7d19063a38754310_00000249_0.jpg.jpg,complete
cf_external_unseen_v3_aigi_commercial_7d35c107be6f8d87,aigi_commercial,data/CompEval-00066-of-00413.parquet,1,4,00000026_0.jpg,JPEG,Firefly_Image2,firefly-image2,LAION,test,1,Commercial,test_external_unseen_v3_additions/aigi/cf_external_unseen_v3_aigi_commercial_7d35c107be6f8d87_00000026_0.jpg.jpg,complete
cf_external_unseen_v3_aigi_commercial_7d3ba3a6f09258be,aigi_commercial,data/CompEval-00264-of-00413.parquet,2,1,00000245_1.jpg,JPEG,Firefly_Image3,firefly-image3,LAION,test,1,Commercial,test_external_unseen_v3_additions/aigi/cf_external_unseen_v3_aigi_commercial_7d3ba3a6f09258be_00000245_1.jpg.jpg,complete
cf_external_unseen_v3_aigi_commercial_7d4eaf1a074403ae,aigi_commercial,data/CompEval-00144-of-00413.parquet,2,15,00000900.png,PNG,IdeogramV2,ideogramv2,LAION,test,1,Commercial,test_external_unseen_v3_additions/aigi/cf_external_unseen_v3_aigi_commercial_7d4eaf1a074403ae_00000900.png.png,complete
cf_external_unseen_v3_aigi_commercial_7d5b1bfc45cba5e0,aigi_commercial,data/CompEval-00141-of-00413.parquet,3,4,00000496.png,PNG,FLUX-schnell,flux-schnell,LAION,test,1,Commercial,test_external_unseen_v3_additions/aigi/cf_external_unseen_v3_aigi_commercial_7d5b1bfc45cba5e0_00000496.png.png,complete
cf_external_unseen_v3_aigi_commercial_7d9c20e8e5b9ee7e,aigi_commercial,data/CompEval-00252-of-00413.parquet,1,17,00000282.png,PNG,Dalle2,dalle2,LAION,test,1,Commercial,test_external_unseen_v3_additions/aigi/cf_external_unseen_v3_aigi_commercial_7d9c20e8e5b9ee7e_00000282.png.png,complete
cf_external_unseen_v3_aigi_commercial_7e4d2204f8e565df,aigi_commercial,data/CompEval-00144-of-00413.parquet,2,13,00000989.png,PNG,IdeogramV2,ideogramv2,LAION,test,1,Commercial,test_external_unseen_v3_additions/aigi/cf_external_unseen_v3_aigi_commercial_7e4d2204f8e565df_00000989.png.png,complete
cf_external_unseen_v3_aigi_commercial_7e4e8a7a5a70196c,aigi_commercial,data/CompEval-00230-of-00413.parquet,1,1,00000204.png,PNG,Dalle3,dalle3,LAION,test,1,Commercial,test_external_unseen_v3_additions/aigi/cf_external_unseen_v3_aigi_commercial_7e4e8a7a5a70196c_00000204.png.png,complete
cf_external_unseen_v3_aigi_commercial_7e5afc9ebe3bf7ed,aigi_commercial,data/CompEval-00141-of-00413.parquet,3,7,00000804.png,PNG,FLUX-schnell,flux-schnell,LAION,test,1,Commercial,test_external_unseen_v3_additions/aigi/cf_external_unseen_v3_aigi_commercial_7e5afc9ebe3bf7ed_00000804.png.png,complete
cf_external_unseen_v3_aigi_commercial_7e9c1760d8b5fad4,aigi_commercial,data/CompEval-00228-of-00413.parquet,3,24,00000357.png,PNG,Dalle3,dalle3,LAION,test,1,Commercial,test_external_unseen_v3_additions/aigi/cf_external_unseen_v3_aigi_commercial_7e9c1760d8b5fad4_00000357.png.png,complete
cf_external_unseen_v3_aigi_commercial_7eb3900b99d26e94,aigi_commercial,data/CompEval-00142-of-00413.parquet,4,20,00000815.png,PNG,FLUX-schnell,flux-schnell,LAION,test,1,Commercial,test_external_unseen_v3_additions/aigi/cf_external_unseen_v3_aigi_commercial_7eb3900b99d26e94_00000815.png.png,complete
cf_external_unseen_v3_aigi_commercial_7ecc9704f08f5b02,aigi_commercial,data/CompEval-00285-of-00413.parquet,2,0,00000149_0.png,PNG,MidjourneyV6_1,midjourneyv6-1,LAION,test,1,Commercial,test_external_unseen_v3_additions/aigi/cf_external_unseen_v3_aigi_commercial_7ecc9704f08f5b02_00000149_0.png.png,complete
cf_external_unseen_v3_aigi_commercial_7f6f85ce963ab13f,aigi_commercial,data/CompEval-00048-of-00413.parquet,1,2,00000017_2.png,PNG,MidjourneyV5_2,midjourneyv5-2,LAION,test,1,Commercial,test_external_unseen_v3_additions/aigi/cf_external_unseen_v3_aigi_commercial_7f6f85ce963ab13f_00000017_2.png.png,complete
cf_external_unseen_v3_aigi_commercial_7fb48d0c6e60185f,aigi_commercial,data/CompEval-00284-of-00413.parquet,0,17,00000166_3.png,PNG,MidjourneyV6_1,midjourneyv6-1,LAION,test,1,Commercial,test_external_unseen_v3_additions/aigi/cf_external_unseen_v3_aigi_commercial_7fb48d0c6e60185f_00000166_3.png.png,complete
cf_external_unseen_v3_aigi_commercial_802c9894c1b379d9,aigi_commercial,data/CompEval-00228-of-00413.parquet,2,19,00000793.png,PNG,Dalle3,dalle3,LAION,test,1,Commercial,test_external_unseen_v3_additions/aigi/cf_external_unseen_v3_aigi_commercial_802c9894c1b379d9_00000793.png.png,complete
cf_external_unseen_v3_aigi_commercial_806320a07840d653,aigi_commercial,data/CompEval-00181-of-00413.parquet,4,24,00000195_1.jpg,JPEG,Firefly_Image2,firefly-image2,LAION,test,1,Commercial,test_external_unseen_v3_additions/aigi/cf_external_unseen_v3_aigi_commercial_806320a07840d653_00000195_1.jpg.jpg,complete
cf_external_unseen_v3_aigi_commercial_8118c460e7d53e8d,aigi_commercial,data/CompEval-00145-of-00413.parquet,0,3,00000483.png,PNG,IdeogramV2,ideogramv2,LAION,test,1,Commercial,test_external_unseen_v3_additions/aigi/cf_external_unseen_v3_aigi_commercial_8118c460e7d53e8d_00000483.png.png,complete
cf_external_unseen_v3_aigi_commercial_82113cb9156ad0cc,aigi_commercial,data/CompEval-00069-of-00413.parquet,0,24,00000329_0.jpg,JPEG,Firefly_Image2,firefly-image2,LAION,test,1,Commercial,test_external_unseen_v3_additions/aigi/cf_external_unseen_v3_aigi_commercial_82113cb9156ad0cc_00000329_0.jpg.jpg,complete
cf_external_unseen_v3_aigi_commercial_8227fc2b2eea18e0,aigi_commercial,data/CompEval-00048-of-00413.parquet,1,17,00000082_3.png,PNG,MidjourneyV5_2,midjourneyv5-2,LAION,test,1,Commercial,test_external_unseen_v3_additions/aigi/cf_external_unseen_v3_aigi_commercial_8227fc2b2eea18e0_00000082_3.png.png,complete
cf_external_unseen_v3_aigi_commercial_822b9096c255520f,aigi_commercial,data/CompEval-00407-of-00413.parquet,1,6,00000251.png,PNG,IdeogramV1,ideogramv1,LAION,test,1,Commercial,test_external_unseen_v3_additions/aigi/cf_external_unseen_v3_aigi_commercial_822b9096c255520f_00000251.png.png,complete
cf_external_unseen_v3_aigi_commercial_823178e9cb8b9d08,aigi_commercial,data/CompEval-00066-of-00413.parquet,1,21,00000363_1.jpg,JPEG,Firefly_Image2,firefly-image2,LAION,test,1,Commercial,test_external_unseen_v3_additions/aigi/cf_external_unseen_v3_aigi_commercial_823178e9cb8b9d08_00000363_1.jpg.jpg,complete
cf_external_unseen_v3_aigi_commercial_8231f5c920cefc36,aigi_commercial,data/CompEval-00048-of-00413.parquet,1,0,00000198_1.png,PNG,MidjourneyV5_2,midjourneyv5-2,LAION,test,1,Commercial,test_external_unseen_v3_additions/aigi/cf_external_unseen_v3_aigi_commercial_8231f5c920cefc36_00000198_1.png.png,complete
cf_external_unseen_v3_aigi_commercial_82622d0c36bead48,aigi_commercial,data/CompEval-00390-of-00413.parquet,0,9,00000414_1.png,PNG,MidjourneyV6_1,midjourneyv6-1,LAION,test,1,Commercial,test_external_unseen_v3_additions/aigi/cf_external_unseen_v3_aigi_commercial_82622d0c36bead48_00000414_1.png.png,complete
cf_external_unseen_v3_aigi_commercial_8287e0c79d67c5e5,aigi_commercial,data/CompEval-00266-of-00413.parquet,1,5,00000097_3.jpg,JPEG,Firefly_Image3,firefly-image3,LAION,test,1,Commercial,test_external_unseen_v3_additions/aigi/cf_external_unseen_v3_aigi_commercial_8287e0c79d67c5e5_00000097_3.jpg.jpg,complete
cf_external_unseen_v3_aigi_commercial_82a19137b642d436,aigi_commercial,data/CompEval-00253-of-00413.parquet,1,20,00000459.png,PNG,Dalle2,dalle2,LAION,test,1,Commercial,test_external_unseen_v3_additions/aigi/cf_external_unseen_v3_aigi_commercial_82a19137b642d436_00000459.png.png,complete
cf_external_unseen_v3_aigi_commercial_83036859cc45ff55,aigi_commercial,data/CompEval-00145-of-00413.parquet,2,15,00000760.png,PNG,IdeogramV2,ideogramv2,LAION,test,1,Commercial,test_external_unseen_v3_additions/aigi/cf_external_unseen_v3_aigi_commercial_83036859cc45ff55_00000760.png.png,complete
cf_external_unseen_v3_aigi_commercial_830498236d867fb1,aigi_commercial,data/CompEval-00390-of-00413.parquet,3,23,00000373_1.png,PNG,MidjourneyV6_1,midjourneyv6-1,LAION,test,1,Commercial,test_external_unseen_v3_additions/aigi/cf_external_unseen_v3_aigi_commercial_830498236d867fb1_00000373_1.png.png,complete
cf_external_unseen_v3_aigi_commercial_833512eba19ed0ba,aigi_commercial,data/CompEval-00184-of-00413.parquet,3,5,00000923.png,PNG,FLUX-schnell,flux-schnell,LAION,test,1,Commercial,test_external_unseen_v3_additions/aigi/cf_external_unseen_v3_aigi_commercial_833512eba19ed0ba_00000923.png.png,complete
cf_external_unseen_v3_aigi_commercial_83de4b1d62311738,aigi_commercial,data/CompEval-00285-of-00413.parquet,2,14,00000162_3.png,PNG,MidjourneyV6_1,midjourneyv6-1,LAION,test,1,Commercial,test_external_unseen_v3_additions/aigi/cf_external_unseen_v3_aigi_commercial_83de4b1d62311738_00000162_3.png.png,complete
cf_external_unseen_v3_aigi_commercial_84db213c789bd109,aigi_commercial,data/CompEval-00390-of-00413.parquet,3,1,00000265_3.png,PNG,MidjourneyV6_1,midjourneyv6-1,LAION,test,1,Commercial,test_external_unseen_v3_additions/aigi/cf_external_unseen_v3_aigi_commercial_84db213c789bd109_00000265_3.png.png,complete
cf_external_unseen_v3_aigi_commercial_8513118afa4dd8f6,aigi_commercial,data/CompEval-00264-of-00413.parquet,2,22,00000328_0.jpg,JPEG,Firefly_Image3,firefly-image3,LAION,test,1,Commercial,test_external_unseen_v3_additions/aigi/cf_external_unseen_v3_aigi_commercial_8513118afa4dd8f6_00000328_0.jpg.jpg,complete
cf_external_unseen_v3_aigi_commercial_85230d5e72bc670c,aigi_commercial,data/CompEval-00252-of-00413.parquet,1,14,00000973.png,PNG,Dalle2,dalle2,LAION,test,1,Commercial,test_external_unseen_v3_additions/aigi/cf_external_unseen_v3_aigi_commercial_85230d5e72bc670c_00000973.png.png,complete
cf_external_unseen_v3_aigi_commercial_85dcbc6f88ba770c,aigi_commercial,data/CompEval-00144-of-00413.parquet,2,9,00000079.png,PNG,IdeogramV2,ideogramv2,LAION,test,1,Commercial,test_external_unseen_v3_additions/aigi/cf_external_unseen_v3_aigi_commercial_85dcbc6f88ba770c_00000079.png.png,complete
cf_external_unseen_v3_aigi_commercial_8610fa6da1213d50,aigi_commercial,data/CompEval-00184-of-00413.parquet,3,15,00000812.png,PNG,FLUX-schnell,flux-schnell,LAION,test,1,Commercial,test_external_unseen_v3_additions/aigi/cf_external_unseen_v3_aigi_commercial_8610fa6da1213d50_00000812.png.png,complete
cf_external_unseen_v3_aigi_commercial_864a841f7192a925,aigi_commercial,data/CompEval-00390-of-00413.parquet,3,7,00000283_3.png,PNG,MidjourneyV6_1,midjourneyv6-1,LAION,test,1,Commercial,test_external_unseen_v3_additions/aigi/cf_external_unseen_v3_aigi_commercial_864a841f7192a925_00000283_3.png.png,complete
cf_external_unseen_v3_aigi_commercial_8671523d783dc1a6,aigi_commercial,data/CompEval-00303-of-00413.parquet,2,0,00000230_3.png,PNG,Imagen3,imagen3,LAION,test,1,Commercial,test_external_unseen_v3_additions/aigi/cf_external_unseen_v3_aigi_commercial_8671523d783dc1a6_00000230_3.png.png,complete
cf_external_unseen_v3_aigi_commercial_86afc0921a126bc0,aigi_commercial,data/CompEval-00066-of-00413.parquet,1,10,00000346_3.jpg,JPEG,Firefly_Image2,firefly-image2,LAION,test,1,Commercial,test_external_unseen_v3_additions/aigi/cf_external_unseen_v3_aigi_commercial_86afc0921a126bc0_00000346_3.jpg.jpg,complete
cf_external_unseen_v3_aigi_commercial_86e1cf4a150e5f0a,aigi_commercial,data/CompEval-00230-of-00413.parquet,1,18,00000336.png,PNG,Dalle3,dalle3,LAION,test,1,Commercial,test_external_unseen_v3_additions/aigi/cf_external_unseen_v3_aigi_commercial_86e1cf4a150e5f0a_00000336.png.png,complete
cf_external_unseen_v3_aigi_commercial_870da341b73cd720,aigi_commercial,data/CompEval-00253-of-00413.parquet,1,13,00000574.png,PNG,Dalle2,dalle2,LAION,test,1,Commercial,test_external_unseen_v3_additions/aigi/cf_external_unseen_v3_aigi_commercial_870da341b73cd720_00000574.png.png,complete
cf_external_unseen_v3_aigi_commercial_8770c12cd435f934,aigi_commercial,data/CompEval-00250-of-00413.parquet,0,12,00000050.png,PNG,Dalle2,dalle2,LAION,test,1,Commercial,test_external_unseen_v3_additions/aigi/cf_external_unseen_v3_aigi_commercial_8770c12cd435f934_00000050.png.png,complete
cf_external_unseen_v3_aigi_commercial_880c9874dd0280ca,aigi_commercial,data/CompEval-00406-of-00413.parquet,3,5,00000785.png,PNG,IdeogramV1,ideogramv1,LAION,test,1,Commercial,test_external_unseen_v3_additions/aigi/cf_external_unseen_v3_aigi_commercial_880c9874dd0280ca_00000785.png.png,complete
cf_external_unseen_v3_aigi_commercial_8890d82ee6d919d1,aigi_commercial,data/CompEval-00294-of-00413.parquet,3,7,00000461.png,PNG,FLUX-dev,flux-dev,LAION,test,1,Commercial,test_external_unseen_v3_additions/aigi/cf_external_unseen_v3_aigi_commercial_8890d82ee6d919d1_00000461.png.png,complete
cf_external_unseen_v3_aigi_commercial_889c3679edf4aa02,aigi_commercial,data/CompEval-00335-of-00413.parquet,1,21,00000147_2.jpg,JPEG,Firefly_Image3,firefly-image3,LAION,test,1,Commercial,test_external_unseen_v3_additions/aigi/cf_external_unseen_v3_aigi_commercial_889c3679edf4aa02_00000147_2.jpg.jpg,complete
cf_external_unseen_v3_aigi_commercial_89271e3c4a74d581,aigi_commercial,data/CompEval-00228-of-00413.parquet,2,20,00000991.png,PNG,Dalle3,dalle3,LAION,test,1,Commercial,test_external_unseen_v3_additions/aigi/cf_external_unseen_v3_aigi_commercial_89271e3c4a74d581_00000991.png.png,complete
cf_external_unseen_v3_aigi_commercial_894a08028fde4673,aigi_commercial,data/CompEval-00208-of-00413.parquet,1,9,00000234_2.jpg,JPEG,Firefly_Image2,firefly-image2,LAION,test,1,Commercial,test_external_unseen_v3_additions/aigi/cf_external_unseen_v3_aigi_commercial_894a08028fde4673_00000234_2.jpg.jpg,complete
cf_external_unseen_v3_aigi_commercial_89b911faf5e8f518,aigi_commercial,data/CompEval-00300-of-00413.parquet,0,16,00000283.png,PNG,FLUX-dev,flux-dev,LAION,test,1,Commercial,test_external_unseen_v3_additions/aigi/cf_external_unseen_v3_aigi_commercial_89b911faf5e8f518_00000283.png.png,complete
cf_external_unseen_v3_aigi_commercial_8a013278be4c2655,aigi_commercial,data/CompEval-00300-of-00413.parquet,2,15,00000819.png,PNG,FLUX-dev,flux-dev,LAION,test,1,Commercial,test_external_unseen_v3_additions/aigi/cf_external_unseen_v3_aigi_commercial_8a013278be4c2655_00000819.png.png,complete
cf_external_unseen_v3_aigi_commercial_8a044a011c50c406,aigi_commercial,data/CompEval-00208-of-00413.parquet,1,13,00000218_1.jpg,JPEG,Firefly_Image2,firefly-image2,LAION,test,1,Commercial,test_external_unseen_v3_additions/aigi/cf_external_unseen_v3_aigi_commercial_8a044a011c50c406_00000218_1.jpg.jpg,complete
cf_external_unseen_v3_aigi_commercial_8a746382dd9719e4,aigi_commercial,data/CompEval-00250-of-00413.parquet,0,6,00000585.png,PNG,Dalle2,dalle2,LAION,test,1,Commercial,test_external_unseen_v3_additions/aigi/cf_external_unseen_v3_aigi_commercial_8a746382dd9719e4_00000585.png.png,complete
cf_external_unseen_v3_aigi_commercial_8abc311107de53b9,aigi_commercial,data/CompEval-00051-of-00413.parquet,2,11,00000350_3.png,PNG,MidjourneyV5_2,midjourneyv5-2,LAION,test,1,Commercial,test_external_unseen_v3_additions/aigi/cf_external_unseen_v3_aigi_commercial_8abc311107de53b9_00000350_3.png.png,complete
cf_external_unseen_v3_aigi_commercial_8ac5a5226ce16028,aigi_commercial,data/CompEval-00405-of-00413.parquet,1,9,00000039.png,PNG,IdeogramV1,ideogramv1,LAION,test,1,Commercial,test_external_unseen_v3_additions/aigi/cf_external_unseen_v3_aigi_commercial_8ac5a5226ce16028_00000039.png.png,complete
cf_external_unseen_v3_aigi_commercial_8ac6a2739e60a794,aigi_commercial,data/CompEval-00250-of-00413.parquet,0,21,00000903.png,PNG,Dalle2,dalle2,LAION,test,1,Commercial,test_external_unseen_v3_additions/aigi/cf_external_unseen_v3_aigi_commercial_8ac6a2739e60a794_00000903.png.png,complete
cf_external_unseen_v3_aigi_commercial_8b786d4a648157f6,aigi_commercial,data/CompEval-00208-of-00413.parquet,1,15,00000447_2.jpg,JPEG,Firefly_Image2,firefly-image2,LAION,test,1,Commercial,test_external_unseen_v3_additions/aigi/cf_external_unseen_v3_aigi_commercial_8b786d4a648157f6_00000447_2.jpg.jpg,complete
cf_external_unseen_v3_aigi_commercial_8ba4849d5b60068c,aigi_commercial,data/CompEval-00173-of-00413.parquet,4,4,00000140_1.png,PNG,Imagen3,imagen3,LAION,test,1,Commercial,test_external_unseen_v3_additions/aigi/cf_external_unseen_v3_aigi_commercial_8ba4849d5b60068c_00000140_1.png.png,complete
cf_external_unseen_v3_aigi_commercial_8bc565a125152b86,aigi_commercial,data/CompEval-00224-of-00413.parquet,3,2,00000120.png,PNG,Dalle3,dalle3,LAION,test,1,Commercial,test_external_unseen_v3_additions/aigi/cf_external_unseen_v3_aigi_commercial_8bc565a125152b86_00000120.png.png,complete
cf_external_unseen_v3_aigi_commercial_8c26aede1f8cd8f9,aigi_commercial,data/CompEval-00141-of-00413.parquet,3,3,00000896.png,PNG,FLUX-schnell,flux-schnell,LAION,test,1,Commercial,test_external_unseen_v3_additions/aigi/cf_external_unseen_v3_aigi_commercial_8c26aede1f8cd8f9_00000896.png.png,complete
cf_external_unseen_v3_aigi_commercial_8c2d21b51b24e0bd,aigi_commercial,data/CompEval-00407-of-00413.parquet,1,18,00000095.png,PNG,IdeogramV1,ideogramv1,LAION,test,1,Commercial,test_external_unseen_v3_additions/aigi/cf_external_unseen_v3_aigi_commercial_8c2d21b51b24e0bd_00000095.png.png,complete
cf_external_unseen_v3_aigi_commercial_8c329cf750188811,aigi_commercial,data/CompEval-00208-of-00413.parquet,1,7,00000046_2.jpg,JPEG,Firefly_Image2,firefly-image2,LAION,test,1,Commercial,test_external_unseen_v3_additions/aigi/cf_external_unseen_v3_aigi_commercial_8c329cf750188811_00000046_2.jpg.jpg,complete
cf_external_unseen_v3_aigi_commercial_8ca37bca23489bfa,aigi_commercial,data/CompEval-00405-of-00413.parquet,3,10,00000112.png,PNG,IdeogramV1,ideogramv1,LAION,test,1,Commercial,test_external_unseen_v3_additions/aigi/cf_external_unseen_v3_aigi_commercial_8ca37bca23489bfa_00000112.png.png,complete
cf_external_unseen_v3_aigi_commercial_8cf397e12687d0b3,aigi_commercial,data/CompEval-00307-of-00413.parquet,3,15,00000132_3.png,PNG,Imagen3,imagen3,LAION,test,1,Commercial,test_external_unseen_v3_additions/aigi/cf_external_unseen_v3_aigi_commercial_8cf397e12687d0b3_00000132_3.png.png,complete
cf_external_unseen_v3_aigi_commercial_8d75cd71a1a09ae1,aigi_commercial,data/CompEval-00208-of-00413.parquet,1,19,00000093_2.jpg,JPEG,Firefly_Image2,firefly-image2,LAION,test,1,Commercial,test_external_unseen_v3_additions/aigi/cf_external_unseen_v3_aigi_commercial_8d75cd71a1a09ae1_00000093_2.jpg.jpg,complete
cf_external_unseen_v3_aigi_commercial_8da254bb356e6ec9,aigi_commercial,data/CompEval-00144-of-00413.parquet,2,10,00000878.png,PNG,IdeogramV2,ideogramv2,LAION,test,1,Commercial,test_external_unseen_v3_additions/aigi/cf_external_unseen_v3_aigi_commercial_8da254bb356e6ec9_00000878.png.png,complete
cf_external_unseen_v3_aigi_commercial_8dc7fbce52e3893c,aigi_commercial,data/CompEval-00407-of-00413.parquet,1,23,00000844.png,PNG,IdeogramV1,ideogramv1,LAION,test,1,Commercial,test_external_unseen_v3_additions/aigi/cf_external_unseen_v3_aigi_commercial_8dc7fbce52e3893c_00000844.png.png,complete
cf_external_unseen_v3_aigi_commercial_8e422b8aa419230d,aigi_commercial,data/CompEval-00228-of-00413.parquet,2,11,00000471.png,PNG,Dalle3,dalle3,LAION,test,1,Commercial,test_external_unseen_v3_additions/aigi/cf_external_unseen_v3_aigi_commercial_8e422b8aa419230d_00000471.png.png,complete
cf_external_unseen_v3_aigi_commercial_8e811cecf6b64787,aigi_commercial,data/CompEval-00264-of-00413.parquet,2,2,00000372_3.jpg,JPEG,Firefly_Image3,firefly-image3,LAION,test,1,Commercial,test_external_unseen_v3_additions/aigi/cf_external_unseen_v3_aigi_commercial_8e811cecf6b64787_00000372_3.jpg.jpg,complete
cf_external_unseen_v3_aigi_commercial_8ea8c81f2e0c5650,aigi_commercial,data/CompEval-00228-of-00413.parquet,2,17,00000378.png,PNG,Dalle3,dalle3,LAION,test,1,Commercial,test_external_unseen_v3_additions/aigi/cf_external_unseen_v3_aigi_commercial_8ea8c81f2e0c5650_00000378.png.png,complete
cf_external_unseen_v3_aigi_commercial_8ead6771405ed903,aigi_commercial,data/CompEval-00266-of-00413.parquet,1,13,00000122_3.jpg,JPEG,Firefly_Image3,firefly-image3,LAION,test,1,Commercial,test_external_unseen_v3_additions/aigi/cf_external_unseen_v3_aigi_commercial_8ead6771405ed903_00000122_3.jpg.jpg,complete
cf_external_unseen_v3_aigi_commercial_8efe64f417ffbcbb,aigi_commercial,data/CompEval-00224-of-00413.parquet,3,24,00000637.png,PNG,Dalle3,dalle3,LAION,test,1,Commercial,test_external_unseen_v3_additions/aigi/cf_external_unseen_v3_aigi_commercial_8efe64f417ffbcbb_00000637.png.png,complete
cf_external_unseen_v3_aigi_commercial_8f92cf23c2f0014d,aigi_commercial,data/CompEval-00405-of-00413.parquet,1,24,00000884.png,PNG,IdeogramV1,ideogramv1,LAION,test,1,Commercial,test_external_unseen_v3_additions/aigi/cf_external_unseen_v3_aigi_commercial_8f92cf23c2f0014d_00000884.png.png,complete
cf_external_unseen_v3_aigi_commercial_8fa72cd12d9fbe24,aigi_commercial,data/CompEval-00066-of-00413.parquet,1,12,00000362_0.jpg,JPEG,Firefly_Image2,firefly-image2,LAION,test,1,Commercial,test_external_unseen_v3_additions/aigi/cf_external_unseen_v3_aigi_commercial_8fa72cd12d9fbe24_00000362_0.jpg.jpg,complete
cf_external_unseen_v3_aigi_commercial_8fc98d752e44bea5,aigi_commercial,data/CompEval-00208-of-00413.parquet,1,11,00000284_2.jpg,JPEG,Firefly_Image2,firefly-image2,LAION,test,1,Commercial,test_external_unseen_v3_additions/aigi/cf_external_unseen_v3_aigi_commercial_8fc98d752e44bea5_00000284_2.jpg.jpg,complete
cf_external_unseen_v3_aigi_commercial_90a688af47d03497,aigi_commercial,data/CompEval-00066-of-00413.parquet,1,13,00000499_0.jpg,JPEG,Firefly_Image2,firefly-image2,LAION,test,1,Commercial,test_external_unseen_v3_additions/aigi/cf_external_unseen_v3_aigi_commercial_90a688af47d03497_00000499_0.jpg.jpg,complete
cf_external_unseen_v3_aigi_commercial_90aa962747d28998,aigi_commercial,data/CompEval-00141-of-00413.parquet,3,2,00000925.png,PNG,FLUX-schnell,flux-schnell,LAION,test,1,Commercial,test_external_unseen_v3_additions/aigi/cf_external_unseen_v3_aigi_commercial_90aa962747d28998_00000925.png.png,complete
cf_external_unseen_v3_aigi_commercial_90b2e741b8b929ad,aigi_commercial,data/CompEval-00294-of-00413.parquet,3,13,00000139.png,PNG,FLUX-dev,flux-dev,LAION,test,1,Commercial,test_external_unseen_v3_additions/aigi/cf_external_unseen_v3_aigi_commercial_90b2e741b8b929ad_00000139.png.png,complete
cf_external_unseen_v3_aigi_commercial_912362d3afd1de0c,aigi_commercial,data/CompEval-00181-of-00413.parquet,4,14,00000114_3.jpg,JPEG,Firefly_Image2,firefly-image2,LAION,test,1,Commercial,test_external_unseen_v3_additions/aigi/cf_external_unseen_v3_aigi_commercial_912362d3afd1de0c_00000114_3.jpg.jpg,complete
cf_external_unseen_v3_aigi_commercial_91283eb374c71d62,aigi_commercial,data/CompEval-00390-of-00413.parquet,3,12,00000196_2.png,PNG,MidjourneyV6_1,midjourneyv6-1,LAION,test,1,Commercial,test_external_unseen_v3_additions/aigi/cf_external_unseen_v3_aigi_commercial_91283eb374c71d62_00000196_2.png.png,complete
cf_external_unseen_v3_aigi_commercial_915b81f878caf7c5,aigi_commercial,data/CompEval-00300-of-00413.parquet,2,20,00000708.png,PNG,FLUX-dev,flux-dev,LAION,test,1,Commercial,test_external_unseen_v3_additions/aigi/cf_external_unseen_v3_aigi_commercial_915b81f878caf7c5_00000708.png.png,complete
cf_external_unseen_v3_aigi_commercial_91cf0130fcef5664,aigi_commercial,data/CompEval-00228-of-00413.parquet,3,16,00000734.png,PNG,Dalle3,dalle3,LAION,test,1,Commercial,test_external_unseen_v3_additions/aigi/cf_external_unseen_v3_aigi_commercial_91cf0130fcef5664_00000734.png.png,complete
cf_external_unseen_v3_aigi_commercial_920fa6d7e817ee5c,aigi_commercial,data/CompEval-00268-of-00413.parquet,2,5,00000123_3.jpg,JPEG,Firefly_Image3,firefly-image3,LAION,test,1,Commercial,test_external_unseen_v3_additions/aigi/cf_external_unseen_v3_aigi_commercial_920fa6d7e817ee5c_00000123_3.jpg.jpg,complete
cf_external_unseen_v3_aigi_commercial_9232f2ce3800c399,aigi_commercial,data/CompEval-00308-of-00413.parquet,0,7,00000081_2.png,PNG,Imagen3,imagen3,LAION,test,1,Commercial,test_external_unseen_v3_additions/aigi/cf_external_unseen_v3_aigi_commercial_9232f2ce3800c399_00000081_2.png.png,complete
cf_external_unseen_v3_aigi_commercial_927589b124d07693,aigi_commercial,data/CompEval-00030-of-00413.parquet,4,17,00000203_2.png,PNG,MidjourneyV5_2,midjourneyv5-2,LAION,test,1,Commercial,test_external_unseen_v3_additions/aigi/cf_external_unseen_v3_aigi_commercial_927589b124d07693_00000203_2.png.png,complete
cf_external_unseen_v3_aigi_commercial_9276e9fb2b54efb5,aigi_commercial,data/CompEval-00173-of-00413.parquet,4,10,00000107_0.png,PNG,Imagen3,imagen3,LAION,test,1,Commercial,test_external_unseen_v3_additions/aigi/cf_external_unseen_v3_aigi_commercial_9276e9fb2b54efb5_00000107_0.png.png,complete
cf_external_unseen_v3_aigi_commercial_92acb85f6402eede,aigi_commercial,data/CompEval-00064-of-00413.parquet,0,22,00000375_1.jpg,JPEG,Firefly_Image2,firefly-image2,LAION,test,1,Commercial,test_external_unseen_v3_additions/aigi/cf_external_unseen_v3_aigi_commercial_92acb85f6402eede_00000375_1.jpg.jpg,complete
cf_external_unseen_v3_aigi_commercial_92e0b8753c04baaf,aigi_commercial,data/CompEval-00298-of-00413.parquet,3,11,00000038.png,PNG,FLUX-dev,flux-dev,LAION,test,1,Commercial,test_external_unseen_v3_additions/aigi/cf_external_unseen_v3_aigi_commercial_92e0b8753c04baaf_00000038.png.png,complete
cf_external_unseen_v3_aigi_commercial_9317d9fec26d1bc6,aigi_commercial,data/CompEval-00307-of-00413.parquet,3,6,00000156_3.png,PNG,Imagen3,imagen3,LAION,test,1,Commercial,test_external_unseen_v3_additions/aigi/cf_external_unseen_v3_aigi_commercial_9317d9fec26d1bc6_00000156_3.png.png,complete
cf_external_unseen_v3_aigi_commercial_932e59f82be1cb15,aigi_commercial,data/CompEval-00069-of-00413.parquet,0,1,00000070_3.jpg,JPEG,Firefly_Image2,firefly-image2,LAION,test,1,Commercial,test_external_unseen_v3_additions/aigi/cf_external_unseen_v3_aigi_commercial_932e59f82be1cb15_00000070_3.jpg.jpg,complete
cf_external_unseen_v3_aigi_commercial_936860dda38ce409,aigi_commercial,data/CompEval-00141-of-00413.parquet,3,11,00000664.png,PNG,FLUX-schnell,flux-schnell,LAION,test,1,Commercial,test_external_unseen_v3_additions/aigi/cf_external_unseen_v3_aigi_commercial_936860dda38ce409_00000664.png.png,complete
cf_external_unseen_v3_aigi_commercial_938f993a3472ba4c,aigi_commercial,data/CompEval-00284-of-00413.parquet,0,19,00000203_3.png,PNG,MidjourneyV6_1,midjourneyv6-1,LAION,test,1,Commercial,test_external_unseen_v3_additions/aigi/cf_external_unseen_v3_aigi_commercial_938f993a3472ba4c_00000203_3.png.png,complete
cf_external_unseen_v3_aigi_commercial_9410c340f9d4a93a,aigi_commercial,data/CompEval-00406-of-00413.parquet,3,19,00000532.png,PNG,IdeogramV1,ideogramv1,LAION,test,1,Commercial,test_external_unseen_v3_additions/aigi/cf_external_unseen_v3_aigi_commercial_9410c340f9d4a93a_00000532.png.png,complete
cf_external_unseen_v3_aigi_commercial_9430c47f928440a7,aigi_commercial,data/CompEval-00145-of-00413.parquet,2,21,00000523.png,PNG,IdeogramV2,ideogramv2,LAION,test,1,Commercial,test_external_unseen_v3_additions/aigi/cf_external_unseen_v3_aigi_commercial_9430c47f928440a7_00000523.png.png,complete
cf_external_unseen_v3_aigi_commercial_943ffc50a05baa3e,aigi_commercial,data/CompEval-00184-of-00413.parquet,3,12,00000820.png,PNG,FLUX-schnell,flux-schnell,LAION,test,1,Commercial,test_external_unseen_v3_additions/aigi/cf_external_unseen_v3_aigi_commercial_943ffc50a05baa3e_00000820.png.png,complete
cf_external_unseen_v3_aigi_commercial_944c840563428de5,aigi_commercial,data/CompEval-00307-of-00413.parquet,3,8,00000275_1.png,PNG,Imagen3,imagen3,LAION,test,1,Commercial,test_external_unseen_v3_additions/aigi/cf_external_unseen_v3_aigi_commercial_944c840563428de5_00000275_1.png.png,complete
cf_external_unseen_v3_aigi_commercial_94e8dc6b87278c85,aigi_commercial,data/CompEval-00285-of-00413.parquet,2,9,00000097_3.png,PNG,MidjourneyV6_1,midjourneyv6-1,LAION,test,1,Commercial,test_external_unseen_v3_additions/aigi/cf_external_unseen_v3_aigi_commercial_94e8dc6b87278c85_00000097_3.png.png,complete
cf_external_unseen_v3_aigi_commercial_950b35023c9dda16,aigi_commercial,data/CompEval-00407-of-00413.parquet,1,12,00000409.png,PNG,IdeogramV1,ideogramv1,LAION,test,1,Commercial,test_external_unseen_v3_additions/aigi/cf_external_unseen_v3_aigi_commercial_950b35023c9dda16_00000409.png.png,complete
cf_external_unseen_v3_aigi_commercial_9524bd741c76931d,aigi_commercial,data/CompEval-00294-of-00413.parquet,3,6,00000442.png,PNG,FLUX-dev,flux-dev,LAION,test,1,Commercial,test_external_unseen_v3_additions/aigi/cf_external_unseen_v3_aigi_commercial_9524bd741c76931d_00000442.png.png,complete
cf_external_unseen_v3_aigi_commercial_956454f368dc2f06,aigi_commercial,data/CompEval-00294-of-00413.parquet,3,16,00000330.png,PNG,FLUX-dev,flux-dev,LAION,test,1,Commercial,test_external_unseen_v3_additions/aigi/cf_external_unseen_v3_aigi_commercial_956454f368dc2f06_00000330.png.png,complete
cf_external_unseen_v3_aigi_commercial_95c21eb8bcc55092,aigi_commercial,data/CompEval-00253-of-00413.parquet,1,8,00000109.png,PNG,Dalle2,dalle2,LAION,test,1,Commercial,test_external_unseen_v3_additions/aigi/cf_external_unseen_v3_aigi_commercial_95c21eb8bcc55092_00000109.png.png,complete
cf_external_unseen_v3_aigi_commercial_95f12f5d63aafcd4,aigi_commercial,data/CompEval-00300-of-00413.parquet,2,23,00000732.png,PNG,FLUX-dev,flux-dev,LAION,test,1,Commercial,test_external_unseen_v3_additions/aigi/cf_external_unseen_v3_aigi_commercial_95f12f5d63aafcd4_00000732.png.png,complete
cf_external_unseen_v3_aigi_commercial_963195248c20162e,aigi_commercial,data/CompEval-00285-of-00413.parquet,2,1,00000485_1.png,PNG,MidjourneyV6_1,midjourneyv6-1,LAION,test,1,Commercial,test_external_unseen_v3_additions/aigi/cf_external_unseen_v3_aigi_commercial_963195248c20162e_00000485_1.png.png,complete
cf_external_unseen_v3_aigi_commercial_96e4bf1647068f5b,aigi_commercial,data/CompEval-00051-of-00413.parquet,2,22,00000321_2.png,PNG,MidjourneyV5_2,midjourneyv5-2,LAION,test,1,Commercial,test_external_unseen_v3_additions/aigi/cf_external_unseen_v3_aigi_commercial_96e4bf1647068f5b_00000321_2.png.png,complete
cf_external_unseen_v3_aigi_commercial_96fbc8282a8e7702,aigi_commercial,data/CompEval-00141-of-00413.parquet,3,13,00000577.png,PNG,FLUX-schnell,flux-schnell,LAION,test,1,Commercial,test_external_unseen_v3_additions/aigi/cf_external_unseen_v3_aigi_commercial_96fbc8282a8e7702_00000577.png.png,complete
cf_external_unseen_v3_aigi_commercial_9804bd84af35def1,aigi_commercial,data/CompEval-00250-of-00413.parquet,0,9,00000968.png,PNG,Dalle2,dalle2,LAION,test,1,Commercial,test_external_unseen_v3_additions/aigi/cf_external_unseen_v3_aigi_commercial_9804bd84af35def1_00000968.png.png,complete
cf_external_unseen_v3_aigi_commercial_980e6cba96c94109,aigi_commercial,data/CompEval-00390-of-00413.parquet,3,15,00000191_0.png,PNG,MidjourneyV6_1,midjourneyv6-1,LAION,test,1,Commercial,test_external_unseen_v3_additions/aigi/cf_external_unseen_v3_aigi_commercial_980e6cba96c94109_00000191_0.png.png,complete
cf_external_unseen_v3_aigi_commercial_987db9c12277a972,aigi_commercial,data/CompEval-00208-of-00413.parquet,1,2,00000285_3.jpg,JPEG,Firefly_Image2,firefly-image2,LAION,test,1,Commercial,test_external_unseen_v3_additions/aigi/cf_external_unseen_v3_aigi_commercial_987db9c12277a972_00000285_3.jpg.jpg,complete
cf_external_unseen_v3_aigi_commercial_9887a0d8027ca39b,aigi_commercial,data/CompEval-00066-of-00413.parquet,1,5,00000189_2.jpg,JPEG,Firefly_Image2,firefly-image2,LAION,test,1,Commercial,test_external_unseen_v3_additions/aigi/cf_external_unseen_v3_aigi_commercial_9887a0d8027ca39b_00000189_2.jpg.jpg,complete
cf_external_unseen_v3_aigi_commercial_98a6780e75c681c5,aigi_commercial,data/CompEval-00298-of-00413.parquet,3,0,00000430.png,PNG,FLUX-dev,flux-dev,LAION,test,1,Commercial,test_external_unseen_v3_additions/aigi/cf_external_unseen_v3_aigi_commercial_98a6780e75c681c5_00000430.png.png,complete
cf_external_unseen_v3_aigi_commercial_98d1e39fa22b4a17,aigi_commercial,data/CompEval-00069-of-00413.parquet,0,21,00000333_0.jpg,JPEG,Firefly_Image2,firefly-image2,LAION,test,1,Commercial,test_external_unseen_v3_additions/aigi/cf_external_unseen_v3_aigi_commercial_98d1e39fa22b4a17_00000333_0.jpg.jpg,complete
cf_external_unseen_v3_aigi_commercial_9916d33fd331de81,aigi_commercial,data/CompEval-00300-of-00413.parquet,0,0,00000408.png,PNG,FLUX-dev,flux-dev,LAION,test,1,Commercial,test_external_unseen_v3_additions/aigi/cf_external_unseen_v3_aigi_commercial_9916d33fd331de81_00000408.png.png,complete
cf_external_unseen_v3_aigi_commercial_996286dc205edd44,aigi_commercial,data/CompEval-00208-of-00413.parquet,1,14,00000261_2.jpg,JPEG,Firefly_Image2,firefly-image2,LAION,test,1,Commercial,test_external_unseen_v3_additions/aigi/cf_external_unseen_v3_aigi_commercial_996286dc205edd44_00000261_2.jpg.jpg,complete
cf_external_unseen_v3_aigi_commercial_996930699b1de015,aigi_commercial,data/CompEval-00335-of-00413.parquet,1,2,00000381_3.jpg,JPEG,Firefly_Image3,firefly-image3,LAION,test,1,Commercial,test_external_unseen_v3_additions/aigi/cf_external_unseen_v3_aigi_commercial_996930699b1de015_00000381_3.jpg.jpg,complete
cf_external_unseen_v3_aigi_commercial_99ad4b00772d371d,aigi_commercial,data/CompEval-00264-of-00413.parquet,2,4,00000000_2.jpg,JPEG,Firefly_Image3,firefly-image3,LAION,test,1,Commercial,test_external_unseen_v3_additions/aigi/cf_external_unseen_v3_aigi_commercial_99ad4b00772d371d_00000000_2.jpg.jpg,complete
cf_external_unseen_v3_aigi_commercial_99f923992b181b2c,aigi_commercial,data/CompEval-00308-of-00413.parquet,0,4,00000112_1.png,PNG,Imagen3,imagen3,LAION,test,1,Commercial,test_external_unseen_v3_additions/aigi/cf_external_unseen_v3_aigi_commercial_99f923992b181b2c_00000112_1.png.png,complete
cf_external_unseen_v3_aigi_commercial_9a54147dac372d5f,aigi_commercial,data/CompEval-00335-of-00413.parquet,1,4,00000451_1.jpg,JPEG,Firefly_Image3,firefly-image3,LAION,test,1,Commercial,test_external_unseen_v3_additions/aigi/cf_external_unseen_v3_aigi_commercial_9a54147dac372d5f_00000451_1.jpg.jpg,complete
cf_external_unseen_v3_aigi_commercial_9a5a0286d933497b,aigi_commercial,data/CompEval-00026-of-00413.parquet,1,10,00000025_2.png,PNG,MidjourneyV5_2,midjourneyv5-2,LAION,test,1,Commercial,test_external_unseen_v3_additions/aigi/cf_external_unseen_v3_aigi_commercial_9a5a0286d933497b_00000025_2.png.png,complete
cf_external_unseen_v3_aigi_commercial_9a5ebe1d8f8a109f,aigi_commercial,data/CompEval-00264-of-00413.parquet,2,16,00000470_2.jpg,JPEG,Firefly_Image3,firefly-image3,LAION,test,1,Commercial,test_external_unseen_v3_additions/aigi/cf_external_unseen_v3_aigi_commercial_9a5ebe1d8f8a109f_00000470_2.jpg.jpg,complete
cf_external_unseen_v3_aigi_commercial_9a86bead3d08c91c,aigi_commercial,data/CompEval-00173-of-00413.parquet,4,5,00000007_0.png,PNG,Imagen3,imagen3,LAION,test,1,Commercial,test_external_unseen_v3_additions/aigi/cf_external_unseen_v3_aigi_commercial_9a86bead3d08c91c_00000007_0.png.png,complete
cf_external_unseen_v3_aigi_commercial_9ab1c7cc492a05a0,aigi_commercial,data/CompEval-00405-of-00413.parquet,1,20,00000108.png,PNG,IdeogramV1,ideogramv1,LAION,test,1,Commercial,test_external_unseen_v3_additions/aigi/cf_external_unseen_v3_aigi_commercial_9ab1c7cc492a05a0_00000108.png.png,complete
cf_external_unseen_v3_aigi_commercial_9afaaa04af630fc3,aigi_commercial,data/CompEval-00405-of-00413.parquet,3,6,00000850.png,PNG,IdeogramV1,ideogramv1,LAION,test,1,Commercial,test_external_unseen_v3_additions/aigi/cf_external_unseen_v3_aigi_commercial_9afaaa04af630fc3_00000850.png.png,complete
cf_external_unseen_v3_aigi_commercial_9b00d2d4e402ab3b,aigi_commercial,data/CompEval-00307-of-00413.parquet,3,17,00000184_0.png,PNG,Imagen3,imagen3,LAION,test,1,Commercial,test_external_unseen_v3_additions/aigi/cf_external_unseen_v3_aigi_commercial_9b00d2d4e402ab3b_00000184_0.png.png,complete
cf_external_unseen_v3_aigi_commercial_9b2f19f7d86d21c1,aigi_commercial,data/CompEval-00184-of-00413.parquet,3,24,00000936.png,PNG,FLUX-schnell,flux-schnell,LAION,test,1,Commercial,test_external_unseen_v3_additions/aigi/cf_external_unseen_v3_aigi_commercial_9b2f19f7d86d21c1_00000936.png.png,complete
cf_external_unseen_v3_aigi_commercial_9b59984a6e37b878,aigi_commercial,data/CompEval-00183-of-00413.parquet,3,14,00000018.png,PNG,FLUX-schnell,flux-schnell,LAION,test,1,Commercial,test_external_unseen_v3_additions/aigi/cf_external_unseen_v3_aigi_commercial_9b59984a6e37b878_00000018.png.png,complete
cf_external_unseen_v3_aigi_commercial_9bae7f1933022ab8,aigi_commercial,data/CompEval-00407-of-00413.parquet,1,24,00000427.png,PNG,IdeogramV1,ideogramv1,LAION,test,1,Commercial,test_external_unseen_v3_additions/aigi/cf_external_unseen_v3_aigi_commercial_9bae7f1933022ab8_00000427.png.png,complete
cf_external_unseen_v3_aigi_commercial_9bbd781f8509d4d4,aigi_commercial,data/CompEval-00026-of-00413.parquet,1,9,00000311_1.png,PNG,MidjourneyV5_2,midjourneyv5-2,LAION,test,1,Commercial,test_external_unseen_v3_additions/aigi/cf_external_unseen_v3_aigi_commercial_9bbd781f8509d4d4_00000311_1.png.png,complete
cf_external_unseen_v3_aigi_commercial_9c03ddc6c051f924,aigi_commercial,data/CompEval-00405-of-00413.parquet,1,17,00000661.png,PNG,IdeogramV1,ideogramv1,LAION,test,1,Commercial,test_external_unseen_v3_additions/aigi/cf_external_unseen_v3_aigi_commercial_9c03ddc6c051f924_00000661.png.png,complete
cf_external_unseen_v3_aigi_commercial_9d205ffdf39c020e,aigi_commercial,data/CompEval-00069-of-00413.parquet,0,13,00000262_0.jpg,JPEG,Firefly_Image2,firefly-image2,LAION,test,1,Commercial,test_external_unseen_v3_additions/aigi/cf_external_unseen_v3_aigi_commercial_9d205ffdf39c020e_00000262_0.jpg.jpg,complete
cf_external_unseen_v3_aigi_commercial_9d306a9f4bc64415,aigi_commercial,data/CompEval-00268-of-00413.parquet,2,16,00000481_3.jpg,JPEG,Firefly_Image3,firefly-image3,LAION,test,1,Commercial,test_external_unseen_v3_additions/aigi/cf_external_unseen_v3_aigi_commercial_9d306a9f4bc64415_00000481_3.jpg.jpg,complete
cf_external_unseen_v3_aigi_commercial_9d38def253f9a6bb,aigi_commercial,data/CompEval-00145-of-00413.parquet,2,24,00000999.png,PNG,IdeogramV2,ideogramv2,LAION,test,1,Commercial,test_external_unseen_v3_additions/aigi/cf_external_unseen_v3_aigi_commercial_9d38def253f9a6bb_00000999.png.png,complete
cf_external_unseen_v3_aigi_commercial_9dcf4caa7cb5810c,aigi_commercial,data/CompEval-00253-of-00413.parquet,1,9,00000075.png,PNG,Dalle2,dalle2,LAION,test,1,Commercial,test_external_unseen_v3_additions/aigi/cf_external_unseen_v3_aigi_commercial_9dcf4caa7cb5810c_00000075.png.png,complete
cf_external_unseen_v3_aigi_commercial_9e094cbf9c3594e3,aigi_commercial,data/CompEval-00230-of-00413.parquet,1,5,00000889.png,PNG,Dalle3,dalle3,LAION,test,1,Commercial,test_external_unseen_v3_additions/aigi/cf_external_unseen_v3_aigi_commercial_9e094cbf9c3594e3_00000889.png.png,complete
cf_external_unseen_v3_aigi_commercial_9e13140a3981cb7b,aigi_commercial,data/CompEval-00147-of-00413.parquet,3,5,00000089.png,PNG,IdeogramV2,ideogramv2,LAION,test,1,Commercial,test_external_unseen_v3_additions/aigi/cf_external_unseen_v3_aigi_commercial_9e13140a3981cb7b_00000089.png.png,complete
cf_external_unseen_v3_aigi_commercial_9e88bddacc3d73e6,aigi_commercial,data/CompEval-00390-of-00413.parquet,3,10,00000054_2.png,PNG,MidjourneyV6_1,midjourneyv6-1,LAION,test,1,Commercial,test_external_unseen_v3_additions/aigi/cf_external_unseen_v3_aigi_commercial_9e88bddacc3d73e6_00000054_2.png.png,complete
cf_external_unseen_v3_aigi_commercial_9ee19527d50f9368,aigi_commercial,data/CompEval-00208-of-00413.parquet,1,17,00000310_2.jpg,JPEG,Firefly_Image2,firefly-image2,LAION,test,1,Commercial,test_external_unseen_v3_additions/aigi/cf_external_unseen_v3_aigi_commercial_9ee19527d50f9368_00000310_2.jpg.jpg,complete
cf_external_unseen_v3_aigi_commercial_9ef0da059783c6b0,aigi_commercial,data/CompEval-00285-of-00413.parquet,2,15,00000009_2.png,PNG,MidjourneyV6_1,midjourneyv6-1,LAION,test,1,Commercial,test_external_unseen_v3_additions/aigi/cf_external_unseen_v3_aigi_commercial_9ef0da059783c6b0_00000009_2.png.png,complete
cf_external_unseen_v3_aigi_commercial_9f40aa70953a8320,aigi_commercial,data/CompEval-00048-of-00413.parquet,1,11,00000208_3.png,PNG,MidjourneyV5_2,midjourneyv5-2,LAION,test,1,Commercial,test_external_unseen_v3_additions/aigi/cf_external_unseen_v3_aigi_commercial_9f40aa70953a8320_00000208_3.png.png,complete
cf_external_unseen_v3_aigi_commercial_9f905371bf828c92,aigi_commercial,data/CompEval-00048-of-00413.parquet,1,22,00000174_1.png,PNG,MidjourneyV5_2,midjourneyv5-2,LAION,test,1,Commercial,test_external_unseen_v3_additions/aigi/cf_external_unseen_v3_aigi_commercial_9f905371bf828c92_00000174_1.png.png,complete
cf_external_unseen_v3_aigi_commercial_9f9de69584fcb39a,aigi_commercial,data/CompEval-00405-of-00413.parquet,3,22,00000526.png,PNG,IdeogramV1,ideogramv1,LAION,test,1,Commercial,test_external_unseen_v3_additions/aigi/cf_external_unseen_v3_aigi_commercial_9f9de69584fcb39a_00000526.png.png,complete
cf_external_unseen_v3_aigi_commercial_a0f47e724d23fa2e,aigi_commercial,data/CompEval-00228-of-00413.parquet,3,2,00000295.png,PNG,Dalle3,dalle3,LAION,test,1,Commercial,test_external_unseen_v3_additions/aigi/cf_external_unseen_v3_aigi_commercial_a0f47e724d23fa2e_00000295.png.png,complete
cf_external_unseen_v3_aigi_commercial_a1b1b3787a5e3cba,aigi_commercial,data/CompEval-00300-of-00413.parquet,0,11,00000940.png,PNG,FLUX-dev,flux-dev,LAION,test,1,Commercial,test_external_unseen_v3_additions/aigi/cf_external_unseen_v3_aigi_commercial_a1b1b3787a5e3cba_00000940.png.png,complete
cf_external_unseen_v3_aigi_commercial_a23909c076169abb,aigi_commercial,data/CompEval-00048-of-00413.parquet,1,24,00000304_3.png,PNG,MidjourneyV5_2,midjourneyv5-2,LAION,test,1,Commercial,test_external_unseen_v3_additions/aigi/cf_external_unseen_v3_aigi_commercial_a23909c076169abb_00000304_3.png.png,complete
cf_external_unseen_v3_aigi_commercial_a29eca86a2046535,aigi_commercial,data/CompEval-00405-of-00413.parquet,3,1,00000604.png,PNG,IdeogramV1,ideogramv1,LAION,test,1,Commercial,test_external_unseen_v3_additions/aigi/cf_external_unseen_v3_aigi_commercial_a29eca86a2046535_00000604.png.png,complete
cf_external_unseen_v3_aigi_commercial_a2af8c7596f52485,aigi_commercial,data/CompEval-00030-of-00413.parquet,4,10,00000260_3.png,PNG,MidjourneyV5_2,midjourneyv5-2,LAION,test,1,Commercial,test_external_unseen_v3_additions/aigi/cf_external_unseen_v3_aigi_commercial_a2af8c7596f52485_00000260_3.png.png,complete
cf_external_unseen_v3_aigi_commercial_a2fa0e34f70d5640,aigi_commercial,data/CompEval-00335-of-00413.parquet,1,8,00000251_2.jpg,JPEG,Firefly_Image3,firefly-image3,LAION,test,1,Commercial,test_external_unseen_v3_additions/aigi/cf_external_unseen_v3_aigi_commercial_a2fa0e34f70d5640_00000251_2.jpg.jpg,complete
cf_external_unseen_v3_aigi_commercial_a33a3106ac62c8ba,aigi_commercial,data/CompEval-00208-of-00413.parquet,1,16,00000165_3.jpg,JPEG,Firefly_Image2,firefly-image2,LAION,test,1,Commercial,test_external_unseen_v3_additions/aigi/cf_external_unseen_v3_aigi_commercial_a33a3106ac62c8ba_00000165_3.jpg.jpg,complete
cf_external_unseen_v3_aigi_commercial_a358d31ac7ee49b4,aigi_commercial,data/CompEval-00184-of-00413.parquet,3,6,00000058.png,PNG,FLUX-schnell,flux-schnell,LAION,test,1,Commercial,test_external_unseen_v3_additions/aigi/cf_external_unseen_v3_aigi_commercial_a358d31ac7ee49b4_00000058.png.png,complete
cf_external_unseen_v3_aigi_commercial_a3ea5314115ecfff,aigi_commercial,data/CompEval-00284-of-00413.parquet,0,15,00000118_0.png,PNG,MidjourneyV6_1,midjourneyv6-1,LAION,test,1,Commercial,test_external_unseen_v3_additions/aigi/cf_external_unseen_v3_aigi_commercial_a3ea5314115ecfff_00000118_0.png.png,complete
cf_external_unseen_v3_aigi_commercial_a408d6e9ca0868fb,aigi_commercial,data/CompEval-00390-of-00413.parquet,3,13,00000312_1.png,PNG,MidjourneyV6_1,midjourneyv6-1,LAION,test,1,Commercial,test_external_unseen_v3_additions/aigi/cf_external_unseen_v3_aigi_commercial_a408d6e9ca0868fb_00000312_1.png.png,complete
cf_external_unseen_v3_aigi_commercial_a419a279c6cad5ef,aigi_commercial,data/CompEval-00390-of-00413.parquet,0,6,00000044_0.png,PNG,MidjourneyV6_1,midjourneyv6-1,LAION,test,1,Commercial,test_external_unseen_v3_additions/aigi/cf_external_unseen_v3_aigi_commercial_a419a279c6cad5ef_00000044_0.png.png,complete
cf_external_unseen_v3_aigi_commercial_a486147e196d01f2,aigi_commercial,data/CompEval-00066-of-00413.parquet,1,8,00000087_3.jpg,JPEG,Firefly_Image2,firefly-image2,LAION,test,1,Commercial,test_external_unseen_v3_additions/aigi/cf_external_unseen_v3_aigi_commercial_a486147e196d01f2_00000087_3.jpg.jpg,complete
cf_external_unseen_v3_aigi_commercial_a4a8e37af691ce85,aigi_commercial,data/CompEval-00248-of-00413.parquet,4,6,00000464.png,PNG,Dalle2,dalle2,LAION,test,1,Commercial,test_external_unseen_v3_additions/aigi/cf_external_unseen_v3_aigi_commercial_a4a8e37af691ce85_00000464.png.png,complete
cf_external_unseen_v3_aigi_commercial_a4bab8a9cb3d1ab9,aigi_commercial,data/CompEval-00144-of-00413.parquet,2,14,00000869.png,PNG,IdeogramV2,ideogramv2,LAION,test,1,Commercial,test_external_unseen_v3_additions/aigi/cf_external_unseen_v3_aigi_commercial_a4bab8a9cb3d1ab9_00000869.png.png,complete
cf_external_unseen_v3_aigi_commercial_a4ee096b91acca56,aigi_commercial,data/CompEval-00335-of-00413.parquet,1,24,00000212_2.jpg,JPEG,Firefly_Image3,firefly-image3,LAION,test,1,Commercial,test_external_unseen_v3_additions/aigi/cf_external_unseen_v3_aigi_commercial_a4ee096b91acca56_00000212_2.jpg.jpg,complete
cf_external_unseen_v3_aigi_commercial_a507eb68faf1c6df,aigi_commercial,data/CompEval-00390-of-00413.parquet,3,3,00000480_2.png,PNG,MidjourneyV6_1,midjourneyv6-1,LAION,test,1,Commercial,test_external_unseen_v3_additions/aigi/cf_external_unseen_v3_aigi_commercial_a507eb68faf1c6df_00000480_2.png.png,complete
cf_external_unseen_v3_aigi_commercial_a50fbe476cfed93e,aigi_commercial,data/CompEval-00285-of-00413.parquet,2,4,00000152_2.png,PNG,MidjourneyV6_1,midjourneyv6-1,LAION,test,1,Commercial,test_external_unseen_v3_additions/aigi/cf_external_unseen_v3_aigi_commercial_a50fbe476cfed93e_00000152_2.png.png,complete
cf_external_unseen_v3_aigi_commercial_a56675a1907137e1,aigi_commercial,data/CompEval-00184-of-00413.parquet,3,3,00000412.png,PNG,FLUX-schnell,flux-schnell,LAION,test,1,Commercial,test_external_unseen_v3_additions/aigi/cf_external_unseen_v3_aigi_commercial_a56675a1907137e1_00000412.png.png,complete
cf_external_unseen_v3_aigi_commercial_a5a42355537ea8ae,aigi_commercial,data/CompEval-00141-of-00413.parquet,3,18,00000255.png,PNG,FLUX-schnell,flux-schnell,LAION,test,1,Commercial,test_external_unseen_v3_additions/aigi/cf_external_unseen_v3_aigi_commercial_a5a42355537ea8ae_00000255.png.png,complete
cf_external_unseen_v3_aigi_commercial_a622ad4c19ffee63,aigi_commercial,data/CompEval-00184-of-00413.parquet,3,16,00000637.png,PNG,FLUX-schnell,flux-schnell,LAION,test,1,Commercial,test_external_unseen_v3_additions/aigi/cf_external_unseen_v3_aigi_commercial_a622ad4c19ffee63_00000637.png.png,complete
cf_external_unseen_v3_aigi_commercial_a68ae92e175e6520,aigi_commercial,data/CompEval-00285-of-00413.parquet,2,22,00000352_3.png,PNG,MidjourneyV6_1,midjourneyv6-1,LAION,test,1,Commercial,test_external_unseen_v3_additions/aigi/cf_external_unseen_v3_aigi_commercial_a68ae92e175e6520_00000352_3.png.png,complete
cf_external_unseen_v3_aigi_commercial_a71dc7ff3607c2ce,aigi_commercial,data/CompEval-00184-of-00413.parquet,3,7,00000741.png,PNG,FLUX-schnell,flux-schnell,LAION,test,1,Commercial,test_external_unseen_v3_additions/aigi/cf_external_unseen_v3_aigi_commercial_a71dc7ff3607c2ce_00000741.png.png,complete
cf_external_unseen_v3_aigi_commercial_a7834f39f4ceae29,aigi_commercial,data/CompEval-00224-of-00413.parquet,3,18,00000274.png,PNG,Dalle3,dalle3,LAION,test,1,Commercial,test_external_unseen_v3_additions/aigi/cf_external_unseen_v3_aigi_commercial_a7834f39f4ceae29_00000274.png.png,complete
cf_external_unseen_v3_aigi_commercial_a7942f9633641847,aigi_commercial,data/CompEval-00228-of-00413.parquet,3,11,00000894.png,PNG,Dalle3,dalle3,LAION,test,1,Commercial,test_external_unseen_v3_additions/aigi/cf_external_unseen_v3_aigi_commercial_a7942f9633641847_00000894.png.png,complete
cf_external_unseen_v3_aigi_commercial_a89e1a91f9388c4c,aigi_commercial,data/CompEval-00300-of-00413.parquet,2,13,00000539.png,PNG,FLUX-dev,flux-dev,LAION,test,1,Commercial,test_external_unseen_v3_additions/aigi/cf_external_unseen_v3_aigi_commercial_a89e1a91f9388c4c_00000539.png.png,complete
cf_external_unseen_v3_aigi_commercial_a919505edbf90736,aigi_commercial,data/CompEval-00051-of-00413.parquet,2,13,00000186_3.png,PNG,MidjourneyV5_2,midjourneyv5-2,LAION,test,1,Commercial,test_external_unseen_v3_additions/aigi/cf_external_unseen_v3_aigi_commercial_a919505edbf90736_00000186_3.png.png,complete
cf_external_unseen_v3_aigi_commercial_a9b7d6737c885028,aigi_commercial,data/CompEval-00407-of-00413.parquet,1,3,00000760.png,PNG,IdeogramV1,ideogramv1,LAION,test,1,Commercial,test_external_unseen_v3_additions/aigi/cf_external_unseen_v3_aigi_commercial_a9b7d6737c885028_00000760.png.png,complete
cf_external_unseen_v3_aigi_commercial_aa077253a897db45,aigi_commercial,data/CompEval-00252-of-00413.parquet,1,0,00000422.png,PNG,Dalle2,dalle2,LAION,test,1,Commercial,test_external_unseen_v3_additions/aigi/cf_external_unseen_v3_aigi_commercial_aa077253a897db45_00000422.png.png,complete
cf_external_unseen_v3_aigi_commercial_aa2062ad8f386701,aigi_commercial,data/CompEval-00184-of-00413.parquet,3,10,00000348.png,PNG,FLUX-schnell,flux-schnell,LAION,test,1,Commercial,test_external_unseen_v3_additions/aigi/cf_external_unseen_v3_aigi_commercial_aa2062ad8f386701_00000348.png.png,complete
cf_external_unseen_v3_aigi_commercial_aa370f779e2748b4,aigi_commercial,data/CompEval-00173-of-00413.parquet,4,24,00000030_1.png,PNG,Imagen3,imagen3,LAION,test,1,Commercial,test_external_unseen_v3_additions/aigi/cf_external_unseen_v3_aigi_commercial_aa370f779e2748b4_00000030_1.png.png,complete
cf_external_unseen_v3_aigi_commercial_aa4a00840a53ff7c,aigi_commercial,data/CompEval-00208-of-00413.parquet,1,21,00000322_1.jpg,JPEG,Firefly_Image2,firefly-image2,LAION,test,1,Commercial,test_external_unseen_v3_additions/aigi/cf_external_unseen_v3_aigi_commercial_aa4a00840a53ff7c_00000322_1.jpg.jpg,complete
cf_external_unseen_v3_aigi_commercial_ab07566acd6e6938,aigi_commercial,data/CompEval-00230-of-00413.parquet,1,7,00000041.png,PNG,Dalle3,dalle3,LAION,test,1,Commercial,test_external_unseen_v3_additions/aigi/cf_external_unseen_v3_aigi_commercial_ab07566acd6e6938_00000041.png.png,complete
cf_external_unseen_v3_aigi_commercial_abed982184608fb0,aigi_commercial,data/CompEval-00208-of-00413.parquet,1,8,00000182_0.jpg,JPEG,Firefly_Image2,firefly-image2,LAION,test,1,Commercial,test_external_unseen_v3_additions/aigi/cf_external_unseen_v3_aigi_commercial_abed982184608fb0_00000182_0.jpg.jpg,complete
cf_external_unseen_v3_aigi_commercial_ac161d9d396b4c36,aigi_commercial,data/CompEval-00030-of-00413.parquet,4,19,00000281_3.png,PNG,MidjourneyV5_2,midjourneyv5-2,LAION,test,1,Commercial,test_external_unseen_v3_additions/aigi/cf_external_unseen_v3_aigi_commercial_ac161d9d396b4c36_00000281_3.png.png,complete
cf_external_unseen_v3_aigi_commercial_ac5f153dfada13dd,aigi_commercial,data/CompEval-00228-of-00413.parquet,2,21,00000473.png,PNG,Dalle3,dalle3,LAION,test,1,Commercial,test_external_unseen_v3_additions/aigi/cf_external_unseen_v3_aigi_commercial_ac5f153dfada13dd_00000473.png.png,complete
cf_external_unseen_v3_aigi_commercial_acffc5fead53cef6,aigi_commercial,data/CompEval-00285-of-00413.parquet,2,6,00000050_0.png,PNG,MidjourneyV6_1,midjourneyv6-1,LAION,test,1,Commercial,test_external_unseen_v3_additions/aigi/cf_external_unseen_v3_aigi_commercial_acffc5fead53cef6_00000050_0.png.png,complete
cf_external_unseen_v3_aigi_commercial_ad9b2946478ef99f,aigi_commercial,data/CompEval-00228-of-00413.parquet,3,3,00000681.png,PNG,Dalle3,dalle3,LAION,test,1,Commercial,test_external_unseen_v3_additions/aigi/cf_external_unseen_v3_aigi_commercial_ad9b2946478ef99f_00000681.png.png,complete
cf_external_unseen_v3_aigi_commercial_add246c469720372,aigi_commercial,data/CompEval-00066-of-00413.parquet,1,16,00000375_3.jpg,JPEG,Firefly_Image2,firefly-image2,LAION,test,1,Commercial,test_external_unseen_v3_additions/aigi/cf_external_unseen_v3_aigi_commercial_add246c469720372_00000375_3.jpg.jpg,complete
cf_external_unseen_v3_aigi_commercial_ae0609a07c062ee4,aigi_commercial,data/CompEval-00294-of-00413.parquet,3,9,00000902.png,PNG,FLUX-dev,flux-dev,LAION,test,1,Commercial,test_external_unseen_v3_additions/aigi/cf_external_unseen_v3_aigi_commercial_ae0609a07c062ee4_00000902.png.png,complete
cf_external_unseen_v3_aigi_commercial_ae1ada8bbd9feaa8,aigi_commercial,data/CompEval-00407-of-00413.parquet,1,13,00000476.png,PNG,IdeogramV1,ideogramv1,LAION,test,1,Commercial,test_external_unseen_v3_additions/aigi/cf_external_unseen_v3_aigi_commercial_ae1ada8bbd9feaa8_00000476.png.png,complete
cf_external_unseen_v3_aigi_commercial_ae8a6d58ca665ee1,aigi_commercial,data/CompEval-00407-of-00413.parquet,1,5,00000762.png,PNG,IdeogramV1,ideogramv1,LAION,test,1,Commercial,test_external_unseen_v3_additions/aigi/cf_external_unseen_v3_aigi_commercial_ae8a6d58ca665ee1_00000762.png.png,complete
cf_external_unseen_v3_aigi_commercial_aed6c590534c0cd9,aigi_commercial,data/CompEval-00390-of-00413.parquet,3,5,00000116_0.png,PNG,MidjourneyV6_1,midjourneyv6-1,LAION,test,1,Commercial,test_external_unseen_v3_additions/aigi/cf_external_unseen_v3_aigi_commercial_aed6c590534c0cd9_00000116_0.png.png,complete
cf_external_unseen_v3_aigi_commercial_aee63e3c41fae5a4,aigi_commercial,data/CompEval-00183-of-00413.parquet,3,12,00000743.png,PNG,FLUX-schnell,flux-schnell,LAION,test,1,Commercial,test_external_unseen_v3_additions/aigi/cf_external_unseen_v3_aigi_commercial_aee63e3c41fae5a4_00000743.png.png,complete
cf_external_unseen_v3_aigi_commercial_af37520a1bc46a77,aigi_commercial,data/CompEval-00405-of-00413.parquet,1,13,00000021.png,PNG,IdeogramV1,ideogramv1,LAION,test,1,Commercial,test_external_unseen_v3_additions/aigi/cf_external_unseen_v3_aigi_commercial_af37520a1bc46a77_00000021.png.png,complete
cf_external_unseen_v3_aigi_commercial_af9e14ad26d14d2b,aigi_commercial,data/CompEval-00183-of-00413.parquet,3,24,00000399.png,PNG,FLUX-schnell,flux-schnell,LAION,test,1,Commercial,test_external_unseen_v3_additions/aigi/cf_external_unseen_v3_aigi_commercial_af9e14ad26d14d2b_00000399.png.png,complete
cf_external_unseen_v3_aigi_commercial_b0023ca199f06900,aigi_commercial,data/CompEval-00307-of-00413.parquet,3,19,00000069_1.png,PNG,Imagen3,imagen3,LAION,test,1,Commercial,test_external_unseen_v3_additions/aigi/cf_external_unseen_v3_aigi_commercial_b0023ca199f06900_00000069_1.png.png,complete
cf_external_unseen_v3_aigi_commercial_b00d05a0ec71d539,aigi_commercial,data/CompEval-00405-of-00413.parquet,1,16,00000548.png,PNG,IdeogramV1,ideogramv1,LAION,test,1,Commercial,test_external_unseen_v3_additions/aigi/cf_external_unseen_v3_aigi_commercial_b00d05a0ec71d539_00000548.png.png,complete
cf_external_unseen_v3_aigi_commercial_b0347ecac1e25aac,aigi_commercial,data/CompEval-00141-of-00413.parquet,3,23,00000701.png,PNG,FLUX-schnell,flux-schnell,LAION,test,1,Commercial,test_external_unseen_v3_additions/aigi/cf_external_unseen_v3_aigi_commercial_b0347ecac1e25aac_00000701.png.png,complete
cf_external_unseen_v3_aigi_commercial_b07ef2c30eba86d9,aigi_commercial,data/CompEval-00335-of-00413.parquet,1,6,00000012_2.jpg,JPEG,Firefly_Image3,firefly-image3,LAION,test,1,Commercial,test_external_unseen_v3_additions/aigi/cf_external_unseen_v3_aigi_commercial_b07ef2c30eba86d9_00000012_2.jpg.jpg,complete
cf_external_unseen_v3_aigi_commercial_b168b6d8cbe41323,aigi_commercial,data/CompEval-00147-of-00413.parquet,3,10,00000303.png,PNG,IdeogramV2,ideogramv2,LAION,test,1,Commercial,test_external_unseen_v3_additions/aigi/cf_external_unseen_v3_aigi_commercial_b168b6d8cbe41323_00000303.png.png,complete
cf_external_unseen_v3_aigi_commercial_b17114f94aa0a357,aigi_commercial,data/CompEval-00300-of-00413.parquet,2,18,00000015.png,PNG,FLUX-dev,flux-dev,LAION,test,1,Commercial,test_external_unseen_v3_additions/aigi/cf_external_unseen_v3_aigi_commercial_b17114f94aa0a357_00000015.png.png,complete
cf_external_unseen_v3_aigi_commercial_b29aa085bfed65ef,aigi_commercial,data/CompEval-00066-of-00413.parquet,1,1,00000331_2.jpg,JPEG,Firefly_Image2,firefly-image2,LAION,test,1,Commercial,test_external_unseen_v3_additions/aigi/cf_external_unseen_v3_aigi_commercial_b29aa085bfed65ef_00000331_2.jpg.jpg,complete
cf_external_unseen_v3_aigi_commercial_b307b3548ce8ed8f,aigi_commercial,data/CompEval-00208-of-00413.parquet,1,22,00000217_1.jpg,JPEG,Firefly_Image2,firefly-image2,LAION,test,1,Commercial,test_external_unseen_v3_additions/aigi/cf_external_unseen_v3_aigi_commercial_b307b3548ce8ed8f_00000217_1.jpg.jpg,complete
cf_external_unseen_v3_aigi_commercial_b30f2e2e8f1274ff,aigi_commercial,data/CompEval-00307-of-00413.parquet,3,11,00000090_3.png,PNG,Imagen3,imagen3,LAION,test,1,Commercial,test_external_unseen_v3_additions/aigi/cf_external_unseen_v3_aigi_commercial_b30f2e2e8f1274ff_00000090_3.png.png,complete
cf_external_unseen_v3_aigi_commercial_b38c3062ed7c6381,aigi_commercial,data/CompEval-00300-of-00413.parquet,2,9,00000992.png,PNG,FLUX-dev,flux-dev,LAION,test,1,Commercial,test_external_unseen_v3_additions/aigi/cf_external_unseen_v3_aigi_commercial_b38c3062ed7c6381_00000992.png.png,complete
cf_external_unseen_v3_aigi_commercial_b3fbb2a89183f7c0,aigi_commercial,data/CompEval-00030-of-00413.parquet,4,20,00000286_3.png,PNG,MidjourneyV5_2,midjourneyv5-2,LAION,test,1,Commercial,test_external_unseen_v3_additions/aigi/cf_external_unseen_v3_aigi_commercial_b3fbb2a89183f7c0_00000286_3.png.png,complete
cf_external_unseen_v3_aigi_commercial_b41f945a3192f9db,aigi_commercial,data/CompEval-00298-of-00413.parquet,3,21,00000560.png,PNG,FLUX-dev,flux-dev,LAION,test,1,Commercial,test_external_unseen_v3_additions/aigi/cf_external_unseen_v3_aigi_commercial_b41f945a3192f9db_00000560.png.png,complete
cf_external_unseen_v3_aigi_commercial_b42af2344d85a57e,aigi_commercial,data/CompEval-00300-of-00413.parquet,2,16,00000750.png,PNG,FLUX-dev,flux-dev,LAION,test,1,Commercial,test_external_unseen_v3_additions/aigi/cf_external_unseen_v3_aigi_commercial_b42af2344d85a57e_00000750.png.png,complete
cf_external_unseen_v3_aigi_commercial_b4ed5054a12dd3a6,aigi_commercial,data/CompEval-00300-of-00413.parquet,0,5,00000414.png,PNG,FLUX-dev,flux-dev,LAION,test,1,Commercial,test_external_unseen_v3_additions/aigi/cf_external_unseen_v3_aigi_commercial_b4ed5054a12dd3a6_00000414.png.png,complete
cf_external_unseen_v3_aigi_commercial_b50035ef04c7b67f,aigi_commercial,data/CompEval-00266-of-00413.parquet,1,15,00000085_3.jpg,JPEG,Firefly_Image3,firefly-image3,LAION,test,1,Commercial,test_external_unseen_v3_additions/aigi/cf_external_unseen_v3_aigi_commercial_b50035ef04c7b67f_00000085_3.jpg.jpg,complete
cf_external_unseen_v3_aigi_commercial_b56b715a6dcadf43,aigi_commercial,data/CompEval-00294-of-00413.parquet,3,23,00000265.png,PNG,FLUX-dev,flux-dev,LAION,test,1,Commercial,test_external_unseen_v3_additions/aigi/cf_external_unseen_v3_aigi_commercial_b56b715a6dcadf43_00000265.png.png,complete
cf_external_unseen_v3_aigi_commercial_b57dc472f1693329,aigi_commercial,data/CompEval-00303-of-00413.parquet,2,8,00000090_1.png,PNG,Imagen3,imagen3,LAION,test,1,Commercial,test_external_unseen_v3_additions/aigi/cf_external_unseen_v3_aigi_commercial_b57dc472f1693329_00000090_1.png.png,complete
cf_external_unseen_v3_aigi_commercial_b5b64175652bd798,aigi_commercial,data/CompEval-00284-of-00413.parquet,0,12,00000321_3.png,PNG,MidjourneyV6_1,midjourneyv6-1,LAION,test,1,Commercial,test_external_unseen_v3_additions/aigi/cf_external_unseen_v3_aigi_commercial_b5b64175652bd798_00000321_3.png.png,complete
cf_external_unseen_v3_aigi_commercial_b5b8d64e1ed4dc48,aigi_commercial,data/CompEval-00294-of-00413.parquet,3,12,00000529.png,PNG,FLUX-dev,flux-dev,LAION,test,1,Commercial,test_external_unseen_v3_additions/aigi/cf_external_unseen_v3_aigi_commercial_b5b8d64e1ed4dc48_00000529.png.png,complete
cf_external_unseen_v3_aigi_commercial_b66b377581c78510,aigi_commercial,data/CompEval-00030-of-00413.parquet,4,13,00000012_1.png,PNG,MidjourneyV5_2,midjourneyv5-2,LAION,test,1,Commercial,test_external_unseen_v3_additions/aigi/cf_external_unseen_v3_aigi_commercial_b66b377581c78510_00000012_1.png.png,complete
cf_external_unseen_v3_aigi_commercial_b6ba4b815d74a5b3,aigi_commercial,data/CompEval-00144-of-00413.parquet,2,19,00000132.png,PNG,IdeogramV2,ideogramv2,LAION,test,1,Commercial,test_external_unseen_v3_additions/aigi/cf_external_unseen_v3_aigi_commercial_b6ba4b815d74a5b3_00000132.png.png,complete
cf_external_unseen_v3_aigi_commercial_b6bd6dc29f54236c,aigi_commercial,data/CompEval-00268-of-00413.parquet,2,3,00000390_1.jpg,JPEG,Firefly_Image3,firefly-image3,LAION,test,1,Commercial,test_external_unseen_v3_additions/aigi/cf_external_unseen_v3_aigi_commercial_b6bd6dc29f54236c_00000390_1.jpg.jpg,complete
cf_external_unseen_v3_aigi_commercial_b71a1952b8b2cb7e,aigi_commercial,data/CompEval-00066-of-00413.parquet,1,0,00000007_3.jpg,JPEG,Firefly_Image2,firefly-image2,LAION,test,1,Commercial,test_external_unseen_v3_additions/aigi/cf_external_unseen_v3_aigi_commercial_b71a1952b8b2cb7e_00000007_3.jpg.jpg,complete
cf_external_unseen_v3_aigi_commercial_b720cb88ebdc03ed,aigi_commercial,data/CompEval-00069-of-00413.parquet,0,5,00000451_3.jpg,JPEG,Firefly_Image2,firefly-image2,LAION,test,1,Commercial,test_external_unseen_v3_additions/aigi/cf_external_unseen_v3_aigi_commercial_b720cb88ebdc03ed_00000451_3.jpg.jpg,complete
cf_external_unseen_v3_aigi_commercial_b75e2e9370654517,aigi_commercial,data/CompEval-00294-of-00413.parquet,3,2,00000380.png,PNG,FLUX-dev,flux-dev,LAION,test,1,Commercial,test_external_unseen_v3_additions/aigi/cf_external_unseen_v3_aigi_commercial_b75e2e9370654517_00000380.png.png,complete
cf_external_unseen_v3_aigi_commercial_b77728876139a7b9,aigi_commercial,data/CompEval-00264-of-00413.parquet,2,14,00000272_3.jpg,JPEG,Firefly_Image3,firefly-image3,LAION,test,1,Commercial,test_external_unseen_v3_additions/aigi/cf_external_unseen_v3_aigi_commercial_b77728876139a7b9_00000272_3.jpg.jpg,complete
cf_external_unseen_v3_aigi_commercial_b7b1881b28bb04f5,aigi_commercial,data/CompEval-00264-of-00413.parquet,2,5,00000144_3.jpg,JPEG,Firefly_Image3,firefly-image3,LAION,test,1,Commercial,test_external_unseen_v3_additions/aigi/cf_external_unseen_v3_aigi_commercial_b7b1881b28bb04f5_00000144_3.jpg.jpg,complete
cf_external_unseen_v3_aigi_commercial_b7b919f58f40b4c6,aigi_commercial,data/CompEval-00284-of-00413.parquet,0,21,00000281_0.png,PNG,MidjourneyV6_1,midjourneyv6-1,LAION,test,1,Commercial,test_external_unseen_v3_additions/aigi/cf_external_unseen_v3_aigi_commercial_b7b919f58f40b4c6_00000281_0.png.png,complete
cf_external_unseen_v3_aigi_commercial_b7ee0db891d97851,aigi_commercial,data/CompEval-00026-of-00413.parquet,1,8,00000381_3.png,PNG,MidjourneyV5_2,midjourneyv5-2,LAION,test,1,Commercial,test_external_unseen_v3_additions/aigi/cf_external_unseen_v3_aigi_commercial_b7ee0db891d97851_00000381_3.png.png,complete
cf_external_unseen_v3_aigi_commercial_b7f71d67ff00eb83,aigi_commercial,data/CompEval-00264-of-00413.parquet,2,9,00000059_1.jpg,JPEG,Firefly_Image3,firefly-image3,LAION,test,1,Commercial,test_external_unseen_v3_additions/aigi/cf_external_unseen_v3_aigi_commercial_b7f71d67ff00eb83_00000059_1.jpg.jpg,complete
cf_external_unseen_v3_aigi_commercial_b7f9a908c134450e,aigi_commercial,data/CompEval-00300-of-00413.parquet,2,1,00000933.png,PNG,FLUX-dev,flux-dev,LAION,test,1,Commercial,test_external_unseen_v3_additions/aigi/cf_external_unseen_v3_aigi_commercial_b7f9a908c134450e_00000933.png.png,complete
cf_external_unseen_v3_aigi_commercial_b859ac6779a1d341,aigi_commercial,data/CompEval-00294-of-00413.parquet,3,19,00000795.png,PNG,FLUX-dev,flux-dev,LAION,test,1,Commercial,test_external_unseen_v3_additions/aigi/cf_external_unseen_v3_aigi_commercial_b859ac6779a1d341_00000795.png.png,complete
cf_external_unseen_v3_aigi_commercial_b85b86c6f9781f7c,aigi_commercial,data/CompEval-00248-of-00413.parquet,4,0,00000417.png,PNG,Dalle2,dalle2,LAION,test,1,Commercial,test_external_unseen_v3_additions/aigi/cf_external_unseen_v3_aigi_commercial_b85b86c6f9781f7c_00000417.png.png,complete
cf_external_unseen_v3_aigi_commercial_b8f49f7cfdc5b058,aigi_commercial,data/CompEval-00051-of-00413.parquet,2,7,00000039_1.png,PNG,MidjourneyV5_2,midjourneyv5-2,LAION,test,1,Commercial,test_external_unseen_v3_additions/aigi/cf_external_unseen_v3_aigi_commercial_b8f49f7cfdc5b058_00000039_1.png.png,complete
cf_external_unseen_v3_aigi_commercial_b91fe2a3c33b1b3b,aigi_commercial,data/CompEval-00335-of-00413.parquet,1,17,00000091_1.jpg,JPEG,Firefly_Image3,firefly-image3,LAION,test,1,Commercial,test_external_unseen_v3_additions/aigi/cf_external_unseen_v3_aigi_commercial_b91fe2a3c33b1b3b_00000091_1.jpg.jpg,complete
cf_external_unseen_v3_aigi_commercial_b97ce69290746fa7,aigi_commercial,data/CompEval-00335-of-00413.parquet,1,7,00000026_3.jpg,JPEG,Firefly_Image3,firefly-image3,LAION,test,1,Commercial,test_external_unseen_v3_additions/aigi/cf_external_unseen_v3_aigi_commercial_b97ce69290746fa7_00000026_3.jpg.jpg,complete
cf_external_unseen_v3_aigi_commercial_b97e3202e57598bb,aigi_commercial,data/CompEval-00230-of-00413.parquet,1,23,00000231.png,PNG,Dalle3,dalle3,LAION,test,1,Commercial,test_external_unseen_v3_additions/aigi/cf_external_unseen_v3_aigi_commercial_b97e3202e57598bb_00000231.png.png,complete
cf_external_unseen_v3_aigi_commercial_b9ba21c2b9d85c32,aigi_commercial,data/CompEval-00230-of-00413.parquet,1,12,00000759.png,PNG,Dalle3,dalle3,LAION,test,1,Commercial,test_external_unseen_v3_additions/aigi/cf_external_unseen_v3_aigi_commercial_b9ba21c2b9d85c32_00000759.png.png,complete
cf_external_unseen_v3_aigi_commercial_ba2473992d66566c,aigi_commercial,data/CompEval-00144-of-00413.parquet,2,21,00000490.png,PNG,IdeogramV2,ideogramv2,LAION,test,1,Commercial,test_external_unseen_v3_additions/aigi/cf_external_unseen_v3_aigi_commercial_ba2473992d66566c_00000490.png.png,complete
cf_external_unseen_v3_aigi_commercial_bab7ee6cbd335e6a,aigi_commercial,data/CompEval-00183-of-00413.parquet,3,16,00000916.png,PNG,FLUX-schnell,flux-schnell,LAION,test,1,Commercial,test_external_unseen_v3_additions/aigi/cf_external_unseen_v3_aigi_commercial_bab7ee6cbd335e6a_00000916.png.png,complete
cf_external_unseen_v3_aigi_commercial_bb4e869e8be281f9,aigi_commercial,data/CompEval-00285-of-00413.parquet,2,12,00000073_3.png,PNG,MidjourneyV6_1,midjourneyv6-1,LAION,test,1,Commercial,test_external_unseen_v3_additions/aigi/cf_external_unseen_v3_aigi_commercial_bb4e869e8be281f9_00000073_3.png.png,complete
cf_external_unseen_v3_aigi_commercial_bb5821d9231657e6,aigi_commercial,data/CompEval-00230-of-00413.parquet,1,21,00000669.png,PNG,Dalle3,dalle3,LAION,test,1,Commercial,test_external_unseen_v3_additions/aigi/cf_external_unseen_v3_aigi_commercial_bb5821d9231657e6_00000669.png.png,complete
cf_external_unseen_v3_aigi_commercial_bb7de4a99db764cb,aigi_commercial,data/CompEval-00268-of-00413.parquet,2,10,00000104_3.jpg,JPEG,Firefly_Image3,firefly-image3,LAION,test,1,Commercial,test_external_unseen_v3_additions/aigi/cf_external_unseen_v3_aigi_commercial_bb7de4a99db764cb_00000104_3.jpg.jpg,complete
cf_external_unseen_v3_aigi_commercial_bbf2f25754f8c114,aigi_commercial,data/CompEval-00405-of-00413.parquet,1,4,00000541.png,PNG,IdeogramV1,ideogramv1,LAION,test,1,Commercial,test_external_unseen_v3_additions/aigi/cf_external_unseen_v3_aigi_commercial_bbf2f25754f8c114_00000541.png.png,complete
cf_external_unseen_v3_aigi_commercial_bbfd7dabf560ac1c,aigi_commercial,data/CompEval-00253-of-00413.parquet,1,19,00000933.png,PNG,Dalle2,dalle2,LAION,test,1,Commercial,test_external_unseen_v3_additions/aigi/cf_external_unseen_v3_aigi_commercial_bbfd7dabf560ac1c_00000933.png.png,complete
cf_external_unseen_v3_aigi_commercial_bc74341fbba8e1ce,aigi_commercial,data/CompEval-00048-of-00413.parquet,1,19,00000066_1.png,PNG,MidjourneyV5_2,midjourneyv5-2,LAION,test,1,Commercial,test_external_unseen_v3_additions/aigi/cf_external_unseen_v3_aigi_commercial_bc74341fbba8e1ce_00000066_1.png.png,complete
cf_external_unseen_v3_aigi_commercial_bd46c2b06fb439c3,aigi_commercial,data/CompEval-00145-of-00413.parquet,2,7,00000710.png,PNG,IdeogramV2,ideogramv2,LAION,test,1,Commercial,test_external_unseen_v3_additions/aigi/cf_external_unseen_v3_aigi_commercial_bd46c2b06fb439c3_00000710.png.png,complete
cf_external_unseen_v3_aigi_commercial_bd5fb7fe84f744c5,aigi_commercial,data/CompEval-00069-of-00413.parquet,0,19,00000122_3.jpg,JPEG,Firefly_Image2,firefly-image2,LAION,test,1,Commercial,test_external_unseen_v3_additions/aigi/cf_external_unseen_v3_aigi_commercial_bd5fb7fe84f744c5_00000122_3.jpg.jpg,complete
cf_external_unseen_v3_aigi_commercial_bd8541f8fb276de9,aigi_commercial,data/CompEval-00405-of-00413.parquet,3,7,00000406.png,PNG,IdeogramV1,ideogramv1,LAION,test,1,Commercial,test_external_unseen_v3_additions/aigi/cf_external_unseen_v3_aigi_commercial_bd8541f8fb276de9_00000406.png.png,complete
cf_external_unseen_v3_aigi_commercial_be3f4b8bbdde47df,aigi_commercial,data/CompEval-00285-of-00413.parquet,2,11,00000399_1.png,PNG,MidjourneyV6_1,midjourneyv6-1,LAION,test,1,Commercial,test_external_unseen_v3_additions/aigi/cf_external_unseen_v3_aigi_commercial_be3f4b8bbdde47df_00000399_1.png.png,complete
cf_external_unseen_v3_aigi_commercial_be3ffb3bd5c477e0,aigi_commercial,data/CompEval-00026-of-00413.parquet,1,3,00000097_2.png,PNG,MidjourneyV5_2,midjourneyv5-2,LAION,test,1,Commercial,test_external_unseen_v3_additions/aigi/cf_external_unseen_v3_aigi_commercial_be3ffb3bd5c477e0_00000097_2.png.png,complete
cf_external_unseen_v3_aigi_commercial_be9236ecc8d9cf97,aigi_commercial,data/CompEval-00300-of-00413.parquet,2,7,00000574.png,PNG,FLUX-dev,flux-dev,LAION,test,1,Commercial,test_external_unseen_v3_additions/aigi/cf_external_unseen_v3_aigi_commercial_be9236ecc8d9cf97_00000574.png.png,complete
cf_external_unseen_v3_aigi_commercial_bea6a56849e14fea,aigi_commercial,data/CompEval-00145-of-00413.parquet,2,0,00000203.png,PNG,IdeogramV2,ideogramv2,LAION,test,1,Commercial,test_external_unseen_v3_additions/aigi/cf_external_unseen_v3_aigi_commercial_bea6a56849e14fea_00000203.png.png,complete
cf_external_unseen_v3_aigi_commercial_becb3e0497671ef3,aigi_commercial,data/CompEval-00407-of-00413.parquet,1,9,00000540.png,PNG,IdeogramV1,ideogramv1,LAION,test,1,Commercial,test_external_unseen_v3_additions/aigi/cf_external_unseen_v3_aigi_commercial_becb3e0497671ef3_00000540.png.png,complete
cf_external_unseen_v3_aigi_commercial_bee5807009a0735e,aigi_commercial,data/CompEval-00405-of-00413.parquet,1,1,00000099.png,PNG,IdeogramV1,ideogramv1,LAION,test,1,Commercial,test_external_unseen_v3_additions/aigi/cf_external_unseen_v3_aigi_commercial_bee5807009a0735e_00000099.png.png,complete
cf_external_unseen_v3_aigi_commercial_bf417ace07f09743,aigi_commercial,data/CompEval-00142-of-00413.parquet,4,9,00000856.png,PNG,FLUX-schnell,flux-schnell,LAION,test,1,Commercial,test_external_unseen_v3_additions/aigi/cf_external_unseen_v3_aigi_commercial_bf417ace07f09743_00000856.png.png,complete
cf_external_unseen_v3_aigi_commercial_bfb24623ee64782b,aigi_commercial,data/CompEval-00300-of-00413.parquet,2,2,00000890.png,PNG,FLUX-dev,flux-dev,LAION,test,1,Commercial,test_external_unseen_v3_additions/aigi/cf_external_unseen_v3_aigi_commercial_bfb24623ee64782b_00000890.png.png,complete
cf_external_unseen_v3_aigi_commercial_c003f60107246dab,aigi_commercial,data/CompEval-00228-of-00413.parquet,2,0,00000684.png,PNG,Dalle3,dalle3,LAION,test,1,Commercial,test_external_unseen_v3_additions/aigi/cf_external_unseen_v3_aigi_commercial_c003f60107246dab_00000684.png.png,complete
cf_external_unseen_v3_aigi_commercial_c02e8d1774f97444,aigi_commercial,data/CompEval-00250-of-00413.parquet,0,10,00000549.png,PNG,Dalle2,dalle2,LAION,test,1,Commercial,test_external_unseen_v3_additions/aigi/cf_external_unseen_v3_aigi_commercial_c02e8d1774f97444_00000549.png.png,complete
cf_external_unseen_v3_aigi_commercial_c04a3649cfd0965d,aigi_commercial,data/CompEval-00228-of-00413.parquet,2,8,00000155.png,PNG,Dalle3,dalle3,LAION,test,1,Commercial,test_external_unseen_v3_additions/aigi/cf_external_unseen_v3_aigi_commercial_c04a3649cfd0965d_00000155.png.png,complete
cf_external_unseen_v3_aigi_commercial_c05730086a4e30da,aigi_commercial,data/CompEval-00142-of-00413.parquet,4,8,00000740.png,PNG,FLUX-schnell,flux-schnell,LAION,test,1,Commercial,test_external_unseen_v3_additions/aigi/cf_external_unseen_v3_aigi_commercial_c05730086a4e30da_00000740.png.png,complete
cf_external_unseen_v3_aigi_commercial_c07f158578c1c002,aigi_commercial,data/CompEval-00066-of-00413.parquet,1,3,00000080_0.jpg,JPEG,Firefly_Image2,firefly-image2,LAION,test,1,Commercial,test_external_unseen_v3_additions/aigi/cf_external_unseen_v3_aigi_commercial_c07f158578c1c002_00000080_0.jpg.jpg,complete
cf_external_unseen_v3_aigi_commercial_c0e5a6b7194be172,aigi_commercial,data/CompEval-00303-of-00413.parquet,2,9,00000073_0.png,PNG,Imagen3,imagen3,LAION,test,1,Commercial,test_external_unseen_v3_additions/aigi/cf_external_unseen_v3_aigi_commercial_c0e5a6b7194be172_00000073_0.png.png,complete
cf_external_unseen_v3_aigi_commercial_c13affab2539577a,aigi_commercial,data/CompEval-00230-of-00413.parquet,1,6,00000444.png,PNG,Dalle3,dalle3,LAION,test,1,Commercial,test_external_unseen_v3_additions/aigi/cf_external_unseen_v3_aigi_commercial_c13affab2539577a_00000444.png.png,complete
cf_external_unseen_v3_aigi_commercial_c1922ba06d605ce3,aigi_commercial,data/CompEval-00300-of-00413.parquet,2,6,00000317.png,PNG,FLUX-dev,flux-dev,LAION,test,1,Commercial,test_external_unseen_v3_additions/aigi/cf_external_unseen_v3_aigi_commercial_c1922ba06d605ce3_00000317.png.png,complete
cf_external_unseen_v3_aigi_commercial_c198b7ed49d08f71,aigi_commercial,data/CompEval-00390-of-00413.parquet,3,19,00000497_0.png,PNG,MidjourneyV6_1,midjourneyv6-1,LAION,test,1,Commercial,test_external_unseen_v3_additions/aigi/cf_external_unseen_v3_aigi_commercial_c198b7ed49d08f71_00000497_0.png.png,complete
cf_external_unseen_v3_aigi_commercial_c21860d0e2ad9300,aigi_commercial,data/CompEval-00030-of-00413.parquet,4,18,00000429_0.png,PNG,MidjourneyV5_2,midjourneyv5-2,LAION,test,1,Commercial,test_external_unseen_v3_additions/aigi/cf_external_unseen_v3_aigi_commercial_c21860d0e2ad9300_00000429_0.png.png,complete
cf_external_unseen_v3_aigi_commercial_c23123c91df961c3,aigi_commercial,data/CompEval-00390-of-00413.parquet,3,4,00000396_2.png,PNG,MidjourneyV6_1,midjourneyv6-1,LAION,test,1,Commercial,test_external_unseen_v3_additions/aigi/cf_external_unseen_v3_aigi_commercial_c23123c91df961c3_00000396_2.png.png,complete
cf_external_unseen_v3_aigi_commercial_c29a270a759bc0c6,aigi_commercial,data/CompEval-00300-of-00413.parquet,0,19,00000082.png,PNG,FLUX-dev,flux-dev,LAION,test,1,Commercial,test_external_unseen_v3_additions/aigi/cf_external_unseen_v3_aigi_commercial_c29a270a759bc0c6_00000082.png.png,complete
cf_external_unseen_v3_aigi_commercial_c30909782d7aeb9e,aigi_commercial,data/CompEval-00069-of-00413.parquet,0,22,00000486_3.jpg,JPEG,Firefly_Image2,firefly-image2,LAION,test,1,Commercial,test_external_unseen_v3_additions/aigi/cf_external_unseen_v3_aigi_commercial_c30909782d7aeb9e_00000486_3.jpg.jpg,complete
cf_external_unseen_v3_aigi_commercial_c3a6704bd5d5e61e,aigi_commercial,data/CompEval-00405-of-00413.parquet,1,6,00000181.png,PNG,IdeogramV1,ideogramv1,LAION,test,1,Commercial,test_external_unseen_v3_additions/aigi/cf_external_unseen_v3_aigi_commercial_c3a6704bd5d5e61e_00000181.png.png,complete
cf_external_unseen_v3_aigi_commercial_c3e3800cf83b3e62,aigi_commercial,data/CompEval-00228-of-00413.parquet,2,14,00000757.png,PNG,Dalle3,dalle3,LAION,test,1,Commercial,test_external_unseen_v3_additions/aigi/cf_external_unseen_v3_aigi_commercial_c3e3800cf83b3e62_00000757.png.png,complete
cf_external_unseen_v3_aigi_commercial_c403a256478240e8,aigi_commercial,data/CompEval-00250-of-00413.parquet,0,20,00000678.png,PNG,Dalle2,dalle2,LAION,test,1,Commercial,test_external_unseen_v3_additions/aigi/cf_external_unseen_v3_aigi_commercial_c403a256478240e8_00000678.png.png,complete
cf_external_unseen_v3_aigi_commercial_c49f37d0f5511169,aigi_commercial,data/CompEval-00300-of-00413.parquet,2,3,00000782.png,PNG,FLUX-dev,flux-dev,LAION,test,1,Commercial,test_external_unseen_v3_additions/aigi/cf_external_unseen_v3_aigi_commercial_c49f37d0f5511169_00000782.png.png,complete
cf_external_unseen_v3_aigi_commercial_c510d252db0a892b,aigi_commercial,data/CompEval-00252-of-00413.parquet,1,4,00000243.png,PNG,Dalle2,dalle2,LAION,test,1,Commercial,test_external_unseen_v3_additions/aigi/cf_external_unseen_v3_aigi_commercial_c510d252db0a892b_00000243.png.png,complete
cf_external_unseen_v3_aigi_commercial_c5f11d7ad3d97388,aigi_commercial,data/CompEval-00405-of-00413.parquet,1,2,00000452.png,PNG,IdeogramV1,ideogramv1,LAION,test,1,Commercial,test_external_unseen_v3_additions/aigi/cf_external_unseen_v3_aigi_commercial_c5f11d7ad3d97388_00000452.png.png,complete
cf_external_unseen_v3_aigi_commercial_c5f428c251d53a42,aigi_commercial,data/CompEval-00228-of-00413.parquet,3,12,00000697.png,PNG,Dalle3,dalle3,LAION,test,1,Commercial,test_external_unseen_v3_additions/aigi/cf_external_unseen_v3_aigi_commercial_c5f428c251d53a42_00000697.png.png,complete
cf_external_unseen_v3_aigi_commercial_c629dc550a7e24f6,aigi_commercial,data/CompEval-00300-of-00413.parquet,0,23,00000712.png,PNG,FLUX-dev,flux-dev,LAION,test,1,Commercial,test_external_unseen_v3_additions/aigi/cf_external_unseen_v3_aigi_commercial_c629dc550a7e24f6_00000712.png.png,complete
cf_external_unseen_v3_aigi_commercial_c65047803ae38f36,aigi_commercial,data/CompEval-00250-of-00413.parquet,0,15,00000398.png,PNG,Dalle2,dalle2,LAION,test,1,Commercial,test_external_unseen_v3_additions/aigi/cf_external_unseen_v3_aigi_commercial_c65047803ae38f36_00000398.png.png,complete
cf_external_unseen_v3_aigi_commercial_c65a64e336ad5954,aigi_commercial,data/CompEval-00264-of-00413.parquet,2,11,00000383_3.jpg,JPEG,Firefly_Image3,firefly-image3,LAION,test,1,Commercial,test_external_unseen_v3_additions/aigi/cf_external_unseen_v3_aigi_commercial_c65a64e336ad5954_00000383_3.jpg.jpg,complete
cf_external_unseen_v3_aigi_commercial_c665cd81b8426f72,aigi_commercial,data/CompEval-00335-of-00413.parquet,1,12,00000359_1.jpg,JPEG,Firefly_Image3,firefly-image3,LAION,test,1,Commercial,test_external_unseen_v3_additions/aigi/cf_external_unseen_v3_aigi_commercial_c665cd81b8426f72_00000359_1.jpg.jpg,complete
cf_external_unseen_v3_aigi_commercial_c6abeecd4d9053f5,aigi_commercial,data/CompEval-00026-of-00413.parquet,1,14,00000478_2.png,PNG,MidjourneyV5_2,midjourneyv5-2,LAION,test,1,Commercial,test_external_unseen_v3_additions/aigi/cf_external_unseen_v3_aigi_commercial_c6abeecd4d9053f5_00000478_2.png.png,complete
cf_external_unseen_v3_aigi_commercial_c6be924857fee999,aigi_commercial,data/CompEval-00307-of-00413.parquet,3,2,00000096_3.png,PNG,Imagen3,imagen3,LAION,test,1,Commercial,test_external_unseen_v3_additions/aigi/cf_external_unseen_v3_aigi_commercial_c6be924857fee999_00000096_3.png.png,complete
cf_external_unseen_v3_aigi_commercial_c740a8730522c2ad,aigi_commercial,data/CompEval-00406-of-00413.parquet,3,13,00000554.png,PNG,IdeogramV1,ideogramv1,LAION,test,1,Commercial,test_external_unseen_v3_additions/aigi/cf_external_unseen_v3_aigi_commercial_c740a8730522c2ad_00000554.png.png,complete
cf_external_unseen_v3_aigi_commercial_c75e264ea647ad68,aigi_commercial,data/CompEval-00208-of-00413.parquet,1,6,00000026_1.jpg,JPEG,Firefly_Image2,firefly-image2,LAION,test,1,Commercial,test_external_unseen_v3_additions/aigi/cf_external_unseen_v3_aigi_commercial_c75e264ea647ad68_00000026_1.jpg.jpg,complete
cf_external_unseen_v3_aigi_commercial_c7ae97058e991169,aigi_commercial,data/CompEval-00141-of-00413.parquet,3,6,00000621.png,PNG,FLUX-schnell,flux-schnell,LAION,test,1,Commercial,test_external_unseen_v3_additions/aigi/cf_external_unseen_v3_aigi_commercial_c7ae97058e991169_00000621.png.png,complete
cf_external_unseen_v3_aigi_commercial_c7fa8cf767c9d9cf,aigi_commercial,data/CompEval-00230-of-00413.parquet,1,13,00000334.png,PNG,Dalle3,dalle3,LAION,test,1,Commercial,test_external_unseen_v3_additions/aigi/cf_external_unseen_v3_aigi_commercial_c7fa8cf767c9d9cf_00000334.png.png,complete
cf_external_unseen_v3_aigi_commercial_c8f6f180db692409,aigi_commercial,data/CompEval-00294-of-00413.parquet,3,18,00000282.png,PNG,FLUX-dev,flux-dev,LAION,test,1,Commercial,test_external_unseen_v3_additions/aigi/cf_external_unseen_v3_aigi_commercial_c8f6f180db692409_00000282.png.png,complete
cf_external_unseen_v3_aigi_commercial_c95a9cfd939bbaf1,aigi_commercial,data/CompEval-00284-of-00413.parquet,0,20,00000326_0.png,PNG,MidjourneyV6_1,midjourneyv6-1,LAION,test,1,Commercial,test_external_unseen_v3_additions/aigi/cf_external_unseen_v3_aigi_commercial_c95a9cfd939bbaf1_00000326_0.png.png,complete
cf_external_unseen_v3_aigi_commercial_c99d64a0c0bda469,aigi_commercial,data/CompEval-00390-of-00413.parquet,3,16,00000013_2.png,PNG,MidjourneyV6_1,midjourneyv6-1,LAION,test,1,Commercial,test_external_unseen_v3_additions/aigi/cf_external_unseen_v3_aigi_commercial_c99d64a0c0bda469_00000013_2.png.png,complete
cf_external_unseen_v3_aigi_commercial_c9a5ecb08d466413,aigi_commercial,data/CompEval-00069-of-00413.parquet,0,4,00000313_3.jpg,JPEG,Firefly_Image2,firefly-image2,LAION,test,1,Commercial,test_external_unseen_v3_additions/aigi/cf_external_unseen_v3_aigi_commercial_c9a5ecb08d466413_00000313_3.jpg.jpg,complete
cf_external_unseen_v3_aigi_commercial_c9fa6a6c4d540f23,aigi_commercial,data/CompEval-00141-of-00413.parquet,3,0,00000633.png,PNG,FLUX-schnell,flux-schnell,LAION,test,1,Commercial,test_external_unseen_v3_additions/aigi/cf_external_unseen_v3_aigi_commercial_c9fa6a6c4d540f23_00000633.png.png,complete
cf_external_unseen_v3_aigi_commercial_ca2e7fe1b5e1488f,aigi_commercial,data/CompEval-00145-of-00413.parquet,2,10,00000215.png,PNG,IdeogramV2,ideogramv2,LAION,test,1,Commercial,test_external_unseen_v3_additions/aigi/cf_external_unseen_v3_aigi_commercial_ca2e7fe1b5e1488f_00000215.png.png,complete
cf_external_unseen_v3_aigi_commercial_ca732b069e3a9549,aigi_commercial,data/CompEval-00145-of-00413.parquet,2,4,00000681.png,PNG,IdeogramV2,ideogramv2,LAION,test,1,Commercial,test_external_unseen_v3_additions/aigi/cf_external_unseen_v3_aigi_commercial_ca732b069e3a9549_00000681.png.png,complete
cf_external_unseen_v3_aigi_commercial_ca973c19893e072d,aigi_commercial,data/CompEval-00026-of-00413.parquet,1,16,00000469_1.png,PNG,MidjourneyV5_2,midjourneyv5-2,LAION,test,1,Commercial,test_external_unseen_v3_additions/aigi/cf_external_unseen_v3_aigi_commercial_ca973c19893e072d_00000469_1.png.png,complete
cf_external_unseen_v3_aigi_commercial_cae969c3adb34855,aigi_commercial,data/CompEval-00181-of-00413.parquet,4,22,00000481_3.jpg,JPEG,Firefly_Image2,firefly-image2,LAION,test,1,Commercial,test_external_unseen_v3_additions/aigi/cf_external_unseen_v3_aigi_commercial_cae969c3adb34855_00000481_3.jpg.jpg,complete
cf_external_unseen_v3_aigi_commercial_caf25af2037fcbd5,aigi_commercial,data/CompEval-00284-of-00413.parquet,0,2,00000104_3.png,PNG,MidjourneyV6_1,midjourneyv6-1,LAION,test,1,Commercial,test_external_unseen_v3_additions/aigi/cf_external_unseen_v3_aigi_commercial_caf25af2037fcbd5_00000104_3.png.png,complete
cf_external_unseen_v3_aigi_commercial_cafadee050750ce4,aigi_commercial,data/CompEval-00173-of-00413.parquet,4,9,00000171_3.png,PNG,Imagen3,imagen3,LAION,test,1,Commercial,test_external_unseen_v3_additions/aigi/cf_external_unseen_v3_aigi_commercial_cafadee050750ce4_00000171_3.png.png,complete
cf_external_unseen_v3_aigi_commercial_cb8d2f80fbcd2861,aigi_commercial,data/CompEval-00405-of-00413.parquet,3,8,00000965.png,PNG,IdeogramV1,ideogramv1,LAION,test,1,Commercial,test_external_unseen_v3_additions/aigi/cf_external_unseen_v3_aigi_commercial_cb8d2f80fbcd2861_00000965.png.png,complete
cf_external_unseen_v3_aigi_commercial_cbdfc7518844c19e,aigi_commercial,data/CompEval-00300-of-00413.parquet,0,22,00000207.png,PNG,FLUX-dev,flux-dev,LAION,test,1,Commercial,test_external_unseen_v3_additions/aigi/cf_external_unseen_v3_aigi_commercial_cbdfc7518844c19e_00000207.png.png,complete
cf_external_unseen_v3_aigi_commercial_cc123f988e5477e2,aigi_commercial,data/CompEval-00066-of-00413.parquet,1,18,00000431_1.jpg,JPEG,Firefly_Image2,firefly-image2,LAION,test,1,Commercial,test_external_unseen_v3_additions/aigi/cf_external_unseen_v3_aigi_commercial_cc123f988e5477e2_00000431_1.jpg.jpg,complete
cf_external_unseen_v3_aigi_commercial_cc1c9fbc58e0cde8,aigi_commercial,data/CompEval-00407-of-00413.parquet,1,11,00000113.png,PNG,IdeogramV1,ideogramv1,LAION,test,1,Commercial,test_external_unseen_v3_additions/aigi/cf_external_unseen_v3_aigi_commercial_cc1c9fbc58e0cde8_00000113.png.png,complete
cf_external_unseen_v3_aigi_commercial_cc50954c9fa614c2,aigi_commercial,data/CompEval-00248-of-00413.parquet,4,17,00000580.png,PNG,Dalle2,dalle2,LAION,test,1,Commercial,test_external_unseen_v3_additions/aigi/cf_external_unseen_v3_aigi_commercial_cc50954c9fa614c2_00000580.png.png,complete
cf_external_unseen_v3_aigi_commercial_ccc28a5d4d10b19e,aigi_commercial,data/CompEval-00048-of-00413.parquet,1,21,00000263_0.png,PNG,MidjourneyV5_2,midjourneyv5-2,LAION,test,1,Commercial,test_external_unseen_v3_additions/aigi/cf_external_unseen_v3_aigi_commercial_ccc28a5d4d10b19e_00000263_0.png.png,complete
cf_external_unseen_v3_aigi_commercial_cd1690d674d3b02f,aigi_commercial,data/CompEval-00173-of-00413.parquet,4,6,00000241_0.png,PNG,Imagen3,imagen3,LAION,test,1,Commercial,test_external_unseen_v3_additions/aigi/cf_external_unseen_v3_aigi_commercial_cd1690d674d3b02f_00000241_0.png.png,complete
cf_external_unseen_v3_aigi_commercial_cd20e75693704d4c,aigi_commercial,data/CompEval-00285-of-00413.parquet,2,18,00000183_1.png,PNG,MidjourneyV6_1,midjourneyv6-1,LAION,test,1,Commercial,test_external_unseen_v3_additions/aigi/cf_external_unseen_v3_aigi_commercial_cd20e75693704d4c_00000183_1.png.png,complete
cf_external_unseen_v3_aigi_commercial_cd26b0ac8fff828d,aigi_commercial,data/CompEval-00253-of-00413.parquet,1,5,00000428.png,PNG,Dalle2,dalle2,LAION,test,1,Commercial,test_external_unseen_v3_additions/aigi/cf_external_unseen_v3_aigi_commercial_cd26b0ac8fff828d_00000428.png.png,complete
cf_external_unseen_v3_aigi_commercial_cdb794a14dfbf6e6,aigi_commercial,data/CompEval-00252-of-00413.parquet,1,23,00000685.png,PNG,Dalle2,dalle2,LAION,test,1,Commercial,test_external_unseen_v3_additions/aigi/cf_external_unseen_v3_aigi_commercial_cdb794a14dfbf6e6_00000685.png.png,complete
cf_external_unseen_v3_aigi_commercial_ce16cf48bfb8ff75,aigi_commercial,data/CompEval-00252-of-00413.parquet,1,13,00000211.png,PNG,Dalle2,dalle2,LAION,test,1,Commercial,test_external_unseen_v3_additions/aigi/cf_external_unseen_v3_aigi_commercial_ce16cf48bfb8ff75_00000211.png.png,complete
cf_external_unseen_v3_aigi_commercial_ce383f8ccaffbbbe,aigi_commercial,data/CompEval-00264-of-00413.parquet,2,17,00000377_3.jpg,JPEG,Firefly_Image3,firefly-image3,LAION,test,1,Commercial,test_external_unseen_v3_additions/aigi/cf_external_unseen_v3_aigi_commercial_ce383f8ccaffbbbe_00000377_3.jpg.jpg,complete
cf_external_unseen_v3_aigi_commercial_ce879298185185df,aigi_commercial,data/CompEval-00307-of-00413.parquet,3,7,00000160_2.png,PNG,Imagen3,imagen3,LAION,test,1,Commercial,test_external_unseen_v3_additions/aigi/cf_external_unseen_v3_aigi_commercial_ce879298185185df_00000160_2.png.png,complete
cf_external_unseen_v3_aigi_commercial_cf283cb93d5a45d5,aigi_commercial,data/CompEval-00266-of-00413.parquet,1,17,00000428_2.jpg,JPEG,Firefly_Image3,firefly-image3,LAION,test,1,Commercial,test_external_unseen_v3_additions/aigi/cf_external_unseen_v3_aigi_commercial_cf283cb93d5a45d5_00000428_2.jpg.jpg,complete
cf_external_unseen_v3_aigi_commercial_cf4e15c13c8bd34d,aigi_commercial,data/CompEval-00224-of-00413.parquet,3,6,00000148.png,PNG,Dalle3,dalle3,LAION,test,1,Commercial,test_external_unseen_v3_additions/aigi/cf_external_unseen_v3_aigi_commercial_cf4e15c13c8bd34d_00000148.png.png,complete
cf_external_unseen_v3_aigi_commercial_cf679633d8c214c6,aigi_commercial,data/CompEval-00069-of-00413.parquet,0,17,00000125_1.jpg,JPEG,Firefly_Image2,firefly-image2,LAION,test,1,Commercial,test_external_unseen_v3_additions/aigi/cf_external_unseen_v3_aigi_commercial_cf679633d8c214c6_00000125_1.jpg.jpg,complete
cf_external_unseen_v3_aigi_commercial_cf7666ed6d91bb8b,aigi_commercial,data/CompEval-00298-of-00413.parquet,3,20,00000655.png,PNG,FLUX-dev,flux-dev,LAION,test,1,Commercial,test_external_unseen_v3_additions/aigi/cf_external_unseen_v3_aigi_commercial_cf7666ed6d91bb8b_00000655.png.png,complete
cf_external_unseen_v3_aigi_commercial_cfbca7776579f7f9,aigi_commercial,data/CompEval-00026-of-00413.parquet,1,13,00000252_1.png,PNG,MidjourneyV5_2,midjourneyv5-2,LAION,test,1,Commercial,test_external_unseen_v3_additions/aigi/cf_external_unseen_v3_aigi_commercial_cfbca7776579f7f9_00000252_1.png.png,complete
cf_external_unseen_v3_aigi_commercial_cfcecfab00aa400f,aigi_commercial,data/CompEval-00230-of-00413.parquet,1,9,00000306.png,PNG,Dalle3,dalle3,LAION,test,1,Commercial,test_external_unseen_v3_additions/aigi/cf_external_unseen_v3_aigi_commercial_cfcecfab00aa400f_00000306.png.png,complete
cf_external_unseen_v3_aigi_commercial_cff4548c51ebbff1,aigi_commercial,data/CompEval-00230-of-00413.parquet,1,15,00000255.png,PNG,Dalle3,dalle3,LAION,test,1,Commercial,test_external_unseen_v3_additions/aigi/cf_external_unseen_v3_aigi_commercial_cff4548c51ebbff1_00000255.png.png,complete
cf_external_unseen_v3_aigi_commercial_cffbd022b5c2d38b,aigi_commercial,data/CompEval-00300-of-00413.parquet,0,6,00000098.png,PNG,FLUX-dev,flux-dev,LAION,test,1,Commercial,test_external_unseen_v3_additions/aigi/cf_external_unseen_v3_aigi_commercial_cffbd022b5c2d38b_00000098.png.png,complete
cf_external_unseen_v3_aigi_commercial_d01fa04e29a52153,aigi_commercial,data/CompEval-00300-of-00413.parquet,2,12,00000160.png,PNG,FLUX-dev,flux-dev,LAION,test,1,Commercial,test_external_unseen_v3_additions/aigi/cf_external_unseen_v3_aigi_commercial_d01fa04e29a52153_00000160.png.png,complete
cf_external_unseen_v3_aigi_commercial_d04a6a45e201f78b,aigi_commercial,data/CompEval-00250-of-00413.parquet,0,8,00000448.png,PNG,Dalle2,dalle2,LAION,test,1,Commercial,test_external_unseen_v3_additions/aigi/cf_external_unseen_v3_aigi_commercial_d04a6a45e201f78b_00000448.png.png,complete
cf_external_unseen_v3_aigi_commercial_d05c3ee4bcb615ed,aigi_commercial,data/CompEval-00390-of-00413.parquet,0,17,00000060_0.png,PNG,MidjourneyV6_1,midjourneyv6-1,LAION,test,1,Commercial,test_external_unseen_v3_additions/aigi/cf_external_unseen_v3_aigi_commercial_d05c3ee4bcb615ed_00000060_0.png.png,complete
cf_external_unseen_v3_aigi_commercial_d06bfa9981ee97ea,aigi_commercial,data/CompEval-00285-of-00413.parquet,2,5,00000476_1.png,PNG,MidjourneyV6_1,midjourneyv6-1,LAION,test,1,Commercial,test_external_unseen_v3_additions/aigi/cf_external_unseen_v3_aigi_commercial_d06bfa9981ee97ea_00000476_1.png.png,complete
cf_external_unseen_v3_aigi_commercial_d0a246b85bfe77fa,aigi_commercial,data/CompEval-00307-of-00413.parquet,3,13,00000047_2.png,PNG,Imagen3,imagen3,LAION,test,1,Commercial,test_external_unseen_v3_additions/aigi/cf_external_unseen_v3_aigi_commercial_d0a246b85bfe77fa_00000047_2.png.png,complete
cf_external_unseen_v3_aigi_commercial_d0bde00d61f5951d,aigi_commercial,data/CompEval-00300-of-00413.parquet,2,21,00000920.png,PNG,FLUX-dev,flux-dev,LAION,test,1,Commercial,test_external_unseen_v3_additions/aigi/cf_external_unseen_v3_aigi_commercial_d0bde00d61f5951d_00000920.png.png,complete
cf_external_unseen_v3_aigi_commercial_d0c96c8dfc312522,aigi_commercial,data/CompEval-00406-of-00413.parquet,3,10,00000779.png,PNG,IdeogramV1,ideogramv1,LAION,test,1,Commercial,test_external_unseen_v3_additions/aigi/cf_external_unseen_v3_aigi_commercial_d0c96c8dfc312522_00000779.png.png,complete
cf_external_unseen_v3_aigi_commercial_d10bd80d2368d675,aigi_commercial,data/CompEval-00173-of-00413.parquet,4,11,00000019_3.png,PNG,Imagen3,imagen3,LAION,test,1,Commercial,test_external_unseen_v3_additions/aigi/cf_external_unseen_v3_aigi_commercial_d10bd80d2368d675_00000019_3.png.png,complete
cf_external_unseen_v3_aigi_commercial_d1677dfdf0bbf4f1,aigi_commercial,data/CompEval-00308-of-00413.parquet,0,20,00000099_3.png,PNG,Imagen3,imagen3,LAION,test,1,Commercial,test_external_unseen_v3_additions/aigi/cf_external_unseen_v3_aigi_commercial_d1677dfdf0bbf4f1_00000099_3.png.png,complete
cf_external_unseen_v3_aigi_commercial_d286d73e2226d3a8,aigi_commercial,data/CompEval-00144-of-00413.parquet,2,23,00000481.png,PNG,IdeogramV2,ideogramv2,LAION,test,1,Commercial,test_external_unseen_v3_additions/aigi/cf_external_unseen_v3_aigi_commercial_d286d73e2226d3a8_00000481.png.png,complete
cf_external_unseen_v3_aigi_commercial_d354387f4387d17d,aigi_commercial,data/CompEval-00208-of-00413.parquet,1,23,00000384_1.jpg,JPEG,Firefly_Image2,firefly-image2,LAION,test,1,Commercial,test_external_unseen_v3_additions/aigi/cf_external_unseen_v3_aigi_commercial_d354387f4387d17d_00000384_1.jpg.jpg,complete
cf_external_unseen_v3_aigi_commercial_d35a01f379dc9014,aigi_commercial,data/CompEval-00228-of-00413.parquet,3,18,00000762.png,PNG,Dalle3,dalle3,LAION,test,1,Commercial,test_external_unseen_v3_additions/aigi/cf_external_unseen_v3_aigi_commercial_d35a01f379dc9014_00000762.png.png,complete
cf_external_unseen_v3_aigi_commercial_d36f1af4256d6021,aigi_commercial,data/CompEval-00285-of-00413.parquet,2,13,00000322_1.png,PNG,MidjourneyV6_1,midjourneyv6-1,LAION,test,1,Commercial,test_external_unseen_v3_additions/aigi/cf_external_unseen_v3_aigi_commercial_d36f1af4256d6021_00000322_1.png.png,complete
cf_external_unseen_v3_aigi_commercial_d3953ccec2fefee5,aigi_commercial,data/CompEval-00066-of-00413.parquet,1,7,00000067_1.jpg,JPEG,Firefly_Image2,firefly-image2,LAION,test,1,Commercial,test_external_unseen_v3_additions/aigi/cf_external_unseen_v3_aigi_commercial_d3953ccec2fefee5_00000067_1.jpg.jpg,complete
cf_external_unseen_v3_aigi_commercial_d39fc03c768155bb,aigi_commercial,data/CompEval-00252-of-00413.parquet,1,19,00000802.png,PNG,Dalle2,dalle2,LAION,test,1,Commercial,test_external_unseen_v3_additions/aigi/cf_external_unseen_v3_aigi_commercial_d39fc03c768155bb_00000802.png.png,complete
cf_external_unseen_v3_aigi_commercial_d3d372409180c6ac,aigi_commercial,data/CompEval-00184-of-00413.parquet,3,23,00000706.png,PNG,FLUX-schnell,flux-schnell,LAION,test,1,Commercial,test_external_unseen_v3_additions/aigi/cf_external_unseen_v3_aigi_commercial_d3d372409180c6ac_00000706.png.png,complete
cf_external_unseen_v3_aigi_commercial_d3f6e25637ea7cbe,aigi_commercial,data/CompEval-00069-of-00413.parquet,0,2,00000338_3.jpg,JPEG,Firefly_Image2,firefly-image2,LAION,test,1,Commercial,test_external_unseen_v3_additions/aigi/cf_external_unseen_v3_aigi_commercial_d3f6e25637ea7cbe_00000338_3.jpg.jpg,complete
cf_external_unseen_v3_aigi_commercial_d41674fe67f15ea2,aigi_commercial,data/CompEval-00284-of-00413.parquet,0,5,00000310_3.png,PNG,MidjourneyV6_1,midjourneyv6-1,LAION,test,1,Commercial,test_external_unseen_v3_additions/aigi/cf_external_unseen_v3_aigi_commercial_d41674fe67f15ea2_00000310_3.png.png,complete
cf_external_unseen_v3_aigi_commercial_d418f7cce027a12d,aigi_commercial,data/CompEval-00147-of-00413.parquet,3,13,00000810.png,PNG,IdeogramV2,ideogramv2,LAION,test,1,Commercial,test_external_unseen_v3_additions/aigi/cf_external_unseen_v3_aigi_commercial_d418f7cce027a12d_00000810.png.png,complete
cf_external_unseen_v3_aigi_commercial_d4370a34509731b7,aigi_commercial,data/CompEval-00048-of-00413.parquet,1,8,00000481_3.png,PNG,MidjourneyV5_2,midjourneyv5-2,LAION,test,1,Commercial,test_external_unseen_v3_additions/aigi/cf_external_unseen_v3_aigi_commercial_d4370a34509731b7_00000481_3.png.png,complete
cf_external_unseen_v3_aigi_commercial_d444d3072751381a,aigi_commercial,data/CompEval-00230-of-00413.parquet,1,22,00000032.png,PNG,Dalle3,dalle3,LAION,test,1,Commercial,test_external_unseen_v3_additions/aigi/cf_external_unseen_v3_aigi_commercial_d444d3072751381a_00000032.png.png,complete
cf_external_unseen_v3_aigi_commercial_d479de136c1a2019,aigi_commercial,data/CompEval-00307-of-00413.parquet,3,14,00000139_2.png,PNG,Imagen3,imagen3,LAION,test,1,Commercial,test_external_unseen_v3_additions/aigi/cf_external_unseen_v3_aigi_commercial_d479de136c1a2019_00000139_2.png.png,complete
cf_external_unseen_v3_aigi_commercial_d4ac2ebb8e41a030,aigi_commercial,data/CompEval-00294-of-00413.parquet,3,0,00000994.png,PNG,FLUX-dev,flux-dev,LAION,test,1,Commercial,test_external_unseen_v3_additions/aigi/cf_external_unseen_v3_aigi_commercial_d4ac2ebb8e41a030_00000994.png.png,complete
cf_external_unseen_v3_aigi_commercial_d4bdffb387c27b5c,aigi_commercial,data/CompEval-00069-of-00413.parquet,0,18,00000280_1.jpg,JPEG,Firefly_Image2,firefly-image2,LAION,test,1,Commercial,test_external_unseen_v3_additions/aigi/cf_external_unseen_v3_aigi_commercial_d4bdffb387c27b5c_00000280_1.jpg.jpg,complete
cf_external_unseen_v3_aigi_commercial_d4e167bee87156ef,aigi_commercial,data/CompEval-00253-of-00413.parquet,1,10,00000049.png,PNG,Dalle2,dalle2,LAION,test,1,Commercial,test_external_unseen_v3_additions/aigi/cf_external_unseen_v3_aigi_commercial_d4e167bee87156ef_00000049.png.png,complete
cf_external_unseen_v3_aigi_commercial_d522058f8c079213,aigi_commercial,data/CompEval-00184-of-00413.parquet,3,19,00000342.png,PNG,FLUX-schnell,flux-schnell,LAION,test,1,Commercial,test_external_unseen_v3_additions/aigi/cf_external_unseen_v3_aigi_commercial_d522058f8c079213_00000342.png.png,complete
cf_external_unseen_v3_aigi_commercial_d54bbe7f205d91c9,aigi_commercial,data/CompEval-00145-of-00413.parquet,0,9,00000103.png,PNG,IdeogramV2,ideogramv2,LAION,test,1,Commercial,test_external_unseen_v3_additions/aigi/cf_external_unseen_v3_aigi_commercial_d54bbe7f205d91c9_00000103.png.png,complete
cf_external_unseen_v3_aigi_commercial_d60cc8f952940543,aigi_commercial,data/CompEval-00390-of-00413.parquet,3,6,00000397_3.png,PNG,MidjourneyV6_1,midjourneyv6-1,LAION,test,1,Commercial,test_external_unseen_v3_additions/aigi/cf_external_unseen_v3_aigi_commercial_d60cc8f952940543_00000397_3.png.png,complete
cf_external_unseen_v3_aigi_commercial_d65a1b372ae3d245,aigi_commercial,data/CompEval-00248-of-00413.parquet,4,11,00000350.png,PNG,Dalle2,dalle2,LAION,test,1,Commercial,test_external_unseen_v3_additions/aigi/cf_external_unseen_v3_aigi_commercial_d65a1b372ae3d245_00000350.png.png,complete
cf_external_unseen_v3_aigi_commercial_d695d31e62480bd1,aigi_commercial,data/CompEval-00390-of-00413.parquet,3,9,00000494_0.png,PNG,MidjourneyV6_1,midjourneyv6-1,LAION,test,1,Commercial,test_external_unseen_v3_additions/aigi/cf_external_unseen_v3_aigi_commercial_d695d31e62480bd1_00000494_0.png.png,complete
cf_external_unseen_v3_aigi_commercial_d6a24c8464682307,aigi_commercial,data/CompEval-00266-of-00413.parquet,1,18,00000048_2.jpg,JPEG,Firefly_Image3,firefly-image3,LAION,test,1,Commercial,test_external_unseen_v3_additions/aigi/cf_external_unseen_v3_aigi_commercial_d6a24c8464682307_00000048_2.jpg.jpg,complete
cf_external_unseen_v3_aigi_commercial_d7574d81dcb3dc28,aigi_commercial,data/CompEval-00184-of-00413.parquet,3,20,00000489.png,PNG,FLUX-schnell,flux-schnell,LAION,test,1,Commercial,test_external_unseen_v3_additions/aigi/cf_external_unseen_v3_aigi_commercial_d7574d81dcb3dc28_00000489.png.png,complete
cf_external_unseen_v3_aigi_commercial_d7a38cedea3500e5,aigi_commercial,data/CompEval-00066-of-00413.parquet,1,23,00000152_2.jpg,JPEG,Firefly_Image2,firefly-image2,LAION,test,1,Commercial,test_external_unseen_v3_additions/aigi/cf_external_unseen_v3_aigi_commercial_d7a38cedea3500e5_00000152_2.jpg.jpg,complete
cf_external_unseen_v3_aigi_commercial_d7b87df85484eb08,aigi_commercial,data/CompEval-00184-of-00413.parquet,3,2,00000536.png,PNG,FLUX-schnell,flux-schnell,LAION,test,1,Commercial,test_external_unseen_v3_additions/aigi/cf_external_unseen_v3_aigi_commercial_d7b87df85484eb08_00000536.png.png,complete
cf_external_unseen_v3_aigi_commercial_d7e694b62aa0be0d,aigi_commercial,data/CompEval-00252-of-00413.parquet,1,6,00000009.png,PNG,Dalle2,dalle2,LAION,test,1,Commercial,test_external_unseen_v3_additions/aigi/cf_external_unseen_v3_aigi_commercial_d7e694b62aa0be0d_00000009.png.png,complete
cf_external_unseen_v3_aigi_commercial_d87987e98702b7e1,aigi_commercial,data/CompEval-00407-of-00413.parquet,1,1,00000888.png,PNG,IdeogramV1,ideogramv1,LAION,test,1,Commercial,test_external_unseen_v3_additions/aigi/cf_external_unseen_v3_aigi_commercial_d87987e98702b7e1_00000888.png.png,complete
cf_external_unseen_v3_aigi_commercial_d9297c89ae5d963b,aigi_commercial,data/CompEval-00230-of-00413.parquet,1,17,00000646.png,PNG,Dalle3,dalle3,LAION,test,1,Commercial,test_external_unseen_v3_additions/aigi/cf_external_unseen_v3_aigi_commercial_d9297c89ae5d963b_00000646.png.png,complete
cf_external_unseen_v3_aigi_commercial_db5ebeb4fe41828f,aigi_commercial,data/CompEval-00147-of-00413.parquet,3,0,00000695.png,PNG,IdeogramV2,ideogramv2,LAION,test,1,Commercial,test_external_unseen_v3_additions/aigi/cf_external_unseen_v3_aigi_commercial_db5ebeb4fe41828f_00000695.png.png,complete
cf_external_unseen_v3_aigi_commercial_db7301d23a4bd20c,aigi_commercial,data/CompEval-00405-of-00413.parquet,3,0,00000269.png,PNG,IdeogramV1,ideogramv1,LAION,test,1,Commercial,test_external_unseen_v3_additions/aigi/cf_external_unseen_v3_aigi_commercial_db7301d23a4bd20c_00000269.png.png,complete
cf_external_unseen_v3_aigi_commercial_dbc0c5a5b66e01f1,aigi_commercial,data/CompEval-00264-of-00413.parquet,2,15,00000447_0.jpg,JPEG,Firefly_Image3,firefly-image3,LAION,test,1,Commercial,test_external_unseen_v3_additions/aigi/cf_external_unseen_v3_aigi_commercial_dbc0c5a5b66e01f1_00000447_0.jpg.jpg,complete
cf_external_unseen_v3_aigi_commercial_dbc275220177f9be,aigi_commercial,data/CompEval-00284-of-00413.parquet,0,11,00000218_2.png,PNG,MidjourneyV6_1,midjourneyv6-1,LAION,test,1,Commercial,test_external_unseen_v3_additions/aigi/cf_external_unseen_v3_aigi_commercial_dbc275220177f9be_00000218_2.png.png,complete
cf_external_unseen_v3_aigi_commercial_dbd007a150226586,aigi_commercial,data/CompEval-00145-of-00413.parquet,2,16,00000825.png,PNG,IdeogramV2,ideogramv2,LAION,test,1,Commercial,test_external_unseen_v3_additions/aigi/cf_external_unseen_v3_aigi_commercial_dbd007a150226586_00000825.png.png,complete
cf_external_unseen_v3_aigi_commercial_dbd1f00dd84c3f72,aigi_commercial,data/CompEval-00250-of-00413.parquet,0,4,00000999.png,PNG,Dalle2,dalle2,LAION,test,1,Commercial,test_external_unseen_v3_additions/aigi/cf_external_unseen_v3_aigi_commercial_dbd1f00dd84c3f72_00000999.png.png,complete
cf_external_unseen_v3_aigi_commercial_dcb8ac3bff927379,aigi_commercial,data/CompEval-00183-of-00413.parquet,3,13,00000511.png,PNG,FLUX-schnell,flux-schnell,LAION,test,1,Commercial,test_external_unseen_v3_additions/aigi/cf_external_unseen_v3_aigi_commercial_dcb8ac3bff927379_00000511.png.png,complete
cf_external_unseen_v3_aigi_commercial_dce31d792f069bd9,aigi_commercial,data/CompEval-00285-of-00413.parquet,2,17,00000161_2.png,PNG,MidjourneyV6_1,midjourneyv6-1,LAION,test,1,Commercial,test_external_unseen_v3_additions/aigi/cf_external_unseen_v3_aigi_commercial_dce31d792f069bd9_00000161_2.png.png,complete
cf_external_unseen_v3_aigi_commercial_dcf1e4eb4502153d,aigi_commercial,data/CompEval-00181-of-00413.parquet,4,19,00000226_1.jpg,JPEG,Firefly_Image2,firefly-image2,LAION,test,1,Commercial,test_external_unseen_v3_additions/aigi/cf_external_unseen_v3_aigi_commercial_dcf1e4eb4502153d_00000226_1.jpg.jpg,complete
cf_external_unseen_v3_aigi_commercial_dcf7f08bd9ef2608,aigi_commercial,data/CompEval-00145-of-00413.parquet,2,19,00000512.png,PNG,IdeogramV2,ideogramv2,LAION,test,1,Commercial,test_external_unseen_v3_additions/aigi/cf_external_unseen_v3_aigi_commercial_dcf7f08bd9ef2608_00000512.png.png,complete
cf_external_unseen_v3_aigi_commercial_dd09886b390b5c33,aigi_commercial,data/CompEval-00405-of-00413.parquet,3,20,00000479.png,PNG,IdeogramV1,ideogramv1,LAION,test,1,Commercial,test_external_unseen_v3_additions/aigi/cf_external_unseen_v3_aigi_commercial_dd09886b390b5c33_00000479.png.png,complete
cf_external_unseen_v3_aigi_commercial_dd19e8b298c08bdc,aigi_commercial,data/CompEval-00268-of-00413.parquet,2,19,00000027_0.jpg,JPEG,Firefly_Image3,firefly-image3,LAION,test,1,Commercial,test_external_unseen_v3_additions/aigi/cf_external_unseen_v3_aigi_commercial_dd19e8b298c08bdc_00000027_0.jpg.jpg,complete
cf_external_unseen_v3_aigi_commercial_dd444cbc1ebee61f,aigi_commercial,data/CompEval-00142-of-00413.parquet,4,11,00000733.png,PNG,FLUX-schnell,flux-schnell,LAION,test,1,Commercial,test_external_unseen_v3_additions/aigi/cf_external_unseen_v3_aigi_commercial_dd444cbc1ebee61f_00000733.png.png,complete
cf_external_unseen_v3_aigi_commercial_de04d4c562e3f484,aigi_commercial,data/CompEval-00307-of-00413.parquet,3,12,00000020_3.png,PNG,Imagen3,imagen3,LAION,test,1,Commercial,test_external_unseen_v3_additions/aigi/cf_external_unseen_v3_aigi_commercial_de04d4c562e3f484_00000020_3.png.png,complete
cf_external_unseen_v3_aigi_commercial_de5e384ab560b4c1,aigi_commercial,data/CompEval-00228-of-00413.parquet,2,15,00000222.png,PNG,Dalle3,dalle3,LAION,test,1,Commercial,test_external_unseen_v3_additions/aigi/cf_external_unseen_v3_aigi_commercial_de5e384ab560b4c1_00000222.png.png,complete
cf_external_unseen_v3_aigi_commercial_de6bc0e051de73e4,aigi_commercial,data/CompEval-00248-of-00413.parquet,4,2,00000663.png,PNG,Dalle2,dalle2,LAION,test,1,Commercial,test_external_unseen_v3_additions/aigi/cf_external_unseen_v3_aigi_commercial_de6bc0e051de73e4_00000663.png.png,complete
cf_external_unseen_v3_aigi_commercial_deb5588f6b3cf897,aigi_commercial,data/CompEval-00026-of-00413.parquet,1,11,00000498_3.png,PNG,MidjourneyV5_2,midjourneyv5-2,LAION,test,1,Commercial,test_external_unseen_v3_additions/aigi/cf_external_unseen_v3_aigi_commercial_deb5588f6b3cf897_00000498_3.png.png,complete
cf_external_unseen_v3_aigi_commercial_df2ae4a4f9c079bf,aigi_commercial,data/CompEval-00208-of-00413.parquet,1,12,00000031_0.jpg,JPEG,Firefly_Image2,firefly-image2,LAION,test,1,Commercial,test_external_unseen_v3_additions/aigi/cf_external_unseen_v3_aigi_commercial_df2ae4a4f9c079bf_00000031_0.jpg.jpg,complete
cf_external_unseen_v3_aigi_commercial_df66a635654ec721,aigi_commercial,data/CompEval-00228-of-00413.parquet,2,3,00000673.png,PNG,Dalle3,dalle3,LAION,test,1,Commercial,test_external_unseen_v3_additions/aigi/cf_external_unseen_v3_aigi_commercial_df66a635654ec721_00000673.png.png,complete
cf_external_unseen_v3_aigi_commercial_df66ab335a2b88e8,aigi_commercial,data/CompEval-00252-of-00413.parquet,1,21,00000501.png,PNG,Dalle2,dalle2,LAION,test,1,Commercial,test_external_unseen_v3_additions/aigi/cf_external_unseen_v3_aigi_commercial_df66ab335a2b88e8_00000501.png.png,complete
cf_external_unseen_v3_aigi_commercial_e0a85c0fe4f00fd2,aigi_commercial,data/CompEval-00069-of-00413.parquet,0,9,00000498_2.jpg,JPEG,Firefly_Image2,firefly-image2,LAION,test,1,Commercial,test_external_unseen_v3_additions/aigi/cf_external_unseen_v3_aigi_commercial_e0a85c0fe4f00fd2_00000498_2.jpg.jpg,complete
cf_external_unseen_v3_aigi_commercial_e0b0c157e2f0cac5,aigi_commercial,data/CompEval-00030-of-00413.parquet,4,9,00000161_3.png,PNG,MidjourneyV5_2,midjourneyv5-2,LAION,test,1,Commercial,test_external_unseen_v3_additions/aigi/cf_external_unseen_v3_aigi_commercial_e0b0c157e2f0cac5_00000161_3.png.png,complete
cf_external_unseen_v3_aigi_commercial_e0ba9a6f914898ca,aigi_commercial,data/CompEval-00173-of-00413.parquet,4,17,00000087_2.png,PNG,Imagen3,imagen3,LAION,test,1,Commercial,test_external_unseen_v3_additions/aigi/cf_external_unseen_v3_aigi_commercial_e0ba9a6f914898ca_00000087_2.png.png,complete
cf_external_unseen_v3_aigi_commercial_e0ce69ae6ab817d9,aigi_commercial,data/CompEval-00145-of-00413.parquet,0,20,00000712.png,PNG,IdeogramV2,ideogramv2,LAION,test,1,Commercial,test_external_unseen_v3_additions/aigi/cf_external_unseen_v3_aigi_commercial_e0ce69ae6ab817d9_00000712.png.png,complete
cf_external_unseen_v3_aigi_commercial_e0f9991ece7ed07f,aigi_commercial,data/CompEval-00144-of-00413.parquet,2,12,00000580.png,PNG,IdeogramV2,ideogramv2,LAION,test,1,Commercial,test_external_unseen_v3_additions/aigi/cf_external_unseen_v3_aigi_commercial_e0f9991ece7ed07f_00000580.png.png,complete
cf_external_unseen_v3_aigi_commercial_e133e6e46dde4a5b,aigi_commercial,data/CompEval-00224-of-00413.parquet,3,5,00000510.png,PNG,Dalle3,dalle3,LAION,test,1,Commercial,test_external_unseen_v3_additions/aigi/cf_external_unseen_v3_aigi_commercial_e133e6e46dde4a5b_00000510.png.png,complete
cf_external_unseen_v3_aigi_commercial_e14343861afe32a3,aigi_commercial,data/CompEval-00230-of-00413.parquet,1,8,00000037.png,PNG,Dalle3,dalle3,LAION,test,1,Commercial,test_external_unseen_v3_additions/aigi/cf_external_unseen_v3_aigi_commercial_e14343861afe32a3_00000037.png.png,complete
cf_external_unseen_v3_aigi_commercial_e1f298d295d6afbb,aigi_commercial,data/CompEval-00266-of-00413.parquet,1,19,00000159_0.jpg,JPEG,Firefly_Image3,firefly-image3,LAION,test,1,Commercial,test_external_unseen_v3_additions/aigi/cf_external_unseen_v3_aigi_commercial_e1f298d295d6afbb_00000159_0.jpg.jpg,complete
cf_external_unseen_v3_aigi_commercial_e208ac518850e000,aigi_commercial,data/CompEval-00048-of-00413.parquet,1,18,00000231_0.png,PNG,MidjourneyV5_2,midjourneyv5-2,LAION,test,1,Commercial,test_external_unseen_v3_additions/aigi/cf_external_unseen_v3_aigi_commercial_e208ac518850e000_00000231_0.png.png,complete
cf_external_unseen_v3_aigi_commercial_e2de659a56656c47,aigi_commercial,data/CompEval-00048-of-00413.parquet,1,20,00000361_2.png,PNG,MidjourneyV5_2,midjourneyv5-2,LAION,test,1,Commercial,test_external_unseen_v3_additions/aigi/cf_external_unseen_v3_aigi_commercial_e2de659a56656c47_00000361_2.png.png,complete
cf_external_unseen_v3_aigi_commercial_e339694cbea3e2a8,aigi_commercial,data/CompEval-00300-of-00413.parquet,2,19,00000561.png,PNG,FLUX-dev,flux-dev,LAION,test,1,Commercial,test_external_unseen_v3_additions/aigi/cf_external_unseen_v3_aigi_commercial_e339694cbea3e2a8_00000561.png.png,complete
cf_external_unseen_v3_aigi_commercial_e33e5bdee35b1bb7,aigi_commercial,data/CompEval-00184-of-00413.parquet,3,9,00000682.png,PNG,FLUX-schnell,flux-schnell,LAION,test,1,Commercial,test_external_unseen_v3_additions/aigi/cf_external_unseen_v3_aigi_commercial_e33e5bdee35b1bb7_00000682.png.png,complete
cf_external_unseen_v3_aigi_commercial_e378de0f2628e3fc,aigi_commercial,data/CompEval-00069-of-00413.parquet,0,14,00000041_1.jpg,JPEG,Firefly_Image2,firefly-image2,LAION,test,1,Commercial,test_external_unseen_v3_additions/aigi/cf_external_unseen_v3_aigi_commercial_e378de0f2628e3fc_00000041_1.jpg.jpg,complete
cf_external_unseen_v3_aigi_commercial_e37b2a655fc95dc9,aigi_commercial,data/CompEval-00026-of-00413.parquet,1,22,00000211_1.png,PNG,MidjourneyV5_2,midjourneyv5-2,LAION,test,1,Commercial,test_external_unseen_v3_additions/aigi/cf_external_unseen_v3_aigi_commercial_e37b2a655fc95dc9_00000211_1.png.png,complete
cf_external_unseen_v3_aigi_commercial_e37c6405a8b72603,aigi_commercial,data/CompEval-00145-of-00413.parquet,0,2,00000981.png,PNG,IdeogramV2,ideogramv2,LAION,test,1,Commercial,test_external_unseen_v3_additions/aigi/cf_external_unseen_v3_aigi_commercial_e37c6405a8b72603_00000981.png.png,complete
cf_external_unseen_v3_aigi_commercial_e39c61ddf3e1a0f7,aigi_commercial,data/CompEval-00307-of-00413.parquet,3,9,00000018_0.png,PNG,Imagen3,imagen3,LAION,test,1,Commercial,test_external_unseen_v3_additions/aigi/cf_external_unseen_v3_aigi_commercial_e39c61ddf3e1a0f7_00000018_0.png.png,complete
cf_external_unseen_v3_aigi_commercial_e3c0eef425ae215f,aigi_commercial,data/CompEval-00145-of-00413.parquet,2,14,00000745.png,PNG,IdeogramV2,ideogramv2,LAION,test,1,Commercial,test_external_unseen_v3_additions/aigi/cf_external_unseen_v3_aigi_commercial_e3c0eef425ae215f_00000745.png.png,complete
cf_external_unseen_v3_aigi_commercial_e444efb87cf7b0f2,aigi_commercial,data/CompEval-00026-of-00413.parquet,1,18,00000003_3.png,PNG,MidjourneyV5_2,midjourneyv5-2,LAION,test,1,Commercial,test_external_unseen_v3_additions/aigi/cf_external_unseen_v3_aigi_commercial_e444efb87cf7b0f2_00000003_3.png.png,complete
cf_external_unseen_v3_aigi_commercial_e48af0c312633337,aigi_commercial,data/CompEval-00390-of-00413.parquet,3,24,00000257_0.png,PNG,MidjourneyV6_1,midjourneyv6-1,LAION,test,1,Commercial,test_external_unseen_v3_additions/aigi/cf_external_unseen_v3_aigi_commercial_e48af0c312633337_00000257_0.png.png,complete
cf_external_unseen_v3_aigi_commercial_e4c857a0bb2c3e3c,aigi_commercial,data/CompEval-00294-of-00413.parquet,3,24,00000096.png,PNG,FLUX-dev,flux-dev,LAION,test,1,Commercial,test_external_unseen_v3_additions/aigi/cf_external_unseen_v3_aigi_commercial_e4c857a0bb2c3e3c_00000096.png.png,complete
cf_external_unseen_v3_aigi_commercial_e5065c0bd9b81c74,aigi_commercial,data/CompEval-00284-of-00413.parquet,0,4,00000236_1.png,PNG,MidjourneyV6_1,midjourneyv6-1,LAION,test,1,Commercial,test_external_unseen_v3_additions/aigi/cf_external_unseen_v3_aigi_commercial_e5065c0bd9b81c74_00000236_1.png.png,complete
cf_external_unseen_v3_aigi_commercial_e529b0572d5fe22d,aigi_commercial,data/CompEval-00173-of-00413.parquet,4,2,00000006_1.png,PNG,Imagen3,imagen3,LAION,test,1,Commercial,test_external_unseen_v3_additions/aigi/cf_external_unseen_v3_aigi_commercial_e529b0572d5fe22d_00000006_1.png.png,complete
cf_external_unseen_v3_aigi_commercial_e5952c02b6e49ad4,aigi_commercial,data/CompEval-00285-of-00413.parquet,2,10,00000272_3.png,PNG,MidjourneyV6_1,midjourneyv6-1,LAION,test,1,Commercial,test_external_unseen_v3_additions/aigi/cf_external_unseen_v3_aigi_commercial_e5952c02b6e49ad4_00000272_3.png.png,complete
cf_external_unseen_v3_aigi_commercial_e5eaa47e9e0d1d79,aigi_commercial,data/CompEval-00405-of-00413.parquet,3,2,00000321.png,PNG,IdeogramV1,ideogramv1,LAION,test,1,Commercial,test_external_unseen_v3_additions/aigi/cf_external_unseen_v3_aigi_commercial_e5eaa47e9e0d1d79_00000321.png.png,complete
cf_external_unseen_v3_aigi_commercial_e5eee06591f420a0,aigi_commercial,data/CompEval-00069-of-00413.parquet,0,10,00000429_1.jpg,JPEG,Firefly_Image2,firefly-image2,LAION,test,1,Commercial,test_external_unseen_v3_additions/aigi/cf_external_unseen_v3_aigi_commercial_e5eee06591f420a0_00000429_1.jpg.jpg,complete
cf_external_unseen_v3_aigi_commercial_e60740c6ba1269a8,aigi_commercial,data/CompEval-00405-of-00413.parquet,3,12,00000240.png,PNG,IdeogramV1,ideogramv1,LAION,test,1,Commercial,test_external_unseen_v3_additions/aigi/cf_external_unseen_v3_aigi_commercial_e60740c6ba1269a8_00000240.png.png,complete
cf_external_unseen_v3_aigi_commercial_e6af93e62c5b911b,aigi_commercial,data/CompEval-00266-of-00413.parquet,1,20,00000042_0.jpg,JPEG,Firefly_Image3,firefly-image3,LAION,test,1,Commercial,test_external_unseen_v3_additions/aigi/cf_external_unseen_v3_aigi_commercial_e6af93e62c5b911b_00000042_0.jpg.jpg,complete
cf_external_unseen_v3_aigi_commercial_e73593272ab36603,aigi_commercial,data/CompEval-00228-of-00413.parquet,3,22,00000760.png,PNG,Dalle3,dalle3,LAION,test,1,Commercial,test_external_unseen_v3_additions/aigi/cf_external_unseen_v3_aigi_commercial_e73593272ab36603_00000760.png.png,complete
cf_external_unseen_v3_aigi_commercial_e7665f0443c1ddda,aigi_commercial,data/CompEval-00228-of-00413.parquet,2,16,00000076.png,PNG,Dalle3,dalle3,LAION,test,1,Commercial,test_external_unseen_v3_additions/aigi/cf_external_unseen_v3_aigi_commercial_e7665f0443c1ddda_00000076.png.png,complete
cf_external_unseen_v3_aigi_commercial_e7a78ccf13f55ed8,aigi_commercial,data/CompEval-00266-of-00413.parquet,1,23,00000166_3.jpg,JPEG,Firefly_Image3,firefly-image3,LAION,test,1,Commercial,test_external_unseen_v3_additions/aigi/cf_external_unseen_v3_aigi_commercial_e7a78ccf13f55ed8_00000166_3.jpg.jpg,complete
cf_external_unseen_v3_aigi_commercial_e7a79d69ba8eb461,aigi_commercial,data/CompEval-00144-of-00413.parquet,2,2,00000233.png,PNG,IdeogramV2,ideogramv2,LAION,test,1,Commercial,test_external_unseen_v3_additions/aigi/cf_external_unseen_v3_aigi_commercial_e7a79d69ba8eb461_00000233.png.png,complete
cf_external_unseen_v3_aigi_commercial_e7ba7474dcff0d51,aigi_commercial,data/CompEval-00147-of-00413.parquet,3,21,00000422.png,PNG,IdeogramV2,ideogramv2,LAION,test,1,Commercial,test_external_unseen_v3_additions/aigi/cf_external_unseen_v3_aigi_commercial_e7ba7474dcff0d51_00000422.png.png,complete
cf_external_unseen_v3_aigi_commercial_e8436c596d8aff38,aigi_commercial,data/CompEval-00224-of-00413.parquet,3,23,00000153.png,PNG,Dalle3,dalle3,LAION,test,1,Commercial,test_external_unseen_v3_additions/aigi/cf_external_unseen_v3_aigi_commercial_e8436c596d8aff38_00000153.png.png,complete
cf_external_unseen_v3_aigi_commercial_e8452b5717c22d73,aigi_commercial,data/CompEval-00141-of-00413.parquet,3,1,00000567.png,PNG,FLUX-schnell,flux-schnell,LAION,test,1,Commercial,test_external_unseen_v3_additions/aigi/cf_external_unseen_v3_aigi_commercial_e8452b5717c22d73_00000567.png.png,complete
cf_external_unseen_v3_aigi_commercial_e8a649e593474c11,aigi_commercial,data/CompEval-00405-of-00413.parquet,3,23,00000455.png,PNG,IdeogramV1,ideogramv1,LAION,test,1,Commercial,test_external_unseen_v3_additions/aigi/cf_external_unseen_v3_aigi_commercial_e8a649e593474c11_00000455.png.png,complete
cf_external_unseen_v3_aigi_commercial_e8c4411113bccd5f,aigi_commercial,data/CompEval-00284-of-00413.parquet,0,9,00000094_2.png,PNG,MidjourneyV6_1,midjourneyv6-1,LAION,test,1,Commercial,test_external_unseen_v3_additions/aigi/cf_external_unseen_v3_aigi_commercial_e8c4411113bccd5f_00000094_2.png.png,complete
cf_external_unseen_v3_aigi_commercial_e8ca51fdadb139ce,aigi_commercial,data/CompEval-00253-of-00413.parquet,1,3,00000750.png,PNG,Dalle2,dalle2,LAION,test,1,Commercial,test_external_unseen_v3_additions/aigi/cf_external_unseen_v3_aigi_commercial_e8ca51fdadb139ce_00000750.png.png,complete
cf_external_unseen_v3_aigi_commercial_e930ddefc7ffebbf,aigi_commercial,data/CompEval-00145-of-00413.parquet,2,12,00000991.png,PNG,IdeogramV2,ideogramv2,LAION,test,1,Commercial,test_external_unseen_v3_additions/aigi/cf_external_unseen_v3_aigi_commercial_e930ddefc7ffebbf_00000991.png.png,complete
cf_external_unseen_v3_aigi_commercial_e95a6512e741a676,aigi_commercial,data/CompEval-00307-of-00413.parquet,3,1,00000192_3.png,PNG,Imagen3,imagen3,LAION,test,1,Commercial,test_external_unseen_v3_additions/aigi/cf_external_unseen_v3_aigi_commercial_e95a6512e741a676_00000192_3.png.png,complete
cf_external_unseen_v3_aigi_commercial_e96c8ef446fa502d,aigi_commercial,data/CompEval-00253-of-00413.parquet,1,16,00000996.png,PNG,Dalle2,dalle2,LAION,test,1,Commercial,test_external_unseen_v3_additions/aigi/cf_external_unseen_v3_aigi_commercial_e96c8ef446fa502d_00000996.png.png,complete
cf_external_unseen_v3_aigi_commercial_e9eab635509904b4,aigi_commercial,data/CompEval-00228-of-00413.parquet,3,8,00000227.png,PNG,Dalle3,dalle3,LAION,test,1,Commercial,test_external_unseen_v3_additions/aigi/cf_external_unseen_v3_aigi_commercial_e9eab635509904b4_00000227.png.png,complete
cf_external_unseen_v3_aigi_commercial_ea417a714efc3f5a,aigi_commercial,data/CompEval-00253-of-00413.parquet,1,2,00000886.png,PNG,Dalle2,dalle2,LAION,test,1,Commercial,test_external_unseen_v3_additions/aigi/cf_external_unseen_v3_aigi_commercial_ea417a714efc3f5a_00000886.png.png,complete
cf_external_unseen_v3_aigi_commercial_ea4ed7826e2fbf83,aigi_commercial,data/CompEval-00183-of-00413.parquet,3,8,00000519.png,PNG,FLUX-schnell,flux-schnell,LAION,test,1,Commercial,test_external_unseen_v3_additions/aigi/cf_external_unseen_v3_aigi_commercial_ea4ed7826e2fbf83_00000519.png.png,complete
cf_external_unseen_v3_aigi_commercial_eaaf1cb7e824bdba,aigi_commercial,data/CompEval-00144-of-00413.parquet,2,11,00000944.png,PNG,IdeogramV2,ideogramv2,LAION,test,1,Commercial,test_external_unseen_v3_additions/aigi/cf_external_unseen_v3_aigi_commercial_eaaf1cb7e824bdba_00000944.png.png,complete
cf_external_unseen_v3_aigi_commercial_eb914b876a4b2233,aigi_commercial,data/CompEval-00405-of-00413.parquet,3,13,00000620.png,PNG,IdeogramV1,ideogramv1,LAION,test,1,Commercial,test_external_unseen_v3_additions/aigi/cf_external_unseen_v3_aigi_commercial_eb914b876a4b2233_00000620.png.png,complete
cf_external_unseen_v3_aigi_commercial_ebc818920587fb50,aigi_commercial,data/CompEval-00406-of-00413.parquet,3,9,00000531.png,PNG,IdeogramV1,ideogramv1,LAION,test,1,Commercial,test_external_unseen_v3_additions/aigi/cf_external_unseen_v3_aigi_commercial_ebc818920587fb50_00000531.png.png,complete
cf_external_unseen_v3_aigi_commercial_ebd11a807e40a034,aigi_commercial,data/CompEval-00335-of-00413.parquet,1,14,00000002_3.jpg,JPEG,Firefly_Image3,firefly-image3,LAION,test,1,Commercial,test_external_unseen_v3_additions/aigi/cf_external_unseen_v3_aigi_commercial_ebd11a807e40a034_00000002_3.jpg.jpg,complete
cf_external_unseen_v3_aigi_commercial_ebf06923b5b564be,aigi_commercial,data/CompEval-00048-of-00413.parquet,1,5,00000356_1.png,PNG,MidjourneyV5_2,midjourneyv5-2,LAION,test,1,Commercial,test_external_unseen_v3_additions/aigi/cf_external_unseen_v3_aigi_commercial_ebf06923b5b564be_00000356_1.png.png,complete
cf_external_unseen_v3_aigi_commercial_ebfe1d965f3d7937,aigi_commercial,data/CompEval-00252-of-00413.parquet,1,8,00000217.png,PNG,Dalle2,dalle2,LAION,test,1,Commercial,test_external_unseen_v3_additions/aigi/cf_external_unseen_v3_aigi_commercial_ebfe1d965f3d7937_00000217.png.png,complete
cf_external_unseen_v3_aigi_commercial_ec61c292dfd6ddbf,aigi_commercial,data/CompEval-00144-of-00413.parquet,2,1,00000464.png,PNG,IdeogramV2,ideogramv2,LAION,test,1,Commercial,test_external_unseen_v3_additions/aigi/cf_external_unseen_v3_aigi_commercial_ec61c292dfd6ddbf_00000464.png.png,complete
cf_external_unseen_v3_aigi_commercial_eca0710d7505025d,aigi_commercial,data/CompEval-00030-of-00413.parquet,4,0,00000131_3.png,PNG,MidjourneyV5_2,midjourneyv5-2,LAION,test,1,Commercial,test_external_unseen_v3_additions/aigi/cf_external_unseen_v3_aigi_commercial_eca0710d7505025d_00000131_3.png.png,complete
cf_external_unseen_v3_aigi_commercial_ecff771977a9f119,aigi_commercial,data/CompEval-00030-of-00413.parquet,4,1,00000054_0.png,PNG,MidjourneyV5_2,midjourneyv5-2,LAION,test,1,Commercial,test_external_unseen_v3_additions/aigi/cf_external_unseen_v3_aigi_commercial_ecff771977a9f119_00000054_0.png.png,complete
cf_external_unseen_v3_aigi_commercial_ed176fee72e62c77,aigi_commercial,data/CompEval-00405-of-00413.parquet,1,5,00000596.png,PNG,IdeogramV1,ideogramv1,LAION,test,1,Commercial,test_external_unseen_v3_additions/aigi/cf_external_unseen_v3_aigi_commercial_ed176fee72e62c77_00000596.png.png,complete
cf_external_unseen_v3_aigi_commercial_ee61f68728632ff9,aigi_commercial,data/CompEval-00252-of-00413.parquet,1,2,00000822.png,PNG,Dalle2,dalle2,LAION,test,1,Commercial,test_external_unseen_v3_additions/aigi/cf_external_unseen_v3_aigi_commercial_ee61f68728632ff9_00000822.png.png,complete
cf_external_unseen_v3_aigi_commercial_eebe09b11527cf77,aigi_commercial,data/CompEval-00284-of-00413.parquet,0,6,00000480_3.png,PNG,MidjourneyV6_1,midjourneyv6-1,LAION,test,1,Commercial,test_external_unseen_v3_additions/aigi/cf_external_unseen_v3_aigi_commercial_eebe09b11527cf77_00000480_3.png.png,complete
cf_external_unseen_v3_aigi_commercial_eedaf8849e609388,aigi_commercial,data/CompEval-00183-of-00413.parquet,3,5,00000654.png,PNG,FLUX-schnell,flux-schnell,LAION,test,1,Commercial,test_external_unseen_v3_additions/aigi/cf_external_unseen_v3_aigi_commercial_eedaf8849e609388_00000654.png.png,complete
cf_external_unseen_v3_aigi_commercial_ef073cbb10d484a2,aigi_commercial,data/CompEval-00026-of-00413.parquet,1,2,00000446_3.png,PNG,MidjourneyV5_2,midjourneyv5-2,LAION,test,1,Commercial,test_external_unseen_v3_additions/aigi/cf_external_unseen_v3_aigi_commercial_ef073cbb10d484a2_00000446_3.png.png,complete
cf_external_unseen_v3_aigi_commercial_ef37f5d073b290f4,aigi_commercial,data/CompEval-00252-of-00413.parquet,1,20,00000355.png,PNG,Dalle2,dalle2,LAION,test,1,Commercial,test_external_unseen_v3_additions/aigi/cf_external_unseen_v3_aigi_commercial_ef37f5d073b290f4_00000355.png.png,complete
cf_external_unseen_v3_aigi_commercial_f020536c78d9ef7a,aigi_commercial,data/CompEval-00030-of-00413.parquet,4,22,00000449_0.png,PNG,MidjourneyV5_2,midjourneyv5-2,LAION,test,1,Commercial,test_external_unseen_v3_additions/aigi/cf_external_unseen_v3_aigi_commercial_f020536c78d9ef7a_00000449_0.png.png,complete
cf_external_unseen_v3_aigi_commercial_f024e7aa6ac3069b,aigi_commercial,data/CompEval-00173-of-00413.parquet,4,22,00000147_3.png,PNG,Imagen3,imagen3,LAION,test,1,Commercial,test_external_unseen_v3_additions/aigi/cf_external_unseen_v3_aigi_commercial_f024e7aa6ac3069b_00000147_3.png.png,complete
cf_external_unseen_v3_aigi_commercial_f02f39b000899011,aigi_commercial,data/CompEval-00300-of-00413.parquet,2,4,00000996.png,PNG,FLUX-dev,flux-dev,LAION,test,1,Commercial,test_external_unseen_v3_additions/aigi/cf_external_unseen_v3_aigi_commercial_f02f39b000899011_00000996.png.png,complete
cf_external_unseen_v3_aigi_commercial_f037789db3322f12,aigi_commercial,data/CompEval-00294-of-00413.parquet,3,20,00000355.png,PNG,FLUX-dev,flux-dev,LAION,test,1,Commercial,test_external_unseen_v3_additions/aigi/cf_external_unseen_v3_aigi_commercial_f037789db3322f12_00000355.png.png,complete
cf_external_unseen_v3_aigi_commercial_f0deb66e14b41ee6,aigi_commercial,data/CompEval-00294-of-00413.parquet,3,22,00000310.png,PNG,FLUX-dev,flux-dev,LAION,test,1,Commercial,test_external_unseen_v3_additions/aigi/cf_external_unseen_v3_aigi_commercial_f0deb66e14b41ee6_00000310.png.png,complete
cf_external_unseen_v3_aigi_commercial_f0fa37088238e8a9,aigi_commercial,data/CompEval-00294-of-00413.parquet,3,11,00000695.png,PNG,FLUX-dev,flux-dev,LAION,test,1,Commercial,test_external_unseen_v3_additions/aigi/cf_external_unseen_v3_aigi_commercial_f0fa37088238e8a9_00000695.png.png,complete
cf_external_unseen_v3_aigi_commercial_f18fc62d835e2d50,aigi_commercial,data/CompEval-00266-of-00413.parquet,1,24,00000342_2.jpg,JPEG,Firefly_Image3,firefly-image3,LAION,test,1,Commercial,test_external_unseen_v3_additions/aigi/cf_external_unseen_v3_aigi_commercial_f18fc62d835e2d50_00000342_2.jpg.jpg,complete
cf_external_unseen_v3_aigi_commercial_f1a1af9bc95cd419,aigi_commercial,data/CompEval-00390-of-00413.parquet,3,20,00000061_1.png,PNG,MidjourneyV6_1,midjourneyv6-1,LAION,test,1,Commercial,test_external_unseen_v3_additions/aigi/cf_external_unseen_v3_aigi_commercial_f1a1af9bc95cd419_00000061_1.png.png,complete
cf_external_unseen_v3_aigi_commercial_f1a1e91792b8ce20,aigi_commercial,data/CompEval-00069-of-00413.parquet,0,7,00000100_2.jpg,JPEG,Firefly_Image2,firefly-image2,LAION,test,1,Commercial,test_external_unseen_v3_additions/aigi/cf_external_unseen_v3_aigi_commercial_f1a1e91792b8ce20_00000100_2.jpg.jpg,complete
cf_external_unseen_v3_aigi_commercial_f1abd0223f3965aa,aigi_commercial,data/CompEval-00228-of-00413.parquet,3,23,00000825.png,PNG,Dalle3,dalle3,LAION,test,1,Commercial,test_external_unseen_v3_additions/aigi/cf_external_unseen_v3_aigi_commercial_f1abd0223f3965aa_00000825.png.png,complete
cf_external_unseen_v3_aigi_commercial_f1b1fc329e2208bd,aigi_commercial,data/CompEval-00184-of-00413.parquet,3,8,00000644.png,PNG,FLUX-schnell,flux-schnell,LAION,test,1,Commercial,test_external_unseen_v3_additions/aigi/cf_external_unseen_v3_aigi_commercial_f1b1fc329e2208bd_00000644.png.png,complete
cf_external_unseen_v3_aigi_commercial_f2165248a064377e,aigi_commercial,data/CompEval-00308-of-00413.parquet,0,17,00000184_3.png,PNG,Imagen3,imagen3,LAION,test,1,Commercial,test_external_unseen_v3_additions/aigi/cf_external_unseen_v3_aigi_commercial_f2165248a064377e_00000184_3.png.png,complete
cf_external_unseen_v3_aigi_commercial_f256b42add20dc01,aigi_commercial,data/CompEval-00335-of-00413.parquet,1,16,00000432_2.jpg,JPEG,Firefly_Image3,firefly-image3,LAION,test,1,Commercial,test_external_unseen_v3_additions/aigi/cf_external_unseen_v3_aigi_commercial_f256b42add20dc01_00000432_2.jpg.jpg,complete
cf_external_unseen_v3_aigi_commercial_f27aa38a5f7034cd,aigi_commercial,data/CompEval-00184-of-00413.parquet,3,17,00000951.png,PNG,FLUX-schnell,flux-schnell,LAION,test,1,Commercial,test_external_unseen_v3_additions/aigi/cf_external_unseen_v3_aigi_commercial_f27aa38a5f7034cd_00000951.png.png,complete
cf_external_unseen_v3_aigi_commercial_f29f6506c063380e,aigi_commercial,data/CompEval-00307-of-00413.parquet,3,0,00000199_0.png,PNG,Imagen3,imagen3,LAION,test,1,Commercial,test_external_unseen_v3_additions/aigi/cf_external_unseen_v3_aigi_commercial_f29f6506c063380e_00000199_0.png.png,complete
cf_external_unseen_v3_aigi_commercial_f2a9886a93ed66e1,aigi_commercial,data/CompEval-00405-of-00413.parquet,1,10,00000668.png,PNG,IdeogramV1,ideogramv1,LAION,test,1,Commercial,test_external_unseen_v3_additions/aigi/cf_external_unseen_v3_aigi_commercial_f2a9886a93ed66e1_00000668.png.png,complete
cf_external_unseen_v3_aigi_commercial_f2e4c7ec00728875,aigi_commercial,data/CompEval-00300-of-00413.parquet,0,13,00000357.png,PNG,FLUX-dev,flux-dev,LAION,test,1,Commercial,test_external_unseen_v3_additions/aigi/cf_external_unseen_v3_aigi_commercial_f2e4c7ec00728875_00000357.png.png,complete
cf_external_unseen_v3_aigi_commercial_f31fba473b24c720,aigi_commercial,data/CompEval-00285-of-00413.parquet,2,16,00000455_1.png,PNG,MidjourneyV6_1,midjourneyv6-1,LAION,test,1,Commercial,test_external_unseen_v3_additions/aigi/cf_external_unseen_v3_aigi_commercial_f31fba473b24c720_00000455_1.png.png,complete
cf_external_unseen_v3_aigi_commercial_f3260d72ce24227d,aigi_commercial,data/CompEval-00026-of-00413.parquet,1,17,00000277_0.png,PNG,MidjourneyV5_2,midjourneyv5-2,LAION,test,1,Commercial,test_external_unseen_v3_additions/aigi/cf_external_unseen_v3_aigi_commercial_f3260d72ce24227d_00000277_0.png.png,complete
cf_external_unseen_v3_aigi_commercial_f40187e215736535,aigi_commercial,data/CompEval-00173-of-00413.parquet,4,20,00000164_1.png,PNG,Imagen3,imagen3,LAION,test,1,Commercial,test_external_unseen_v3_additions/aigi/cf_external_unseen_v3_aigi_commercial_f40187e215736535_00000164_1.png.png,complete
cf_external_unseen_v3_aigi_commercial_f485e69b9e97c0e1,aigi_commercial,data/CompEval-00300-of-00413.parquet,0,14,00000396.png,PNG,FLUX-dev,flux-dev,LAION,test,1,Commercial,test_external_unseen_v3_additions/aigi/cf_external_unseen_v3_aigi_commercial_f485e69b9e97c0e1_00000396.png.png,complete
cf_external_unseen_v3_aigi_commercial_f4ddc5561aceba67,aigi_commercial,data/CompEval-00183-of-00413.parquet,3,20,00000584.png,PNG,FLUX-schnell,flux-schnell,LAION,test,1,Commercial,test_external_unseen_v3_additions/aigi/cf_external_unseen_v3_aigi_commercial_f4ddc5561aceba67_00000584.png.png,complete
cf_external_unseen_v3_aigi_commercial_f4fb8b608217d4f3,aigi_commercial,data/CompEval-00308-of-00413.parquet,0,13,00000147_2.png,PNG,Imagen3,imagen3,LAION,test,1,Commercial,test_external_unseen_v3_additions/aigi/cf_external_unseen_v3_aigi_commercial_f4fb8b608217d4f3_00000147_2.png.png,complete
cf_external_unseen_v3_aigi_commercial_f5841f908a7692d7,aigi_commercial,data/CompEval-00026-of-00413.parquet,1,5,00000491_3.png,PNG,MidjourneyV5_2,midjourneyv5-2,LAION,test,1,Commercial,test_external_unseen_v3_additions/aigi/cf_external_unseen_v3_aigi_commercial_f5841f908a7692d7_00000491_3.png.png,complete
cf_external_unseen_v3_aigi_commercial_f5c423f6a817991c,aigi_commercial,data/CompEval-00228-of-00413.parquet,3,10,00000849.png,PNG,Dalle3,dalle3,LAION,test,1,Commercial,test_external_unseen_v3_additions/aigi/cf_external_unseen_v3_aigi_commercial_f5c423f6a817991c_00000849.png.png,complete
cf_external_unseen_v3_aigi_commercial_f6104b340fdd57b9,aigi_commercial,data/CompEval-00405-of-00413.parquet,3,18,00000993.png,PNG,IdeogramV1,ideogramv1,LAION,test,1,Commercial,test_external_unseen_v3_additions/aigi/cf_external_unseen_v3_aigi_commercial_f6104b340fdd57b9_00000993.png.png,complete
cf_external_unseen_v3_aigi_commercial_f6290701d2a7674e,aigi_commercial,data/CompEval-00030-of-00413.parquet,4,4,00000497_3.png,PNG,MidjourneyV5_2,midjourneyv5-2,LAION,test,1,Commercial,test_external_unseen_v3_additions/aigi/cf_external_unseen_v3_aigi_commercial_f6290701d2a7674e_00000497_3.png.png,complete
cf_external_unseen_v3_aigi_commercial_f65c03e6ae79c20e,aigi_commercial,data/CompEval-00051-of-00413.parquet,2,20,00000417_2.png,PNG,MidjourneyV5_2,midjourneyv5-2,LAION,test,1,Commercial,test_external_unseen_v3_additions/aigi/cf_external_unseen_v3_aigi_commercial_f65c03e6ae79c20e_00000417_2.png.png,complete
cf_external_unseen_v3_aigi_commercial_f7257b55d3006aea,aigi_commercial,data/CompEval-00252-of-00413.parquet,1,3,00000752.png,PNG,Dalle2,dalle2,LAION,test,1,Commercial,test_external_unseen_v3_additions/aigi/cf_external_unseen_v3_aigi_commercial_f7257b55d3006aea_00000752.png.png,complete
cf_external_unseen_v3_aigi_commercial_f72cfe4541463910,aigi_commercial,data/CompEval-00405-of-00413.parquet,3,4,00000537.png,PNG,IdeogramV1,ideogramv1,LAION,test,1,Commercial,test_external_unseen_v3_additions/aigi/cf_external_unseen_v3_aigi_commercial_f72cfe4541463910_00000537.png.png,complete
cf_external_unseen_v3_aigi_commercial_f78c90b1d309ce6a,aigi_commercial,data/CompEval-00308-of-00413.parquet,0,6,00000265_3.png,PNG,Imagen3,imagen3,LAION,test,1,Commercial,test_external_unseen_v3_additions/aigi/cf_external_unseen_v3_aigi_commercial_f78c90b1d309ce6a_00000265_3.png.png,complete
cf_external_unseen_v3_aigi_commercial_f7b6b670c7cd7899,aigi_commercial,data/CompEval-00228-of-00413.parquet,3,15,00000738.png,PNG,Dalle3,dalle3,LAION,test,1,Commercial,test_external_unseen_v3_additions/aigi/cf_external_unseen_v3_aigi_commercial_f7b6b670c7cd7899_00000738.png.png,complete
cf_external_unseen_v3_aigi_commercial_f809b2341d0d2c5e,aigi_commercial,data/CompEval-00405-of-00413.parquet,3,17,00000395.png,PNG,IdeogramV1,ideogramv1,LAION,test,1,Commercial,test_external_unseen_v3_additions/aigi/cf_external_unseen_v3_aigi_commercial_f809b2341d0d2c5e_00000395.png.png,complete
cf_external_unseen_v3_aigi_commercial_f87919bcfc1025f7,aigi_commercial,data/CompEval-00173-of-00413.parquet,4,1,00000141_2.png,PNG,Imagen3,imagen3,LAION,test,1,Commercial,test_external_unseen_v3_additions/aigi/cf_external_unseen_v3_aigi_commercial_f87919bcfc1025f7_00000141_2.png.png,complete
cf_external_unseen_v3_aigi_commercial_f88862edb207f101,aigi_commercial,data/CompEval-00183-of-00413.parquet,3,15,00000072.png,PNG,FLUX-schnell,flux-schnell,LAION,test,1,Commercial,test_external_unseen_v3_additions/aigi/cf_external_unseen_v3_aigi_commercial_f88862edb207f101_00000072.png.png,complete
cf_external_unseen_v3_aigi_commercial_f8becdb0ab0fc642,aigi_commercial,data/CompEval-00300-of-00413.parquet,2,10,00000847.png,PNG,FLUX-dev,flux-dev,LAION,test,1,Commercial,test_external_unseen_v3_additions/aigi/cf_external_unseen_v3_aigi_commercial_f8becdb0ab0fc642_00000847.png.png,complete
cf_external_unseen_v3_aigi_commercial_f91974056d1ccc40,aigi_commercial,data/CompEval-00264-of-00413.parquet,2,19,00000278_1.jpg,JPEG,Firefly_Image3,firefly-image3,LAION,test,1,Commercial,test_external_unseen_v3_additions/aigi/cf_external_unseen_v3_aigi_commercial_f91974056d1ccc40_00000278_1.jpg.jpg,complete
cf_external_unseen_v3_aigi_commercial_f924b604d8f3d541,aigi_commercial,data/CompEval-00145-of-00413.parquet,2,11,00000473.png,PNG,IdeogramV2,ideogramv2,LAION,test,1,Commercial,test_external_unseen_v3_additions/aigi/cf_external_unseen_v3_aigi_commercial_f924b604d8f3d541_00000473.png.png,complete
cf_external_unseen_v3_aigi_commercial_f99a10da7f177a03,aigi_commercial,data/CompEval-00184-of-00413.parquet,3,21,00000615.png,PNG,FLUX-schnell,flux-schnell,LAION,test,1,Commercial,test_external_unseen_v3_additions/aigi/cf_external_unseen_v3_aigi_commercial_f99a10da7f177a03_00000615.png.png,complete
cf_external_unseen_v3_aigi_commercial_faace7da724436d1,aigi_commercial,data/CompEval-00335-of-00413.parquet,1,10,00000060_2.jpg,JPEG,Firefly_Image3,firefly-image3,LAION,test,1,Commercial,test_external_unseen_v3_additions/aigi/cf_external_unseen_v3_aigi_commercial_faace7da724436d1_00000060_2.jpg.jpg,complete
cf_external_unseen_v3_aigi_commercial_facd460f6a78e11a,aigi_commercial,data/CompEval-00048-of-00413.parquet,1,1,00000272_2.png,PNG,MidjourneyV5_2,midjourneyv5-2,LAION,test,1,Commercial,test_external_unseen_v3_additions/aigi/cf_external_unseen_v3_aigi_commercial_facd460f6a78e11a_00000272_2.png.png,complete
cf_external_unseen_v3_aigi_commercial_fb2388baaa790ccb,aigi_commercial,data/CompEval-00284-of-00413.parquet,0,24,00000412_2.png,PNG,MidjourneyV6_1,midjourneyv6-1,LAION,test,1,Commercial,test_external_unseen_v3_additions/aigi/cf_external_unseen_v3_aigi_commercial_fb2388baaa790ccb_00000412_2.png.png,complete
cf_external_unseen_v3_aigi_commercial_fbf9c00d50b25598,aigi_commercial,data/CompEval-00308-of-00413.parquet,0,18,00000007_2.png,PNG,Imagen3,imagen3,LAION,test,1,Commercial,test_external_unseen_v3_additions/aigi/cf_external_unseen_v3_aigi_commercial_fbf9c00d50b25598_00000007_2.png.png,complete
cf_external_unseen_v3_aigi_commercial_fc4f4dbbbb9866a9,aigi_commercial,data/CompEval-00308-of-00413.parquet,0,23,00000272_1.png,PNG,Imagen3,imagen3,LAION,test,1,Commercial,test_external_unseen_v3_additions/aigi/cf_external_unseen_v3_aigi_commercial_fc4f4dbbbb9866a9_00000272_1.png.png,complete
cf_external_unseen_v3_aigi_commercial_fdc6b3aa5cf88b75,aigi_commercial,data/CompEval-00026-of-00413.parquet,1,6,00000422_3.png,PNG,MidjourneyV5_2,midjourneyv5-2,LAION,test,1,Commercial,test_external_unseen_v3_additions/aigi/cf_external_unseen_v3_aigi_commercial_fdc6b3aa5cf88b75_00000422_3.png.png,complete
cf_external_unseen_v3_aigi_commercial_fdde4e50e01db099,aigi_commercial,data/CompEval-00026-of-00413.parquet,1,20,00000080_3.png,PNG,MidjourneyV5_2,midjourneyv5-2,LAION,test,1,Commercial,test_external_unseen_v3_additions/aigi/cf_external_unseen_v3_aigi_commercial_fdde4e50e01db099_00000080_3.png.png,complete
cf_external_unseen_v3_aigi_commercial_fe51fb504aec4f50,aigi_commercial,data/CompEval-00228-of-00413.parquet,3,4,00000639.png,PNG,Dalle3,dalle3,LAION,test,1,Commercial,test_external_unseen_v3_additions/aigi/cf_external_unseen_v3_aigi_commercial_fe51fb504aec4f50_00000639.png.png,complete
cf_external_unseen_v3_aigi_commercial_fe5896496ce4b3f8,aigi_commercial,data/CompEval-00294-of-00413.parquet,3,5,00000154.png,PNG,FLUX-dev,flux-dev,LAION,test,1,Commercial,test_external_unseen_v3_additions/aigi/cf_external_unseen_v3_aigi_commercial_fe5896496ce4b3f8_00000154.png.png,complete
cf_external_unseen_v3_aigi_commercial_fe860c99fcc20672,aigi_commercial,data/CompEval-00300-of-00413.parquet,0,12,00000793.png,PNG,FLUX-dev,flux-dev,LAION,test,1,Commercial,test_external_unseen_v3_additions/aigi/cf_external_unseen_v3_aigi_commercial_fe860c99fcc20672_00000793.png.png,complete
cf_external_unseen_v3_aigi_commercial_fef0bd195b87fa50,aigi_commercial,data/CompEval-00405-of-00413.parquet,1,15,00000066.png,PNG,IdeogramV1,ideogramv1,LAION,test,1,Commercial,test_external_unseen_v3_additions/aigi/cf_external_unseen_v3_aigi_commercial_fef0bd195b87fa50_00000066.png.png,complete
cf_external_unseen_v3_aigi_commercial_ff875313a2073f35,aigi_commercial,data/CompEval-00307-of-00413.parquet,3,3,00000009_3.png,PNG,Imagen3,imagen3,LAION,test,1,Commercial,test_external_unseen_v3_additions/aigi/cf_external_unseen_v3_aigi_commercial_ff875313a2073f35_00000009_3.png.png,complete
cf_external_unseen_v3_aigi_commercial_ff896d117848bdb5,aigi_commercial,data/CompEval-00307-of-00413.parquet,3,5,00000021_2.png,PNG,Imagen3,imagen3,LAION,test,1,Commercial,test_external_unseen_v3_additions/aigi/cf_external_unseen_v3_aigi_commercial_ff896d117848bdb5_00000021_2.png.png,complete
cf_external_unseen_v3_aigi_commercial_ffc77fb82a2ffc02,aigi_commercial,data/CompEval-00253-of-00413.parquet,1,4,00000819.png,PNG,Dalle2,dalle2,LAION,test,1,Commercial,test_external_unseen_v3_additions/aigi/cf_external_unseen_v3_aigi_commercial_ffc77fb82a2ffc02_00000819.png.png,complete
cf_external_unseen_v3_aigi_other_049ee8214e103694,aigi_other,data/CompEval-00019-of-00413.parquet,1,10,000337.png,PNG,stable_cascade,stable-cascade,RAISE,test,1,Other,test_external_unseen_v3_additions/aigi/cf_external_unseen_v3_aigi_other_049ee8214e103694_000337.png.png,complete
cf_external_unseen_v3_aigi_other_112295144896715a,aigi_other,data/CompEval-00021-of-00413.parquet,1,17,000127.png,PNG,stable_cascade,stable-cascade,RAISE,test,1,Other,test_external_unseen_v3_additions/aigi/cf_external_unseen_v3_aigi_other_112295144896715a_000127.png.png,complete
cf_external_unseen_v3_aigi_other_174e31f5c7ba7e3a,aigi_other,data/CompEval-00021-of-00413.parquet,1,0,000843.png,PNG,stable_cascade,stable-cascade,RAISE,test,1,Other,test_external_unseen_v3_additions/aigi/cf_external_unseen_v3_aigi_other_174e31f5c7ba7e3a_000843.png.png,complete
cf_external_unseen_v3_aigi_other_19d05a9212500e1f,aigi_other,data/CompEval-00023-of-00413.parquet,0,3,000462.png,PNG,stable_cascade,stable-cascade,RAISE,test,1,Other,test_external_unseen_v3_additions/aigi/cf_external_unseen_v3_aigi_other_19d05a9212500e1f_000462.png.png,complete
cf_external_unseen_v3_aigi_other_2239d9fd0c432136,aigi_other,data/CompEval-00019-of-00413.parquet,1,17,000421.png,PNG,stable_cascade,stable-cascade,RAISE,test,1,Other,test_external_unseen_v3_additions/aigi/cf_external_unseen_v3_aigi_other_2239d9fd0c432136_000421.png.png,complete
cf_external_unseen_v3_aigi_other_22d1c4bde2754bef,aigi_other,data/CompEval-00019-of-00413.parquet,1,24,000136.png,PNG,stable_cascade,stable-cascade,RAISE,test,1,Other,test_external_unseen_v3_additions/aigi/cf_external_unseen_v3_aigi_other_22d1c4bde2754bef_000136.png.png,complete
cf_external_unseen_v3_aigi_other_28dbd0a0a4eb0576,aigi_other,data/CompEval-00023-of-00413.parquet,0,20,000362.png,PNG,stable_cascade,stable-cascade,RAISE,test,1,Other,test_external_unseen_v3_additions/aigi/cf_external_unseen_v3_aigi_other_28dbd0a0a4eb0576_000362.png.png,complete
cf_external_unseen_v3_aigi_other_2930002fbc97741f,aigi_other,data/CompEval-00023-of-00413.parquet,0,9,000183.png,PNG,stable_cascade,stable-cascade,RAISE,test,1,Other,test_external_unseen_v3_additions/aigi/cf_external_unseen_v3_aigi_other_2930002fbc97741f_000183.png.png,complete
cf_external_unseen_v3_aigi_other_2c8ccce8ee1bf8ac,aigi_other,data/CompEval-00023-of-00413.parquet,0,24,000519.png,PNG,stable_cascade,stable-cascade,RAISE,test,1,Other,test_external_unseen_v3_additions/aigi/cf_external_unseen_v3_aigi_other_2c8ccce8ee1bf8ac_000519.png.png,complete
cf_external_unseen_v3_aigi_other_2dd106169eadf72a,aigi_other,data/CompEval-00019-of-00413.parquet,1,2,000799.png,PNG,stable_cascade,stable-cascade,RAISE,test,1,Other,test_external_unseen_v3_additions/aigi/cf_external_unseen_v3_aigi_other_2dd106169eadf72a_000799.png.png,complete
cf_external_unseen_v3_aigi_other_2ebc971d85a04056,aigi_other,data/CompEval-00023-of-00413.parquet,0,22,000734.png,PNG,stable_cascade,stable-cascade,RAISE,test,1,Other,test_external_unseen_v3_additions/aigi/cf_external_unseen_v3_aigi_other_2ebc971d85a04056_000734.png.png,complete
cf_external_unseen_v3_aigi_other_3111e3674b2efc65,aigi_other,data/CompEval-00023-of-00413.parquet,0,4,000557.png,PNG,stable_cascade,stable-cascade,RAISE,test,1,Other,test_external_unseen_v3_additions/aigi/cf_external_unseen_v3_aigi_other_3111e3674b2efc65_000557.png.png,complete
cf_external_unseen_v3_aigi_other_3179dd4f6441c6ed,aigi_other,data/CompEval-00019-of-00413.parquet,1,23,000572.png,PNG,stable_cascade,stable-cascade,RAISE,test,1,Other,test_external_unseen_v3_additions/aigi/cf_external_unseen_v3_aigi_other_3179dd4f6441c6ed_000572.png.png,complete
cf_external_unseen_v3_aigi_other_32bcd4387b448636,aigi_other,data/CompEval-00021-of-00413.parquet,1,19,000325.png,PNG,stable_cascade,stable-cascade,RAISE,test,1,Other,test_external_unseen_v3_additions/aigi/cf_external_unseen_v3_aigi_other_32bcd4387b448636_000325.png.png,complete
cf_external_unseen_v3_aigi_other_370503d02abfed5d,aigi_other,data/CompEval-00021-of-00413.parquet,1,5,000793.png,PNG,stable_cascade,stable-cascade,RAISE,test,1,Other,test_external_unseen_v3_additions/aigi/cf_external_unseen_v3_aigi_other_370503d02abfed5d_000793.png.png,complete
cf_external_unseen_v3_aigi_other_3a49957322b59265,aigi_other,data/CompEval-00019-of-00413.parquet,1,18,000589.png,PNG,stable_cascade,stable-cascade,RAISE,test,1,Other,test_external_unseen_v3_additions/aigi/cf_external_unseen_v3_aigi_other_3a49957322b59265_000589.png.png,complete
cf_external_unseen_v3_aigi_other_3c6b924df4bbe8e6,aigi_other,data/CompEval-00023-of-00413.parquet,0,14,000138.png,PNG,stable_cascade,stable-cascade,RAISE,test,1,Other,test_external_unseen_v3_additions/aigi/cf_external_unseen_v3_aigi_other_3c6b924df4bbe8e6_000138.png.png,complete
cf_external_unseen_v3_aigi_other_3ee815eb956eaf65,aigi_other,data/CompEval-00021-of-00413.parquet,1,16,000280.png,PNG,stable_cascade,stable-cascade,RAISE,test,1,Other,test_external_unseen_v3_additions/aigi/cf_external_unseen_v3_aigi_other_3ee815eb956eaf65_000280.png.png,complete
cf_external_unseen_v3_aigi_other_4bd819a7652f42c1,aigi_other,data/CompEval-00022-of-00413.parquet,1,6,000400.png,PNG,stable_cascade,stable-cascade,RAISE,test,1,Other,test_external_unseen_v3_additions/aigi/cf_external_unseen_v3_aigi_other_4bd819a7652f42c1_000400.png.png,complete
cf_external_unseen_v3_aigi_other_4e192abeb2fd996c,aigi_other,data/CompEval-00023-of-00413.parquet,0,13,000548.png,PNG,stable_cascade,stable-cascade,RAISE,test,1,Other,test_external_unseen_v3_additions/aigi/cf_external_unseen_v3_aigi_other_4e192abeb2fd996c_000548.png.png,complete
cf_external_unseen_v3_aigi_other_5156d1cfc48cd800,aigi_other,data/CompEval-00019-of-00413.parquet,1,13,000660.png,PNG,stable_cascade,stable-cascade,RAISE,test,1,Other,test_external_unseen_v3_additions/aigi/cf_external_unseen_v3_aigi_other_5156d1cfc48cd800_000660.png.png,complete
cf_external_unseen_v3_aigi_other_565c0ab183f0cff6,aigi_other,data/CompEval-00021-of-00413.parquet,1,1,000295.png,PNG,stable_cascade,stable-cascade,RAISE,test,1,Other,test_external_unseen_v3_additions/aigi/cf_external_unseen_v3_aigi_other_565c0ab183f0cff6_000295.png.png,complete
cf_external_unseen_v3_aigi_other_5a65d5415e9499ef,aigi_other,data/CompEval-00021-of-00413.parquet,1,13,000621.png,PNG,stable_cascade,stable-cascade,RAISE,test,1,Other,test_external_unseen_v3_additions/aigi/cf_external_unseen_v3_aigi_other_5a65d5415e9499ef_000621.png.png,complete
cf_external_unseen_v3_aigi_other_5a8456d963a472ae,aigi_other,data/CompEval-00019-of-00413.parquet,1,11,000021.png,PNG,stable_cascade,stable-cascade,RAISE,test,1,Other,test_external_unseen_v3_additions/aigi/cf_external_unseen_v3_aigi_other_5a8456d963a472ae_000021.png.png,complete
cf_external_unseen_v3_aigi_other_5acfe9b2848c47b3,aigi_other,data/CompEval-00019-of-00413.parquet,1,0,000147.png,PNG,stable_cascade,stable-cascade,RAISE,test,1,Other,test_external_unseen_v3_additions/aigi/cf_external_unseen_v3_aigi_other_5acfe9b2848c47b3_000147.png.png,complete
cf_external_unseen_v3_aigi_other_5b1cf80cd0521bd8,aigi_other,data/CompEval-00022-of-00413.parquet,1,14,000448.png,PNG,stable_cascade,stable-cascade,RAISE,test,1,Other,test_external_unseen_v3_additions/aigi/cf_external_unseen_v3_aigi_other_5b1cf80cd0521bd8_000448.png.png,complete
cf_external_unseen_v3_aigi_other_5bec733b360f427e,aigi_other,data/CompEval-00023-of-00413.parquet,0,7,000650.png,PNG,stable_cascade,stable-cascade,RAISE,test,1,Other,test_external_unseen_v3_additions/aigi/cf_external_unseen_v3_aigi_other_5bec733b360f427e_000650.png.png,complete
cf_external_unseen_v3_aigi_other_5fc15dbb9c50ff41,aigi_other,data/CompEval-00023-of-00413.parquet,0,0,000107.png,PNG,stable_cascade,stable-cascade,RAISE,test,1,Other,test_external_unseen_v3_additions/aigi/cf_external_unseen_v3_aigi_other_5fc15dbb9c50ff41_000107.png.png,complete
cf_external_unseen_v3_aigi_other_63ed213752a66d4f,aigi_other,data/CompEval-00019-of-00413.parquet,1,3,000990.png,PNG,stable_cascade,stable-cascade,RAISE,test,1,Other,test_external_unseen_v3_additions/aigi/cf_external_unseen_v3_aigi_other_63ed213752a66d4f_000990.png.png,complete
cf_external_unseen_v3_aigi_other_64d4a1602714c238,aigi_other,data/CompEval-00023-of-00413.parquet,0,19,000606.png,PNG,stable_cascade,stable-cascade,RAISE,test,1,Other,test_external_unseen_v3_additions/aigi/cf_external_unseen_v3_aigi_other_64d4a1602714c238_000606.png.png,complete
cf_external_unseen_v3_aigi_other_66c97c6ebd31d73a,aigi_other,data/CompEval-00019-of-00413.parquet,1,15,000933.png,PNG,stable_cascade,stable-cascade,RAISE,test,1,Other,test_external_unseen_v3_additions/aigi/cf_external_unseen_v3_aigi_other_66c97c6ebd31d73a_000933.png.png,complete
cf_external_unseen_v3_aigi_other_67064224d11f9817,aigi_other,data/CompEval-00023-of-00413.parquet,0,10,000805.png,PNG,stable_cascade,stable-cascade,RAISE,test,1,Other,test_external_unseen_v3_additions/aigi/cf_external_unseen_v3_aigi_other_67064224d11f9817_000805.png.png,complete
cf_external_unseen_v3_aigi_other_6842ac91d6716caf,aigi_other,data/CompEval-00021-of-00413.parquet,1,24,000425.png,PNG,stable_cascade,stable-cascade,RAISE,test,1,Other,test_external_unseen_v3_additions/aigi/cf_external_unseen_v3_aigi_other_6842ac91d6716caf_000425.png.png,complete
cf_external_unseen_v3_aigi_other_689deeb7f92c7a13,aigi_other,data/CompEval-00023-of-00413.parquet,0,23,000312.png,PNG,stable_cascade,stable-cascade,RAISE,test,1,Other,test_external_unseen_v3_additions/aigi/cf_external_unseen_v3_aigi_other_689deeb7f92c7a13_000312.png.png,complete
cf_external_unseen_v3_aigi_other_6ba4121978b8d6c6,aigi_other,data/CompEval-00023-of-00413.parquet,0,15,000418.png,PNG,stable_cascade,stable-cascade,RAISE,test,1,Other,test_external_unseen_v3_additions/aigi/cf_external_unseen_v3_aigi_other_6ba4121978b8d6c6_000418.png.png,complete
cf_external_unseen_v3_aigi_other_6e9d0582691e7669,aigi_other,data/CompEval-00019-of-00413.parquet,1,12,000353.png,PNG,stable_cascade,stable-cascade,RAISE,test,1,Other,test_external_unseen_v3_additions/aigi/cf_external_unseen_v3_aigi_other_6e9d0582691e7669_000353.png.png,complete
cf_external_unseen_v3_aigi_other_6fc792ee50c306aa,aigi_other,data/CompEval-00023-of-00413.parquet,0,12,000055.png,PNG,stable_cascade,stable-cascade,RAISE,test,1,Other,test_external_unseen_v3_additions/aigi/cf_external_unseen_v3_aigi_other_6fc792ee50c306aa_000055.png.png,complete
cf_external_unseen_v3_aigi_other_6fd59d22b3ac77d5,aigi_other,data/CompEval-00019-of-00413.parquet,1,19,000753.png,PNG,stable_cascade,stable-cascade,RAISE,test,1,Other,test_external_unseen_v3_additions/aigi/cf_external_unseen_v3_aigi_other_6fd59d22b3ac77d5_000753.png.png,complete
cf_external_unseen_v3_aigi_other_72b521d1837404f7,aigi_other,data/CompEval-00023-of-00413.parquet,0,11,000336.png,PNG,stable_cascade,stable-cascade,RAISE,test,1,Other,test_external_unseen_v3_additions/aigi/cf_external_unseen_v3_aigi_other_72b521d1837404f7_000336.png.png,complete
cf_external_unseen_v3_aigi_other_731baa7d78cf4884,aigi_other,data/CompEval-00021-of-00413.parquet,1,9,000481.png,PNG,stable_cascade,stable-cascade,RAISE,test,1,Other,test_external_unseen_v3_additions/aigi/cf_external_unseen_v3_aigi_other_731baa7d78cf4884_000481.png.png,complete
cf_external_unseen_v3_aigi_other_8010f97a357427fd,aigi_other,data/CompEval-00023-of-00413.parquet,0,8,000130.png,PNG,stable_cascade,stable-cascade,RAISE,test,1,Other,test_external_unseen_v3_additions/aigi/cf_external_unseen_v3_aigi_other_8010f97a357427fd_000130.png.png,complete
cf_external_unseen_v3_aigi_other_8506f50634b36fd1,aigi_other,data/CompEval-00019-of-00413.parquet,1,22,000306.png,PNG,stable_cascade,stable-cascade,RAISE,test,1,Other,test_external_unseen_v3_additions/aigi/cf_external_unseen_v3_aigi_other_8506f50634b36fd1_000306.png.png,complete
cf_external_unseen_v3_aigi_other_877c6fd57d57c5ca,aigi_other,data/CompEval-00019-of-00413.parquet,1,20,000054.png,PNG,stable_cascade,stable-cascade,RAISE,test,1,Other,test_external_unseen_v3_additions/aigi/cf_external_unseen_v3_aigi_other_877c6fd57d57c5ca_000054.png.png,complete
cf_external_unseen_v3_aigi_other_8985b59274dd3cc0,aigi_other,data/CompEval-00023-of-00413.parquet,0,5,000214.png,PNG,stable_cascade,stable-cascade,RAISE,test,1,Other,test_external_unseen_v3_additions/aigi/cf_external_unseen_v3_aigi_other_8985b59274dd3cc0_000214.png.png,complete
cf_external_unseen_v3_aigi_other_8b59d5003d2b7a38,aigi_other,data/CompEval-00021-of-00413.parquet,1,14,000405.png,PNG,stable_cascade,stable-cascade,RAISE,test,1,Other,test_external_unseen_v3_additions/aigi/cf_external_unseen_v3_aigi_other_8b59d5003d2b7a38_000405.png.png,complete
cf_external_unseen_v3_aigi_other_8eacaa06dd84c444,aigi_other,data/CompEval-00023-of-00413.parquet,0,16,000030.png,PNG,stable_cascade,stable-cascade,RAISE,test,1,Other,test_external_unseen_v3_additions/aigi/cf_external_unseen_v3_aigi_other_8eacaa06dd84c444_000030.png.png,complete
cf_external_unseen_v3_aigi_other_8fb2d4f8187ae55b,aigi_other,data/CompEval-00021-of-00413.parquet,1,8,000529.png,PNG,stable_cascade,stable-cascade,RAISE,test,1,Other,test_external_unseen_v3_additions/aigi/cf_external_unseen_v3_aigi_other_8fb2d4f8187ae55b_000529.png.png,complete
cf_external_unseen_v3_aigi_other_91bcb99a2f950da9,aigi_other,data/CompEval-00019-of-00413.parquet,1,14,000446.png,PNG,stable_cascade,stable-cascade,RAISE,test,1,Other,test_external_unseen_v3_additions/aigi/cf_external_unseen_v3_aigi_other_91bcb99a2f950da9_000446.png.png,complete
cf_external_unseen_v3_aigi_other_93dc5755625f928f,aigi_other,data/CompEval-00021-of-00413.parquet,1,3,000795.png,PNG,stable_cascade,stable-cascade,RAISE,test,1,Other,test_external_unseen_v3_additions/aigi/cf_external_unseen_v3_aigi_other_93dc5755625f928f_000795.png.png,complete
cf_external_unseen_v3_aigi_other_9820394eb97ec1fc,aigi_other,data/CompEval-00023-of-00413.parquet,0,17,000694.png,PNG,stable_cascade,stable-cascade,RAISE,test,1,Other,test_external_unseen_v3_additions/aigi/cf_external_unseen_v3_aigi_other_9820394eb97ec1fc_000694.png.png,complete
cf_external_unseen_v3_aigi_other_9836e1efced2c46b,aigi_other,data/CompEval-00021-of-00413.parquet,1,12,000111.png,PNG,stable_cascade,stable-cascade,RAISE,test,1,Other,test_external_unseen_v3_additions/aigi/cf_external_unseen_v3_aigi_other_9836e1efced2c46b_000111.png.png,complete
cf_external_unseen_v3_aigi_other_99e18d952dec2f46,aigi_other,data/CompEval-00023-of-00413.parquet,0,1,000102.png,PNG,stable_cascade,stable-cascade,RAISE,test,1,Other,test_external_unseen_v3_additions/aigi/cf_external_unseen_v3_aigi_other_99e18d952dec2f46_000102.png.png,complete
cf_external_unseen_v3_aigi_other_9a1e9f0359a626d2,aigi_other,data/CompEval-00022-of-00413.parquet,1,7,000109.png,PNG,stable_cascade,stable-cascade,RAISE,test,1,Other,test_external_unseen_v3_additions/aigi/cf_external_unseen_v3_aigi_other_9a1e9f0359a626d2_000109.png.png,complete
cf_external_unseen_v3_aigi_other_9c32aa49cb364a23,aigi_other,data/CompEval-00021-of-00413.parquet,1,2,000176.png,PNG,stable_cascade,stable-cascade,RAISE,test,1,Other,test_external_unseen_v3_additions/aigi/cf_external_unseen_v3_aigi_other_9c32aa49cb364a23_000176.png.png,complete
cf_external_unseen_v3_aigi_other_a15fc6a1ebbdbd20,aigi_other,data/CompEval-00021-of-00413.parquet,1,20,000084.png,PNG,stable_cascade,stable-cascade,RAISE,test,1,Other,test_external_unseen_v3_additions/aigi/cf_external_unseen_v3_aigi_other_a15fc6a1ebbdbd20_000084.png.png,complete
cf_external_unseen_v3_aigi_other_ab4e9666225203e9,aigi_other,data/CompEval-00021-of-00413.parquet,1,11,000091.png,PNG,stable_cascade,stable-cascade,RAISE,test,1,Other,test_external_unseen_v3_additions/aigi/cf_external_unseen_v3_aigi_other_ab4e9666225203e9_000091.png.png,complete
cf_external_unseen_v3_aigi_other_af52522149c8560b,aigi_other,data/CompEval-00021-of-00413.parquet,1,21,000868.png,PNG,stable_cascade,stable-cascade,RAISE,test,1,Other,test_external_unseen_v3_additions/aigi/cf_external_unseen_v3_aigi_other_af52522149c8560b_000868.png.png,complete
cf_external_unseen_v3_aigi_other_af859ee45c181e0c,aigi_other,data/CompEval-00021-of-00413.parquet,1,23,000166.png,PNG,stable_cascade,stable-cascade,RAISE,test,1,Other,test_external_unseen_v3_additions/aigi/cf_external_unseen_v3_aigi_other_af859ee45c181e0c_000166.png.png,complete
cf_external_unseen_v3_aigi_other_afd001ad51b6d14a,aigi_other,data/CompEval-00019-of-00413.parquet,1,4,000768.png,PNG,stable_cascade,stable-cascade,RAISE,test,1,Other,test_external_unseen_v3_additions/aigi/cf_external_unseen_v3_aigi_other_afd001ad51b6d14a_000768.png.png,complete
cf_external_unseen_v3_aigi_other_b0ce656f05cef6c6,aigi_other,data/CompEval-00019-of-00413.parquet,1,8,000007.png,PNG,stable_cascade,stable-cascade,RAISE,test,1,Other,test_external_unseen_v3_additions/aigi/cf_external_unseen_v3_aigi_other_b0ce656f05cef6c6_000007.png.png,complete
cf_external_unseen_v3_aigi_other_b2017481e8fa3c9c,aigi_other,data/CompEval-00023-of-00413.parquet,0,2,000662.png,PNG,stable_cascade,stable-cascade,RAISE,test,1,Other,test_external_unseen_v3_additions/aigi/cf_external_unseen_v3_aigi_other_b2017481e8fa3c9c_000662.png.png,complete
cf_external_unseen_v3_aigi_other_b245e69fed87f9d4,aigi_other,data/CompEval-00019-of-00413.parquet,1,9,000242.png,PNG,stable_cascade,stable-cascade,RAISE,test,1,Other,test_external_unseen_v3_additions/aigi/cf_external_unseen_v3_aigi_other_b245e69fed87f9d4_000242.png.png,complete
cf_external_unseen_v3_aigi_other_b6269e51b5ca651e,aigi_other,data/CompEval-00021-of-00413.parquet,1,22,000762.png,PNG,stable_cascade,stable-cascade,RAISE,test,1,Other,test_external_unseen_v3_additions/aigi/cf_external_unseen_v3_aigi_other_b6269e51b5ca651e_000762.png.png,complete
cf_external_unseen_v3_aigi_other_b65668477362b59f,aigi_other,data/CompEval-00022-of-00413.parquet,1,13,000248.png,PNG,stable_cascade,stable-cascade,RAISE,test,1,Other,test_external_unseen_v3_additions/aigi/cf_external_unseen_v3_aigi_other_b65668477362b59f_000248.png.png,complete
cf_external_unseen_v3_aigi_other_b90bc570539d373d,aigi_other,data/CompEval-00019-of-00413.parquet,1,6,000006.png,PNG,stable_cascade,stable-cascade,RAISE,test,1,Other,test_external_unseen_v3_additions/aigi/cf_external_unseen_v3_aigi_other_b90bc570539d373d_000006.png.png,complete
cf_external_unseen_v3_aigi_other_b9ae76787ed69d83,aigi_other,data/CompEval-00019-of-00413.parquet,1,21,000536.png,PNG,stable_cascade,stable-cascade,RAISE,test,1,Other,test_external_unseen_v3_additions/aigi/cf_external_unseen_v3_aigi_other_b9ae76787ed69d83_000536.png.png,complete
cf_external_unseen_v3_aigi_other_ba71f2434ba15eff,aigi_other,data/CompEval-00019-of-00413.parquet,1,7,000956.png,PNG,stable_cascade,stable-cascade,RAISE,test,1,Other,test_external_unseen_v3_additions/aigi/cf_external_unseen_v3_aigi_other_ba71f2434ba15eff_000956.png.png,complete
cf_external_unseen_v3_aigi_other_c0619632daf16285,aigi_other,data/CompEval-00019-of-00413.parquet,1,16,000283.png,PNG,stable_cascade,stable-cascade,RAISE,test,1,Other,test_external_unseen_v3_additions/aigi/cf_external_unseen_v3_aigi_other_c0619632daf16285_000283.png.png,complete
cf_external_unseen_v3_aigi_other_c6d696d54514b15f,aigi_other,data/CompEval-00023-of-00413.parquet,0,6,000297.png,PNG,stable_cascade,stable-cascade,RAISE,test,1,Other,test_external_unseen_v3_additions/aigi/cf_external_unseen_v3_aigi_other_c6d696d54514b15f_000297.png.png,complete
cf_external_unseen_v3_aigi_other_d1458ba24d02cc36,aigi_other,data/CompEval-00021-of-00413.parquet,1,4,000787.png,PNG,stable_cascade,stable-cascade,RAISE,test,1,Other,test_external_unseen_v3_additions/aigi/cf_external_unseen_v3_aigi_other_d1458ba24d02cc36_000787.png.png,complete
cf_external_unseen_v3_aigi_other_dcb2363dc63cc0ad,aigi_other,data/CompEval-00023-of-00413.parquet,0,18,000516.png,PNG,stable_cascade,stable-cascade,RAISE,test,1,Other,test_external_unseen_v3_additions/aigi/cf_external_unseen_v3_aigi_other_dcb2363dc63cc0ad_000516.png.png,complete
cf_external_unseen_v3_aigi_other_ddd7c13b9f269e33,aigi_other,data/CompEval-00023-of-00413.parquet,0,21,000422.png,PNG,stable_cascade,stable-cascade,RAISE,test,1,Other,test_external_unseen_v3_additions/aigi/cf_external_unseen_v3_aigi_other_ddd7c13b9f269e33_000422.png.png,complete
cf_external_unseen_v3_aigi_other_de4ef1a6b645845d,aigi_other,data/CompEval-00021-of-00413.parquet,1,10,000749.png,PNG,stable_cascade,stable-cascade,RAISE,test,1,Other,test_external_unseen_v3_additions/aigi/cf_external_unseen_v3_aigi_other_de4ef1a6b645845d_000749.png.png,complete
cf_external_unseen_v3_aigi_other_df969baf37748822,aigi_other,data/CompEval-00019-of-00413.parquet,1,5,000903.png,PNG,stable_cascade,stable-cascade,RAISE,test,1,Other,test_external_unseen_v3_additions/aigi/cf_external_unseen_v3_aigi_other_df969baf37748822_000903.png.png,complete
cf_external_unseen_v3_aigi_other_e025a5c34b11c78f,aigi_other,data/CompEval-00021-of-00413.parquet,1,6,000442.png,PNG,stable_cascade,stable-cascade,RAISE,test,1,Other,test_external_unseen_v3_additions/aigi/cf_external_unseen_v3_aigi_other_e025a5c34b11c78f_000442.png.png,complete
cf_external_unseen_v3_aigi_other_e20b80a78e71752a,aigi_other,data/CompEval-00021-of-00413.parquet,1,18,000847.png,PNG,stable_cascade,stable-cascade,RAISE,test,1,Other,test_external_unseen_v3_additions/aigi/cf_external_unseen_v3_aigi_other_e20b80a78e71752a_000847.png.png,complete
cf_external_unseen_v3_aigi_other_ea13e591a9947edc,aigi_other,data/CompEval-00022-of-00413.parquet,1,22,000279.png,PNG,stable_cascade,stable-cascade,RAISE,test,1,Other,test_external_unseen_v3_additions/aigi/cf_external_unseen_v3_aigi_other_ea13e591a9947edc_000279.png.png,complete
cf_external_unseen_v3_aigi_other_ee23c6e2b9886da0,aigi_other,data/CompEval-00021-of-00413.parquet,1,7,000073.png,PNG,stable_cascade,stable-cascade,RAISE,test,1,Other,test_external_unseen_v3_additions/aigi/cf_external_unseen_v3_aigi_other_ee23c6e2b9886da0_000073.png.png,complete
cf_external_unseen_v3_aigi_other_f1c881ec11db231b,aigi_other,data/CompEval-00022-of-00413.parquet,1,21,000643.png,PNG,stable_cascade,stable-cascade,RAISE,test,1,Other,test_external_unseen_v3_additions/aigi/cf_external_unseen_v3_aigi_other_f1c881ec11db231b_000643.png.png,complete
cf_external_unseen_v3_aigi_other_f22b050470b65944,aigi_other,data/CompEval-00022-of-00413.parquet,1,17,000291.png,PNG,stable_cascade,stable-cascade,RAISE,test,1,Other,test_external_unseen_v3_additions/aigi/cf_external_unseen_v3_aigi_other_f22b050470b65944_000291.png.png,complete
cf_external_unseen_v3_aigi_other_f76e6b77959d93e0,aigi_other,data/CompEval-00019-of-00413.parquet,1,1,000647.png,PNG,stable_cascade,stable-cascade,RAISE,test,1,Other,test_external_unseen_v3_additions/aigi/cf_external_unseen_v3_aigi_other_f76e6b77959d93e0_000647.png.png,complete
cf_external_unseen_v3_aigi_other_f7d77398c296bb59,aigi_other,data/CompEval-00022-of-00413.parquet,1,3,000722.png,PNG,stable_cascade,stable-cascade,RAISE,test,1,Other,test_external_unseen_v3_additions/aigi/cf_external_unseen_v3_aigi_other_f7d77398c296bb59_000722.png.png,complete
cf_external_unseen_v3_aigi_other_fa5aa7d5e9262f94,aigi_other,data/CompEval-00021-of-00413.parquet,1,15,000368.png,PNG,stable_cascade,stable-cascade,RAISE,test,1,Other,test_external_unseen_v3_additions/aigi/cf_external_unseen_v3_aigi_other_fa5aa7d5e9262f94_000368.png.png,complete
cf_external_unseen_v3_real_coco_00f9cae06c049577,real_coco,data/CompEval-00350-of-00413.parquet,3,6,000000295029.jpg,JPEG,DFGAN,,COCO,test,0,GAN,test_external_unseen_v3_additions/real/cf_external_unseen_v3_real_coco_00f9cae06c049577_000000295029.jpg.jpg,complete
cf_external_unseen_v3_real_coco_04f124bc28f236e8,real_coco,data/CompEval-00354-of-00413.parquet,0,4,000000338505.jpg,JPEG,DFGAN,,COCO,test,0,GAN,test_external_unseen_v3_additions/real/cf_external_unseen_v3_real_coco_04f124bc28f236e8_000000338505.jpg.jpg,complete
cf_external_unseen_v3_real_coco_05012a3aea4f78b8,real_coco,data/CompEval-00350-of-00413.parquet,2,8,000000060061.jpg,JPEG,DFGAN,,COCO,test,0,GAN,test_external_unseen_v3_additions/real/cf_external_unseen_v3_real_coco_05012a3aea4f78b8_000000060061.jpg.jpg,complete
cf_external_unseen_v3_real_coco_05811c04331e2dff,real_coco,data/CompEval-00354-of-00413.parquet,3,5,000000376338.jpg,JPEG,DFGAN,,COCO,test,0,GAN,test_external_unseen_v3_additions/real/cf_external_unseen_v3_real_coco_05811c04331e2dff_000000376338.jpg.jpg,complete
cf_external_unseen_v3_real_coco_06f5d83f7bae3f67,real_coco,data/CompEval-00356-of-00413.parquet,2,16,000000518354.jpg,JPEG,DFGAN,,COCO,test,0,GAN,test_external_unseen_v3_additions/real/cf_external_unseen_v3_real_coco_06f5d83f7bae3f67_000000518354.jpg.jpg,complete
cf_external_unseen_v3_real_coco_075f6869b4f2d62b,real_coco,data/CompEval-00351-of-00413.parquet,2,0,000000459047.jpg,JPEG,DFGAN,,COCO,test,0,GAN,test_external_unseen_v3_additions/real/cf_external_unseen_v3_real_coco_075f6869b4f2d62b_000000459047.jpg.jpg,complete
cf_external_unseen_v3_real_coco_076367a70f0cbf9f,real_coco,data/CompEval-00350-of-00413.parquet,2,9,000000067452.jpg,JPEG,DFGAN,,COCO,test,0,GAN,test_external_unseen_v3_additions/real/cf_external_unseen_v3_real_coco_076367a70f0cbf9f_000000067452.jpg.jpg,complete
cf_external_unseen_v3_real_coco_09f2a0be8e1abdb3,real_coco,data/CompEval-00353-of-00413.parquet,0,16,000000029093.jpg,JPEG,DFGAN,,COCO,test,0,GAN,test_external_unseen_v3_additions/real/cf_external_unseen_v3_real_coco_09f2a0be8e1abdb3_000000029093.jpg.jpg,complete
cf_external_unseen_v3_real_coco_0b02c01eaae7fb49,real_coco,data/CompEval-00353-of-00413.parquet,3,19,000000017007.jpg,JPEG,DFGAN,,COCO,test,0,GAN,test_external_unseen_v3_additions/real/cf_external_unseen_v3_real_coco_0b02c01eaae7fb49_000000017007.jpg.jpg,complete
cf_external_unseen_v3_real_coco_0ce345c533c08aef,real_coco,data/CompEval-00350-of-00413.parquet,2,23,000000172008.jpg,JPEG,DFGAN,,COCO,test,0,GAN,test_external_unseen_v3_additions/real/cf_external_unseen_v3_real_coco_0ce345c533c08aef_000000172008.jpg.jpg,complete
cf_external_unseen_v3_real_coco_0d2b7f71cf6d3996,real_coco,data/CompEval-00350-of-00413.parquet,2,7,000000106231.jpg,JPEG,DFGAN,,COCO,test,0,GAN,test_external_unseen_v3_additions/real/cf_external_unseen_v3_real_coco_0d2b7f71cf6d3996_000000106231.jpg.jpg,complete
cf_external_unseen_v3_real_coco_0f4308e324928a8e,real_coco,data/CompEval-00351-of-00413.parquet,0,18,000000421230.jpg,JPEG,DFGAN,,COCO,test,0,GAN,test_external_unseen_v3_additions/real/cf_external_unseen_v3_real_coco_0f4308e324928a8e_000000421230.jpg.jpg,complete
cf_external_unseen_v3_real_coco_10e53b0b95652ed9,real_coco,data/CompEval-00355-of-00413.parquet,4,6,000000004983.jpg,JPEG,DFGAN,,COCO,test,0,GAN,test_external_unseen_v3_additions/real/cf_external_unseen_v3_real_coco_10e53b0b95652ed9_000000004983.jpg.jpg,complete
cf_external_unseen_v3_real_coco_129bc37b22864d86,real_coco,data/CompEval-00354-of-00413.parquet,4,0,000000054382.jpg,JPEG,DFGAN,,COCO,test,0,GAN,test_external_unseen_v3_additions/real/cf_external_unseen_v3_real_coco_129bc37b22864d86_000000054382.jpg.jpg,complete
cf_external_unseen_v3_real_coco_173c1f7a8e6f44ac,real_coco,data/CompEval-00354-of-00413.parquet,3,2,000000546733.jpg,JPEG,DFGAN,,COCO,test,0,GAN,test_external_unseen_v3_additions/real/cf_external_unseen_v3_real_coco_173c1f7a8e6f44ac_000000546733.jpg.jpg,complete
cf_external_unseen_v3_real_coco_1986b8b2c0ed63fe,real_coco,data/CompEval-00356-of-00413.parquet,4,18,000000072619.jpg,JPEG,DFGAN,,COCO,test,0,GAN,test_external_unseen_v3_additions/real/cf_external_unseen_v3_real_coco_1986b8b2c0ed63fe_000000072619.jpg.jpg,complete
cf_external_unseen_v3_real_coco_1a4302774c1fa8ba,real_coco,data/CompEval-00353-of-00413.parquet,4,13,000000379851.jpg,JPEG,DFGAN,,COCO,test,0,GAN,test_external_unseen_v3_additions/real/cf_external_unseen_v3_real_coco_1a4302774c1fa8ba_000000379851.jpg.jpg,complete
cf_external_unseen_v3_real_coco_1b990236b4cb499d,real_coco,data/CompEval-00354-of-00413.parquet,3,8,000000231081.jpg,JPEG,DFGAN,,COCO,test,0,GAN,test_external_unseen_v3_additions/real/cf_external_unseen_v3_real_coco_1b990236b4cb499d_000000231081.jpg.jpg,complete
cf_external_unseen_v3_real_coco_1c2b5a1ba0103c3f,real_coco,data/CompEval-00350-of-00413.parquet,3,0,000000142986.jpg,JPEG,DFGAN,,COCO,test,0,GAN,test_external_unseen_v3_additions/real/cf_external_unseen_v3_real_coco_1c2b5a1ba0103c3f_000000142986.jpg.jpg,complete
cf_external_unseen_v3_real_coco_1d3d6827e8041b5e,real_coco,data/CompEval-00352-of-00413.parquet,2,14,000000202844.jpg,JPEG,DFGAN,,COCO,test,0,GAN,test_external_unseen_v3_additions/real/cf_external_unseen_v3_real_coco_1d3d6827e8041b5e_000000202844.jpg.jpg,complete
cf_external_unseen_v3_real_coco_1d86518230a3d9b6,real_coco,data/CompEval-00356-of-00413.parquet,4,15,000000580804.jpg,JPEG,DFGAN,,COCO,test,0,GAN,test_external_unseen_v3_additions/real/cf_external_unseen_v3_real_coco_1d86518230a3d9b6_000000580804.jpg.jpg,complete
cf_external_unseen_v3_real_coco_1e94793571a3a097,real_coco,data/CompEval-00355-of-00413.parquet,4,20,000000020776.jpg,JPEG,DFGAN,,COCO,test,0,GAN,test_external_unseen_v3_additions/real/cf_external_unseen_v3_real_coco_1e94793571a3a097_000000020776.jpg.jpg,complete
cf_external_unseen_v3_real_coco_1f9cef18abfc5a83,real_coco,data/CompEval-00352-of-00413.parquet,2,4,000000160353.jpg,JPEG,DFGAN,,COCO,test,0,GAN,test_external_unseen_v3_additions/real/cf_external_unseen_v3_real_coco_1f9cef18abfc5a83_000000160353.jpg.jpg,complete
cf_external_unseen_v3_real_coco_1fd9ea09b4fad147,real_coco,data/CompEval-00354-of-00413.parquet,3,12,000000290900.jpg,JPEG,DFGAN,,COCO,test,0,GAN,test_external_unseen_v3_additions/real/cf_external_unseen_v3_real_coco_1fd9ea09b4fad147_000000290900.jpg.jpg,complete
cf_external_unseen_v3_real_coco_20b36119b247c168,real_coco,data/CompEval-00351-of-00413.parquet,2,2,000000427460.jpg,JPEG,DFGAN,,COCO,test,0,GAN,test_external_unseen_v3_additions/real/cf_external_unseen_v3_real_coco_20b36119b247c168_000000427460.jpg.jpg,complete
cf_external_unseen_v3_real_coco_251862a9a7be0658,real_coco,data/CompEval-00355-of-00413.parquet,2,6,000000536174.jpg,JPEG,DFGAN,,COCO,test,0,GAN,test_external_unseen_v3_additions/real/cf_external_unseen_v3_real_coco_251862a9a7be0658_000000536174.jpg.jpg,complete
cf_external_unseen_v3_real_coco_260e64518f6693b4,real_coco,data/CompEval-00353-of-00413.parquet,4,11,000000011215.jpg,JPEG,DFGAN,,COCO,test,0,GAN,test_external_unseen_v3_additions/real/cf_external_unseen_v3_real_coco_260e64518f6693b4_000000011215.jpg.jpg,complete
cf_external_unseen_v3_real_coco_2876c8ff06905c62,real_coco,data/CompEval-00353-of-00413.parquet,0,19,000000531497.jpg,JPEG,DFGAN,,COCO,test,0,GAN,test_external_unseen_v3_additions/real/cf_external_unseen_v3_real_coco_2876c8ff06905c62_000000531497.jpg.jpg,complete
cf_external_unseen_v3_real_coco_2b77941c38960b08,real_coco,data/CompEval-00355-of-00413.parquet,0,17,000000422993.jpg,JPEG,DFGAN,,COCO,test,0,GAN,test_external_unseen_v3_additions/real/cf_external_unseen_v3_real_coco_2b77941c38960b08_000000422993.jpg.jpg,complete
cf_external_unseen_v3_real_coco_2b9c513adee21fc9,real_coco,data/CompEval-00354-of-00413.parquet,4,21,000000542583.jpg,JPEG,DFGAN,,COCO,test,0,GAN,test_external_unseen_v3_additions/real/cf_external_unseen_v3_real_coco_2b9c513adee21fc9_000000542583.jpg.jpg,complete
cf_external_unseen_v3_real_coco_2bc3295a619fbddc,real_coco,data/CompEval-00351-of-00413.parquet,2,8,000000341291.jpg,JPEG,DFGAN,,COCO,test,0,GAN,test_external_unseen_v3_additions/real/cf_external_unseen_v3_real_coco_2bc3295a619fbddc_000000341291.jpg.jpg,complete
cf_external_unseen_v3_real_coco_2c0f49660ce502ac,real_coco,data/CompEval-00355-of-00413.parquet,2,23,000000175869.jpg,JPEG,DFGAN,,COCO,test,0,GAN,test_external_unseen_v3_additions/real/cf_external_unseen_v3_real_coco_2c0f49660ce502ac_000000175869.jpg.jpg,complete
cf_external_unseen_v3_real_coco_2c333f11c59bd653,real_coco,data/CompEval-00355-of-00413.parquet,0,13,000000192314.jpg,JPEG,DFGAN,,COCO,test,0,GAN,test_external_unseen_v3_additions/real/cf_external_unseen_v3_real_coco_2c333f11c59bd653_000000192314.jpg.jpg,complete
cf_external_unseen_v3_real_coco_2c74250334f3f90e,real_coco,data/CompEval-00353-of-00413.parquet,3,8,000000143923.jpg,JPEG,DFGAN,,COCO,test,0,GAN,test_external_unseen_v3_additions/real/cf_external_unseen_v3_real_coco_2c74250334f3f90e_000000143923.jpg.jpg,complete
cf_external_unseen_v3_real_coco_2e8047b1e321a470,real_coco,data/CompEval-00354-of-00413.parquet,4,3,000000033237.jpg,JPEG,DFGAN,,COCO,test,0,GAN,test_external_unseen_v3_additions/real/cf_external_unseen_v3_real_coco_2e8047b1e321a470_000000033237.jpg.jpg,complete
cf_external_unseen_v3_real_coco_304b3f6ed0fc6d97,real_coco,data/CompEval-00353-of-00413.parquet,0,0,000000571555.jpg,JPEG,DFGAN,,COCO,test,0,GAN,test_external_unseen_v3_additions/real/cf_external_unseen_v3_real_coco_304b3f6ed0fc6d97_000000571555.jpg.jpg,complete
cf_external_unseen_v3_real_coco_31089302718328bd,real_coco,data/CompEval-00355-of-00413.parquet,0,12,000000227507.jpg,JPEG,DFGAN,,COCO,test,0,GAN,test_external_unseen_v3_additions/real/cf_external_unseen_v3_real_coco_31089302718328bd_000000227507.jpg.jpg,complete
cf_external_unseen_v3_real_coco_3172295eec578c3c,real_coco,data/CompEval-00356-of-00413.parquet,2,24,000000446669.jpg,JPEG,DFGAN,,COCO,test,0,GAN,test_external_unseen_v3_additions/real/cf_external_unseen_v3_real_coco_3172295eec578c3c_000000446669.jpg.jpg,complete
cf_external_unseen_v3_real_coco_31e6782daaa250f0,real_coco,data/CompEval-00353-of-00413.parquet,4,14,000000382647.jpg,JPEG,DFGAN,,COCO,test,0,GAN,test_external_unseen_v3_additions/real/cf_external_unseen_v3_real_coco_31e6782daaa250f0_000000382647.jpg.jpg,complete
cf_external_unseen_v3_real_coco_33960681b2ae76ea,real_coco,data/CompEval-00352-of-00413.parquet,2,12,000000129734.jpg,JPEG,DFGAN,,COCO,test,0,GAN,test_external_unseen_v3_additions/real/cf_external_unseen_v3_real_coco_33960681b2ae76ea_000000129734.jpg.jpg,complete
cf_external_unseen_v3_real_coco_34b9bc7da61cfe7f,real_coco,data/CompEval-00351-of-00413.parquet,0,22,000000233103.jpg,JPEG,DFGAN,,COCO,test,0,GAN,test_external_unseen_v3_additions/real/cf_external_unseen_v3_real_coco_34b9bc7da61cfe7f_000000233103.jpg.jpg,complete
cf_external_unseen_v3_real_coco_3610f1c6c639cc86,real_coco,data/CompEval-00355-of-00413.parquet,2,7,000000243387.jpg,JPEG,DFGAN,,COCO,test,0,GAN,test_external_unseen_v3_additions/real/cf_external_unseen_v3_real_coco_3610f1c6c639cc86_000000243387.jpg.jpg,complete
cf_external_unseen_v3_real_coco_36519160cdc4db81,real_coco,data/CompEval-00354-of-00413.parquet,4,16,000000198094.jpg,JPEG,DFGAN,,COCO,test,0,GAN,test_external_unseen_v3_additions/real/cf_external_unseen_v3_real_coco_36519160cdc4db81_000000198094.jpg.jpg,complete
cf_external_unseen_v3_real_coco_36bc13c6dbeded57,real_coco,data/CompEval-00355-of-00413.parquet,4,21,000000390498.jpg,JPEG,DFGAN,,COCO,test,0,GAN,test_external_unseen_v3_additions/real/cf_external_unseen_v3_real_coco_36bc13c6dbeded57_000000390498.jpg.jpg,complete
cf_external_unseen_v3_real_coco_39c8e4cc76af03b3,real_coco,data/CompEval-00357-of-00413.parquet,0,7,000000083859.jpg,JPEG,DFGAN,,COCO,test,0,GAN,test_external_unseen_v3_additions/real/cf_external_unseen_v3_real_coco_39c8e4cc76af03b3_000000083859.jpg.jpg,complete
cf_external_unseen_v3_real_coco_3b7c0f2bb4f086e1,real_coco,data/CompEval-00356-of-00413.parquet,4,2,000000273813.jpg,JPEG,DFGAN,,COCO,test,0,GAN,test_external_unseen_v3_additions/real/cf_external_unseen_v3_real_coco_3b7c0f2bb4f086e1_000000273813.jpg.jpg,complete
cf_external_unseen_v3_real_coco_3bab5b822033a855,real_coco,data/CompEval-00353-of-00413.parquet,4,1,000000012142.jpg,JPEG,DFGAN,,COCO,test,0,GAN,test_external_unseen_v3_additions/real/cf_external_unseen_v3_real_coco_3bab5b822033a855_000000012142.jpg.jpg,complete
cf_external_unseen_v3_real_coco_3bc61236fddcda16,real_coco,data/CompEval-00355-of-00413.parquet,4,16,000000247731.jpg,JPEG,DFGAN,,COCO,test,0,GAN,test_external_unseen_v3_additions/real/cf_external_unseen_v3_real_coco_3bc61236fddcda16_000000247731.jpg.jpg,complete
cf_external_unseen_v3_real_coco_3bc9bcfa4dcfd6db,real_coco,data/CompEval-00355-of-00413.parquet,4,17,000000508758.jpg,JPEG,DFGAN,,COCO,test,0,GAN,test_external_unseen_v3_additions/real/cf_external_unseen_v3_real_coco_3bc9bcfa4dcfd6db_000000508758.jpg.jpg,complete
cf_external_unseen_v3_real_coco_3e66288969c2d757,real_coco,data/CompEval-00356-of-00413.parquet,2,0,000000126186.jpg,JPEG,DFGAN,,COCO,test,0,GAN,test_external_unseen_v3_additions/real/cf_external_unseen_v3_real_coco_3e66288969c2d757_000000126186.jpg.jpg,complete
cf_external_unseen_v3_real_coco_3eb76836ebf07715,real_coco,data/CompEval-00356-of-00413.parquet,2,11,000000570948.jpg,JPEG,DFGAN,,COCO,test,0,GAN,test_external_unseen_v3_additions/real/cf_external_unseen_v3_real_coco_3eb76836ebf07715_000000570948.jpg.jpg,complete
cf_external_unseen_v3_real_coco_3f394e5a7d024e88,real_coco,data/CompEval-00354-of-00413.parquet,3,22,000000472428.jpg,JPEG,DFGAN,,COCO,test,0,GAN,test_external_unseen_v3_additions/real/cf_external_unseen_v3_real_coco_3f394e5a7d024e88_000000472428.jpg.jpg,complete
cf_external_unseen_v3_real_coco_447d732bf713e0e9,real_coco,data/CompEval-00353-of-00413.parquet,0,23,000000090286.jpg,JPEG,DFGAN,,COCO,test,0,GAN,test_external_unseen_v3_additions/real/cf_external_unseen_v3_real_coco_447d732bf713e0e9_000000090286.jpg.jpg,complete
cf_external_unseen_v3_real_coco_4520cda3678b54e8,real_coco,data/CompEval-00352-of-00413.parquet,2,9,000000256443.jpg,JPEG,DFGAN,,COCO,test,0,GAN,test_external_unseen_v3_additions/real/cf_external_unseen_v3_real_coco_4520cda3678b54e8_000000256443.jpg.jpg,complete
cf_external_unseen_v3_real_coco_474b329700915fa2,real_coco,data/CompEval-00355-of-00413.parquet,0,10,000000444721.jpg,JPEG,DFGAN,,COCO,test,0,GAN,test_external_unseen_v3_additions/real/cf_external_unseen_v3_real_coco_474b329700915fa2_000000444721.jpg.jpg,complete
cf_external_unseen_v3_real_coco_47a1cf4cb985187a,real_coco,data/CompEval-00351-of-00413.parquet,0,3,000000161849.jpg,JPEG,DFGAN,,COCO,test,0,GAN,test_external_unseen_v3_additions/real/cf_external_unseen_v3_real_coco_47a1cf4cb985187a_000000161849.jpg.jpg,complete
cf_external_unseen_v3_real_coco_49ccaccd5273eb98,real_coco,data/CompEval-00357-of-00413.parquet,0,14,000000263365.jpg,JPEG,DFGAN,,COCO,test,0,GAN,test_external_unseen_v3_additions/real/cf_external_unseen_v3_real_coco_49ccaccd5273eb98_000000263365.jpg.jpg,complete
cf_external_unseen_v3_real_coco_49dd4648cc41d942,real_coco,data/CompEval-00356-of-00413.parquet,2,2,000000088894.jpg,JPEG,DFGAN,,COCO,test,0,GAN,test_external_unseen_v3_additions/real/cf_external_unseen_v3_real_coco_49dd4648cc41d942_000000088894.jpg.jpg,complete
cf_external_unseen_v3_real_coco_4a562b3d6c9f8cb2,real_coco,data/CompEval-00353-of-00413.parquet,0,14,000000061408.jpg,JPEG,DFGAN,,COCO,test,0,GAN,test_external_unseen_v3_additions/real/cf_external_unseen_v3_real_coco_4a562b3d6c9f8cb2_000000061408.jpg.jpg,complete
cf_external_unseen_v3_real_coco_4c22672b2070bd1f,real_coco,data/CompEval-00357-of-00413.parquet,0,15,000000214476.jpg,JPEG,DFGAN,,COCO,test,0,GAN,test_external_unseen_v3_additions/real/cf_external_unseen_v3_real_coco_4c22672b2070bd1f_000000214476.jpg.jpg,complete
cf_external_unseen_v3_real_coco_4c322eae20b1bd0d,real_coco,data/CompEval-00355-of-00413.parquet,0,6,000000228453.jpg,JPEG,DFGAN,,COCO,test,0,GAN,test_external_unseen_v3_additions/real/cf_external_unseen_v3_real_coco_4c322eae20b1bd0d_000000228453.jpg.jpg,complete
cf_external_unseen_v3_real_coco_4ec1aa8fb10518c3,real_coco,data/CompEval-00350-of-00413.parquet,3,17,000000353910.jpg,JPEG,DFGAN,,COCO,test,0,GAN,test_external_unseen_v3_additions/real/cf_external_unseen_v3_real_coco_4ec1aa8fb10518c3_000000353910.jpg.jpg,complete
cf_external_unseen_v3_real_coco_4f792d1ccb727f7e,real_coco,data/CompEval-00353-of-00413.parquet,4,10,000000486085.jpg,JPEG,DFGAN,,COCO,test,0,GAN,test_external_unseen_v3_additions/real/cf_external_unseen_v3_real_coco_4f792d1ccb727f7e_000000486085.jpg.jpg,complete
cf_external_unseen_v3_real_coco_4fad83c16c66ca37,real_coco,data/CompEval-00351-of-00413.parquet,0,19,000000321671.jpg,JPEG,DFGAN,,COCO,test,0,GAN,test_external_unseen_v3_additions/real/cf_external_unseen_v3_real_coco_4fad83c16c66ca37_000000321671.jpg.jpg,complete
cf_external_unseen_v3_real_coco_508577c4766a2468,real_coco,data/CompEval-00350-of-00413.parquet,3,11,000000025472.jpg,JPEG,DFGAN,,COCO,test,0,GAN,test_external_unseen_v3_additions/real/cf_external_unseen_v3_real_coco_508577c4766a2468_000000025472.jpg.jpg,complete
cf_external_unseen_v3_real_coco_50e91a1e0faff85f,real_coco,data/CompEval-00354-of-00413.parquet,0,14,000000539564.jpg,JPEG,DFGAN,,COCO,test,0,GAN,test_external_unseen_v3_additions/real/cf_external_unseen_v3_real_coco_50e91a1e0faff85f_000000539564.jpg.jpg,complete
cf_external_unseen_v3_real_coco_513005e1190f2e2b,real_coco,data/CompEval-00355-of-00413.parquet,0,5,000000553868.jpg,JPEG,DFGAN,,COCO,test,0,GAN,test_external_unseen_v3_additions/real/cf_external_unseen_v3_real_coco_513005e1190f2e2b_000000553868.jpg.jpg,complete
cf_external_unseen_v3_real_coco_521a9653e8f8ad22,real_coco,data/CompEval-00352-of-00413.parquet,2,6,000000433057.jpg,JPEG,DFGAN,,COCO,test,0,GAN,test_external_unseen_v3_additions/real/cf_external_unseen_v3_real_coco_521a9653e8f8ad22_000000433057.jpg.jpg,complete
cf_external_unseen_v3_real_coco_5281735a7bd46c18,real_coco,data/CompEval-00350-of-00413.parquet,2,1,000000497941.jpg,JPEG,DFGAN,,COCO,test,0,GAN,test_external_unseen_v3_additions/real/cf_external_unseen_v3_real_coco_5281735a7bd46c18_000000497941.jpg.jpg,complete
cf_external_unseen_v3_real_coco_530b25ae13fb4192,real_coco,data/CompEval-00354-of-00413.parquet,3,0,000000562216.jpg,JPEG,DFGAN,,COCO,test,0,GAN,test_external_unseen_v3_additions/real/cf_external_unseen_v3_real_coco_530b25ae13fb4192_000000562216.jpg.jpg,complete
cf_external_unseen_v3_real_coco_558bf7aefb2a7dcf,real_coco,data/CompEval-00354-of-00413.parquet,3,14,000000452869.jpg,JPEG,DFGAN,,COCO,test,0,GAN,test_external_unseen_v3_additions/real/cf_external_unseen_v3_real_coco_558bf7aefb2a7dcf_000000452869.jpg.jpg,complete
cf_external_unseen_v3_real_coco_56095f093686fa12,real_coco,data/CompEval-00355-of-00413.parquet,2,11,000000076148.jpg,JPEG,DFGAN,,COCO,test,0,GAN,test_external_unseen_v3_additions/real/cf_external_unseen_v3_real_coco_56095f093686fa12_000000076148.jpg.jpg,complete
cf_external_unseen_v3_real_coco_567a1e847a5c076d,real_coco,data/CompEval-00356-of-00413.parquet,4,23,000000552220.jpg,JPEG,DFGAN,,COCO,test,0,GAN,test_external_unseen_v3_additions/real/cf_external_unseen_v3_real_coco_567a1e847a5c076d_000000552220.jpg.jpg,complete
cf_external_unseen_v3_real_coco_5802064e47362827,real_coco,data/CompEval-00357-of-00413.parquet,0,13,000000428302.jpg,JPEG,DFGAN,,COCO,test,0,GAN,test_external_unseen_v3_additions/real/cf_external_unseen_v3_real_coco_5802064e47362827_000000428302.jpg.jpg,complete
cf_external_unseen_v3_real_coco_58bd0b090b5cb82f,real_coco,data/CompEval-00351-of-00413.parquet,0,21,000000530200.jpg,JPEG,DFGAN,,COCO,test,0,GAN,test_external_unseen_v3_additions/real/cf_external_unseen_v3_real_coco_58bd0b090b5cb82f_000000530200.jpg.jpg,complete
cf_external_unseen_v3_real_coco_5a602c81552b225b,real_coco,data/CompEval-00353-of-00413.parquet,4,22,000000119941.jpg,JPEG,DFGAN,,COCO,test,0,GAN,test_external_unseen_v3_additions/real/cf_external_unseen_v3_real_coco_5a602c81552b225b_000000119941.jpg.jpg,complete
cf_external_unseen_v3_real_coco_5b653176ae6386f1,real_coco,data/CompEval-00350-of-00413.parquet,3,21,000000477829.jpg,JPEG,DFGAN,,COCO,test,0,GAN,test_external_unseen_v3_additions/real/cf_external_unseen_v3_real_coco_5b653176ae6386f1_000000477829.jpg.jpg,complete
cf_external_unseen_v3_real_coco_5deabe81b75777e3,real_coco,data/CompEval-00351-of-00413.parquet,2,21,000000305435.jpg,JPEG,DFGAN,,COCO,test,0,GAN,test_external_unseen_v3_additions/real/cf_external_unseen_v3_real_coco_5deabe81b75777e3_000000305435.jpg.jpg,complete
cf_external_unseen_v3_real_coco_5e80b9863d541257,real_coco,data/CompEval-00352-of-00413.parquet,2,20,000000326151.jpg,JPEG,DFGAN,,COCO,test,0,GAN,test_external_unseen_v3_additions/real/cf_external_unseen_v3_real_coco_5e80b9863d541257_000000326151.jpg.jpg,complete
cf_external_unseen_v3_real_coco_5ec5f2773963bcfd,real_coco,data/CompEval-00353-of-00413.parquet,0,1,000000499022.jpg,JPEG,DFGAN,,COCO,test,0,GAN,test_external_unseen_v3_additions/real/cf_external_unseen_v3_real_coco_5ec5f2773963bcfd_000000499022.jpg.jpg,complete
cf_external_unseen_v3_real_coco_5edfb25a3e5cef88,real_coco,data/CompEval-00354-of-00413.parquet,3,7,000000357662.jpg,JPEG,DFGAN,,COCO,test,0,GAN,test_external_unseen_v3_additions/real/cf_external_unseen_v3_real_coco_5edfb25a3e5cef88_000000357662.jpg.jpg,complete
cf_external_unseen_v3_real_coco_5f4c14072442fb5f,real_coco,data/CompEval-00351-of-00413.parquet,0,9,000000124986.jpg,JPEG,DFGAN,,COCO,test,0,GAN,test_external_unseen_v3_additions/real/cf_external_unseen_v3_real_coco_5f4c14072442fb5f_000000124986.jpg.jpg,complete
cf_external_unseen_v3_real_coco_600f8d0125f9c805,real_coco,data/CompEval-00351-of-00413.parquet,0,7,000000337313.jpg,JPEG,DFGAN,,COCO,test,0,GAN,test_external_unseen_v3_additions/real/cf_external_unseen_v3_real_coco_600f8d0125f9c805_000000337313.jpg.jpg,complete
cf_external_unseen_v3_real_coco_6019d26d7911c0cd,real_coco,data/CompEval-00351-of-00413.parquet,0,12,000000380783.jpg,JPEG,DFGAN,,COCO,test,0,GAN,test_external_unseen_v3_additions/real/cf_external_unseen_v3_real_coco_6019d26d7911c0cd_000000380783.jpg.jpg,complete
cf_external_unseen_v3_real_coco_6200d338013eff3a,real_coco,data/CompEval-00356-of-00413.parquet,2,17,000000374317.jpg,JPEG,DFGAN,,COCO,test,0,GAN,test_external_unseen_v3_additions/real/cf_external_unseen_v3_real_coco_6200d338013eff3a_000000374317.jpg.jpg,complete
cf_external_unseen_v3_real_coco_62367aaec6ce0c0d,real_coco,data/CompEval-00349-of-00413.parquet,4,10,000000052263.jpg,JPEG,DFGAN,,COCO,test,0,GAN,test_external_unseen_v3_additions/real/cf_external_unseen_v3_real_coco_62367aaec6ce0c0d_000000052263.jpg.jpg,complete
cf_external_unseen_v3_real_coco_629502e50b633670,real_coco,data/CompEval-00352-of-00413.parquet,2,1,000000400047.jpg,JPEG,DFGAN,,COCO,test,0,GAN,test_external_unseen_v3_additions/real/cf_external_unseen_v3_real_coco_629502e50b633670_000000400047.jpg.jpg,complete
cf_external_unseen_v3_real_coco_6304ab6f7e10e328,real_coco,data/CompEval-00354-of-00413.parquet,4,6,000000207173.jpg,JPEG,DFGAN,,COCO,test,0,GAN,test_external_unseen_v3_additions/real/cf_external_unseen_v3_real_coco_6304ab6f7e10e328_000000207173.jpg.jpg,complete
cf_external_unseen_v3_real_coco_648140b1097d42b1,real_coco,data/CompEval-00353-of-00413.parquet,0,22,000000141033.jpg,JPEG,DFGAN,,COCO,test,0,GAN,test_external_unseen_v3_additions/real/cf_external_unseen_v3_real_coco_648140b1097d42b1_000000141033.jpg.jpg,complete
cf_external_unseen_v3_real_coco_64b231ca5cfeeb58,real_coco,data/CompEval-00355-of-00413.parquet,2,16,000000251748.jpg,JPEG,DFGAN,,COCO,test,0,GAN,test_external_unseen_v3_additions/real/cf_external_unseen_v3_real_coco_64b231ca5cfeeb58_000000251748.jpg.jpg,complete
cf_external_unseen_v3_real_coco_654696b912f0ad1b,real_coco,data/CompEval-00350-of-00413.parquet,3,8,000000192092.jpg,JPEG,DFGAN,,COCO,test,0,GAN,test_external_unseen_v3_additions/real/cf_external_unseen_v3_real_coco_654696b912f0ad1b_000000192092.jpg.jpg,complete
cf_external_unseen_v3_real_coco_658e26ad110ff836,real_coco,data/CompEval-00357-of-00413.parquet,0,10,000000552324.jpg,JPEG,DFGAN,,COCO,test,0,GAN,test_external_unseen_v3_additions/real/cf_external_unseen_v3_real_coco_658e26ad110ff836_000000552324.jpg.jpg,complete
cf_external_unseen_v3_real_coco_694f8e759c0c8ceb,real_coco,data/CompEval-00351-of-00413.parquet,2,11,000000412808.jpg,JPEG,DFGAN,,COCO,test,0,GAN,test_external_unseen_v3_additions/real/cf_external_unseen_v3_real_coco_694f8e759c0c8ceb_000000412808.jpg.jpg,complete
cf_external_unseen_v3_real_coco_6977f66c9a75bd74,real_coco,data/CompEval-00354-of-00413.parquet,4,10,000000089094.jpg,JPEG,DFGAN,,COCO,test,0,GAN,test_external_unseen_v3_additions/real/cf_external_unseen_v3_real_coco_6977f66c9a75bd74_000000089094.jpg.jpg,complete
cf_external_unseen_v3_real_coco_6a67a1b0101da65e,real_coco,data/CompEval-00353-of-00413.parquet,3,23,000000254317.jpg,JPEG,DFGAN,,COCO,test,0,GAN,test_external_unseen_v3_additions/real/cf_external_unseen_v3_real_coco_6a67a1b0101da65e_000000254317.jpg.jpg,complete
cf_external_unseen_v3_real_coco_6d2b0075b8a92f96,real_coco,data/CompEval-00351-of-00413.parquet,2,18,000000364706.jpg,JPEG,DFGAN,,COCO,test,0,GAN,test_external_unseen_v3_additions/real/cf_external_unseen_v3_real_coco_6d2b0075b8a92f96_000000364706.jpg.jpg,complete
cf_external_unseen_v3_real_coco_6d64ca1a6a98b8ea,real_coco,data/CompEval-00353-of-00413.parquet,4,9,000000138093.jpg,JPEG,DFGAN,,COCO,test,0,GAN,test_external_unseen_v3_additions/real/cf_external_unseen_v3_real_coco_6d64ca1a6a98b8ea_000000138093.jpg.jpg,complete
cf_external_unseen_v3_real_coco_6dc4d55a5da26d5b,real_coco,data/CompEval-00356-of-00413.parquet,2,14,000000408813.jpg,JPEG,DFGAN,,COCO,test,0,GAN,test_external_unseen_v3_additions/real/cf_external_unseen_v3_real_coco_6dc4d55a5da26d5b_000000408813.jpg.jpg,complete
cf_external_unseen_v3_real_coco_6e87375ad0afff85,real_coco,data/CompEval-00351-of-00413.parquet,2,1,000000316523.jpg,JPEG,DFGAN,,COCO,test,0,GAN,test_external_unseen_v3_additions/real/cf_external_unseen_v3_real_coco_6e87375ad0afff85_000000316523.jpg.jpg,complete
cf_external_unseen_v3_real_coco_6ecacbc1adb71deb,real_coco,data/CompEval-00352-of-00413.parquet,2,3,000000266085.jpg,JPEG,DFGAN,,COCO,test,0,GAN,test_external_unseen_v3_additions/real/cf_external_unseen_v3_real_coco_6ecacbc1adb71deb_000000266085.jpg.jpg,complete
cf_external_unseen_v3_real_coco_6f3b42c678ec400a,real_coco,data/CompEval-00354-of-00413.parquet,3,23,000000300671.jpg,JPEG,DFGAN,,COCO,test,0,GAN,test_external_unseen_v3_additions/real/cf_external_unseen_v3_real_coco_6f3b42c678ec400a_000000300671.jpg.jpg,complete
cf_external_unseen_v3_real_coco_714aecbf66446a6f,real_coco,data/CompEval-00352-of-00413.parquet,2,5,000000377227.jpg,JPEG,DFGAN,,COCO,test,0,GAN,test_external_unseen_v3_additions/real/cf_external_unseen_v3_real_coco_714aecbf66446a6f_000000377227.jpg.jpg,complete
cf_external_unseen_v3_real_coco_71680891a1d92165,real_coco,data/CompEval-00353-of-00413.parquet,0,8,000000395460.jpg,JPEG,DFGAN,,COCO,test,0,GAN,test_external_unseen_v3_additions/real/cf_external_unseen_v3_real_coco_71680891a1d92165_000000395460.jpg.jpg,complete
cf_external_unseen_v3_real_coco_71cc31b46198ed5f,real_coco,data/CompEval-00351-of-00413.parquet,2,3,000000228141.jpg,JPEG,DFGAN,,COCO,test,0,GAN,test_external_unseen_v3_additions/real/cf_external_unseen_v3_real_coco_71cc31b46198ed5f_000000228141.jpg.jpg,complete
cf_external_unseen_v3_real_coco_72f99c0744f7f1a2,real_coco,data/CompEval-00353-of-00413.parquet,0,7,000000297340.jpg,JPEG,DFGAN,,COCO,test,0,GAN,test_external_unseen_v3_additions/real/cf_external_unseen_v3_real_coco_72f99c0744f7f1a2_000000297340.jpg.jpg,complete
cf_external_unseen_v3_real_coco_737b93655a326bc9,real_coco,data/CompEval-00352-of-00413.parquet,2,23,000000073321.jpg,JPEG,DFGAN,,COCO,test,0,GAN,test_external_unseen_v3_additions/real/cf_external_unseen_v3_real_coco_737b93655a326bc9_000000073321.jpg.jpg,complete
cf_external_unseen_v3_real_coco_73e7ff35a9441d15,real_coco,data/CompEval-00350-of-00413.parquet,2,3,000000011399.jpg,JPEG,DFGAN,,COCO,test,0,GAN,test_external_unseen_v3_additions/real/cf_external_unseen_v3_real_coco_73e7ff35a9441d15_000000011399.jpg.jpg,complete
cf_external_unseen_v3_real_coco_7533daf8cc68dd2e,real_coco,data/CompEval-00354-of-00413.parquet,3,17,000000424457.jpg,JPEG,DFGAN,,COCO,test,0,GAN,test_external_unseen_v3_additions/real/cf_external_unseen_v3_real_coco_7533daf8cc68dd2e_000000424457.jpg.jpg,complete
cf_external_unseen_v3_real_coco_76f358edb70ab720,real_coco,data/CompEval-00354-of-00413.parquet,0,8,000000377039.jpg,JPEG,DFGAN,,COCO,test,0,GAN,test_external_unseen_v3_additions/real/cf_external_unseen_v3_real_coco_76f358edb70ab720_000000377039.jpg.jpg,complete
cf_external_unseen_v3_real_coco_7745b865510fe477,real_coco,data/CompEval-00355-of-00413.parquet,4,4,000000019606.jpg,JPEG,DFGAN,,COCO,test,0,GAN,test_external_unseen_v3_additions/real/cf_external_unseen_v3_real_coco_7745b865510fe477_000000019606.jpg.jpg,complete
cf_external_unseen_v3_real_coco_7842086b9e504f56,real_coco,data/CompEval-00353-of-00413.parquet,0,5,000000067268.jpg,JPEG,DFGAN,,COCO,test,0,GAN,test_external_unseen_v3_additions/real/cf_external_unseen_v3_real_coco_7842086b9e504f56_000000067268.jpg.jpg,complete
cf_external_unseen_v3_real_coco_7875fd3da926a645,real_coco,data/CompEval-00355-of-00413.parquet,4,8,000000165666.jpg,JPEG,DFGAN,,COCO,test,0,GAN,test_external_unseen_v3_additions/real/cf_external_unseen_v3_real_coco_7875fd3da926a645_000000165666.jpg.jpg,complete
cf_external_unseen_v3_real_coco_78fd088406e4dcf5,real_coco,data/CompEval-00350-of-00413.parquet,3,3,000000433350.jpg,JPEG,DFGAN,,COCO,test,0,GAN,test_external_unseen_v3_additions/real/cf_external_unseen_v3_real_coco_78fd088406e4dcf5_000000433350.jpg.jpg,complete
cf_external_unseen_v3_real_coco_7a4c313ee88fb197,real_coco,data/CompEval-00353-of-00413.parquet,3,18,000000316889.jpg,JPEG,DFGAN,,COCO,test,0,GAN,test_external_unseen_v3_additions/real/cf_external_unseen_v3_real_coco_7a4c313ee88fb197_000000316889.jpg.jpg,complete
cf_external_unseen_v3_real_coco_7ab70a3c597b4e80,real_coco,data/CompEval-00353-of-00413.parquet,3,13,000000086752.jpg,JPEG,DFGAN,,COCO,test,0,GAN,test_external_unseen_v3_additions/real/cf_external_unseen_v3_real_coco_7ab70a3c597b4e80_000000086752.jpg.jpg,complete
cf_external_unseen_v3_real_coco_7ac04fe67b15dcfb,real_coco,data/CompEval-00354-of-00413.parquet,3,24,000000575809.jpg,JPEG,DFGAN,,COCO,test,0,GAN,test_external_unseen_v3_additions/real/cf_external_unseen_v3_real_coco_7ac04fe67b15dcfb_000000575809.jpg.jpg,complete
cf_external_unseen_v3_real_coco_7cdfef3225e5c553,real_coco,data/CompEval-00350-of-00413.parquet,3,7,000000089960.jpg,JPEG,DFGAN,,COCO,test,0,GAN,test_external_unseen_v3_additions/real/cf_external_unseen_v3_real_coco_7cdfef3225e5c553_000000089960.jpg.jpg,complete
cf_external_unseen_v3_real_coco_7ced618f8ee12312,real_coco,data/CompEval-00351-of-00413.parquet,2,16,000000212708.jpg,JPEG,DFGAN,,COCO,test,0,GAN,test_external_unseen_v3_additions/real/cf_external_unseen_v3_real_coco_7ced618f8ee12312_000000212708.jpg.jpg,complete
cf_external_unseen_v3_real_coco_7d7b1ccb940c2ecf,real_coco,data/CompEval-00355-of-00413.parquet,4,3,000000323761.jpg,JPEG,DFGAN,,COCO,test,0,GAN,test_external_unseen_v3_additions/real/cf_external_unseen_v3_real_coco_7d7b1ccb940c2ecf_000000323761.jpg.jpg,complete
cf_external_unseen_v3_real_coco_7dc82aab85baecd5,real_coco,data/CompEval-00357-of-00413.parquet,0,2,000000162575.jpg,JPEG,DFGAN,,COCO,test,0,GAN,test_external_unseen_v3_additions/real/cf_external_unseen_v3_real_coco_7dc82aab85baecd5_000000162575.jpg.jpg,complete
cf_external_unseen_v3_real_coco_7e1f1596ebe6fe60,real_coco,data/CompEval-00355-of-00413.parquet,4,2,000000420513.jpg,JPEG,DFGAN,,COCO,test,0,GAN,test_external_unseen_v3_additions/real/cf_external_unseen_v3_real_coco_7e1f1596ebe6fe60_000000420513.jpg.jpg,complete
cf_external_unseen_v3_real_coco_8493343ab357b6fa,real_coco,data/CompEval-00355-of-00413.parquet,0,15,000000153310.jpg,JPEG,DFGAN,,COCO,test,0,GAN,test_external_unseen_v3_additions/real/cf_external_unseen_v3_real_coco_8493343ab357b6fa_000000153310.jpg.jpg,complete
cf_external_unseen_v3_real_coco_84c1b253cb84e8f2,real_coco,data/CompEval-00351-of-00413.parquet,0,5,000000495339.jpg,JPEG,DFGAN,,COCO,test,0,GAN,test_external_unseen_v3_additions/real/cf_external_unseen_v3_real_coco_84c1b253cb84e8f2_000000495339.jpg.jpg,complete
cf_external_unseen_v3_real_coco_85083dd4cd295f6f,real_coco,data/CompEval-00355-of-00413.parquet,4,22,000000386924.jpg,JPEG,DFGAN,,COCO,test,0,GAN,test_external_unseen_v3_additions/real/cf_external_unseen_v3_real_coco_85083dd4cd295f6f_000000386924.jpg.jpg,complete
cf_external_unseen_v3_real_coco_872e410d70abc308,real_coco,data/CompEval-00353-of-00413.parquet,0,4,000000155453.jpg,JPEG,DFGAN,,COCO,test,0,GAN,test_external_unseen_v3_additions/real/cf_external_unseen_v3_real_coco_872e410d70abc308_000000155453.jpg.jpg,complete
cf_external_unseen_v3_real_coco_8758f0d3ace80c1e,real_coco,data/CompEval-00355-of-00413.parquet,0,4,000000495950.jpg,JPEG,DFGAN,,COCO,test,0,GAN,test_external_unseen_v3_additions/real/cf_external_unseen_v3_real_coco_8758f0d3ace80c1e_000000495950.jpg.jpg,complete
cf_external_unseen_v3_real_coco_895c059c4812516e,real_coco,data/CompEval-00355-of-00413.parquet,0,19,000000452490.jpg,JPEG,DFGAN,,COCO,test,0,GAN,test_external_unseen_v3_additions/real/cf_external_unseen_v3_real_coco_895c059c4812516e_000000452490.jpg.jpg,complete
cf_external_unseen_v3_real_coco_8a3285d7d4658315,real_coco,data/CompEval-00351-of-00413.parquet,0,8,000000473446.jpg,JPEG,DFGAN,,COCO,test,0,GAN,test_external_unseen_v3_additions/real/cf_external_unseen_v3_real_coco_8a3285d7d4658315_000000473446.jpg.jpg,complete
cf_external_unseen_v3_real_coco_8ab1598d4d3495b1,real_coco,data/CompEval-00353-of-00413.parquet,3,16,000000362529.jpg,JPEG,DFGAN,,COCO,test,0,GAN,test_external_unseen_v3_additions/real/cf_external_unseen_v3_real_coco_8ab1598d4d3495b1_000000362529.jpg.jpg,complete
cf_external_unseen_v3_real_coco_8b672f2763413aa9,real_coco,data/CompEval-00353-of-00413.parquet,4,16,000000458512.jpg,JPEG,DFGAN,,COCO,test,0,GAN,test_external_unseen_v3_additions/real/cf_external_unseen_v3_real_coco_8b672f2763413aa9_000000458512.jpg.jpg,complete
cf_external_unseen_v3_real_coco_8c798f2217bd8a7a,real_coco,data/CompEval-00355-of-00413.parquet,0,0,000000451002.jpg,JPEG,DFGAN,,COCO,test,0,GAN,test_external_unseen_v3_additions/real/cf_external_unseen_v3_real_coco_8c798f2217bd8a7a_000000451002.jpg.jpg,complete
cf_external_unseen_v3_real_coco_8cddc959bef1176e,real_coco,data/CompEval-00354-of-00413.parquet,4,7,000000374750.jpg,JPEG,DFGAN,,COCO,test,0,GAN,test_external_unseen_v3_additions/real/cf_external_unseen_v3_real_coco_8cddc959bef1176e_000000374750.jpg.jpg,complete
cf_external_unseen_v3_real_coco_8d1f05c75f4f6354,real_coco,data/CompEval-00356-of-00413.parquet,4,0,000000463911.jpg,JPEG,DFGAN,,COCO,test,0,GAN,test_external_unseen_v3_additions/real/cf_external_unseen_v3_real_coco_8d1f05c75f4f6354_000000463911.jpg.jpg,complete
cf_external_unseen_v3_real_coco_8d2cfb1c25542ea2,real_coco,data/CompEval-00355-of-00413.parquet,2,15,000000264874.jpg,JPEG,DFGAN,,COCO,test,0,GAN,test_external_unseen_v3_additions/real/cf_external_unseen_v3_real_coco_8d2cfb1c25542ea2_000000264874.jpg.jpg,complete
cf_external_unseen_v3_real_coco_8e2f1a831fddf99e,real_coco,data/CompEval-00355-of-00413.parquet,2,0,000000149939.jpg,JPEG,DFGAN,,COCO,test,0,GAN,test_external_unseen_v3_additions/real/cf_external_unseen_v3_real_coco_8e2f1a831fddf99e_000000149939.jpg.jpg,complete
cf_external_unseen_v3_real_coco_9004aa181cd9abd4,real_coco,data/CompEval-00351-of-00413.parquet,2,20,000000019510.jpg,JPEG,DFGAN,,COCO,test,0,GAN,test_external_unseen_v3_additions/real/cf_external_unseen_v3_real_coco_9004aa181cd9abd4_000000019510.jpg.jpg,complete
cf_external_unseen_v3_real_coco_91d6ac968ed25f52,real_coco,data/CompEval-00354-of-00413.parquet,4,15,000000241105.jpg,JPEG,DFGAN,,COCO,test,0,GAN,test_external_unseen_v3_additions/real/cf_external_unseen_v3_real_coco_91d6ac968ed25f52_000000241105.jpg.jpg,complete
cf_external_unseen_v3_real_coco_91dca52c88947cdb,real_coco,data/CompEval-00354-of-00413.parquet,0,9,000000066343.jpg,JPEG,DFGAN,,COCO,test,0,GAN,test_external_unseen_v3_additions/real/cf_external_unseen_v3_real_coco_91dca52c88947cdb_000000066343.jpg.jpg,complete
cf_external_unseen_v3_real_coco_93d1ba864a5fe252,real_coco,data/CompEval-00354-of-00413.parquet,0,6,000000430488.jpg,JPEG,DFGAN,,COCO,test,0,GAN,test_external_unseen_v3_additions/real/cf_external_unseen_v3_real_coco_93d1ba864a5fe252_000000430488.jpg.jpg,complete
cf_external_unseen_v3_real_coco_94182778880a7d14,real_coco,data/CompEval-00355-of-00413.parquet,4,18,000000325846.jpg,JPEG,DFGAN,,COCO,test,0,GAN,test_external_unseen_v3_additions/real/cf_external_unseen_v3_real_coco_94182778880a7d14_000000325846.jpg.jpg,complete
cf_external_unseen_v3_real_coco_94bddc57486317da,real_coco,data/CompEval-00350-of-00413.parquet,3,19,000000250287.jpg,JPEG,DFGAN,,COCO,test,0,GAN,test_external_unseen_v3_additions/real/cf_external_unseen_v3_real_coco_94bddc57486317da_000000250287.jpg.jpg,complete
cf_external_unseen_v3_real_coco_9511e2f6c1bc3978,real_coco,data/CompEval-00351-of-00413.parquet,0,11,000000128187.jpg,JPEG,DFGAN,,COCO,test,0,GAN,test_external_unseen_v3_additions/real/cf_external_unseen_v3_real_coco_9511e2f6c1bc3978_000000128187.jpg.jpg,complete
cf_external_unseen_v3_real_coco_971acad997f0f554,real_coco,data/CompEval-00351-of-00413.parquet,0,17,000000130894.jpg,JPEG,DFGAN,,COCO,test,0,GAN,test_external_unseen_v3_additions/real/cf_external_unseen_v3_real_coco_971acad997f0f554_000000130894.jpg.jpg,complete
cf_external_unseen_v3_real_coco_979438dbabbfbfba,real_coco,data/CompEval-00355-of-00413.parquet,4,10,000000195001.jpg,JPEG,DFGAN,,COCO,test,0,GAN,test_external_unseen_v3_additions/real/cf_external_unseen_v3_real_coco_979438dbabbfbfba_000000195001.jpg.jpg,complete
cf_external_unseen_v3_real_coco_984e497d65d11249,real_coco,data/CompEval-00355-of-00413.parquet,0,21,000000468574.jpg,JPEG,DFGAN,,COCO,test,0,GAN,test_external_unseen_v3_additions/real/cf_external_unseen_v3_real_coco_984e497d65d11249_000000468574.jpg.jpg,complete
cf_external_unseen_v3_real_coco_994c2577bf9ffd32,real_coco,data/CompEval-00356-of-00413.parquet,4,6,000000137324.jpg,JPEG,DFGAN,,COCO,test,0,GAN,test_external_unseen_v3_additions/real/cf_external_unseen_v3_real_coco_994c2577bf9ffd32_000000137324.jpg.jpg,complete
cf_external_unseen_v3_real_coco_9cd6e353a1af684d,real_coco,data/CompEval-00356-of-00413.parquet,4,5,000000554515.jpg,JPEG,DFGAN,,COCO,test,0,GAN,test_external_unseen_v3_additions/real/cf_external_unseen_v3_real_coco_9cd6e353a1af684d_000000554515.jpg.jpg,complete
cf_external_unseen_v3_real_coco_9ec306e2f962650c,real_coco,data/CompEval-00355-of-00413.parquet,2,22,000000113479.jpg,JPEG,DFGAN,,COCO,test,0,GAN,test_external_unseen_v3_additions/real/cf_external_unseen_v3_real_coco_9ec306e2f962650c_000000113479.jpg.jpg,complete
cf_external_unseen_v3_real_coco_9f2350b45f9797d9,real_coco,data/CompEval-00355-of-00413.parquet,4,1,000000242725.jpg,JPEG,DFGAN,,COCO,test,0,GAN,test_external_unseen_v3_additions/real/cf_external_unseen_v3_real_coco_9f2350b45f9797d9_000000242725.jpg.jpg,complete
cf_external_unseen_v3_real_coco_9f7f606f4454b797,real_coco,data/CompEval-00354-of-00413.parquet,4,5,000000050751.jpg,JPEG,DFGAN,,COCO,test,0,GAN,test_external_unseen_v3_additions/real/cf_external_unseen_v3_real_coco_9f7f606f4454b797_000000050751.jpg.jpg,complete
cf_external_unseen_v3_real_coco_a15c61f7fdef147d,real_coco,data/CompEval-00353-of-00413.parquet,3,3,000000469538.jpg,JPEG,DFGAN,,COCO,test,0,GAN,test_external_unseen_v3_additions/real/cf_external_unseen_v3_real_coco_a15c61f7fdef147d_000000469538.jpg.jpg,complete
cf_external_unseen_v3_real_coco_a242728f6cba42c2,real_coco,data/CompEval-00350-of-00413.parquet,2,21,000000346400.jpg,JPEG,DFGAN,,COCO,test,0,GAN,test_external_unseen_v3_additions/real/cf_external_unseen_v3_real_coco_a242728f6cba42c2_000000346400.jpg.jpg,complete
cf_external_unseen_v3_real_coco_a2a1e574f4e55295,real_coco,data/CompEval-00356-of-00413.parquet,2,15,000000244574.jpg,JPEG,DFGAN,,COCO,test,0,GAN,test_external_unseen_v3_additions/real/cf_external_unseen_v3_real_coco_a2a1e574f4e55295_000000244574.jpg.jpg,complete
cf_external_unseen_v3_real_coco_a2c22e5e880a6e37,real_coco,data/CompEval-00355-of-00413.parquet,0,2,000000118888.jpg,JPEG,DFGAN,,COCO,test,0,GAN,test_external_unseen_v3_additions/real/cf_external_unseen_v3_real_coco_a2c22e5e880a6e37_000000118888.jpg.jpg,complete
cf_external_unseen_v3_real_coco_a2cbdbbf7247f214,real_coco,data/CompEval-00353-of-00413.parquet,0,24,000000442683.jpg,JPEG,DFGAN,,COCO,test,0,GAN,test_external_unseen_v3_additions/real/cf_external_unseen_v3_real_coco_a2cbdbbf7247f214_000000442683.jpg.jpg,complete
cf_external_unseen_v3_real_coco_a3f98d573a07bc34,real_coco,data/CompEval-00351-of-00413.parquet,0,20,000000412846.jpg,JPEG,DFGAN,,COCO,test,0,GAN,test_external_unseen_v3_additions/real/cf_external_unseen_v3_real_coco_a3f98d573a07bc34_000000412846.jpg.jpg,complete
cf_external_unseen_v3_real_coco_a56136aa3b641fc5,real_coco,data/CompEval-00357-of-00413.parquet,0,20,000000446749.jpg,JPEG,DFGAN,,COCO,test,0,GAN,test_external_unseen_v3_additions/real/cf_external_unseen_v3_real_coco_a56136aa3b641fc5_000000446749.jpg.jpg,complete
cf_external_unseen_v3_real_coco_a5ae1283723d2fc5,real_coco,data/CompEval-00354-of-00413.parquet,3,16,000000008242.jpg,JPEG,DFGAN,,COCO,test,0,GAN,test_external_unseen_v3_additions/real/cf_external_unseen_v3_real_coco_a5ae1283723d2fc5_000000008242.jpg.jpg,complete
cf_external_unseen_v3_real_coco_a6d10645b8705575,real_coco,data/CompEval-00355-of-00413.parquet,2,2,000000470950.jpg,JPEG,DFGAN,,COCO,test,0,GAN,test_external_unseen_v3_additions/real/cf_external_unseen_v3_real_coco_a6d10645b8705575_000000470950.jpg.jpg,complete
cf_external_unseen_v3_real_coco_a8366e8a00b93be0,real_coco,data/CompEval-00355-of-00413.parquet,2,5,000000006530.jpg,JPEG,DFGAN,,COCO,test,0,GAN,test_external_unseen_v3_additions/real/cf_external_unseen_v3_real_coco_a8366e8a00b93be0_000000006530.jpg.jpg,complete
cf_external_unseen_v3_real_coco_a8e1b120570cb0f7,real_coco,data/CompEval-00356-of-00413.parquet,4,13,000000507118.jpg,JPEG,DFGAN,,COCO,test,0,GAN,test_external_unseen_v3_additions/real/cf_external_unseen_v3_real_coco_a8e1b120570cb0f7_000000507118.jpg.jpg,complete
cf_external_unseen_v3_real_coco_aa4c066b954b5bcf,real_coco,data/CompEval-00353-of-00413.parquet,3,11,000000389712.jpg,JPEG,DFGAN,,COCO,test,0,GAN,test_external_unseen_v3_additions/real/cf_external_unseen_v3_real_coco_aa4c066b954b5bcf_000000389712.jpg.jpg,complete
cf_external_unseen_v3_real_coco_ab37b9bd0f35421c,real_coco,data/CompEval-00353-of-00413.parquet,3,14,000000181615.jpg,JPEG,DFGAN,,COCO,test,0,GAN,test_external_unseen_v3_additions/real/cf_external_unseen_v3_real_coco_ab37b9bd0f35421c_000000181615.jpg.jpg,complete
cf_external_unseen_v3_real_coco_ac6bf6246df71b8b,real_coco,data/CompEval-00353-of-00413.parquet,0,2,000000093638.jpg,JPEG,DFGAN,,COCO,test,0,GAN,test_external_unseen_v3_additions/real/cf_external_unseen_v3_real_coco_ac6bf6246df71b8b_000000093638.jpg.jpg,complete
cf_external_unseen_v3_real_coco_adb8e711ee4241f2,real_coco,data/CompEval-00351-of-00413.parquet,2,13,000000143004.jpg,JPEG,DFGAN,,COCO,test,0,GAN,test_external_unseen_v3_additions/real/cf_external_unseen_v3_real_coco_adb8e711ee4241f2_000000143004.jpg.jpg,complete
cf_external_unseen_v3_real_coco_adfa7b70c194e0f4,real_coco,data/CompEval-00355-of-00413.parquet,2,24,000000513701.jpg,JPEG,DFGAN,,COCO,test,0,GAN,test_external_unseen_v3_additions/real/cf_external_unseen_v3_real_coco_adfa7b70c194e0f4_000000513701.jpg.jpg,complete
cf_external_unseen_v3_real_coco_ae5379a7f4faaa74,real_coco,data/CompEval-00355-of-00413.parquet,2,13,000000212754.jpg,JPEG,DFGAN,,COCO,test,0,GAN,test_external_unseen_v3_additions/real/cf_external_unseen_v3_real_coco_ae5379a7f4faaa74_000000212754.jpg.jpg,complete
cf_external_unseen_v3_real_coco_ae694232f9b578f5,real_coco,data/CompEval-00354-of-00413.parquet,4,8,000000395110.jpg,JPEG,DFGAN,,COCO,test,0,GAN,test_external_unseen_v3_additions/real/cf_external_unseen_v3_real_coco_ae694232f9b578f5_000000395110.jpg.jpg,complete
cf_external_unseen_v3_real_coco_aebb2b89e9500a4a,real_coco,data/CompEval-00354-of-00413.parquet,4,18,000000320226.jpg,JPEG,DFGAN,,COCO,test,0,GAN,test_external_unseen_v3_additions/real/cf_external_unseen_v3_real_coco_aebb2b89e9500a4a_000000320226.jpg.jpg,complete
cf_external_unseen_v3_real_coco_aec98daacbf830b0,real_coco,data/CompEval-00354-of-00413.parquet,0,15,000000351916.jpg,JPEG,DFGAN,,COCO,test,0,GAN,test_external_unseen_v3_additions/real/cf_external_unseen_v3_real_coco_aec98daacbf830b0_000000351916.jpg.jpg,complete
cf_external_unseen_v3_real_coco_afb134bed550d44c,real_coco,data/CompEval-00353-of-00413.parquet,4,21,000000385702.jpg,JPEG,DFGAN,,COCO,test,0,GAN,test_external_unseen_v3_additions/real/cf_external_unseen_v3_real_coco_afb134bed550d44c_000000385702.jpg.jpg,complete
cf_external_unseen_v3_real_coco_b128d40370817f0e,real_coco,data/CompEval-00355-of-00413.parquet,0,11,000000080851.jpg,JPEG,DFGAN,,COCO,test,0,GAN,test_external_unseen_v3_additions/real/cf_external_unseen_v3_real_coco_b128d40370817f0e_000000080851.jpg.jpg,complete
cf_external_unseen_v3_real_coco_b21df2e77c6e8236,real_coco,data/CompEval-00357-of-00413.parquet,0,22,000000407919.jpg,JPEG,DFGAN,,COCO,test,0,GAN,test_external_unseen_v3_additions/real/cf_external_unseen_v3_real_coco_b21df2e77c6e8236_000000407919.jpg.jpg,complete
cf_external_unseen_v3_real_coco_b5172fd8091ac524,real_coco,data/CompEval-00353-of-00413.parquet,3,1,000000532925.jpg,JPEG,DFGAN,,COCO,test,0,GAN,test_external_unseen_v3_additions/real/cf_external_unseen_v3_real_coco_b5172fd8091ac524_000000532925.jpg.jpg,complete
cf_external_unseen_v3_real_coco_b5535bbdc06d1872,real_coco,data/CompEval-00353-of-00413.parquet,0,6,000000577985.jpg,JPEG,DFGAN,,COCO,test,0,GAN,test_external_unseen_v3_additions/real/cf_external_unseen_v3_real_coco_b5535bbdc06d1872_000000577985.jpg.jpg,complete
cf_external_unseen_v3_real_coco_b58e51b3bd0ccbc5,real_coco,data/CompEval-00352-of-00413.parquet,2,21,000000542547.jpg,JPEG,DFGAN,,COCO,test,0,GAN,test_external_unseen_v3_additions/real/cf_external_unseen_v3_real_coco_b58e51b3bd0ccbc5_000000542547.jpg.jpg,complete
cf_external_unseen_v3_real_coco_b7817c5729440b07,real_coco,data/CompEval-00355-of-00413.parquet,2,9,000000514140.jpg,JPEG,DFGAN,,COCO,test,0,GAN,test_external_unseen_v3_additions/real/cf_external_unseen_v3_real_coco_b7817c5729440b07_000000514140.jpg.jpg,complete
cf_external_unseen_v3_real_coco_bc0369a5deaf115c,real_coco,data/CompEval-00355-of-00413.parquet,2,17,000000124688.jpg,JPEG,DFGAN,,COCO,test,0,GAN,test_external_unseen_v3_additions/real/cf_external_unseen_v3_real_coco_bc0369a5deaf115c_000000124688.jpg.jpg,complete
cf_external_unseen_v3_real_coco_bc16d4d10422b593,real_coco,data/CompEval-00354-of-00413.parquet,0,23,000000309041.jpg,JPEG,DFGAN,,COCO,test,0,GAN,test_external_unseen_v3_additions/real/cf_external_unseen_v3_real_coco_bc16d4d10422b593_000000309041.jpg.jpg,complete
cf_external_unseen_v3_real_coco_bf09a9c2ec14f487,real_coco,data/CompEval-00356-of-00413.parquet,4,22,000000106802.jpg,JPEG,DFGAN,,COCO,test,0,GAN,test_external_unseen_v3_additions/real/cf_external_unseen_v3_real_coco_bf09a9c2ec14f487_000000106802.jpg.jpg,complete
cf_external_unseen_v3_real_coco_c0d88f99f3a3ffeb,real_coco,data/CompEval-00353-of-00413.parquet,3,9,000000257095.jpg,JPEG,DFGAN,,COCO,test,0,GAN,test_external_unseen_v3_additions/real/cf_external_unseen_v3_real_coco_c0d88f99f3a3ffeb_000000257095.jpg.jpg,complete
cf_external_unseen_v3_real_coco_c14a1c285bafa162,real_coco,data/CompEval-00355-of-00413.parquet,2,1,000000383800.jpg,JPEG,DFGAN,,COCO,test,0,GAN,test_external_unseen_v3_additions/real/cf_external_unseen_v3_real_coco_c14a1c285bafa162_000000383800.jpg.jpg,complete
cf_external_unseen_v3_real_coco_c1648c8876d72e20,real_coco,data/CompEval-00354-of-00413.parquet,0,18,000000136357.jpg,JPEG,DFGAN,,COCO,test,0,GAN,test_external_unseen_v3_additions/real/cf_external_unseen_v3_real_coco_c1648c8876d72e20_000000136357.jpg.jpg,complete
cf_external_unseen_v3_real_coco_c5a94b5030f6037a,real_coco,data/CompEval-00354-of-00413.parquet,0,10,000000032853.jpg,JPEG,DFGAN,,COCO,test,0,GAN,test_external_unseen_v3_additions/real/cf_external_unseen_v3_real_coco_c5a94b5030f6037a_000000032853.jpg.jpg,complete
cf_external_unseen_v3_real_coco_c5db746b969f952b,real_coco,data/CompEval-00350-of-00413.parquet,3,12,000000156536.jpg,JPEG,DFGAN,,COCO,test,0,GAN,test_external_unseen_v3_additions/real/cf_external_unseen_v3_real_coco_c5db746b969f952b_000000156536.jpg.jpg,complete
cf_external_unseen_v3_real_coco_c6d0e5a26f1c5427,real_coco,data/CompEval-00353-of-00413.parquet,0,21,000000193252.jpg,JPEG,DFGAN,,COCO,test,0,GAN,test_external_unseen_v3_additions/real/cf_external_unseen_v3_real_coco_c6d0e5a26f1c5427_000000193252.jpg.jpg,complete
cf_external_unseen_v3_real_coco_c6f4efb493f573c5,real_coco,data/CompEval-00354-of-00413.parquet,0,16,000000219809.jpg,JPEG,DFGAN,,COCO,test,0,GAN,test_external_unseen_v3_additions/real/cf_external_unseen_v3_real_coco_c6f4efb493f573c5_000000219809.jpg.jpg,complete
cf_external_unseen_v3_real_coco_c74ba3142a8cc017,real_coco,data/CompEval-00351-of-00413.parquet,0,1,000000236922.jpg,JPEG,DFGAN,,COCO,test,0,GAN,test_external_unseen_v3_additions/real/cf_external_unseen_v3_real_coco_c74ba3142a8cc017_000000236922.jpg.jpg,complete
cf_external_unseen_v3_real_coco_c7f2922294948ed9,real_coco,data/CompEval-00355-of-00413.parquet,4,7,000000125489.jpg,JPEG,DFGAN,,COCO,test,0,GAN,test_external_unseen_v3_additions/real/cf_external_unseen_v3_real_coco_c7f2922294948ed9_000000125489.jpg.jpg,complete
cf_external_unseen_v3_real_coco_c80b009a3dacb5dd,real_coco,data/CompEval-00354-of-00413.parquet,3,9,000000525960.jpg,JPEG,DFGAN,,COCO,test,0,GAN,test_external_unseen_v3_additions/real/cf_external_unseen_v3_real_coco_c80b009a3dacb5dd_000000525960.jpg.jpg,complete
cf_external_unseen_v3_real_coco_c980496af6391005,real_coco,data/CompEval-00354-of-00413.parquet,0,2,000000555330.jpg,JPEG,DFGAN,,COCO,test,0,GAN,test_external_unseen_v3_additions/real/cf_external_unseen_v3_real_coco_c980496af6391005_000000555330.jpg.jpg,complete
cf_external_unseen_v3_real_coco_cafae64b32a9f64a,real_coco,data/CompEval-00350-of-00413.parquet,3,24,000000579836.jpg,JPEG,DFGAN,,COCO,test,0,GAN,test_external_unseen_v3_additions/real/cf_external_unseen_v3_real_coco_cafae64b32a9f64a_000000579836.jpg.jpg,complete
cf_external_unseen_v3_real_coco_ccfa3d1bee07c0a2,real_coco,data/CompEval-00353-of-00413.parquet,0,12,000000320585.jpg,JPEG,DFGAN,,COCO,test,0,GAN,test_external_unseen_v3_additions/real/cf_external_unseen_v3_real_coco_ccfa3d1bee07c0a2_000000320585.jpg.jpg,complete
cf_external_unseen_v3_real_coco_ce3a28b8cf910e02,real_coco,data/CompEval-00353-of-00413.parquet,0,10,000000092497.jpg,JPEG,DFGAN,,COCO,test,0,GAN,test_external_unseen_v3_additions/real/cf_external_unseen_v3_real_coco_ce3a28b8cf910e02_000000092497.jpg.jpg,complete
cf_external_unseen_v3_real_coco_ceb83552a36c39ac,real_coco,data/CompEval-00356-of-00413.parquet,4,11,000000489523.jpg,JPEG,DFGAN,,COCO,test,0,GAN,test_external_unseen_v3_additions/real/cf_external_unseen_v3_real_coco_ceb83552a36c39ac_000000489523.jpg.jpg,complete
cf_external_unseen_v3_real_coco_cef39b89a6429dc9,real_coco,data/CompEval-00355-of-00413.parquet,4,15,000000326896.jpg,JPEG,DFGAN,,COCO,test,0,GAN,test_external_unseen_v3_additions/real/cf_external_unseen_v3_real_coco_cef39b89a6429dc9_000000326896.jpg.jpg,complete
cf_external_unseen_v3_real_coco_cf721d5f1b67231c,real_coco,data/CompEval-00357-of-00413.parquet,0,16,000000503413.jpg,JPEG,DFGAN,,COCO,test,0,GAN,test_external_unseen_v3_additions/real/cf_external_unseen_v3_real_coco_cf721d5f1b67231c_000000503413.jpg.jpg,complete
cf_external_unseen_v3_real_coco_d016e151d0949937,real_coco,data/CompEval-00356-of-00413.parquet,4,8,000000498469.jpg,JPEG,DFGAN,,COCO,test,0,GAN,test_external_unseen_v3_additions/real/cf_external_unseen_v3_real_coco_d016e151d0949937_000000498469.jpg.jpg,complete
cf_external_unseen_v3_real_coco_d08b59dbb54d8908,real_coco,data/CompEval-00351-of-00413.parquet,0,23,000000355356.jpg,JPEG,DFGAN,,COCO,test,0,GAN,test_external_unseen_v3_additions/real/cf_external_unseen_v3_real_coco_d08b59dbb54d8908_000000355356.jpg.jpg,complete
cf_external_unseen_v3_real_coco_d19faeebc3f00411,real_coco,data/CompEval-00356-of-00413.parquet,2,13,000000132076.jpg,JPEG,DFGAN,,COCO,test,0,GAN,test_external_unseen_v3_additions/real/cf_external_unseen_v3_real_coco_d19faeebc3f00411_000000132076.jpg.jpg,complete
cf_external_unseen_v3_real_coco_d31fd1e678aeb614,real_coco,data/CompEval-00357-of-00413.parquet,0,12,000000502209.jpg,JPEG,DFGAN,,COCO,test,0,GAN,test_external_unseen_v3_additions/real/cf_external_unseen_v3_real_coco_d31fd1e678aeb614_000000502209.jpg.jpg,complete
cf_external_unseen_v3_real_coco_d5edcd90a5d592c8,real_coco,data/CompEval-00352-of-00413.parquet,2,7,000000472685.jpg,JPEG,DFGAN,,COCO,test,0,GAN,test_external_unseen_v3_additions/real/cf_external_unseen_v3_real_coco_d5edcd90a5d592c8_000000472685.jpg.jpg,complete
cf_external_unseen_v3_real_coco_d61be6a6738ebcdc,real_coco,data/CompEval-00350-of-00413.parquet,2,19,000000380941.jpg,JPEG,DFGAN,,COCO,test,0,GAN,test_external_unseen_v3_additions/real/cf_external_unseen_v3_real_coco_d61be6a6738ebcdc_000000380941.jpg.jpg,complete
cf_external_unseen_v3_real_coco_d62ccd070a187361,real_coco,data/CompEval-00356-of-00413.parquet,4,9,000000153645.jpg,JPEG,DFGAN,,COCO,test,0,GAN,test_external_unseen_v3_additions/real/cf_external_unseen_v3_real_coco_d62ccd070a187361_000000153645.jpg.jpg,complete
cf_external_unseen_v3_real_coco_d77a7b2e8057b7e5,real_coco,data/CompEval-00353-of-00413.parquet,4,5,000000103282.jpg,JPEG,DFGAN,,COCO,test,0,GAN,test_external_unseen_v3_additions/real/cf_external_unseen_v3_real_coco_d77a7b2e8057b7e5_000000103282.jpg.jpg,complete
cf_external_unseen_v3_real_coco_d914915a7c957113,real_coco,data/CompEval-00350-of-00413.parquet,2,15,000000256466.jpg,JPEG,DFGAN,,COCO,test,0,GAN,test_external_unseen_v3_additions/real/cf_external_unseen_v3_real_coco_d914915a7c957113_000000256466.jpg.jpg,complete
cf_external_unseen_v3_real_coco_d940e901f8768fda,real_coco,data/CompEval-00350-of-00413.parquet,2,17,000000031387.jpg,JPEG,DFGAN,,COCO,test,0,GAN,test_external_unseen_v3_additions/real/cf_external_unseen_v3_real_coco_d940e901f8768fda_000000031387.jpg.jpg,complete
cf_external_unseen_v3_real_coco_d96015ea8890bc23,real_coco,data/CompEval-00356-of-00413.parquet,2,12,000000480190.jpg,JPEG,DFGAN,,COCO,test,0,GAN,test_external_unseen_v3_additions/real/cf_external_unseen_v3_real_coco_d96015ea8890bc23_000000480190.jpg.jpg,complete
cf_external_unseen_v3_real_coco_da01f9941bbf7760,real_coco,data/CompEval-00350-of-00413.parquet,2,16,000000413483.jpg,JPEG,DFGAN,,COCO,test,0,GAN,test_external_unseen_v3_additions/real/cf_external_unseen_v3_real_coco_da01f9941bbf7760_000000413483.jpg.jpg,complete
cf_external_unseen_v3_real_coco_db6312cf1b3568fb,real_coco,data/CompEval-00355-of-00413.parquet,2,19,000000358956.jpg,JPEG,DFGAN,,COCO,test,0,GAN,test_external_unseen_v3_additions/real/cf_external_unseen_v3_real_coco_db6312cf1b3568fb_000000358956.jpg.jpg,complete
cf_external_unseen_v3_real_coco_dca0b087adc86503,real_coco,data/CompEval-00353-of-00413.parquet,4,24,000000088898.jpg,JPEG,DFGAN,,COCO,test,0,GAN,test_external_unseen_v3_additions/real/cf_external_unseen_v3_real_coco_dca0b087adc86503_000000088898.jpg.jpg,complete
cf_external_unseen_v3_real_coco_ddb0e63289314f19,real_coco,data/CompEval-00357-of-00413.parquet,0,11,000000291314.jpg,JPEG,DFGAN,,COCO,test,0,GAN,test_external_unseen_v3_additions/real/cf_external_unseen_v3_real_coco_ddb0e63289314f19_000000291314.jpg.jpg,complete
cf_external_unseen_v3_real_coco_dec0a1288c2f1845,real_coco,data/CompEval-00350-of-00413.parquet,2,2,000000353169.jpg,JPEG,DFGAN,,COCO,test,0,GAN,test_external_unseen_v3_additions/real/cf_external_unseen_v3_real_coco_dec0a1288c2f1845_000000353169.jpg.jpg,complete
cf_external_unseen_v3_real_coco_df3c058475a5145c,real_coco,data/CompEval-00356-of-00413.parquet,4,10,000000041069.jpg,JPEG,DFGAN,,COCO,test,0,GAN,test_external_unseen_v3_additions/real/cf_external_unseen_v3_real_coco_df3c058475a5145c_000000041069.jpg.jpg,complete
cf_external_unseen_v3_real_coco_e01526078bc5ef26,real_coco,data/CompEval-00355-of-00413.parquet,0,16,000000086462.jpg,JPEG,DFGAN,,COCO,test,0,GAN,test_external_unseen_v3_additions/real/cf_external_unseen_v3_real_coco_e01526078bc5ef26_000000086462.jpg.jpg,complete
cf_external_unseen_v3_real_coco_e019a1fe9f51e969,real_coco,data/CompEval-00354-of-00413.parquet,3,11,000000074536.jpg,JPEG,DFGAN,,COCO,test,0,GAN,test_external_unseen_v3_additions/real/cf_external_unseen_v3_real_coco_e019a1fe9f51e969_000000074536.jpg.jpg,complete
cf_external_unseen_v3_real_coco_e2c28f365a0a2d26,real_coco,data/CompEval-00355-of-00413.parquet,2,4,000000369385.jpg,JPEG,DFGAN,,COCO,test,0,GAN,test_external_unseen_v3_additions/real/cf_external_unseen_v3_real_coco_e2c28f365a0a2d26_000000369385.jpg.jpg,complete
cf_external_unseen_v3_real_coco_e2cddba0cd9b5a7c,real_coco,data/CompEval-00355-of-00413.parquet,0,24,000000317628.jpg,JPEG,DFGAN,,COCO,test,0,GAN,test_external_unseen_v3_additions/real/cf_external_unseen_v3_real_coco_e2cddba0cd9b5a7c_000000317628.jpg.jpg,complete
cf_external_unseen_v3_real_coco_e37441b5333a4074,real_coco,data/CompEval-00351-of-00413.parquet,2,24,000000289747.jpg,JPEG,DFGAN,,COCO,test,0,GAN,test_external_unseen_v3_additions/real/cf_external_unseen_v3_real_coco_e37441b5333a4074_000000289747.jpg.jpg,complete
cf_external_unseen_v3_real_coco_e3a369abc22394f6,real_coco,data/CompEval-00354-of-00413.parquet,0,5,000000489948.jpg,JPEG,DFGAN,,COCO,test,0,GAN,test_external_unseen_v3_additions/real/cf_external_unseen_v3_real_coco_e3a369abc22394f6_000000489948.jpg.jpg,complete
cf_external_unseen_v3_real_coco_e40634ba8b59ce6f,real_coco,data/CompEval-00357-of-00413.parquet,0,3,000000316545.jpg,JPEG,DFGAN,,COCO,test,0,GAN,test_external_unseen_v3_additions/real/cf_external_unseen_v3_real_coco_e40634ba8b59ce6f_000000316545.jpg.jpg,complete
cf_external_unseen_v3_real_coco_e458136fe0e9f4f1,real_coco,data/CompEval-00354-of-00413.parquet,0,21,000000102378.jpg,JPEG,DFGAN,,COCO,test,0,GAN,test_external_unseen_v3_additions/real/cf_external_unseen_v3_real_coco_e458136fe0e9f4f1_000000102378.jpg.jpg,complete
cf_external_unseen_v3_real_coco_e4ccac913fad47c1,real_coco,data/CompEval-00353-of-00413.parquet,3,17,000000233995.jpg,JPEG,DFGAN,,COCO,test,0,GAN,test_external_unseen_v3_additions/real/cf_external_unseen_v3_real_coco_e4ccac913fad47c1_000000233995.jpg.jpg,complete
cf_external_unseen_v3_real_coco_e6cd6ed2f224efda,real_coco,data/CompEval-00356-of-00413.parquet,4,3,000000256439.jpg,JPEG,DFGAN,,COCO,test,0,GAN,test_external_unseen_v3_additions/real/cf_external_unseen_v3_real_coco_e6cd6ed2f224efda_000000256439.jpg.jpg,complete
cf_external_unseen_v3_real_coco_e6f825bf61c473b7,real_coco,data/CompEval-00354-of-00413.parquet,0,3,000000148434.jpg,JPEG,DFGAN,,COCO,test,0,GAN,test_external_unseen_v3_additions/real/cf_external_unseen_v3_real_coco_e6f825bf61c473b7_000000148434.jpg.jpg,complete
cf_external_unseen_v3_real_coco_e6f87999bdd33ade,real_coco,data/CompEval-00355-of-00413.parquet,2,8,000000373885.jpg,JPEG,DFGAN,,COCO,test,0,GAN,test_external_unseen_v3_additions/real/cf_external_unseen_v3_real_coco_e6f87999bdd33ade_000000373885.jpg.jpg,complete
cf_external_unseen_v3_real_coco_ea16f484300155d0,real_coco,data/CompEval-00353-of-00413.parquet,4,8,000000055817.jpg,JPEG,DFGAN,,COCO,test,0,GAN,test_external_unseen_v3_additions/real/cf_external_unseen_v3_real_coco_ea16f484300155d0_000000055817.jpg.jpg,complete
cf_external_unseen_v3_real_coco_ea6da7a0d83e5a1a,real_coco,data/CompEval-00354-of-00413.parquet,4,20,000000399371.jpg,JPEG,DFGAN,,COCO,test,0,GAN,test_external_unseen_v3_additions/real/cf_external_unseen_v3_real_coco_ea6da7a0d83e5a1a_000000399371.jpg.jpg,complete
cf_external_unseen_v3_real_coco_eb54153c6f0bcc78,real_coco,data/CompEval-00351-of-00413.parquet,0,24,000000287609.jpg,JPEG,DFGAN,,COCO,test,0,GAN,test_external_unseen_v3_additions/real/cf_external_unseen_v3_real_coco_eb54153c6f0bcc78_000000287609.jpg.jpg,complete
cf_external_unseen_v3_real_coco_ecaf59adb9c99d73,real_coco,data/CompEval-00354-of-00413.parquet,3,13,000000476877.jpg,JPEG,DFGAN,,COCO,test,0,GAN,test_external_unseen_v3_additions/real/cf_external_unseen_v3_real_coco_ecaf59adb9c99d73_000000476877.jpg.jpg,complete
cf_external_unseen_v3_real_coco_ecbe3f980eacd164,real_coco,data/CompEval-00351-of-00413.parquet,2,15,000000455457.jpg,JPEG,DFGAN,,COCO,test,0,GAN,test_external_unseen_v3_additions/real/cf_external_unseen_v3_real_coco_ecbe3f980eacd164_000000455457.jpg.jpg,complete
cf_external_unseen_v3_real_coco_ed08b33a7f17d71a,real_coco,data/CompEval-00356-of-00413.parquet,2,22,000000073100.jpg,JPEG,DFGAN,,COCO,test,0,GAN,test_external_unseen_v3_additions/real/cf_external_unseen_v3_real_coco_ed08b33a7f17d71a_000000073100.jpg.jpg,complete
cf_external_unseen_v3_real_coco_ed49f33991624b4b,real_coco,data/CompEval-00353-of-00413.parquet,3,0,000000290470.jpg,JPEG,DFGAN,,COCO,test,0,GAN,test_external_unseen_v3_additions/real/cf_external_unseen_v3_real_coco_ed49f33991624b4b_000000290470.jpg.jpg,complete
cf_external_unseen_v3_real_coco_ee11fbf05313d74a,real_coco,data/CompEval-00350-of-00413.parquet,2,5,000000370734.jpg,JPEG,DFGAN,,COCO,test,0,GAN,test_external_unseen_v3_additions/real/cf_external_unseen_v3_real_coco_ee11fbf05313d74a_000000370734.jpg.jpg,complete
cf_external_unseen_v3_real_coco_f02101ddfc4dccba,real_coco,data/CompEval-00356-of-00413.parquet,2,5,000000060926.jpg,JPEG,DFGAN,,COCO,test,0,GAN,test_external_unseen_v3_additions/real/cf_external_unseen_v3_real_coco_f02101ddfc4dccba_000000060926.jpg.jpg,complete
cf_external_unseen_v3_real_coco_f07fd159d4cf82db,real_coco,data/CompEval-00352-of-00413.parquet,2,11,000000345039.jpg,JPEG,DFGAN,,COCO,test,0,GAN,test_external_unseen_v3_additions/real/cf_external_unseen_v3_real_coco_f07fd159d4cf82db_000000345039.jpg.jpg,complete
cf_external_unseen_v3_real_coco_f0f96fc497f52487,real_coco,data/CompEval-00353-of-00413.parquet,4,23,000000359297.jpg,JPEG,DFGAN,,COCO,test,0,GAN,test_external_unseen_v3_additions/real/cf_external_unseen_v3_real_coco_f0f96fc497f52487_000000359297.jpg.jpg,complete
cf_external_unseen_v3_real_coco_f19ea46d6016d84d,real_coco,data/CompEval-00354-of-00413.parquet,4,17,000000138657.jpg,JPEG,DFGAN,,COCO,test,0,GAN,test_external_unseen_v3_additions/real/cf_external_unseen_v3_real_coco_f19ea46d6016d84d_000000138657.jpg.jpg,complete
cf_external_unseen_v3_real_coco_f1e09758e2c4e7ae,real_coco,data/CompEval-00355-of-00413.parquet,0,14,000000070521.jpg,JPEG,DFGAN,,COCO,test,0,GAN,test_external_unseen_v3_additions/real/cf_external_unseen_v3_real_coco_f1e09758e2c4e7ae_000000070521.jpg.jpg,complete
cf_external_unseen_v3_real_coco_f305b07de0deb08f,real_coco,data/CompEval-00350-of-00413.parquet,3,20,000000440770.jpg,JPEG,DFGAN,,COCO,test,0,GAN,test_external_unseen_v3_additions/real/cf_external_unseen_v3_real_coco_f305b07de0deb08f_000000440770.jpg.jpg,complete
cf_external_unseen_v3_real_coco_f345eff84cc0eb7e,real_coco,data/CompEval-00355-of-00413.parquet,4,5,000000546947.jpg,JPEG,DFGAN,,COCO,test,0,GAN,test_external_unseen_v3_additions/real/cf_external_unseen_v3_real_coco_f345eff84cc0eb7e_000000546947.jpg.jpg,complete
cf_external_unseen_v3_real_coco_f4704dd430096a04,real_coco,data/CompEval-00355-of-00413.parquet,4,13,000000450622.jpg,JPEG,DFGAN,,COCO,test,0,GAN,test_external_unseen_v3_additions/real/cf_external_unseen_v3_real_coco_f4704dd430096a04_000000450622.jpg.jpg,complete
cf_external_unseen_v3_real_coco_f85e4c1f782c7c3f,real_coco,data/CompEval-00356-of-00413.parquet,2,18,000000401590.jpg,JPEG,DFGAN,,COCO,test,0,GAN,test_external_unseen_v3_additions/real/cf_external_unseen_v3_real_coco_f85e4c1f782c7c3f_000000401590.jpg.jpg,complete
cf_external_unseen_v3_real_coco_f9250512aa22881b,real_coco,data/CompEval-00355-of-00413.parquet,4,0,000000068727.jpg,JPEG,DFGAN,,COCO,test,0,GAN,test_external_unseen_v3_additions/real/cf_external_unseen_v3_real_coco_f9250512aa22881b_000000068727.jpg.jpg,complete
cf_external_unseen_v3_real_coco_f997aafbb72d6049,real_coco,data/CompEval-00356-of-00413.parquet,4,7,000000267838.jpg,JPEG,DFGAN,,COCO,test,0,GAN,test_external_unseen_v3_additions/real/cf_external_unseen_v3_real_coco_f997aafbb72d6049_000000267838.jpg.jpg,complete
cf_external_unseen_v3_real_coco_faadd1fccae0922e,real_coco,data/CompEval-00355-of-00413.parquet,0,7,000000033778.jpg,JPEG,DFGAN,,COCO,test,0,GAN,test_external_unseen_v3_additions/real/cf_external_unseen_v3_real_coco_faadd1fccae0922e_000000033778.jpg.jpg,complete
cf_external_unseen_v3_real_coco_fb5f2923eff6c4a3,real_coco,data/CompEval-00356-of-00413.parquet,4,16,000000035073.jpg,JPEG,DFGAN,,COCO,test,0,GAN,test_external_unseen_v3_additions/real/cf_external_unseen_v3_real_coco_fb5f2923eff6c4a3_000000035073.jpg.jpg,complete
cf_external_unseen_v3_real_coco_fc6a352ddb11d6d2,real_coco,data/CompEval-00357-of-00413.parquet,0,5,000000533021.jpg,JPEG,DFGAN,,COCO,test,0,GAN,test_external_unseen_v3_additions/real/cf_external_unseen_v3_real_coco_fc6a352ddb11d6d2_000000533021.jpg.jpg,complete
cf_external_unseen_v3_real_coco_fda70247f9695e8d,real_coco,data/CompEval-00350-of-00413.parquet,3,18,000000361545.jpg,JPEG,DFGAN,,COCO,test,0,GAN,test_external_unseen_v3_additions/real/cf_external_unseen_v3_real_coco_fda70247f9695e8d_000000361545.jpg.jpg,complete
cf_external_unseen_v3_real_coco_ff3694fab29be4eb,real_coco,data/CompEval-00351-of-00413.parquet,2,14,000000259949.jpg,JPEG,DFGAN,,COCO,test,0,GAN,test_external_unseen_v3_additions/real/cf_external_unseen_v3_real_coco_ff3694fab29be4eb_000000259949.jpg.jpg,complete
cf_external_unseen_v3_real_ffhq_00d26a9a1015e076,real_ffhq,data/CompEval-00277-of-00413.parquet,2,21,50850.png,PNG,Hourglass,,FFHQ,test,0,PixDiff,test_external_unseen_v3_additions/real/cf_external_unseen_v3_real_ffhq_00d26a9a1015e076_50850.png.png,complete
cf_external_unseen_v3_real_ffhq_0231fa8b8d7e6e90,real_ffhq,data/CompEval-00277-of-00413.parquet,2,6,63352.png,PNG,Hourglass,,FFHQ,test,0,PixDiff,test_external_unseen_v3_additions/real/cf_external_unseen_v3_real_ffhq_0231fa8b8d7e6e90_63352.png.png,complete
cf_external_unseen_v3_real_ffhq_02503abbfac422e8,real_ffhq,data/CompEval-00107-of-00413.parquet,3,23,19576.png,PNG,Hourglass,,FFHQ,test,0,PixDiff,test_external_unseen_v3_additions/real/cf_external_unseen_v3_real_ffhq_02503abbfac422e8_19576.png.png,complete
cf_external_unseen_v3_real_ffhq_04a97b4eb1ec8531,real_ffhq,data/CompEval-00107-of-00413.parquet,0,13,37754.png,PNG,Hourglass,,FFHQ,test,0,PixDiff,test_external_unseen_v3_additions/real/cf_external_unseen_v3_real_ffhq_04a97b4eb1ec8531_37754.png.png,complete
cf_external_unseen_v3_real_ffhq_06050d5e45e6bba8,real_ffhq,data/CompEval-00277-of-00413.parquet,2,14,44292.png,PNG,Hourglass,,FFHQ,test,0,PixDiff,test_external_unseen_v3_additions/real/cf_external_unseen_v3_real_ffhq_06050d5e45e6bba8_44292.png.png,complete
cf_external_unseen_v3_real_ffhq_06ab1abf05d4388c,real_ffhq,data/CompEval-00271-of-00413.parquet,1,22,35375.png,PNG,Hourglass,,FFHQ,test,0,PixDiff,test_external_unseen_v3_additions/real/cf_external_unseen_v3_real_ffhq_06ab1abf05d4388c_35375.png.png,complete
cf_external_unseen_v3_real_ffhq_075701b665d6dd41,real_ffhq,data/CompEval-00108-of-00413.parquet,0,3,49170.png,PNG,Hourglass,,FFHQ,test,0,PixDiff,test_external_unseen_v3_additions/real/cf_external_unseen_v3_real_ffhq_075701b665d6dd41_49170.png.png,complete
cf_external_unseen_v3_real_ffhq_07ee7f31b6c9ed77,real_ffhq,data/CompEval-00106-of-00413.parquet,2,2,25715.png,PNG,Hourglass,,FFHQ,test,0,PixDiff,test_external_unseen_v3_additions/real/cf_external_unseen_v3_real_ffhq_07ee7f31b6c9ed77_25715.png.png,complete
cf_external_unseen_v3_real_ffhq_08117cf18ec04eb5,real_ffhq,data/CompEval-00108-of-00413.parquet,0,6,07462.png,PNG,Hourglass,,FFHQ,test,0,PixDiff,test_external_unseen_v3_additions/real/cf_external_unseen_v3_real_ffhq_08117cf18ec04eb5_07462.png.png,complete
cf_external_unseen_v3_real_ffhq_0975aa63c45d8ba4,real_ffhq,data/CompEval-00105-of-00413.parquet,4,16,00990.png,PNG,Hourglass,,FFHQ,test,0,PixDiff,test_external_unseen_v3_additions/real/cf_external_unseen_v3_real_ffhq_0975aa63c45d8ba4_00990.png.png,complete
cf_external_unseen_v3_real_ffhq_0b0d8c2d543c1e8b,real_ffhq,data/CompEval-00106-of-00413.parquet,2,12,15124.png,PNG,Hourglass,,FFHQ,test,0,PixDiff,test_external_unseen_v3_additions/real/cf_external_unseen_v3_real_ffhq_0b0d8c2d543c1e8b_15124.png.png,complete
cf_external_unseen_v3_real_ffhq_0c2241ac78ae7eb6,real_ffhq,data/CompEval-00106-of-00413.parquet,2,17,38952.png,PNG,Hourglass,,FFHQ,test,0,PixDiff,test_external_unseen_v3_additions/real/cf_external_unseen_v3_real_ffhq_0c2241ac78ae7eb6_38952.png.png,complete
cf_external_unseen_v3_real_ffhq_0cafd3fddab4a720,real_ffhq,data/CompEval-00277-of-00413.parquet,4,6,14133.png,PNG,Hourglass,,FFHQ,test,0,PixDiff,test_external_unseen_v3_additions/real/cf_external_unseen_v3_real_ffhq_0cafd3fddab4a720_14133.png.png,complete
cf_external_unseen_v3_real_ffhq_0df0d69ebec23a8c,real_ffhq,data/CompEval-00277-of-00413.parquet,4,22,59428.png,PNG,Hourglass,,FFHQ,test,0,PixDiff,test_external_unseen_v3_additions/real/cf_external_unseen_v3_real_ffhq_0df0d69ebec23a8c_59428.png.png,complete
cf_external_unseen_v3_real_ffhq_0fb3a1ded2505e01,real_ffhq,data/CompEval-00109-of-00413.parquet,1,15,23100.png,PNG,Hourglass,,FFHQ,test,0,PixDiff,test_external_unseen_v3_additions/real/cf_external_unseen_v3_real_ffhq_0fb3a1ded2505e01_23100.png.png,complete
cf_external_unseen_v3_real_ffhq_105c9f4cfac88a7c,real_ffhq,data/CompEval-00107-of-00413.parquet,2,0,45583.png,PNG,Hourglass,,FFHQ,test,0,PixDiff,test_external_unseen_v3_additions/real/cf_external_unseen_v3_real_ffhq_105c9f4cfac88a7c_45583.png.png,complete
cf_external_unseen_v3_real_ffhq_12b339f6b38949db,real_ffhq,data/CompEval-00271-of-00413.parquet,2,11,33575.png,PNG,Hourglass,,FFHQ,test,0,PixDiff,test_external_unseen_v3_additions/real/cf_external_unseen_v3_real_ffhq_12b339f6b38949db_33575.png.png,complete
cf_external_unseen_v3_real_ffhq_13214dacd1a4a753,real_ffhq,data/CompEval-00107-of-00413.parquet,3,2,02450.png,PNG,Hourglass,,FFHQ,test,0,PixDiff,test_external_unseen_v3_additions/real/cf_external_unseen_v3_real_ffhq_13214dacd1a4a753_02450.png.png,complete
cf_external_unseen_v3_real_ffhq_13852c1bfadb2b82,real_ffhq,data/CompEval-00271-of-00413.parquet,1,18,07924.png,PNG,Hourglass,,FFHQ,test,0,PixDiff,test_external_unseen_v3_additions/real/cf_external_unseen_v3_real_ffhq_13852c1bfadb2b82_07924.png.png,complete
cf_external_unseen_v3_real_ffhq_13fcce15ba978ea6,real_ffhq,data/CompEval-00108-of-00413.parquet,0,12,57905.png,PNG,Hourglass,,FFHQ,test,0,PixDiff,test_external_unseen_v3_additions/real/cf_external_unseen_v3_real_ffhq_13fcce15ba978ea6_57905.png.png,complete
cf_external_unseen_v3_real_ffhq_142b53ff4e5e2a06,real_ffhq,data/CompEval-00277-of-00413.parquet,0,12,34771.png,PNG,Hourglass,,FFHQ,test,0,PixDiff,test_external_unseen_v3_additions/real/cf_external_unseen_v3_real_ffhq_142b53ff4e5e2a06_34771.png.png,complete
cf_external_unseen_v3_real_ffhq_1477e3b3538a7f31,real_ffhq,data/CompEval-00277-of-00413.parquet,4,18,18701.png,PNG,Hourglass,,FFHQ,test,0,PixDiff,test_external_unseen_v3_additions/real/cf_external_unseen_v3_real_ffhq_1477e3b3538a7f31_18701.png.png,complete
cf_external_unseen_v3_real_ffhq_15857e43f5862f63,real_ffhq,data/CompEval-00277-of-00413.parquet,4,23,65603.png,PNG,Hourglass,,FFHQ,test,0,PixDiff,test_external_unseen_v3_additions/real/cf_external_unseen_v3_real_ffhq_15857e43f5862f63_65603.png.png,complete
cf_external_unseen_v3_real_ffhq_163c79f1735b76c2,real_ffhq,data/CompEval-00107-of-00413.parquet,4,2,27516.png,PNG,Hourglass,,FFHQ,test,0,PixDiff,test_external_unseen_v3_additions/real/cf_external_unseen_v3_real_ffhq_163c79f1735b76c2_27516.png.png,complete
cf_external_unseen_v3_real_ffhq_16af3728bdbd22c9,real_ffhq,data/CompEval-00107-of-00413.parquet,2,11,04242.png,PNG,Hourglass,,FFHQ,test,0,PixDiff,test_external_unseen_v3_additions/real/cf_external_unseen_v3_real_ffhq_16af3728bdbd22c9_04242.png.png,complete
cf_external_unseen_v3_real_ffhq_16c190392ab15ddd,real_ffhq,data/CompEval-00107-of-00413.parquet,0,15,28386.png,PNG,Hourglass,,FFHQ,test,0,PixDiff,test_external_unseen_v3_additions/real/cf_external_unseen_v3_real_ffhq_16c190392ab15ddd_28386.png.png,complete
cf_external_unseen_v3_real_ffhq_17894fcb148797cc,real_ffhq,data/CompEval-00107-of-00413.parquet,0,22,20381.png,PNG,Hourglass,,FFHQ,test,0,PixDiff,test_external_unseen_v3_additions/real/cf_external_unseen_v3_real_ffhq_17894fcb148797cc_20381.png.png,complete
cf_external_unseen_v3_real_ffhq_17c83fcc0a6cca8e,real_ffhq,data/CompEval-00277-of-00413.parquet,4,1,57572.png,PNG,Hourglass,,FFHQ,test,0,PixDiff,test_external_unseen_v3_additions/real/cf_external_unseen_v3_real_ffhq_17c83fcc0a6cca8e_57572.png.png,complete
cf_external_unseen_v3_real_ffhq_183c1e9c2399fda1,real_ffhq,data/CompEval-00105-of-00413.parquet,4,12,12816.png,PNG,Hourglass,,FFHQ,test,0,PixDiff,test_external_unseen_v3_additions/real/cf_external_unseen_v3_real_ffhq_183c1e9c2399fda1_12816.png.png,complete
cf_external_unseen_v3_real_ffhq_1848cdf2709ca1a4,real_ffhq,data/CompEval-00109-of-00413.parquet,3,24,60607.png,PNG,Hourglass,,FFHQ,test,0,PixDiff,test_external_unseen_v3_additions/real/cf_external_unseen_v3_real_ffhq_1848cdf2709ca1a4_60607.png.png,complete
cf_external_unseen_v3_real_ffhq_18d0c7d1a31477a5,real_ffhq,data/CompEval-00104-of-00413.parquet,0,14,13801.png,PNG,Hourglass,,FFHQ,test,0,PixDiff,test_external_unseen_v3_additions/real/cf_external_unseen_v3_real_ffhq_18d0c7d1a31477a5_13801.png.png,complete
cf_external_unseen_v3_real_ffhq_18f81f8d1de70756,real_ffhq,data/CompEval-00106-of-00413.parquet,2,16,50847.png,PNG,Hourglass,,FFHQ,test,0,PixDiff,test_external_unseen_v3_additions/real/cf_external_unseen_v3_real_ffhq_18f81f8d1de70756_50847.png.png,complete
cf_external_unseen_v3_real_ffhq_197a307e97d9557d,real_ffhq,data/CompEval-00277-of-00413.parquet,3,3,32342.png,PNG,Hourglass,,FFHQ,test,0,PixDiff,test_external_unseen_v3_additions/real/cf_external_unseen_v3_real_ffhq_197a307e97d9557d_32342.png.png,complete
cf_external_unseen_v3_real_ffhq_1b70c70d4586e629,real_ffhq,data/CompEval-00104-of-00413.parquet,0,17,26188.png,PNG,Hourglass,,FFHQ,test,0,PixDiff,test_external_unseen_v3_additions/real/cf_external_unseen_v3_real_ffhq_1b70c70d4586e629_26188.png.png,complete
cf_external_unseen_v3_real_ffhq_1cdb20bc50698c2d,real_ffhq,data/CompEval-00277-of-00413.parquet,3,12,57441.png,PNG,Hourglass,,FFHQ,test,0,PixDiff,test_external_unseen_v3_additions/real/cf_external_unseen_v3_real_ffhq_1cdb20bc50698c2d_57441.png.png,complete
cf_external_unseen_v3_real_ffhq_1dbfb8489654e201,real_ffhq,data/CompEval-00105-of-00413.parquet,4,24,25448.png,PNG,Hourglass,,FFHQ,test,0,PixDiff,test_external_unseen_v3_additions/real/cf_external_unseen_v3_real_ffhq_1dbfb8489654e201_25448.png.png,complete
cf_external_unseen_v3_real_ffhq_1eb0ae6b499badd5,real_ffhq,data/CompEval-00107-of-00413.parquet,2,20,11284.png,PNG,Hourglass,,FFHQ,test,0,PixDiff,test_external_unseen_v3_additions/real/cf_external_unseen_v3_real_ffhq_1eb0ae6b499badd5_11284.png.png,complete
cf_external_unseen_v3_real_ffhq_1ec813aac31b6896,real_ffhq,data/CompEval-00107-of-00413.parquet,3,15,47495.png,PNG,Hourglass,,FFHQ,test,0,PixDiff,test_external_unseen_v3_additions/real/cf_external_unseen_v3_real_ffhq_1ec813aac31b6896_47495.png.png,complete
cf_external_unseen_v3_real_ffhq_1f54a08c094f7a7c,real_ffhq,data/CompEval-00277-of-00413.parquet,0,2,26734.png,PNG,Hourglass,,FFHQ,test,0,PixDiff,test_external_unseen_v3_additions/real/cf_external_unseen_v3_real_ffhq_1f54a08c094f7a7c_26734.png.png,complete
cf_external_unseen_v3_real_ffhq_222d69fe1ee7fb35,real_ffhq,data/CompEval-00108-of-00413.parquet,0,21,04384.png,PNG,Hourglass,,FFHQ,test,0,PixDiff,test_external_unseen_v3_additions/real/cf_external_unseen_v3_real_ffhq_222d69fe1ee7fb35_04384.png.png,complete
cf_external_unseen_v3_real_ffhq_2278cd7b35093cb2,real_ffhq,data/CompEval-00107-of-00413.parquet,4,4,18840.png,PNG,Hourglass,,FFHQ,test,0,PixDiff,test_external_unseen_v3_additions/real/cf_external_unseen_v3_real_ffhq_2278cd7b35093cb2_18840.png.png,complete
cf_external_unseen_v3_real_ffhq_2283fd806b9c50dc,real_ffhq,data/CompEval-00107-of-00413.parquet,4,18,20228.png,PNG,Hourglass,,FFHQ,test,0,PixDiff,test_external_unseen_v3_additions/real/cf_external_unseen_v3_real_ffhq_2283fd806b9c50dc_20228.png.png,complete
cf_external_unseen_v3_real_ffhq_228fd54e3907b9b8,real_ffhq,data/CompEval-00106-of-00413.parquet,2,20,17057.png,PNG,Hourglass,,FFHQ,test,0,PixDiff,test_external_unseen_v3_additions/real/cf_external_unseen_v3_real_ffhq_228fd54e3907b9b8_17057.png.png,complete
cf_external_unseen_v3_real_ffhq_229c6a59b2e321a2,real_ffhq,data/CompEval-00104-of-00413.parquet,0,11,08629.png,PNG,Hourglass,,FFHQ,test,0,PixDiff,test_external_unseen_v3_additions/real/cf_external_unseen_v3_real_ffhq_229c6a59b2e321a2_08629.png.png,complete
cf_external_unseen_v3_real_ffhq_22dc996002846317,real_ffhq,data/CompEval-00104-of-00413.parquet,0,4,28695.png,PNG,Hourglass,,FFHQ,test,0,PixDiff,test_external_unseen_v3_additions/real/cf_external_unseen_v3_real_ffhq_22dc996002846317_28695.png.png,complete
cf_external_unseen_v3_real_ffhq_235f756eaf4ba353,real_ffhq,data/CompEval-00107-of-00413.parquet,0,6,54391.png,PNG,Hourglass,,FFHQ,test,0,PixDiff,test_external_unseen_v3_additions/real/cf_external_unseen_v3_real_ffhq_235f756eaf4ba353_54391.png.png,complete
cf_external_unseen_v3_real_ffhq_2686c2fc67cdad85,real_ffhq,data/CompEval-00108-of-00413.parquet,0,19,24409.png,PNG,Hourglass,,FFHQ,test,0,PixDiff,test_external_unseen_v3_additions/real/cf_external_unseen_v3_real_ffhq_2686c2fc67cdad85_24409.png.png,complete
cf_external_unseen_v3_real_ffhq_27700bdf95c6159a,real_ffhq,data/CompEval-00109-of-00413.parquet,3,11,16450.png,PNG,Hourglass,,FFHQ,test,0,PixDiff,test_external_unseen_v3_additions/real/cf_external_unseen_v3_real_ffhq_27700bdf95c6159a_16450.png.png,complete
cf_external_unseen_v3_real_ffhq_288d25fe1f774f41,real_ffhq,data/CompEval-00109-of-00413.parquet,4,0,07756.png,PNG,Hourglass,,FFHQ,test,0,PixDiff,test_external_unseen_v3_additions/real/cf_external_unseen_v3_real_ffhq_288d25fe1f774f41_07756.png.png,complete
cf_external_unseen_v3_real_ffhq_2b8732a52759f202,real_ffhq,data/CompEval-00105-of-00413.parquet,4,21,31142.png,PNG,Hourglass,,FFHQ,test,0,PixDiff,test_external_unseen_v3_additions/real/cf_external_unseen_v3_real_ffhq_2b8732a52759f202_31142.png.png,complete
cf_external_unseen_v3_real_ffhq_2cbfa784c4ebdf6e,real_ffhq,data/CompEval-00109-of-00413.parquet,1,14,14377.png,PNG,Hourglass,,FFHQ,test,0,PixDiff,test_external_unseen_v3_additions/real/cf_external_unseen_v3_real_ffhq_2cbfa784c4ebdf6e_14377.png.png,complete
cf_external_unseen_v3_real_ffhq_2de42a8ce7bb31f2,real_ffhq,data/CompEval-00271-of-00413.parquet,1,5,24948.png,PNG,Hourglass,,FFHQ,test,0,PixDiff,test_external_unseen_v3_additions/real/cf_external_unseen_v3_real_ffhq_2de42a8ce7bb31f2_24948.png.png,complete
cf_external_unseen_v3_real_ffhq_329c900ab461bdff,real_ffhq,data/CompEval-00277-of-00413.parquet,4,10,32927.png,PNG,Hourglass,,FFHQ,test,0,PixDiff,test_external_unseen_v3_additions/real/cf_external_unseen_v3_real_ffhq_329c900ab461bdff_32927.png.png,complete
cf_external_unseen_v3_real_ffhq_32b181d51330fd2d,real_ffhq,data/CompEval-00277-of-00413.parquet,0,9,67401.png,PNG,Hourglass,,FFHQ,test,0,PixDiff,test_external_unseen_v3_additions/real/cf_external_unseen_v3_real_ffhq_32b181d51330fd2d_67401.png.png,complete
cf_external_unseen_v3_real_ffhq_3333c35033b16636,real_ffhq,data/CompEval-00277-of-00413.parquet,3,23,57156.png,PNG,Hourglass,,FFHQ,test,0,PixDiff,test_external_unseen_v3_additions/real/cf_external_unseen_v3_real_ffhq_3333c35033b16636_57156.png.png,complete
cf_external_unseen_v3_real_ffhq_33666dbdea308b5e,real_ffhq,data/CompEval-00107-of-00413.parquet,2,8,15645.png,PNG,Hourglass,,FFHQ,test,0,PixDiff,test_external_unseen_v3_additions/real/cf_external_unseen_v3_real_ffhq_33666dbdea308b5e_15645.png.png,complete
cf_external_unseen_v3_real_ffhq_3580912939888c3c,real_ffhq,data/CompEval-00108-of-00413.parquet,0,5,32831.png,PNG,Hourglass,,FFHQ,test,0,PixDiff,test_external_unseen_v3_additions/real/cf_external_unseen_v3_real_ffhq_3580912939888c3c_32831.png.png,complete
cf_external_unseen_v3_real_ffhq_359f7cd4a9f0a77c,real_ffhq,data/CompEval-00105-of-00413.parquet,4,13,46628.png,PNG,Hourglass,,FFHQ,test,0,PixDiff,test_external_unseen_v3_additions/real/cf_external_unseen_v3_real_ffhq_359f7cd4a9f0a77c_46628.png.png,complete
cf_external_unseen_v3_real_ffhq_36089aaeac632aba,real_ffhq,data/CompEval-00107-of-00413.parquet,4,22,29652.png,PNG,Hourglass,,FFHQ,test,0,PixDiff,test_external_unseen_v3_additions/real/cf_external_unseen_v3_real_ffhq_36089aaeac632aba_29652.png.png,complete
cf_external_unseen_v3_real_ffhq_3751d014cb02fdb5,real_ffhq,data/CompEval-00277-of-00413.parquet,2,11,32461.png,PNG,Hourglass,,FFHQ,test,0,PixDiff,test_external_unseen_v3_additions/real/cf_external_unseen_v3_real_ffhq_3751d014cb02fdb5_32461.png.png,complete
cf_external_unseen_v3_real_ffhq_3897a4c13c74d7ce,real_ffhq,data/CompEval-00106-of-00413.parquet,2,8,37266.png,PNG,Hourglass,,FFHQ,test,0,PixDiff,test_external_unseen_v3_additions/real/cf_external_unseen_v3_real_ffhq_3897a4c13c74d7ce_37266.png.png,complete
cf_external_unseen_v3_real_ffhq_38993f6ff07749fa,real_ffhq,data/CompEval-00109-of-00413.parquet,3,6,62787.png,PNG,Hourglass,,FFHQ,test,0,PixDiff,test_external_unseen_v3_additions/real/cf_external_unseen_v3_real_ffhq_38993f6ff07749fa_62787.png.png,complete
cf_external_unseen_v3_real_ffhq_3948b17b329c724b,real_ffhq,data/CompEval-00277-of-00413.parquet,4,12,68628.png,PNG,Hourglass,,FFHQ,test,0,PixDiff,test_external_unseen_v3_additions/real/cf_external_unseen_v3_real_ffhq_3948b17b329c724b_68628.png.png,complete
cf_external_unseen_v3_real_ffhq_3a437888b6799a2b,real_ffhq,data/CompEval-00107-of-00413.parquet,2,4,21548.png,PNG,Hourglass,,FFHQ,test,0,PixDiff,test_external_unseen_v3_additions/real/cf_external_unseen_v3_real_ffhq_3a437888b6799a2b_21548.png.png,complete
cf_external_unseen_v3_real_ffhq_3af0e6172e4ae396,real_ffhq,data/CompEval-00107-of-00413.parquet,3,16,36401.png,PNG,Hourglass,,FFHQ,test,0,PixDiff,test_external_unseen_v3_additions/real/cf_external_unseen_v3_real_ffhq_3af0e6172e4ae396_36401.png.png,complete
cf_external_unseen_v3_real_ffhq_3b4a1e76da1b6023,real_ffhq,data/CompEval-00104-of-00413.parquet,0,21,50607.png,PNG,Hourglass,,FFHQ,test,0,PixDiff,test_external_unseen_v3_additions/real/cf_external_unseen_v3_real_ffhq_3b4a1e76da1b6023_50607.png.png,complete
cf_external_unseen_v3_real_ffhq_3ccfeb0baad4542b,real_ffhq,data/CompEval-00107-of-00413.parquet,0,4,60533.png,PNG,Hourglass,,FFHQ,test,0,PixDiff,test_external_unseen_v3_additions/real/cf_external_unseen_v3_real_ffhq_3ccfeb0baad4542b_60533.png.png,complete
cf_external_unseen_v3_real_ffhq_3cd79f3cdba5a53e,real_ffhq,data/CompEval-00277-of-00413.parquet,3,21,14568.png,PNG,Hourglass,,FFHQ,test,0,PixDiff,test_external_unseen_v3_additions/real/cf_external_unseen_v3_real_ffhq_3cd79f3cdba5a53e_14568.png.png,complete
cf_external_unseen_v3_real_ffhq_3d767afb3163bd4c,real_ffhq,data/CompEval-00109-of-00413.parquet,3,15,03302.png,PNG,Hourglass,,FFHQ,test,0,PixDiff,test_external_unseen_v3_additions/real/cf_external_unseen_v3_real_ffhq_3d767afb3163bd4c_03302.png.png,complete
cf_external_unseen_v3_real_ffhq_3ee37e8212b45127,real_ffhq,data/CompEval-00109-of-00413.parquet,4,10,55974.png,PNG,Hourglass,,FFHQ,test,0,PixDiff,test_external_unseen_v3_additions/real/cf_external_unseen_v3_real_ffhq_3ee37e8212b45127_55974.png.png,complete
cf_external_unseen_v3_real_ffhq_3f67d7f82a8c9c00,real_ffhq,data/CompEval-00271-of-00413.parquet,1,8,04301.png,PNG,Hourglass,,FFHQ,test,0,PixDiff,test_external_unseen_v3_additions/real/cf_external_unseen_v3_real_ffhq_3f67d7f82a8c9c00_04301.png.png,complete
cf_external_unseen_v3_real_ffhq_3fcdf7fb2fed61f9,real_ffhq,data/CompEval-00277-of-00413.parquet,4,16,18359.png,PNG,Hourglass,,FFHQ,test,0,PixDiff,test_external_unseen_v3_additions/real/cf_external_unseen_v3_real_ffhq_3fcdf7fb2fed61f9_18359.png.png,complete
cf_external_unseen_v3_real_ffhq_4041418035df2ee7,real_ffhq,data/CompEval-00106-of-00413.parquet,2,9,62817.png,PNG,Hourglass,,FFHQ,test,0,PixDiff,test_external_unseen_v3_additions/real/cf_external_unseen_v3_real_ffhq_4041418035df2ee7_62817.png.png,complete
cf_external_unseen_v3_real_ffhq_408f8c6c85f19244,real_ffhq,data/CompEval-00107-of-00413.parquet,4,7,52119.png,PNG,Hourglass,,FFHQ,test,0,PixDiff,test_external_unseen_v3_additions/real/cf_external_unseen_v3_real_ffhq_408f8c6c85f19244_52119.png.png,complete
cf_external_unseen_v3_real_ffhq_40986d0f06dde1d6,real_ffhq,data/CompEval-00277-of-00413.parquet,4,9,10467.png,PNG,Hourglass,,FFHQ,test,0,PixDiff,test_external_unseen_v3_additions/real/cf_external_unseen_v3_real_ffhq_40986d0f06dde1d6_10467.png.png,complete
cf_external_unseen_v3_real_ffhq_40e93c16b3a809c7,real_ffhq,data/CompEval-00107-of-00413.parquet,2,6,66183.png,PNG,Hourglass,,FFHQ,test,0,PixDiff,test_external_unseen_v3_additions/real/cf_external_unseen_v3_real_ffhq_40e93c16b3a809c7_66183.png.png,complete
cf_external_unseen_v3_real_ffhq_4284312f4017accc,real_ffhq,data/CompEval-00107-of-00413.parquet,2,15,03124.png,PNG,Hourglass,,FFHQ,test,0,PixDiff,test_external_unseen_v3_additions/real/cf_external_unseen_v3_real_ffhq_4284312f4017accc_03124.png.png,complete
cf_external_unseen_v3_real_ffhq_43a6aa27620b1a9d,real_ffhq,data/CompEval-00107-of-00413.parquet,3,19,39820.png,PNG,Hourglass,,FFHQ,test,0,PixDiff,test_external_unseen_v3_additions/real/cf_external_unseen_v3_real_ffhq_43a6aa27620b1a9d_39820.png.png,complete
cf_external_unseen_v3_real_ffhq_4724fd044304ab8d,real_ffhq,data/CompEval-00104-of-00413.parquet,0,7,50342.png,PNG,Hourglass,,FFHQ,test,0,PixDiff,test_external_unseen_v3_additions/real/cf_external_unseen_v3_real_ffhq_4724fd044304ab8d_50342.png.png,complete
cf_external_unseen_v3_real_ffhq_4985374a770cfc85,real_ffhq,data/CompEval-00277-of-00413.parquet,4,13,07432.png,PNG,Hourglass,,FFHQ,test,0,PixDiff,test_external_unseen_v3_additions/real/cf_external_unseen_v3_real_ffhq_4985374a770cfc85_07432.png.png,complete
cf_external_unseen_v3_real_ffhq_4c934d50da4bbbad,real_ffhq,data/CompEval-00109-of-00413.parquet,3,1,00843.png,PNG,Hourglass,,FFHQ,test,0,PixDiff,test_external_unseen_v3_additions/real/cf_external_unseen_v3_real_ffhq_4c934d50da4bbbad_00843.png.png,complete
cf_external_unseen_v3_real_ffhq_4f44008fb9338d74,real_ffhq,data/CompEval-00107-of-00413.parquet,0,7,66511.png,PNG,Hourglass,,FFHQ,test,0,PixDiff,test_external_unseen_v3_additions/real/cf_external_unseen_v3_real_ffhq_4f44008fb9338d74_66511.png.png,complete
cf_external_unseen_v3_real_ffhq_50a08f4d9c9f3470,real_ffhq,data/CompEval-00277-of-00413.parquet,3,16,09445.png,PNG,Hourglass,,FFHQ,test,0,PixDiff,test_external_unseen_v3_additions/real/cf_external_unseen_v3_real_ffhq_50a08f4d9c9f3470_09445.png.png,complete
cf_external_unseen_v3_real_ffhq_513718848b06492b,real_ffhq,data/CompEval-00277-of-00413.parquet,2,16,67733.png,PNG,Hourglass,,FFHQ,test,0,PixDiff,test_external_unseen_v3_additions/real/cf_external_unseen_v3_real_ffhq_513718848b06492b_67733.png.png,complete
cf_external_unseen_v3_real_ffhq_514e029c0a6348c9,real_ffhq,data/CompEval-00107-of-00413.parquet,4,17,41795.png,PNG,Hourglass,,FFHQ,test,0,PixDiff,test_external_unseen_v3_additions/real/cf_external_unseen_v3_real_ffhq_514e029c0a6348c9_41795.png.png,complete
cf_external_unseen_v3_real_ffhq_540360dcfd0e880f,real_ffhq,data/CompEval-00277-of-00413.parquet,4,7,57598.png,PNG,Hourglass,,FFHQ,test,0,PixDiff,test_external_unseen_v3_additions/real/cf_external_unseen_v3_real_ffhq_540360dcfd0e880f_57598.png.png,complete
cf_external_unseen_v3_real_ffhq_5517390c66ed3422,real_ffhq,data/CompEval-00271-of-00413.parquet,2,21,48257.png,PNG,Hourglass,,FFHQ,test,0,PixDiff,test_external_unseen_v3_additions/real/cf_external_unseen_v3_real_ffhq_5517390c66ed3422_48257.png.png,complete
cf_external_unseen_v3_real_ffhq_55acf65b9e20e99f,real_ffhq,data/CompEval-00271-of-00413.parquet,2,3,05405.png,PNG,Hourglass,,FFHQ,test,0,PixDiff,test_external_unseen_v3_additions/real/cf_external_unseen_v3_real_ffhq_55acf65b9e20e99f_05405.png.png,complete
cf_external_unseen_v3_real_ffhq_5651ec7f5061ef4e,real_ffhq,data/CompEval-00107-of-00413.parquet,3,14,43425.png,PNG,Hourglass,,FFHQ,test,0,PixDiff,test_external_unseen_v3_additions/real/cf_external_unseen_v3_real_ffhq_5651ec7f5061ef4e_43425.png.png,complete
cf_external_unseen_v3_real_ffhq_56608834b9549b48,real_ffhq,data/CompEval-00277-of-00413.parquet,2,1,32166.png,PNG,Hourglass,,FFHQ,test,0,PixDiff,test_external_unseen_v3_additions/real/cf_external_unseen_v3_real_ffhq_56608834b9549b48_32166.png.png,complete
cf_external_unseen_v3_real_ffhq_56743c8a8b3b5a5c,real_ffhq,data/CompEval-00104-of-00413.parquet,0,6,48658.png,PNG,Hourglass,,FFHQ,test,0,PixDiff,test_external_unseen_v3_additions/real/cf_external_unseen_v3_real_ffhq_56743c8a8b3b5a5c_48658.png.png,complete
cf_external_unseen_v3_real_ffhq_5761346715d0ef42,real_ffhq,data/CompEval-00277-of-00413.parquet,0,11,18385.png,PNG,Hourglass,,FFHQ,test,0,PixDiff,test_external_unseen_v3_additions/real/cf_external_unseen_v3_real_ffhq_5761346715d0ef42_18385.png.png,complete
cf_external_unseen_v3_real_ffhq_59b892903a09ca2b,real_ffhq,data/CompEval-00109-of-00413.parquet,1,16,60841.png,PNG,Hourglass,,FFHQ,test,0,PixDiff,test_external_unseen_v3_additions/real/cf_external_unseen_v3_real_ffhq_59b892903a09ca2b_60841.png.png,complete
cf_external_unseen_v3_real_ffhq_5a05cbfc6109e5ad,real_ffhq,data/CompEval-00271-of-00413.parquet,1,19,34878.png,PNG,Hourglass,,FFHQ,test,0,PixDiff,test_external_unseen_v3_additions/real/cf_external_unseen_v3_real_ffhq_5a05cbfc6109e5ad_34878.png.png,complete
cf_external_unseen_v3_real_ffhq_5a49c3cf560ce8d4,real_ffhq,data/CompEval-00105-of-00413.parquet,4,0,68028.png,PNG,Hourglass,,FFHQ,test,0,PixDiff,test_external_unseen_v3_additions/real/cf_external_unseen_v3_real_ffhq_5a49c3cf560ce8d4_68028.png.png,complete
cf_external_unseen_v3_real_ffhq_5d9d1e6f152d6d4a,real_ffhq,data/CompEval-00277-of-00413.parquet,3,0,62439.png,PNG,Hourglass,,FFHQ,test,0,PixDiff,test_external_unseen_v3_additions/real/cf_external_unseen_v3_real_ffhq_5d9d1e6f152d6d4a_62439.png.png,complete
cf_external_unseen_v3_real_ffhq_5e81d0e3f60b1f30,real_ffhq,data/CompEval-00107-of-00413.parquet,3,10,47194.png,PNG,Hourglass,,FFHQ,test,0,PixDiff,test_external_unseen_v3_additions/real/cf_external_unseen_v3_real_ffhq_5e81d0e3f60b1f30_47194.png.png,complete
cf_external_unseen_v3_real_ffhq_5fe9cc1e03439083,real_ffhq,data/CompEval-00277-of-00413.parquet,4,14,53940.png,PNG,Hourglass,,FFHQ,test,0,PixDiff,test_external_unseen_v3_additions/real/cf_external_unseen_v3_real_ffhq_5fe9cc1e03439083_53940.png.png,complete
cf_external_unseen_v3_real_ffhq_60f774a986d188c2,real_ffhq,data/CompEval-00271-of-00413.parquet,1,12,01818.png,PNG,Hourglass,,FFHQ,test,0,PixDiff,test_external_unseen_v3_additions/real/cf_external_unseen_v3_real_ffhq_60f774a986d188c2_01818.png.png,complete
cf_external_unseen_v3_real_ffhq_61fb637aead9b66a,real_ffhq,data/CompEval-00277-of-00413.parquet,4,5,57588.png,PNG,Hourglass,,FFHQ,test,0,PixDiff,test_external_unseen_v3_additions/real/cf_external_unseen_v3_real_ffhq_61fb637aead9b66a_57588.png.png,complete
cf_external_unseen_v3_real_ffhq_621617f6a08e1135,real_ffhq,data/CompEval-00107-of-00413.parquet,4,0,69481.png,PNG,Hourglass,,FFHQ,test,0,PixDiff,test_external_unseen_v3_additions/real/cf_external_unseen_v3_real_ffhq_621617f6a08e1135_69481.png.png,complete
cf_external_unseen_v3_real_ffhq_62c37f18113f746a,real_ffhq,data/CompEval-00107-of-00413.parquet,4,16,30839.png,PNG,Hourglass,,FFHQ,test,0,PixDiff,test_external_unseen_v3_additions/real/cf_external_unseen_v3_real_ffhq_62c37f18113f746a_30839.png.png,complete
cf_external_unseen_v3_real_ffhq_6399ef8e5e2c9313,real_ffhq,data/CompEval-00109-of-00413.parquet,1,7,27528.png,PNG,Hourglass,,FFHQ,test,0,PixDiff,test_external_unseen_v3_additions/real/cf_external_unseen_v3_real_ffhq_6399ef8e5e2c9313_27528.png.png,complete
cf_external_unseen_v3_real_ffhq_63d77934806fdfb6,real_ffhq,data/CompEval-00277-of-00413.parquet,2,13,51235.png,PNG,Hourglass,,FFHQ,test,0,PixDiff,test_external_unseen_v3_additions/real/cf_external_unseen_v3_real_ffhq_63d77934806fdfb6_51235.png.png,complete
cf_external_unseen_v3_real_ffhq_64aadb468c6aea18,real_ffhq,data/CompEval-00277-of-00413.parquet,4,8,65360.png,PNG,Hourglass,,FFHQ,test,0,PixDiff,test_external_unseen_v3_additions/real/cf_external_unseen_v3_real_ffhq_64aadb468c6aea18_65360.png.png,complete
cf_external_unseen_v3_real_ffhq_668b6234f773db71,real_ffhq,data/CompEval-00104-of-00413.parquet,0,1,34910.png,PNG,Hourglass,,FFHQ,test,0,PixDiff,test_external_unseen_v3_additions/real/cf_external_unseen_v3_real_ffhq_668b6234f773db71_34910.png.png,complete
cf_external_unseen_v3_real_ffhq_674ae4290c5fac39,real_ffhq,data/CompEval-00107-of-00413.parquet,4,14,25089.png,PNG,Hourglass,,FFHQ,test,0,PixDiff,test_external_unseen_v3_additions/real/cf_external_unseen_v3_real_ffhq_674ae4290c5fac39_25089.png.png,complete
cf_external_unseen_v3_real_ffhq_6788219b7f6cbfa6,real_ffhq,data/CompEval-00277-of-00413.parquet,3,14,68200.png,PNG,Hourglass,,FFHQ,test,0,PixDiff,test_external_unseen_v3_additions/real/cf_external_unseen_v3_real_ffhq_6788219b7f6cbfa6_68200.png.png,complete
cf_external_unseen_v3_real_ffhq_68552d694e08751c,real_ffhq,data/CompEval-00277-of-00413.parquet,2,9,57070.png,PNG,Hourglass,,FFHQ,test,0,PixDiff,test_external_unseen_v3_additions/real/cf_external_unseen_v3_real_ffhq_68552d694e08751c_57070.png.png,complete
cf_external_unseen_v3_real_ffhq_69c3b85c43eac1bd,real_ffhq,data/CompEval-00277-of-00413.parquet,0,10,44044.png,PNG,Hourglass,,FFHQ,test,0,PixDiff,test_external_unseen_v3_additions/real/cf_external_unseen_v3_real_ffhq_69c3b85c43eac1bd_44044.png.png,complete
cf_external_unseen_v3_real_ffhq_6a94c2046854a96c,real_ffhq,data/CompEval-00108-of-00413.parquet,0,8,08907.png,PNG,Hourglass,,FFHQ,test,0,PixDiff,test_external_unseen_v3_additions/real/cf_external_unseen_v3_real_ffhq_6a94c2046854a96c_08907.png.png,complete
cf_external_unseen_v3_real_ffhq_6ad51d8c8e551aa4,real_ffhq,data/CompEval-00106-of-00413.parquet,2,10,68513.png,PNG,Hourglass,,FFHQ,test,0,PixDiff,test_external_unseen_v3_additions/real/cf_external_unseen_v3_real_ffhq_6ad51d8c8e551aa4_68513.png.png,complete
cf_external_unseen_v3_real_ffhq_6f00a4d342c6860a,real_ffhq,data/CompEval-00107-of-00413.parquet,2,10,47636.png,PNG,Hourglass,,FFHQ,test,0,PixDiff,test_external_unseen_v3_additions/real/cf_external_unseen_v3_real_ffhq_6f00a4d342c6860a_47636.png.png,complete
cf_external_unseen_v3_real_ffhq_70a59c524e30af4f,real_ffhq,data/CompEval-00107-of-00413.parquet,0,18,24026.png,PNG,Hourglass,,FFHQ,test,0,PixDiff,test_external_unseen_v3_additions/real/cf_external_unseen_v3_real_ffhq_70a59c524e30af4f_24026.png.png,complete
cf_external_unseen_v3_real_ffhq_70d3b67bb278f980,real_ffhq,data/CompEval-00106-of-00413.parquet,2,22,36733.png,PNG,Hourglass,,FFHQ,test,0,PixDiff,test_external_unseen_v3_additions/real/cf_external_unseen_v3_real_ffhq_70d3b67bb278f980_36733.png.png,complete
cf_external_unseen_v3_real_ffhq_7145404faa2e6bbb,real_ffhq,data/CompEval-00109-of-00413.parquet,3,0,03980.png,PNG,Hourglass,,FFHQ,test,0,PixDiff,test_external_unseen_v3_additions/real/cf_external_unseen_v3_real_ffhq_7145404faa2e6bbb_03980.png.png,complete
cf_external_unseen_v3_real_ffhq_733f6e4cda028ae5,real_ffhq,data/CompEval-00107-of-00413.parquet,2,12,66383.png,PNG,Hourglass,,FFHQ,test,0,PixDiff,test_external_unseen_v3_additions/real/cf_external_unseen_v3_real_ffhq_733f6e4cda028ae5_66383.png.png,complete
cf_external_unseen_v3_real_ffhq_7365a5265e1d3b69,real_ffhq,data/CompEval-00106-of-00413.parquet,2,14,43080.png,PNG,Hourglass,,FFHQ,test,0,PixDiff,test_external_unseen_v3_additions/real/cf_external_unseen_v3_real_ffhq_7365a5265e1d3b69_43080.png.png,complete
cf_external_unseen_v3_real_ffhq_737948d4f45b4006,real_ffhq,data/CompEval-00271-of-00413.parquet,1,4,59711.png,PNG,Hourglass,,FFHQ,test,0,PixDiff,test_external_unseen_v3_additions/real/cf_external_unseen_v3_real_ffhq_737948d4f45b4006_59711.png.png,complete
cf_external_unseen_v3_real_ffhq_75fe13f585fe860e,real_ffhq,data/CompEval-00109-of-00413.parquet,4,18,46850.png,PNG,Hourglass,,FFHQ,test,0,PixDiff,test_external_unseen_v3_additions/real/cf_external_unseen_v3_real_ffhq_75fe13f585fe860e_46850.png.png,complete
cf_external_unseen_v3_real_ffhq_77fc64bb96b7159c,real_ffhq,data/CompEval-00271-of-00413.parquet,2,4,67025.png,PNG,Hourglass,,FFHQ,test,0,PixDiff,test_external_unseen_v3_additions/real/cf_external_unseen_v3_real_ffhq_77fc64bb96b7159c_67025.png.png,complete
cf_external_unseen_v3_real_ffhq_788bb9b923837c8d,real_ffhq,data/CompEval-00109-of-00413.parquet,4,6,66341.png,PNG,Hourglass,,FFHQ,test,0,PixDiff,test_external_unseen_v3_additions/real/cf_external_unseen_v3_real_ffhq_788bb9b923837c8d_66341.png.png,complete
cf_external_unseen_v3_real_ffhq_791e4bbe5dacd0a8,real_ffhq,data/CompEval-00105-of-00413.parquet,4,3,36747.png,PNG,Hourglass,,FFHQ,test,0,PixDiff,test_external_unseen_v3_additions/real/cf_external_unseen_v3_real_ffhq_791e4bbe5dacd0a8_36747.png.png,complete
cf_external_unseen_v3_real_ffhq_7aaa36d6bc40993a,real_ffhq,data/CompEval-00277-of-00413.parquet,3,4,00133.png,PNG,Hourglass,,FFHQ,test,0,PixDiff,test_external_unseen_v3_additions/real/cf_external_unseen_v3_real_ffhq_7aaa36d6bc40993a_00133.png.png,complete
cf_external_unseen_v3_real_ffhq_7d0467a77397b06d,real_ffhq,data/CompEval-00108-of-00413.parquet,0,2,22345.png,PNG,Hourglass,,FFHQ,test,0,PixDiff,test_external_unseen_v3_additions/real/cf_external_unseen_v3_real_ffhq_7d0467a77397b06d_22345.png.png,complete
cf_external_unseen_v3_real_ffhq_814af356fe8b292e,real_ffhq,data/CompEval-00109-of-00413.parquet,3,14,02072.png,PNG,Hourglass,,FFHQ,test,0,PixDiff,test_external_unseen_v3_additions/real/cf_external_unseen_v3_real_ffhq_814af356fe8b292e_02072.png.png,complete
cf_external_unseen_v3_real_ffhq_82e82a8ad0e57005,real_ffhq,data/CompEval-00271-of-00413.parquet,2,14,58561.png,PNG,Hourglass,,FFHQ,test,0,PixDiff,test_external_unseen_v3_additions/real/cf_external_unseen_v3_real_ffhq_82e82a8ad0e57005_58561.png.png,complete
cf_external_unseen_v3_real_ffhq_85092a56a3b1467c,real_ffhq,data/CompEval-00277-of-00413.parquet,2,0,61059.png,PNG,Hourglass,,FFHQ,test,0,PixDiff,test_external_unseen_v3_additions/real/cf_external_unseen_v3_real_ffhq_85092a56a3b1467c_61059.png.png,complete
cf_external_unseen_v3_real_ffhq_88b5f78fd5b4e604,real_ffhq,data/CompEval-00109-of-00413.parquet,4,8,07794.png,PNG,Hourglass,,FFHQ,test,0,PixDiff,test_external_unseen_v3_additions/real/cf_external_unseen_v3_real_ffhq_88b5f78fd5b4e604_07794.png.png,complete
cf_external_unseen_v3_real_ffhq_88bf07869ab07adf,real_ffhq,data/CompEval-00109-of-00413.parquet,3,9,30010.png,PNG,Hourglass,,FFHQ,test,0,PixDiff,test_external_unseen_v3_additions/real/cf_external_unseen_v3_real_ffhq_88bf07869ab07adf_30010.png.png,complete
cf_external_unseen_v3_real_ffhq_8a1fb9025127e03a,real_ffhq,data/CompEval-00107-of-00413.parquet,0,12,55568.png,PNG,Hourglass,,FFHQ,test,0,PixDiff,test_external_unseen_v3_additions/real/cf_external_unseen_v3_real_ffhq_8a1fb9025127e03a_55568.png.png,complete
cf_external_unseen_v3_real_ffhq_8ab58fc9862f97a7,real_ffhq,data/CompEval-00107-of-00413.parquet,2,9,59121.png,PNG,Hourglass,,FFHQ,test,0,PixDiff,test_external_unseen_v3_additions/real/cf_external_unseen_v3_real_ffhq_8ab58fc9862f97a7_59121.png.png,complete
cf_external_unseen_v3_real_ffhq_8affb8a2942883ad,real_ffhq,data/CompEval-00108-of-00413.parquet,0,20,46092.png,PNG,Hourglass,,FFHQ,test,0,PixDiff,test_external_unseen_v3_additions/real/cf_external_unseen_v3_real_ffhq_8affb8a2942883ad_46092.png.png,complete
cf_external_unseen_v3_real_ffhq_8e0f91de09302b78,real_ffhq,data/CompEval-00277-of-00413.parquet,2,18,49289.png,PNG,Hourglass,,FFHQ,test,0,PixDiff,test_external_unseen_v3_additions/real/cf_external_unseen_v3_real_ffhq_8e0f91de09302b78_49289.png.png,complete
cf_external_unseen_v3_real_ffhq_8fd74075811f0c32,real_ffhq,data/CompEval-00107-of-00413.parquet,2,14,46175.png,PNG,Hourglass,,FFHQ,test,0,PixDiff,test_external_unseen_v3_additions/real/cf_external_unseen_v3_real_ffhq_8fd74075811f0c32_46175.png.png,complete
cf_external_unseen_v3_real_ffhq_903791a9189ee8a1,real_ffhq,data/CompEval-00271-of-00413.parquet,2,16,25744.png,PNG,Hourglass,,FFHQ,test,0,PixDiff,test_external_unseen_v3_additions/real/cf_external_unseen_v3_real_ffhq_903791a9189ee8a1_25744.png.png,complete
cf_external_unseen_v3_real_ffhq_90e9e382b5a81412,real_ffhq,data/CompEval-00107-of-00413.parquet,4,5,04866.png,PNG,Hourglass,,FFHQ,test,0,PixDiff,test_external_unseen_v3_additions/real/cf_external_unseen_v3_real_ffhq_90e9e382b5a81412_04866.png.png,complete
cf_external_unseen_v3_real_ffhq_925d7b2bf25d2932,real_ffhq,data/CompEval-00107-of-00413.parquet,4,1,13241.png,PNG,Hourglass,,FFHQ,test,0,PixDiff,test_external_unseen_v3_additions/real/cf_external_unseen_v3_real_ffhq_925d7b2bf25d2932_13241.png.png,complete
cf_external_unseen_v3_real_ffhq_9289764e1b45b4f1,real_ffhq,data/CompEval-00277-of-00413.parquet,0,6,33566.png,PNG,Hourglass,,FFHQ,test,0,PixDiff,test_external_unseen_v3_additions/real/cf_external_unseen_v3_real_ffhq_9289764e1b45b4f1_33566.png.png,complete
cf_external_unseen_v3_real_ffhq_9475ad680a795db5,real_ffhq,data/CompEval-00107-of-00413.parquet,2,16,11130.png,PNG,Hourglass,,FFHQ,test,0,PixDiff,test_external_unseen_v3_additions/real/cf_external_unseen_v3_real_ffhq_9475ad680a795db5_11130.png.png,complete
cf_external_unseen_v3_real_ffhq_94aa7f7ab056618a,real_ffhq,data/CompEval-00107-of-00413.parquet,3,0,57078.png,PNG,Hourglass,,FFHQ,test,0,PixDiff,test_external_unseen_v3_additions/real/cf_external_unseen_v3_real_ffhq_94aa7f7ab056618a_57078.png.png,complete
cf_external_unseen_v3_real_ffhq_94fcf37659f1ff28,real_ffhq,data/CompEval-00104-of-00413.parquet,0,15,46948.png,PNG,Hourglass,,FFHQ,test,0,PixDiff,test_external_unseen_v3_additions/real/cf_external_unseen_v3_real_ffhq_94fcf37659f1ff28_46948.png.png,complete
cf_external_unseen_v3_real_ffhq_95f6e93cb8af9caa,real_ffhq,data/CompEval-00277-of-00413.parquet,4,19,29713.png,PNG,Hourglass,,FFHQ,test,0,PixDiff,test_external_unseen_v3_additions/real/cf_external_unseen_v3_real_ffhq_95f6e93cb8af9caa_29713.png.png,complete
cf_external_unseen_v3_real_ffhq_96612f4aa1c692f2,real_ffhq,data/CompEval-00277-of-00413.parquet,3,15,45944.png,PNG,Hourglass,,FFHQ,test,0,PixDiff,test_external_unseen_v3_additions/real/cf_external_unseen_v3_real_ffhq_96612f4aa1c692f2_45944.png.png,complete
cf_external_unseen_v3_real_ffhq_988bc7703d640023,real_ffhq,data/CompEval-00109-of-00413.parquet,1,8,41662.png,PNG,Hourglass,,FFHQ,test,0,PixDiff,test_external_unseen_v3_additions/real/cf_external_unseen_v3_real_ffhq_988bc7703d640023_41662.png.png,complete
cf_external_unseen_v3_real_ffhq_99026bd4c347b799,real_ffhq,data/CompEval-00106-of-00413.parquet,2,24,22238.png,PNG,Hourglass,,FFHQ,test,0,PixDiff,test_external_unseen_v3_additions/real/cf_external_unseen_v3_real_ffhq_99026bd4c347b799_22238.png.png,complete
cf_external_unseen_v3_real_ffhq_9906e8a1c2975c0a,real_ffhq,data/CompEval-00277-of-00413.parquet,3,17,08525.png,PNG,Hourglass,,FFHQ,test,0,PixDiff,test_external_unseen_v3_additions/real/cf_external_unseen_v3_real_ffhq_9906e8a1c2975c0a_08525.png.png,complete
cf_external_unseen_v3_real_ffhq_9a15dba34ef386f8,real_ffhq,data/CompEval-00107-of-00413.parquet,2,23,29830.png,PNG,Hourglass,,FFHQ,test,0,PixDiff,test_external_unseen_v3_additions/real/cf_external_unseen_v3_real_ffhq_9a15dba34ef386f8_29830.png.png,complete
cf_external_unseen_v3_real_ffhq_9b0ff2d137002cb2,real_ffhq,data/CompEval-00107-of-00413.parquet,2,19,39630.png,PNG,Hourglass,,FFHQ,test,0,PixDiff,test_external_unseen_v3_additions/real/cf_external_unseen_v3_real_ffhq_9b0ff2d137002cb2_39630.png.png,complete
cf_external_unseen_v3_real_ffhq_9bcd92fe09d7381b,real_ffhq,data/CompEval-00271-of-00413.parquet,1,16,20714.png,PNG,Hourglass,,FFHQ,test,0,PixDiff,test_external_unseen_v3_additions/real/cf_external_unseen_v3_real_ffhq_9bcd92fe09d7381b_20714.png.png,complete
cf_external_unseen_v3_real_ffhq_9ca12c38a5596c0f,real_ffhq,data/CompEval-00109-of-00413.parquet,4,7,03665.png,PNG,Hourglass,,FFHQ,test,0,PixDiff,test_external_unseen_v3_additions/real/cf_external_unseen_v3_real_ffhq_9ca12c38a5596c0f_03665.png.png,complete
cf_external_unseen_v3_real_ffhq_9d0f5f890097a095,real_ffhq,data/CompEval-00105-of-00413.parquet,4,6,10837.png,PNG,Hourglass,,FFHQ,test,0,PixDiff,test_external_unseen_v3_additions/real/cf_external_unseen_v3_real_ffhq_9d0f5f890097a095_10837.png.png,complete
cf_external_unseen_v3_real_ffhq_9d6c0a05fb4c6bdb,real_ffhq,data/CompEval-00109-of-00413.parquet,4,20,51019.png,PNG,Hourglass,,FFHQ,test,0,PixDiff,test_external_unseen_v3_additions/real/cf_external_unseen_v3_real_ffhq_9d6c0a05fb4c6bdb_51019.png.png,complete
cf_external_unseen_v3_real_ffhq_9f4fdf465afa1596,real_ffhq,data/CompEval-00109-of-00413.parquet,3,22,40672.png,PNG,Hourglass,,FFHQ,test,0,PixDiff,test_external_unseen_v3_additions/real/cf_external_unseen_v3_real_ffhq_9f4fdf465afa1596_40672.png.png,complete
cf_external_unseen_v3_real_ffhq_9fdf45edb487f39a,real_ffhq,data/CompEval-00277-of-00413.parquet,0,18,17333.png,PNG,Hourglass,,FFHQ,test,0,PixDiff,test_external_unseen_v3_additions/real/cf_external_unseen_v3_real_ffhq_9fdf45edb487f39a_17333.png.png,complete
cf_external_unseen_v3_real_ffhq_a37246f11a39151a,real_ffhq,data/CompEval-00277-of-00413.parquet,0,0,10197.png,PNG,Hourglass,,FFHQ,test,0,PixDiff,test_external_unseen_v3_additions/real/cf_external_unseen_v3_real_ffhq_a37246f11a39151a_10197.png.png,complete
cf_external_unseen_v3_real_ffhq_a3b5290c1234c270,real_ffhq,data/CompEval-00277-of-00413.parquet,0,16,37006.png,PNG,Hourglass,,FFHQ,test,0,PixDiff,test_external_unseen_v3_additions/real/cf_external_unseen_v3_real_ffhq_a3b5290c1234c270_37006.png.png,complete
cf_external_unseen_v3_real_ffhq_a68a564cb6ddb128,real_ffhq,data/CompEval-00107-of-00413.parquet,0,0,33481.png,PNG,Hourglass,,FFHQ,test,0,PixDiff,test_external_unseen_v3_additions/real/cf_external_unseen_v3_real_ffhq_a68a564cb6ddb128_33481.png.png,complete
cf_external_unseen_v3_real_ffhq_a7eab8e2cd7c0cd4,real_ffhq,data/CompEval-00271-of-00413.parquet,1,3,08058.png,PNG,Hourglass,,FFHQ,test,0,PixDiff,test_external_unseen_v3_additions/real/cf_external_unseen_v3_real_ffhq_a7eab8e2cd7c0cd4_08058.png.png,complete
cf_external_unseen_v3_real_ffhq_aaa4117e1d905195,real_ffhq,data/CompEval-00271-of-00413.parquet,1,0,43350.png,PNG,Hourglass,,FFHQ,test,0,PixDiff,test_external_unseen_v3_additions/real/cf_external_unseen_v3_real_ffhq_aaa4117e1d905195_43350.png.png,complete
cf_external_unseen_v3_real_ffhq_abfac4acaad048b8,real_ffhq,data/CompEval-00271-of-00413.parquet,1,11,18107.png,PNG,Hourglass,,FFHQ,test,0,PixDiff,test_external_unseen_v3_additions/real/cf_external_unseen_v3_real_ffhq_abfac4acaad048b8_18107.png.png,complete
cf_external_unseen_v3_real_ffhq_ac37aa34cde88074,real_ffhq,data/CompEval-00109-of-00413.parquet,3,21,50788.png,PNG,Hourglass,,FFHQ,test,0,PixDiff,test_external_unseen_v3_additions/real/cf_external_unseen_v3_real_ffhq_ac37aa34cde88074_50788.png.png,complete
cf_external_unseen_v3_real_ffhq_ada2f3111602789a,real_ffhq,data/CompEval-00106-of-00413.parquet,2,0,30352.png,PNG,Hourglass,,FFHQ,test,0,PixDiff,test_external_unseen_v3_additions/real/cf_external_unseen_v3_real_ffhq_ada2f3111602789a_30352.png.png,complete
cf_external_unseen_v3_real_ffhq_af2660a43e50dea5,real_ffhq,data/CompEval-00277-of-00413.parquet,2,24,21496.png,PNG,Hourglass,,FFHQ,test,0,PixDiff,test_external_unseen_v3_additions/real/cf_external_unseen_v3_real_ffhq_af2660a43e50dea5_21496.png.png,complete
cf_external_unseen_v3_real_ffhq_af505b8c615962fd,real_ffhq,data/CompEval-00108-of-00413.parquet,0,13,24264.png,PNG,Hourglass,,FFHQ,test,0,PixDiff,test_external_unseen_v3_additions/real/cf_external_unseen_v3_real_ffhq_af505b8c615962fd_24264.png.png,complete
cf_external_unseen_v3_real_ffhq_b0ac8eac01d05812,real_ffhq,data/CompEval-00271-of-00413.parquet,2,19,22502.png,PNG,Hourglass,,FFHQ,test,0,PixDiff,test_external_unseen_v3_additions/real/cf_external_unseen_v3_real_ffhq_b0ac8eac01d05812_22502.png.png,complete
cf_external_unseen_v3_real_ffhq_b1792171dc03a6cd,real_ffhq,data/CompEval-00107-of-00413.parquet,0,2,48977.png,PNG,Hourglass,,FFHQ,test,0,PixDiff,test_external_unseen_v3_additions/real/cf_external_unseen_v3_real_ffhq_b1792171dc03a6cd_48977.png.png,complete
cf_external_unseen_v3_real_ffhq_b1e85e5c427f93b7,real_ffhq,data/CompEval-00107-of-00413.parquet,4,6,15426.png,PNG,Hourglass,,FFHQ,test,0,PixDiff,test_external_unseen_v3_additions/real/cf_external_unseen_v3_real_ffhq_b1e85e5c427f93b7_15426.png.png,complete
cf_external_unseen_v3_real_ffhq_b1f3cc800f00187f,real_ffhq,data/CompEval-00109-of-00413.parquet,4,13,12762.png,PNG,Hourglass,,FFHQ,test,0,PixDiff,test_external_unseen_v3_additions/real/cf_external_unseen_v3_real_ffhq_b1f3cc800f00187f_12762.png.png,complete
cf_external_unseen_v3_real_ffhq_b24759c9e0f34978,real_ffhq,data/CompEval-00277-of-00413.parquet,3,19,32430.png,PNG,Hourglass,,FFHQ,test,0,PixDiff,test_external_unseen_v3_additions/real/cf_external_unseen_v3_real_ffhq_b24759c9e0f34978_32430.png.png,complete
cf_external_unseen_v3_real_ffhq_b395be088f8d633b,real_ffhq,data/CompEval-00271-of-00413.parquet,2,6,06745.png,PNG,Hourglass,,FFHQ,test,0,PixDiff,test_external_unseen_v3_additions/real/cf_external_unseen_v3_real_ffhq_b395be088f8d633b_06745.png.png,complete
cf_external_unseen_v3_real_ffhq_b3cd7de13581daf7,real_ffhq,data/CompEval-00107-of-00413.parquet,3,1,51900.png,PNG,Hourglass,,FFHQ,test,0,PixDiff,test_external_unseen_v3_additions/real/cf_external_unseen_v3_real_ffhq_b3cd7de13581daf7_51900.png.png,complete
cf_external_unseen_v3_real_ffhq_b3ded4b83cc96663,real_ffhq,data/CompEval-00104-of-00413.parquet,0,24,25736.png,PNG,Hourglass,,FFHQ,test,0,PixDiff,test_external_unseen_v3_additions/real/cf_external_unseen_v3_real_ffhq_b3ded4b83cc96663_25736.png.png,complete
cf_external_unseen_v3_real_ffhq_b55d4bc1229a9804,real_ffhq,data/CompEval-00109-of-00413.parquet,1,6,23042.png,PNG,Hourglass,,FFHQ,test,0,PixDiff,test_external_unseen_v3_additions/real/cf_external_unseen_v3_real_ffhq_b55d4bc1229a9804_23042.png.png,complete
cf_external_unseen_v3_real_ffhq_b6bf005a83cd08ed,real_ffhq,data/CompEval-00277-of-00413.parquet,2,2,63764.png,PNG,Hourglass,,FFHQ,test,0,PixDiff,test_external_unseen_v3_additions/real/cf_external_unseen_v3_real_ffhq_b6bf005a83cd08ed_63764.png.png,complete
cf_external_unseen_v3_real_ffhq_b709d8824d65e8ba,real_ffhq,data/CompEval-00105-of-00413.parquet,4,11,33417.png,PNG,Hourglass,,FFHQ,test,0,PixDiff,test_external_unseen_v3_additions/real/cf_external_unseen_v3_real_ffhq_b709d8824d65e8ba_33417.png.png,complete
cf_external_unseen_v3_real_ffhq_b75a81ccffb88ec4,real_ffhq,data/CompEval-00109-of-00413.parquet,1,13,19071.png,PNG,Hourglass,,FFHQ,test,0,PixDiff,test_external_unseen_v3_additions/real/cf_external_unseen_v3_real_ffhq_b75a81ccffb88ec4_19071.png.png,complete
cf_external_unseen_v3_real_ffhq_b8e0dbc9c43a8c81,real_ffhq,data/CompEval-00271-of-00413.parquet,1,1,44789.png,PNG,Hourglass,,FFHQ,test,0,PixDiff,test_external_unseen_v3_additions/real/cf_external_unseen_v3_real_ffhq_b8e0dbc9c43a8c81_44789.png.png,complete
cf_external_unseen_v3_real_ffhq_b981d80b86334703,real_ffhq,data/CompEval-00271-of-00413.parquet,2,9,38811.png,PNG,Hourglass,,FFHQ,test,0,PixDiff,test_external_unseen_v3_additions/real/cf_external_unseen_v3_real_ffhq_b981d80b86334703_38811.png.png,complete
cf_external_unseen_v3_real_ffhq_b9d58943dea5a394,real_ffhq,data/CompEval-00109-of-00413.parquet,1,12,54469.png,PNG,Hourglass,,FFHQ,test,0,PixDiff,test_external_unseen_v3_additions/real/cf_external_unseen_v3_real_ffhq_b9d58943dea5a394_54469.png.png,complete
cf_external_unseen_v3_real_ffhq_ba02932c3d7c014a,real_ffhq,data/CompEval-00271-of-00413.parquet,1,10,35619.png,PNG,Hourglass,,FFHQ,test,0,PixDiff,test_external_unseen_v3_additions/real/cf_external_unseen_v3_real_ffhq_ba02932c3d7c014a_35619.png.png,complete
cf_external_unseen_v3_real_ffhq_becc0d06ad8b3434,real_ffhq,data/CompEval-00107-of-00413.parquet,2,17,59784.png,PNG,Hourglass,,FFHQ,test,0,PixDiff,test_external_unseen_v3_additions/real/cf_external_unseen_v3_real_ffhq_becc0d06ad8b3434_59784.png.png,complete
cf_external_unseen_v3_real_ffhq_bf7c41bb90cd05e6,real_ffhq,data/CompEval-00277-of-00413.parquet,3,7,03743.png,PNG,Hourglass,,FFHQ,test,0,PixDiff,test_external_unseen_v3_additions/real/cf_external_unseen_v3_real_ffhq_bf7c41bb90cd05e6_03743.png.png,complete
cf_external_unseen_v3_real_ffhq_c01d1dacdc2537ce,real_ffhq,data/CompEval-00105-of-00413.parquet,3,23,34223.png,PNG,Hourglass,,FFHQ,test,0,PixDiff,test_external_unseen_v3_additions/real/cf_external_unseen_v3_real_ffhq_c01d1dacdc2537ce_34223.png.png,complete
cf_external_unseen_v3_real_ffhq_c167cc15f30603d8,real_ffhq,data/CompEval-00277-of-00413.parquet,0,23,43859.png,PNG,Hourglass,,FFHQ,test,0,PixDiff,test_external_unseen_v3_additions/real/cf_external_unseen_v3_real_ffhq_c167cc15f30603d8_43859.png.png,complete
cf_external_unseen_v3_real_ffhq_c36555e7307606f3,real_ffhq,data/CompEval-00105-of-00413.parquet,4,19,25099.png,PNG,Hourglass,,FFHQ,test,0,PixDiff,test_external_unseen_v3_additions/real/cf_external_unseen_v3_real_ffhq_c36555e7307606f3_25099.png.png,complete
cf_external_unseen_v3_real_ffhq_c41c7c7bcfafb0b5,real_ffhq,data/CompEval-00271-of-00413.parquet,2,24,67112.png,PNG,Hourglass,,FFHQ,test,0,PixDiff,test_external_unseen_v3_additions/real/cf_external_unseen_v3_real_ffhq_c41c7c7bcfafb0b5_67112.png.png,complete
cf_external_unseen_v3_real_ffhq_c614fe7c9b189403,real_ffhq,data/CompEval-00109-of-00413.parquet,1,9,63048.png,PNG,Hourglass,,FFHQ,test,0,PixDiff,test_external_unseen_v3_additions/real/cf_external_unseen_v3_real_ffhq_c614fe7c9b189403_63048.png.png,complete
cf_external_unseen_v3_real_ffhq_c697163526c72393,real_ffhq,data/CompEval-00108-of-00413.parquet,0,18,24688.png,PNG,Hourglass,,FFHQ,test,0,PixDiff,test_external_unseen_v3_additions/real/cf_external_unseen_v3_real_ffhq_c697163526c72393_24688.png.png,complete
cf_external_unseen_v3_real_ffhq_c8011966ff96638c,real_ffhq,data/CompEval-00109-of-00413.parquet,4,9,35640.png,PNG,Hourglass,,FFHQ,test,0,PixDiff,test_external_unseen_v3_additions/real/cf_external_unseen_v3_real_ffhq_c8011966ff96638c_35640.png.png,complete
cf_external_unseen_v3_real_ffhq_ca35715309aeecb9,real_ffhq,data/CompEval-00271-of-00413.parquet,2,1,61304.png,PNG,Hourglass,,FFHQ,test,0,PixDiff,test_external_unseen_v3_additions/real/cf_external_unseen_v3_real_ffhq_ca35715309aeecb9_61304.png.png,complete
cf_external_unseen_v3_real_ffhq_ca3610666b7b202e,real_ffhq,data/CompEval-00107-of-00413.parquet,0,19,43479.png,PNG,Hourglass,,FFHQ,test,0,PixDiff,test_external_unseen_v3_additions/real/cf_external_unseen_v3_real_ffhq_ca3610666b7b202e_43479.png.png,complete
cf_external_unseen_v3_real_ffhq_cac23ad7df228d6d,real_ffhq,data/CompEval-00109-of-00413.parquet,1,3,12917.png,PNG,Hourglass,,FFHQ,test,0,PixDiff,test_external_unseen_v3_additions/real/cf_external_unseen_v3_real_ffhq_cac23ad7df228d6d_12917.png.png,complete
cf_external_unseen_v3_real_ffhq_cb9155b2042ec044,real_ffhq,data/CompEval-00107-of-00413.parquet,3,11,59494.png,PNG,Hourglass,,FFHQ,test,0,PixDiff,test_external_unseen_v3_additions/real/cf_external_unseen_v3_real_ffhq_cb9155b2042ec044_59494.png.png,complete
cf_external_unseen_v3_real_ffhq_cbb7475f2361dafb,real_ffhq,data/CompEval-00107-of-00413.parquet,0,21,26999.png,PNG,Hourglass,,FFHQ,test,0,PixDiff,test_external_unseen_v3_additions/real/cf_external_unseen_v3_real_ffhq_cbb7475f2361dafb_26999.png.png,complete
cf_external_unseen_v3_real_ffhq_cd30b63eaf6f95bb,real_ffhq,data/CompEval-00109-of-00413.parquet,3,13,46003.png,PNG,Hourglass,,FFHQ,test,0,PixDiff,test_external_unseen_v3_additions/real/cf_external_unseen_v3_real_ffhq_cd30b63eaf6f95bb_46003.png.png,complete
cf_external_unseen_v3_real_ffhq_cd46dbdabdb0e439,real_ffhq,data/CompEval-00277-of-00413.parquet,3,9,03869.png,PNG,Hourglass,,FFHQ,test,0,PixDiff,test_external_unseen_v3_additions/real/cf_external_unseen_v3_real_ffhq_cd46dbdabdb0e439_03869.png.png,complete
cf_external_unseen_v3_real_ffhq_cdd7d5f5a4137f2d,real_ffhq,data/CompEval-00106-of-00413.parquet,2,19,66236.png,PNG,Hourglass,,FFHQ,test,0,PixDiff,test_external_unseen_v3_additions/real/cf_external_unseen_v3_real_ffhq_cdd7d5f5a4137f2d_66236.png.png,complete
cf_external_unseen_v3_real_ffhq_ce5608e97e695d19,real_ffhq,data/CompEval-00109-of-00413.parquet,4,2,00537.png,PNG,Hourglass,,FFHQ,test,0,PixDiff,test_external_unseen_v3_additions/real/cf_external_unseen_v3_real_ffhq_ce5608e97e695d19_00537.png.png,complete
cf_external_unseen_v3_real_ffhq_d141f6fda3f75afe,real_ffhq,data/CompEval-00109-of-00413.parquet,3,4,63361.png,PNG,Hourglass,,FFHQ,test,0,PixDiff,test_external_unseen_v3_additions/real/cf_external_unseen_v3_real_ffhq_d141f6fda3f75afe_63361.png.png,complete
cf_external_unseen_v3_real_ffhq_d36d28e926eab513,real_ffhq,data/CompEval-00104-of-00413.parquet,0,12,66385.png,PNG,Hourglass,,FFHQ,test,0,PixDiff,test_external_unseen_v3_additions/real/cf_external_unseen_v3_real_ffhq_d36d28e926eab513_66385.png.png,complete
cf_external_unseen_v3_real_ffhq_d3966bc8b6cd06c0,real_ffhq,data/CompEval-00108-of-00413.parquet,0,22,34126.png,PNG,Hourglass,,FFHQ,test,0,PixDiff,test_external_unseen_v3_additions/real/cf_external_unseen_v3_real_ffhq_d3966bc8b6cd06c0_34126.png.png,complete
cf_external_unseen_v3_real_ffhq_d439166450172fcd,real_ffhq,data/CompEval-00104-of-00413.parquet,0,10,02887.png,PNG,Hourglass,,FFHQ,test,0,PixDiff,test_external_unseen_v3_additions/real/cf_external_unseen_v3_real_ffhq_d439166450172fcd_02887.png.png,complete
cf_external_unseen_v3_real_ffhq_d4c9b58cee3743e3,real_ffhq,data/CompEval-00109-of-00413.parquet,4,5,08164.png,PNG,Hourglass,,FFHQ,test,0,PixDiff,test_external_unseen_v3_additions/real/cf_external_unseen_v3_real_ffhq_d4c9b58cee3743e3_08164.png.png,complete
cf_external_unseen_v3_real_ffhq_d4fe8d9ce5f2561d,real_ffhq,data/CompEval-00104-of-00413.parquet,0,19,40159.png,PNG,Hourglass,,FFHQ,test,0,PixDiff,test_external_unseen_v3_additions/real/cf_external_unseen_v3_real_ffhq_d4fe8d9ce5f2561d_40159.png.png,complete
cf_external_unseen_v3_real_ffhq_d57b1a99a93f2044,real_ffhq,data/CompEval-00277-of-00413.parquet,4,4,29824.png,PNG,Hourglass,,FFHQ,test,0,PixDiff,test_external_unseen_v3_additions/real/cf_external_unseen_v3_real_ffhq_d57b1a99a93f2044_29824.png.png,complete
cf_external_unseen_v3_real_ffhq_d710794e8d652134,real_ffhq,data/CompEval-00109-of-00413.parquet,1,1,56759.png,PNG,Hourglass,,FFHQ,test,0,PixDiff,test_external_unseen_v3_additions/real/cf_external_unseen_v3_real_ffhq_d710794e8d652134_56759.png.png,complete
cf_external_unseen_v3_real_ffhq_d7cfff713e835b9c,real_ffhq,data/CompEval-00107-of-00413.parquet,0,24,58067.png,PNG,Hourglass,,FFHQ,test,0,PixDiff,test_external_unseen_v3_additions/real/cf_external_unseen_v3_real_ffhq_d7cfff713e835b9c_58067.png.png,complete
cf_external_unseen_v3_real_ffhq_d8348271e6478201,real_ffhq,data/CompEval-00109-of-00413.parquet,1,21,10242.png,PNG,Hourglass,,FFHQ,test,0,PixDiff,test_external_unseen_v3_additions/real/cf_external_unseen_v3_real_ffhq_d8348271e6478201_10242.png.png,complete
cf_external_unseen_v3_real_ffhq_d845765eccb91391,real_ffhq,data/CompEval-00109-of-00413.parquet,4,3,68723.png,PNG,Hourglass,,FFHQ,test,0,PixDiff,test_external_unseen_v3_additions/real/cf_external_unseen_v3_real_ffhq_d845765eccb91391_68723.png.png,complete
cf_external_unseen_v3_real_ffhq_d94bd3c40fdebb34,real_ffhq,data/CompEval-00104-of-00413.parquet,0,23,42716.png,PNG,Hourglass,,FFHQ,test,0,PixDiff,test_external_unseen_v3_additions/real/cf_external_unseen_v3_real_ffhq_d94bd3c40fdebb34_42716.png.png,complete
cf_external_unseen_v3_real_ffhq_d969a5dae96abd50,real_ffhq,data/CompEval-00109-of-00413.parquet,4,16,08079.png,PNG,Hourglass,,FFHQ,test,0,PixDiff,test_external_unseen_v3_additions/real/cf_external_unseen_v3_real_ffhq_d969a5dae96abd50_08079.png.png,complete
cf_external_unseen_v3_real_ffhq_da03668c0a829f09,real_ffhq,data/CompEval-00109-of-00413.parquet,3,8,38485.png,PNG,Hourglass,,FFHQ,test,0,PixDiff,test_external_unseen_v3_additions/real/cf_external_unseen_v3_real_ffhq_da03668c0a829f09_38485.png.png,complete
cf_external_unseen_v3_real_ffhq_da5a65bf0732f1f2,real_ffhq,data/CompEval-00277-of-00413.parquet,0,3,37701.png,PNG,Hourglass,,FFHQ,test,0,PixDiff,test_external_unseen_v3_additions/real/cf_external_unseen_v3_real_ffhq_da5a65bf0732f1f2_37701.png.png,complete
cf_external_unseen_v3_real_ffhq_dca3b7c421aa38cc,real_ffhq,data/CompEval-00109-of-00413.parquet,3,18,69549.png,PNG,Hourglass,,FFHQ,test,0,PixDiff,test_external_unseen_v3_additions/real/cf_external_unseen_v3_real_ffhq_dca3b7c421aa38cc_69549.png.png,complete
cf_external_unseen_v3_real_ffhq_dcbd9217a98841c2,real_ffhq,data/CompEval-00109-of-00413.parquet,4,14,27523.png,PNG,Hourglass,,FFHQ,test,0,PixDiff,test_external_unseen_v3_additions/real/cf_external_unseen_v3_real_ffhq_dcbd9217a98841c2_27523.png.png,complete
cf_external_unseen_v3_real_ffhq_dd0a4d8f1216b6ef,real_ffhq,data/CompEval-00271-of-00413.parquet,2,20,16267.png,PNG,Hourglass,,FFHQ,test,0,PixDiff,test_external_unseen_v3_additions/real/cf_external_unseen_v3_real_ffhq_dd0a4d8f1216b6ef_16267.png.png,complete
cf_external_unseen_v3_real_ffhq_dd76cb0dabc795a8,real_ffhq,data/CompEval-00277-of-00413.parquet,2,12,49994.png,PNG,Hourglass,,FFHQ,test,0,PixDiff,test_external_unseen_v3_additions/real/cf_external_unseen_v3_real_ffhq_dd76cb0dabc795a8_49994.png.png,complete
cf_external_unseen_v3_real_ffhq_debeddd8046a2d0a,real_ffhq,data/CompEval-00271-of-00413.parquet,2,8,35020.png,PNG,Hourglass,,FFHQ,test,0,PixDiff,test_external_unseen_v3_additions/real/cf_external_unseen_v3_real_ffhq_debeddd8046a2d0a_35020.png.png,complete
cf_external_unseen_v3_real_ffhq_df3c84b86fc78209,real_ffhq,data/CompEval-00107-of-00413.parquet,4,13,62046.png,PNG,Hourglass,,FFHQ,test,0,PixDiff,test_external_unseen_v3_additions/real/cf_external_unseen_v3_real_ffhq_df3c84b86fc78209_62046.png.png,complete
cf_external_unseen_v3_real_ffhq_dfe04e904b65e597,real_ffhq,data/CompEval-00107-of-00413.parquet,4,9,41938.png,PNG,Hourglass,,FFHQ,test,0,PixDiff,test_external_unseen_v3_additions/real/cf_external_unseen_v3_real_ffhq_dfe04e904b65e597_41938.png.png,complete
cf_external_unseen_v3_real_ffhq_e1694128d17e6c3e,real_ffhq,data/CompEval-00277-of-00413.parquet,3,1,19574.png,PNG,Hourglass,,FFHQ,test,0,PixDiff,test_external_unseen_v3_additions/real/cf_external_unseen_v3_real_ffhq_e1694128d17e6c3e_19574.png.png,complete
cf_external_unseen_v3_real_ffhq_e207128013ef80eb,real_ffhq,data/CompEval-00107-of-00413.parquet,2,21,36343.png,PNG,Hourglass,,FFHQ,test,0,PixDiff,test_external_unseen_v3_additions/real/cf_external_unseen_v3_real_ffhq_e207128013ef80eb_36343.png.png,complete
cf_external_unseen_v3_real_ffhq_e2c29a7580f4748b,real_ffhq,data/CompEval-00105-of-00413.parquet,4,4,67726.png,PNG,Hourglass,,FFHQ,test,0,PixDiff,test_external_unseen_v3_additions/real/cf_external_unseen_v3_real_ffhq_e2c29a7580f4748b_67726.png.png,complete
cf_external_unseen_v3_real_ffhq_e3d236874f661be0,real_ffhq,data/CompEval-00106-of-00413.parquet,2,11,61740.png,PNG,Hourglass,,FFHQ,test,0,PixDiff,test_external_unseen_v3_additions/real/cf_external_unseen_v3_real_ffhq_e3d236874f661be0_61740.png.png,complete
cf_external_unseen_v3_real_ffhq_e429268342c50937,real_ffhq,data/CompEval-00105-of-00413.parquet,4,20,23676.png,PNG,Hourglass,,FFHQ,test,0,PixDiff,test_external_unseen_v3_additions/real/cf_external_unseen_v3_real_ffhq_e429268342c50937_23676.png.png,complete
cf_external_unseen_v3_real_ffhq_e47b1ffad9453879,real_ffhq,data/CompEval-00271-of-00413.parquet,1,13,33081.png,PNG,Hourglass,,FFHQ,test,0,PixDiff,test_external_unseen_v3_additions/real/cf_external_unseen_v3_real_ffhq_e47b1ffad9453879_33081.png.png,complete
cf_external_unseen_v3_real_ffhq_e59ba659bdf33bb4,real_ffhq,data/CompEval-00271-of-00413.parquet,1,14,39223.png,PNG,Hourglass,,FFHQ,test,0,PixDiff,test_external_unseen_v3_additions/real/cf_external_unseen_v3_real_ffhq_e59ba659bdf33bb4_39223.png.png,complete
cf_external_unseen_v3_real_ffhq_e6d76599d6260eaa,real_ffhq,data/CompEval-00107-of-00413.parquet,4,3,43455.png,PNG,Hourglass,,FFHQ,test,0,PixDiff,test_external_unseen_v3_additions/real/cf_external_unseen_v3_real_ffhq_e6d76599d6260eaa_43455.png.png,complete
cf_external_unseen_v3_real_ffhq_e719f3c018e959b7,real_ffhq,data/CompEval-00104-of-00413.parquet,0,13,48239.png,PNG,Hourglass,,FFHQ,test,0,PixDiff,test_external_unseen_v3_additions/real/cf_external_unseen_v3_real_ffhq_e719f3c018e959b7_48239.png.png,complete
cf_external_unseen_v3_real_ffhq_e7d7f67ee653e14d,real_ffhq,data/CompEval-00107-of-00413.parquet,3,22,31125.png,PNG,Hourglass,,FFHQ,test,0,PixDiff,test_external_unseen_v3_additions/real/cf_external_unseen_v3_real_ffhq_e7d7f67ee653e14d_31125.png.png,complete
cf_external_unseen_v3_real_ffhq_e8cbc4bc300d45e8,real_ffhq,data/CompEval-00271-of-00413.parquet,2,15,44555.png,PNG,Hourglass,,FFHQ,test,0,PixDiff,test_external_unseen_v3_additions/real/cf_external_unseen_v3_real_ffhq_e8cbc4bc300d45e8_44555.png.png,complete
cf_external_unseen_v3_real_ffhq_eae1a62db32d416c,real_ffhq,data/CompEval-00277-of-00413.parquet,3,6,26993.png,PNG,Hourglass,,FFHQ,test,0,PixDiff,test_external_unseen_v3_additions/real/cf_external_unseen_v3_real_ffhq_eae1a62db32d416c_26993.png.png,complete
cf_external_unseen_v3_real_ffhq_ed15ad471b186e16,real_ffhq,data/CompEval-00107-of-00413.parquet,0,17,62921.png,PNG,Hourglass,,FFHQ,test,0,PixDiff,test_external_unseen_v3_additions/real/cf_external_unseen_v3_real_ffhq_ed15ad471b186e16_62921.png.png,complete
cf_external_unseen_v3_real_ffhq_ed3e5195768c850e,real_ffhq,data/CompEval-00109-of-00413.parquet,3,2,65345.png,PNG,Hourglass,,FFHQ,test,0,PixDiff,test_external_unseen_v3_additions/real/cf_external_unseen_v3_real_ffhq_ed3e5195768c850e_65345.png.png,complete
cf_external_unseen_v3_real_ffhq_ee76e42fdf992cf4,real_ffhq,data/CompEval-00277-of-00413.parquet,4,11,31409.png,PNG,Hourglass,,FFHQ,test,0,PixDiff,test_external_unseen_v3_additions/real/cf_external_unseen_v3_real_ffhq_ee76e42fdf992cf4_31409.png.png,complete
cf_external_unseen_v3_real_ffhq_f0a0f1dfaeec7a07,real_ffhq,data/CompEval-00271-of-00413.parquet,1,17,34134.png,PNG,Hourglass,,FFHQ,test,0,PixDiff,test_external_unseen_v3_additions/real/cf_external_unseen_v3_real_ffhq_f0a0f1dfaeec7a07_34134.png.png,complete
cf_external_unseen_v3_real_ffhq_f48c713726ccba25,real_ffhq,data/CompEval-00105-of-00413.parquet,4,5,41785.png,PNG,Hourglass,,FFHQ,test,0,PixDiff,test_external_unseen_v3_additions/real/cf_external_unseen_v3_real_ffhq_f48c713726ccba25_41785.png.png,complete
cf_external_unseen_v3_real_ffhq_f50c3e80c011e451,real_ffhq,data/CompEval-00109-of-00413.parquet,1,4,35047.png,PNG,Hourglass,,FFHQ,test,0,PixDiff,test_external_unseen_v3_additions/real/cf_external_unseen_v3_real_ffhq_f50c3e80c011e451_35047.png.png,complete
cf_external_unseen_v3_real_ffhq_f70a2792604573f4,real_ffhq,data/CompEval-00277-of-00413.parquet,0,17,23629.png,PNG,Hourglass,,FFHQ,test,0,PixDiff,test_external_unseen_v3_additions/real/cf_external_unseen_v3_real_ffhq_f70a2792604573f4_23629.png.png,complete
cf_external_unseen_v3_real_ffhq_f7d9eec1dc692afc,real_ffhq,data/CompEval-00107-of-00413.parquet,0,5,52517.png,PNG,Hourglass,,FFHQ,test,0,PixDiff,test_external_unseen_v3_additions/real/cf_external_unseen_v3_real_ffhq_f7d9eec1dc692afc_52517.png.png,complete
cf_external_unseen_v3_real_ffhq_f89baa7f98f2fdeb,real_ffhq,data/CompEval-00107-of-00413.parquet,3,12,48726.png,PNG,Hourglass,,FFHQ,test,0,PixDiff,test_external_unseen_v3_additions/real/cf_external_unseen_v3_real_ffhq_f89baa7f98f2fdeb_48726.png.png,complete
cf_external_unseen_v3_real_ffhq_f8a0c198ccd72647,real_ffhq,data/CompEval-00108-of-00413.parquet,0,14,60863.png,PNG,Hourglass,,FFHQ,test,0,PixDiff,test_external_unseen_v3_additions/real/cf_external_unseen_v3_real_ffhq_f8a0c198ccd72647_60863.png.png,complete
cf_external_unseen_v3_real_ffhq_f8db778a2257c95c,real_ffhq,data/CompEval-00109-of-00413.parquet,4,23,45437.png,PNG,Hourglass,,FFHQ,test,0,PixDiff,test_external_unseen_v3_additions/real/cf_external_unseen_v3_real_ffhq_f8db778a2257c95c_45437.png.png,complete
cf_external_unseen_v3_real_ffhq_f92437c2a3f885b0,real_ffhq,data/CompEval-00277-of-00413.parquet,0,21,10777.png,PNG,Hourglass,,FFHQ,test,0,PixDiff,test_external_unseen_v3_additions/real/cf_external_unseen_v3_real_ffhq_f92437c2a3f885b0_10777.png.png,complete
cf_external_unseen_v3_real_ffhq_fa70fd0021ce54f0,real_ffhq,data/CompEval-00107-of-00413.parquet,3,7,11856.png,PNG,Hourglass,,FFHQ,test,0,PixDiff,test_external_unseen_v3_additions/real/cf_external_unseen_v3_real_ffhq_fa70fd0021ce54f0_11856.png.png,complete
cf_external_unseen_v3_real_ffhq_fb188adfdd113086,real_ffhq,data/CompEval-00109-of-00413.parquet,4,24,49882.png,PNG,Hourglass,,FFHQ,test,0,PixDiff,test_external_unseen_v3_additions/real/cf_external_unseen_v3_real_ffhq_fb188adfdd113086_49882.png.png,complete
cf_external_unseen_v3_real_ffhq_fb3e75e7c1bd4e01,real_ffhq,data/CompEval-00277-of-00413.parquet,2,5,42674.png,PNG,Hourglass,,FFHQ,test,0,PixDiff,test_external_unseen_v3_additions/real/cf_external_unseen_v3_real_ffhq_fb3e75e7c1bd4e01_42674.png.png,complete
cf_external_unseen_v3_real_ffhq_fb8a6276358db9cc,real_ffhq,data/CompEval-00109-of-00413.parquet,3,20,58118.png,PNG,Hourglass,,FFHQ,test,0,PixDiff,test_external_unseen_v3_additions/real/cf_external_unseen_v3_real_ffhq_fb8a6276358db9cc_58118.png.png,complete
cf_external_unseen_v3_real_ffhq_fc74e01b2634b02e,real_ffhq,data/CompEval-00109-of-00413.parquet,1,0,49656.png,PNG,Hourglass,,FFHQ,test,0,PixDiff,test_external_unseen_v3_additions/real/cf_external_unseen_v3_real_ffhq_fc74e01b2634b02e_49656.png.png,complete
cf_external_unseen_v3_real_laion_02b8f044c71a66be,real_laion,data/CompEval-00190-of-00413.parquet,2,18,00021106.jpeg,JPEG,FLUX-schnell,,LAION,test,0,Commercial,test_external_unseen_v3_additions/real/cf_external_unseen_v3_real_laion_02b8f044c71a66be_00021106.jpeg.jpg,complete
cf_external_unseen_v3_real_laion_0427d7c5a25c2f64,real_laion,data/CompEval-00280-of-00413.parquet,3,21,00031048.jpeg,JPEG,MidjourneyV6_1,,LAION,test,0,Commercial,test_external_unseen_v3_additions/real/cf_external_unseen_v3_real_laion_0427d7c5a25c2f64_00031048.jpeg.jpg,complete
cf_external_unseen_v3_real_laion_04e57d12ae33c351,real_laion,data/CompEval-00190-of-00413.parquet,2,3,00036682.jpeg,JPEG,FLUX-schnell,,LAION,test,0,Commercial,test_external_unseen_v3_additions/real/cf_external_unseen_v3_real_laion_04e57d12ae33c351_00036682.jpeg.jpg,complete
cf_external_unseen_v3_real_laion_0507b2d3f38e0b6d,real_laion,data/CompEval-00013-of-00413.parquet,1,0,00026230.jpeg,JPEG,MidjourneyV6_1,,LAION,test,0,Commercial,test_external_unseen_v3_additions/real/cf_external_unseen_v3_real_laion_0507b2d3f38e0b6d_00026230.jpeg.jpg,complete
cf_external_unseen_v3_real_laion_0688f359efde690a,real_laion,data/CompEval-00038-of-00413.parquet,2,6,00024248.jpeg,JPEG,Firefly_Image2,,LAION,test,0,Commercial,test_external_unseen_v3_additions/real/cf_external_unseen_v3_real_laion_0688f359efde690a_00024248.jpeg.jpg,complete
cf_external_unseen_v3_real_laion_06f0b8ca8577e60b,real_laion,data/CompEval-00190-of-00413.parquet,2,12,00021156.jpeg,JPEG,FLUX-schnell,,LAION,test,0,Commercial,test_external_unseen_v3_additions/real/cf_external_unseen_v3_real_laion_06f0b8ca8577e60b_00021156.jpeg.jpg,complete
cf_external_unseen_v3_real_laion_07ae8409d31da35f,real_laion,data/CompEval-00178-of-00413.parquet,3,15,00048703.jpeg,JPEG,Firefly_Image2,,LAION,test,0,Commercial,test_external_unseen_v3_additions/real/cf_external_unseen_v3_real_laion_07ae8409d31da35f_00048703.jpeg.jpg,complete
cf_external_unseen_v3_real_laion_0832cb418c8b88a7,real_laion,data/CompEval-00213-of-00413.parquet,3,14,00019825.jpeg,JPEG,Firefly_Image2,,LAION,test,0,Commercial,test_external_unseen_v3_additions/real/cf_external_unseen_v3_real_laion_0832cb418c8b88a7_00019825.jpeg.jpg,complete
cf_external_unseen_v3_real_laion_08cb892211151b4b,real_laion,data/CompEval-00134-of-00413.parquet,3,2,00003779.jpeg,JPEG,FLUX-dev,,LAION,test,0,Commercial,test_external_unseen_v3_additions/real/cf_external_unseen_v3_real_laion_08cb892211151b4b_00003779.jpeg.jpg,complete
cf_external_unseen_v3_real_laion_0900b0a69d8a4f4c,real_laion,data/CompEval-00236-of-00413.parquet,1,16,00025221.jpeg,JPEG,IdeogramV2,,LAION,test,0,Commercial,test_external_unseen_v3_additions/real/cf_external_unseen_v3_real_laion_0900b0a69d8a4f4c_00025221.jpeg.jpg,complete
cf_external_unseen_v3_real_laion_0b21984e14b39512,real_laion,data/CompEval-00150-of-00413.parquet,2,3,00040641.jpeg,JPEG,IdeogramV2,,LAION,test,0,Commercial,test_external_unseen_v3_additions/real/cf_external_unseen_v3_real_laion_0b21984e14b39512_00040641.jpeg.jpg,complete
cf_external_unseen_v3_real_laion_0be40dd27ef02311,real_laion,data/CompEval-00280-of-00413.parquet,3,8,00031081.jpeg,JPEG,MidjourneyV6_1,,LAION,test,0,Commercial,test_external_unseen_v3_additions/real/cf_external_unseen_v3_real_laion_0be40dd27ef02311_00031081.jpeg.jpg,complete
cf_external_unseen_v3_real_laion_0d35c0e3b13012b4,real_laion,data/CompEval-00236-of-00413.parquet,1,8,00045951.jpeg,JPEG,IdeogramV2,,LAION,test,0,Commercial,test_external_unseen_v3_additions/real/cf_external_unseen_v3_real_laion_0d35c0e3b13012b4_00045951.jpeg.jpg,complete
cf_external_unseen_v3_real_laion_0d53a716053e79a8,real_laion,data/CompEval-00150-of-00413.parquet,2,6,00035328.jpeg,JPEG,IdeogramV2,,LAION,test,0,Commercial,test_external_unseen_v3_additions/real/cf_external_unseen_v3_real_laion_0d53a716053e79a8_00035328.jpeg.jpg,complete
cf_external_unseen_v3_real_laion_0ff25f04992ab164,real_laion,data/CompEval-00013-of-00413.parquet,1,10,00052495.jpeg,JPEG,MidjourneyV6_1,,LAION,test,0,Commercial,test_external_unseen_v3_additions/real/cf_external_unseen_v3_real_laion_0ff25f04992ab164_00052495.jpeg.jpg,complete
cf_external_unseen_v3_real_laion_109fe414d31f55bd,real_laion,data/CompEval-00213-of-00413.parquet,3,2,00041484.jpeg,JPEG,Firefly_Image2,,LAION,test,0,Commercial,test_external_unseen_v3_additions/real/cf_external_unseen_v3_real_laion_109fe414d31f55bd_00041484.jpeg.jpg,complete
cf_external_unseen_v3_real_laion_12242afe97862f2c,real_laion,data/CompEval-00150-of-00413.parquet,2,18,00030326.jpeg,JPEG,IdeogramV2,,LAION,test,0,Commercial,test_external_unseen_v3_additions/real/cf_external_unseen_v3_real_laion_12242afe97862f2c_00030326.jpeg.jpg,complete
cf_external_unseen_v3_real_laion_122f7632a804f0b3,real_laion,data/CompEval-00213-of-00413.parquet,3,17,00008382.jpeg,JPEG,Firefly_Image2,,LAION,test,0,Commercial,test_external_unseen_v3_additions/real/cf_external_unseen_v3_real_laion_122f7632a804f0b3_00008382.jpeg.jpg,complete
cf_external_unseen_v3_real_laion_1251f3282fa7b3f7,real_laion,data/CompEval-00013-of-00413.parquet,1,1,00040516.jpeg,JPEG,MidjourneyV6_1,,LAION,test,0,Commercial,test_external_unseen_v3_additions/real/cf_external_unseen_v3_real_laion_1251f3282fa7b3f7_00040516.jpeg.jpg,complete
cf_external_unseen_v3_real_laion_1307d13d46999ec1,real_laion,data/CompEval-00038-of-00413.parquet,2,17,00024387.jpeg,JPEG,Firefly_Image2,,LAION,test,0,Commercial,test_external_unseen_v3_additions/real/cf_external_unseen_v3_real_laion_1307d13d46999ec1_00024387.jpeg.jpg,complete
cf_external_unseen_v3_real_laion_14b10e0c10ed45c5,real_laion,data/CompEval-00280-of-00413.parquet,3,16,00031926.jpeg,JPEG,MidjourneyV6_1,,LAION,test,0,Commercial,test_external_unseen_v3_additions/real/cf_external_unseen_v3_real_laion_14b10e0c10ed45c5_00031926.jpeg.jpg,complete
cf_external_unseen_v3_real_laion_15deba1a379c92e0,real_laion,data/CompEval-00038-of-00413.parquet,2,22,00024571.jpeg,JPEG,Firefly_Image2,,LAION,test,0,Commercial,test_external_unseen_v3_additions/real/cf_external_unseen_v3_real_laion_15deba1a379c92e0_00024571.jpeg.jpg,complete
cf_external_unseen_v3_real_laion_172780cdc006ea58,real_laion,data/CompEval-00190-of-00413.parquet,2,24,00050439.jpeg,JPEG,FLUX-schnell,,LAION,test,0,Commercial,test_external_unseen_v3_additions/real/cf_external_unseen_v3_real_laion_172780cdc006ea58_00050439.jpeg.jpg,complete
cf_external_unseen_v3_real_laion_1b15814c7ee937e7,real_laion,data/CompEval-00280-of-00413.parquet,3,9,00031230.png,PNG,MidjourneyV6_1,,LAION,test,0,Commercial,test_external_unseen_v3_additions/real/cf_external_unseen_v3_real_laion_1b15814c7ee937e7_00031230.png.png,complete
cf_external_unseen_v3_real_laion_1bced74a83d0e749,real_laion,data/CompEval-00365-of-00413.parquet,4,21,00033699.jpeg,JPEG,MidjourneyV5_2,,LAION,test,0,Commercial,test_external_unseen_v3_additions/real/cf_external_unseen_v3_real_laion_1bced74a83d0e749_00033699.jpeg.jpg,complete
cf_external_unseen_v3_real_laion_1d608cad7f78c964,real_laion,data/CompEval-00013-of-00413.parquet,1,14,00003238.jpeg,JPEG,MidjourneyV6_1,,LAION,test,0,Commercial,test_external_unseen_v3_additions/real/cf_external_unseen_v3_real_laion_1d608cad7f78c964_00003238.jpeg.jpg,complete
cf_external_unseen_v3_real_laion_1ee23d3fef47a6a9,real_laion,data/CompEval-00134-of-00413.parquet,3,10,00048192.jpeg,JPEG,FLUX-dev,,LAION,test,0,Commercial,test_external_unseen_v3_additions/real/cf_external_unseen_v3_real_laion_1ee23d3fef47a6a9_00048192.jpeg.jpg,complete
cf_external_unseen_v3_real_laion_2011a118f385d8cc,real_laion,data/CompEval-00178-of-00413.parquet,3,13,00048600.jpeg,JPEG,Firefly_Image2,,LAION,test,0,Commercial,test_external_unseen_v3_additions/real/cf_external_unseen_v3_real_laion_2011a118f385d8cc_00048600.jpeg.jpg,complete
cf_external_unseen_v3_real_laion_20609f88a034c5ba,real_laion,data/CompEval-00190-of-00413.parquet,2,9,00031025.jpeg,JPEG,FLUX-schnell,,LAION,test,0,Commercial,test_external_unseen_v3_additions/real/cf_external_unseen_v3_real_laion_20609f88a034c5ba_00031025.jpeg.jpg,complete
cf_external_unseen_v3_real_laion_20e77d60da0b3ee7,real_laion,data/CompEval-00178-of-00413.parquet,3,20,00048731.jpeg,JPEG,Firefly_Image2,,LAION,test,0,Commercial,test_external_unseen_v3_additions/real/cf_external_unseen_v3_real_laion_20e77d60da0b3ee7_00048731.jpeg.jpg,complete
cf_external_unseen_v3_real_laion_231adebb19f93578,real_laion,data/CompEval-00236-of-00413.parquet,1,12,00054226.jpeg,JPEG,IdeogramV2,,LAION,test,0,Commercial,test_external_unseen_v3_additions/real/cf_external_unseen_v3_real_laion_231adebb19f93578_00054226.jpeg.jpg,complete
cf_external_unseen_v3_real_laion_231b45a4fa1bde02,real_laion,data/CompEval-00280-of-00413.parquet,3,24,00031535.jpeg,JPEG,MidjourneyV6_1,,LAION,test,0,Commercial,test_external_unseen_v3_additions/real/cf_external_unseen_v3_real_laion_231b45a4fa1bde02_00031535.jpeg.jpg,complete
cf_external_unseen_v3_real_laion_26ee8390ffc10966,real_laion,data/CompEval-00236-of-00413.parquet,1,19,00002615.jpeg,JPEG,IdeogramV2,,LAION,test,0,Commercial,test_external_unseen_v3_additions/real/cf_external_unseen_v3_real_laion_26ee8390ffc10966_00002615.jpeg.jpg,complete
cf_external_unseen_v3_real_laion_2740751c18c94433,real_laion,data/CompEval-00190-of-00413.parquet,2,1,00036874.jpeg,JPEG,FLUX-schnell,,LAION,test,0,Commercial,test_external_unseen_v3_additions/real/cf_external_unseen_v3_real_laion_2740751c18c94433_00036874.jpeg.jpg,complete
cf_external_unseen_v3_real_laion_2ae61bc8294d8ac4,real_laion,data/CompEval-00178-of-00413.parquet,3,24,00048019.jpeg,JPEG,Firefly_Image2,,LAION,test,0,Commercial,test_external_unseen_v3_additions/real/cf_external_unseen_v3_real_laion_2ae61bc8294d8ac4_00048019.jpeg.jpg,complete
cf_external_unseen_v3_real_laion_2bcb3aedf57bef1a,real_laion,data/CompEval-00038-of-00413.parquet,2,10,00024636.jpeg,JPEG,Firefly_Image2,,LAION,test,0,Commercial,test_external_unseen_v3_additions/real/cf_external_unseen_v3_real_laion_2bcb3aedf57bef1a_00024636.jpeg.jpg,complete
cf_external_unseen_v3_real_laion_2d9b7992ab4ae75d,real_laion,data/CompEval-00280-of-00413.parquet,3,7,00031800.jpeg,JPEG,MidjourneyV6_1,,LAION,test,0,Commercial,test_external_unseen_v3_additions/real/cf_external_unseen_v3_real_laion_2d9b7992ab4ae75d_00031800.jpeg.jpg,complete
cf_external_unseen_v3_real_laion_2d9fd79205d00938,real_laion,data/CompEval-00236-of-00413.parquet,1,15,00017564.jpeg,JPEG,IdeogramV2,,LAION,test,0,Commercial,test_external_unseen_v3_additions/real/cf_external_unseen_v3_real_laion_2d9fd79205d00938_00017564.jpeg.jpg,complete
cf_external_unseen_v3_real_laion_2fb3f420523fc82b,real_laion,data/CompEval-00038-of-00413.parquet,2,15,00024499.jpeg,JPEG,Firefly_Image2,,LAION,test,0,Commercial,test_external_unseen_v3_additions/real/cf_external_unseen_v3_real_laion_2fb3f420523fc82b_00024499.jpeg.jpg,complete
cf_external_unseen_v3_real_laion_2fd46188e9d1d924,real_laion,data/CompEval-00213-of-00413.parquet,3,4,00027951.jpeg,JPEG,Firefly_Image2,,LAION,test,0,Commercial,test_external_unseen_v3_additions/real/cf_external_unseen_v3_real_laion_2fd46188e9d1d924_00027951.jpeg.jpg,complete
cf_external_unseen_v3_real_laion_30a9877630370613,real_laion,data/CompEval-00365-of-00413.parquet,4,18,00033716.jpeg,JPEG,MidjourneyV5_2,,LAION,test,0,Commercial,test_external_unseen_v3_additions/real/cf_external_unseen_v3_real_laion_30a9877630370613_00033716.jpeg.jpg,complete
cf_external_unseen_v3_real_laion_314864104fbb80b5,real_laion,data/CompEval-00013-of-00413.parquet,1,23,00020443.jpeg,JPEG,MidjourneyV6_1,,LAION,test,0,Commercial,test_external_unseen_v3_additions/real/cf_external_unseen_v3_real_laion_314864104fbb80b5_00020443.jpeg.jpg,complete
cf_external_unseen_v3_real_laion_316cb8c1ef6b2331,real_laion,data/CompEval-00190-of-00413.parquet,2,11,00021621.jpeg,JPEG,FLUX-schnell,,LAION,test,0,Commercial,test_external_unseen_v3_additions/real/cf_external_unseen_v3_real_laion_316cb8c1ef6b2331_00021621.jpeg.jpg,complete
cf_external_unseen_v3_real_laion_333adadec220f317,real_laion,data/CompEval-00365-of-00413.parquet,4,10,00033183.jpeg,JPEG,MidjourneyV5_2,,LAION,test,0,Commercial,test_external_unseen_v3_additions/real/cf_external_unseen_v3_real_laion_333adadec220f317_00033183.jpeg.jpg,complete
cf_external_unseen_v3_real_laion_335909f9ec7e1e4c,real_laion,data/CompEval-00178-of-00413.parquet,3,9,00048618.jpeg,JPEG,Firefly_Image2,,LAION,test,0,Commercial,test_external_unseen_v3_additions/real/cf_external_unseen_v3_real_laion_335909f9ec7e1e4c_00048618.jpeg.jpg,complete
cf_external_unseen_v3_real_laion_34eb04126c96896b,real_laion,data/CompEval-00134-of-00413.parquet,3,0,00003386.jpeg,JPEG,FLUX-dev,,LAION,test,0,Commercial,test_external_unseen_v3_additions/real/cf_external_unseen_v3_real_laion_34eb04126c96896b_00003386.jpeg.jpg,complete
cf_external_unseen_v3_real_laion_39a8641602414032,real_laion,data/CompEval-00280-of-00413.parquet,3,11,00031082.jpeg,JPEG,MidjourneyV6_1,,LAION,test,0,Commercial,test_external_unseen_v3_additions/real/cf_external_unseen_v3_real_laion_39a8641602414032_00031082.jpeg.jpg,complete
cf_external_unseen_v3_real_laion_3b0beffe62c95db0,real_laion,data/CompEval-00178-of-00413.parquet,3,4,00048346.jpeg,JPEG,Firefly_Image2,,LAION,test,0,Commercial,test_external_unseen_v3_additions/real/cf_external_unseen_v3_real_laion_3b0beffe62c95db0_00048346.jpeg.jpg,complete
cf_external_unseen_v3_real_laion_3c087a4c329c2da9,real_laion,data/CompEval-00038-of-00413.parquet,2,9,00024966.jpeg,JPEG,Firefly_Image2,,LAION,test,0,Commercial,test_external_unseen_v3_additions/real/cf_external_unseen_v3_real_laion_3c087a4c329c2da9_00024966.jpeg.jpg,complete
cf_external_unseen_v3_real_laion_3c4189771599a450,real_laion,data/CompEval-00280-of-00413.parquet,3,15,00031508.jpeg,JPEG,MidjourneyV6_1,,LAION,test,0,Commercial,test_external_unseen_v3_additions/real/cf_external_unseen_v3_real_laion_3c4189771599a450_00031508.jpeg.jpg,complete
cf_external_unseen_v3_real_laion_3d4877dcb8e10500,real_laion,data/CompEval-00213-of-00413.parquet,3,19,00001281.jpeg,JPEG,Firefly_Image2,,LAION,test,0,Commercial,test_external_unseen_v3_additions/real/cf_external_unseen_v3_real_laion_3d4877dcb8e10500_00001281.jpeg.jpg,complete
cf_external_unseen_v3_real_laion_3d548d16b7918449,real_laion,data/CompEval-00236-of-00413.parquet,1,9,00048916.jpeg,JPEG,IdeogramV2,,LAION,test,0,Commercial,test_external_unseen_v3_additions/real/cf_external_unseen_v3_real_laion_3d548d16b7918449_00048916.jpeg.jpg,complete
cf_external_unseen_v3_real_laion_3f14affe5768a529,real_laion,data/CompEval-00150-of-00413.parquet,2,23,00011158.jpeg,JPEG,IdeogramV2,,LAION,test,0,Commercial,test_external_unseen_v3_additions/real/cf_external_unseen_v3_real_laion_3f14affe5768a529_00011158.jpeg.jpg,complete
cf_external_unseen_v3_real_laion_3f70505cf02cc6ac,real_laion,data/CompEval-00150-of-00413.parquet,2,8,00014305.jpeg,JPEG,IdeogramV2,,LAION,test,0,Commercial,test_external_unseen_v3_additions/real/cf_external_unseen_v3_real_laion_3f70505cf02cc6ac_00014305.jpeg.jpg,complete
cf_external_unseen_v3_real_laion_3fcd1d624f6ddefc,real_laion,data/CompEval-00150-of-00413.parquet,2,1,00037985.jpeg,JPEG,IdeogramV2,,LAION,test,0,Commercial,test_external_unseen_v3_additions/real/cf_external_unseen_v3_real_laion_3fcd1d624f6ddefc_00037985.jpeg.jpg,complete
cf_external_unseen_v3_real_laion_409f901980c7e1a8,real_laion,data/CompEval-00134-of-00413.parquet,3,11,00048688.jpeg,JPEG,FLUX-dev,,LAION,test,0,Commercial,test_external_unseen_v3_additions/real/cf_external_unseen_v3_real_laion_409f901980c7e1a8_00048688.jpeg.jpg,complete
cf_external_unseen_v3_real_laion_412c65991e908f90,real_laion,data/CompEval-00150-of-00413.parquet,2,11,00018151.jpeg,JPEG,IdeogramV2,,LAION,test,0,Commercial,test_external_unseen_v3_additions/real/cf_external_unseen_v3_real_laion_412c65991e908f90_00018151.jpeg.jpg,complete
cf_external_unseen_v3_real_laion_41f50a6847958712,real_laion,data/CompEval-00178-of-00413.parquet,3,7,00048942.jpeg,JPEG,Firefly_Image2,,LAION,test,0,Commercial,test_external_unseen_v3_additions/real/cf_external_unseen_v3_real_laion_41f50a6847958712_00048942.jpeg.jpg,complete
cf_external_unseen_v3_real_laion_4265eb48dd8a1bf3,real_laion,data/CompEval-00134-of-00413.parquet,3,5,00000655.png,PNG,FLUX-dev,,LAION,test,0,Commercial,test_external_unseen_v3_additions/real/cf_external_unseen_v3_real_laion_4265eb48dd8a1bf3_00000655.png.png,complete
cf_external_unseen_v3_real_laion_4392fd47a9ff3877,real_laion,data/CompEval-00349-of-00413.parquet,2,9,00006738.jpeg,JPEG,Dalle2,,LAION,test,0,Commercial,test_external_unseen_v3_additions/real/cf_external_unseen_v3_real_laion_4392fd47a9ff3877_00006738.jpeg.jpg,complete
cf_external_unseen_v3_real_laion_451f84f2e63843e9,real_laion,data/CompEval-00236-of-00413.parquet,1,14,00033161.jpeg,JPEG,IdeogramV2,,LAION,test,0,Commercial,test_external_unseen_v3_additions/real/cf_external_unseen_v3_real_laion_451f84f2e63843e9_00033161.jpeg.jpg,complete
cf_external_unseen_v3_real_laion_458b78dcfc42aa10,real_laion,data/CompEval-00190-of-00413.parquet,2,21,00050896.jpeg,JPEG,FLUX-schnell,,LAION,test,0,Commercial,test_external_unseen_v3_additions/real/cf_external_unseen_v3_real_laion_458b78dcfc42aa10_00050896.jpeg.jpg,complete
cf_external_unseen_v3_real_laion_477cda44d27cbf1e,real_laion,data/CompEval-00365-of-00413.parquet,4,5,00033251.png,PNG,MidjourneyV5_2,,LAION,test,0,Commercial,test_external_unseen_v3_additions/real/cf_external_unseen_v3_real_laion_477cda44d27cbf1e_00033251.png.png,complete
cf_external_unseen_v3_real_laion_49964bddf3f312ed,real_laion,data/CompEval-00150-of-00413.parquet,2,24,00052082.jpeg,JPEG,IdeogramV2,,LAION,test,0,Commercial,test_external_unseen_v3_additions/real/cf_external_unseen_v3_real_laion_49964bddf3f312ed_00052082.jpeg.jpg,complete
cf_external_unseen_v3_real_laion_4b086c787df01342,real_laion,data/CompEval-00178-of-00413.parquet,3,17,00048699.jpeg,JPEG,Firefly_Image2,,LAION,test,0,Commercial,test_external_unseen_v3_additions/real/cf_external_unseen_v3_real_laion_4b086c787df01342_00048699.jpeg.jpg,complete
cf_external_unseen_v3_real_laion_4b34883f4419aa49,real_laion,data/CompEval-00365-of-00413.parquet,4,15,00033833.jpeg,JPEG,MidjourneyV5_2,,LAION,test,0,Commercial,test_external_unseen_v3_additions/real/cf_external_unseen_v3_real_laion_4b34883f4419aa49_00033833.jpeg.jpg,complete
cf_external_unseen_v3_real_laion_4b8a94ff8542f6c4,real_laion,data/CompEval-00213-of-00413.parquet,3,18,00019398.jpeg,JPEG,Firefly_Image2,,LAION,test,0,Commercial,test_external_unseen_v3_additions/real/cf_external_unseen_v3_real_laion_4b8a94ff8542f6c4_00019398.jpeg.jpg,complete
cf_external_unseen_v3_real_laion_4bfcb81694f53a0e,real_laion,data/CompEval-00178-of-00413.parquet,3,12,00048033.jpeg,JPEG,Firefly_Image2,,LAION,test,0,Commercial,test_external_unseen_v3_additions/real/cf_external_unseen_v3_real_laion_4bfcb81694f53a0e_00048033.jpeg.jpg,complete
cf_external_unseen_v3_real_laion_4c5e4d96a8cce4db,real_laion,data/CompEval-00190-of-00413.parquet,2,4,00018829.jpeg,JPEG,FLUX-schnell,,LAION,test,0,Commercial,test_external_unseen_v3_additions/real/cf_external_unseen_v3_real_laion_4c5e4d96a8cce4db_00018829.jpeg.jpg,complete
cf_external_unseen_v3_real_laion_4dcbaf416376ff81,real_laion,data/CompEval-00280-of-00413.parquet,3,23,00031594.webp,WEBP,MidjourneyV6_1,,LAION,test,0,Commercial,test_external_unseen_v3_additions/real/cf_external_unseen_v3_real_laion_4dcbaf416376ff81_00031594.webp.webp,complete
cf_external_unseen_v3_real_laion_4de476cf156c3eec,real_laion,data/CompEval-00365-of-00413.parquet,4,23,00033903.jpeg,JPEG,MidjourneyV5_2,,LAION,test,0,Commercial,test_external_unseen_v3_additions/real/cf_external_unseen_v3_real_laion_4de476cf156c3eec_00033903.jpeg.jpg,complete
cf_external_unseen_v3_real_laion_4e070be8c464a8aa,real_laion,data/CompEval-00236-of-00413.parquet,1,1,00023750.jpeg,JPEG,IdeogramV2,,LAION,test,0,Commercial,test_external_unseen_v3_additions/real/cf_external_unseen_v3_real_laion_4e070be8c464a8aa_00023750.jpeg.jpg,complete
cf_external_unseen_v3_real_laion_4e64f19e2c926d79,real_laion,data/CompEval-00178-of-00413.parquet,3,22,00048503.jpeg,JPEG,Firefly_Image2,,LAION,test,0,Commercial,test_external_unseen_v3_additions/real/cf_external_unseen_v3_real_laion_4e64f19e2c926d79_00048503.jpeg.jpg,complete
cf_external_unseen_v3_real_laion_4ef116f31bc48202,real_laion,data/CompEval-00190-of-00413.parquet,2,14,00021257.jpeg,JPEG,FLUX-schnell,,LAION,test,0,Commercial,test_external_unseen_v3_additions/real/cf_external_unseen_v3_real_laion_4ef116f31bc48202_00021257.jpeg.jpg,complete
cf_external_unseen_v3_real_laion_506e2628e6eeff20,real_laion,data/CompEval-00365-of-00413.parquet,4,0,00033764.jpeg,JPEG,MidjourneyV5_2,,LAION,test,0,Commercial,test_external_unseen_v3_additions/real/cf_external_unseen_v3_real_laion_506e2628e6eeff20_00033764.jpeg.jpg,complete
cf_external_unseen_v3_real_laion_5186b3f10fbd6349,real_laion,data/CompEval-00178-of-00413.parquet,3,1,00048884.jpeg,JPEG,Firefly_Image2,,LAION,test,0,Commercial,test_external_unseen_v3_additions/real/cf_external_unseen_v3_real_laion_5186b3f10fbd6349_00048884.jpeg.jpg,complete
cf_external_unseen_v3_real_laion_523888761e4896c1,real_laion,data/CompEval-00236-of-00413.parquet,1,17,00034318.jpeg,JPEG,IdeogramV2,,LAION,test,0,Commercial,test_external_unseen_v3_additions/real/cf_external_unseen_v3_real_laion_523888761e4896c1_00034318.jpeg.jpg,complete
cf_external_unseen_v3_real_laion_52766f9eef6c8865,real_laion,data/CompEval-00150-of-00413.parquet,2,17,00042792.jpeg,JPEG,IdeogramV2,,LAION,test,0,Commercial,test_external_unseen_v3_additions/real/cf_external_unseen_v3_real_laion_52766f9eef6c8865_00042792.jpeg.jpg,complete
cf_external_unseen_v3_real_laion_5398c6aed13eaaec,real_laion,data/CompEval-00013-of-00413.parquet,1,16,00014884.jpeg,JPEG,MidjourneyV6_1,,LAION,test,0,Commercial,test_external_unseen_v3_additions/real/cf_external_unseen_v3_real_laion_5398c6aed13eaaec_00014884.jpeg.jpg,complete
cf_external_unseen_v3_real_laion_549ef4aed7fb56a1,real_laion,data/CompEval-00038-of-00413.parquet,2,13,00024774.jpeg,JPEG,Firefly_Image2,,LAION,test,0,Commercial,test_external_unseen_v3_additions/real/cf_external_unseen_v3_real_laion_549ef4aed7fb56a1_00024774.jpeg.jpg,complete
cf_external_unseen_v3_real_laion_5507167823d9c94e,real_laion,data/CompEval-00213-of-00413.parquet,3,9,00013799.jpeg,JPEG,Firefly_Image2,,LAION,test,0,Commercial,test_external_unseen_v3_additions/real/cf_external_unseen_v3_real_laion_5507167823d9c94e_00013799.jpeg.jpg,complete
cf_external_unseen_v3_real_laion_55e61f1a68db11ae,real_laion,data/CompEval-00213-of-00413.parquet,3,0,00025047.jpeg,JPEG,Firefly_Image2,,LAION,test,0,Commercial,test_external_unseen_v3_additions/real/cf_external_unseen_v3_real_laion_55e61f1a68db11ae_00025047.jpeg.jpg,complete
cf_external_unseen_v3_real_laion_56a5af96511c7a03,real_laion,data/CompEval-00365-of-00413.parquet,4,17,00033872.jpeg,JPEG,MidjourneyV5_2,,LAION,test,0,Commercial,test_external_unseen_v3_additions/real/cf_external_unseen_v3_real_laion_56a5af96511c7a03_00033872.jpeg.jpg,complete
cf_external_unseen_v3_real_laion_572300c3f7a03027,real_laion,data/CompEval-00134-of-00413.parquet,3,3,00000724.jpeg,JPEG,FLUX-dev,,LAION,test,0,Commercial,test_external_unseen_v3_additions/real/cf_external_unseen_v3_real_laion_572300c3f7a03027_00000724.jpeg.jpg,complete
cf_external_unseen_v3_real_laion_59812769de6155cd,real_laion,data/CompEval-00280-of-00413.parquet,3,17,00031280.jpeg,JPEG,MidjourneyV6_1,,LAION,test,0,Commercial,test_external_unseen_v3_additions/real/cf_external_unseen_v3_real_laion_59812769de6155cd_00031280.jpeg.jpg,complete
cf_external_unseen_v3_real_laion_59ac59ce79e1007d,real_laion,data/CompEval-00134-of-00413.parquet,3,18,00048423.png,PNG,FLUX-dev,,LAION,test,0,Commercial,test_external_unseen_v3_additions/real/cf_external_unseen_v3_real_laion_59ac59ce79e1007d_00048423.png.png,complete
cf_external_unseen_v3_real_laion_5a9b3bd0c6a2cdcd,real_laion,data/CompEval-00236-of-00413.parquet,1,7,00001984.jpeg,JPEG,IdeogramV2,,LAION,test,0,Commercial,test_external_unseen_v3_additions/real/cf_external_unseen_v3_real_laion_5a9b3bd0c6a2cdcd_00001984.jpeg.jpg,complete
cf_external_unseen_v3_real_laion_5af3379e34181f30,real_laion,data/CompEval-00280-of-00413.parquet,3,18,00031708.jpeg,JPEG,MidjourneyV6_1,,LAION,test,0,Commercial,test_external_unseen_v3_additions/real/cf_external_unseen_v3_real_laion_5af3379e34181f30_00031708.jpeg.jpg,complete
cf_external_unseen_v3_real_laion_5c35f9d2b58b795a,real_laion,data/CompEval-00150-of-00413.parquet,2,22,00005552.jpeg,JPEG,IdeogramV2,,LAION,test,0,Commercial,test_external_unseen_v3_additions/real/cf_external_unseen_v3_real_laion_5c35f9d2b58b795a_00005552.jpeg.jpg,complete
cf_external_unseen_v3_real_laion_5e74e0d91e061372,real_laion,data/CompEval-00178-of-00413.parquet,3,11,00048344.png,PNG,Firefly_Image2,,LAION,test,0,Commercial,test_external_unseen_v3_additions/real/cf_external_unseen_v3_real_laion_5e74e0d91e061372_00048344.png.png,complete
cf_external_unseen_v3_real_laion_5ee11646a5ab58ab,real_laion,data/CompEval-00150-of-00413.parquet,2,10,00014818.jpeg,JPEG,IdeogramV2,,LAION,test,0,Commercial,test_external_unseen_v3_additions/real/cf_external_unseen_v3_real_laion_5ee11646a5ab58ab_00014818.jpeg.jpg,complete
cf_external_unseen_v3_real_laion_5f64d1a825bad75c,real_laion,data/CompEval-00236-of-00413.parquet,1,23,00055808.jpeg,JPEG,IdeogramV2,,LAION,test,0,Commercial,test_external_unseen_v3_additions/real/cf_external_unseen_v3_real_laion_5f64d1a825bad75c_00055808.jpeg.jpg,complete
cf_external_unseen_v3_real_laion_5ff5275fcfcd34a9,real_laion,data/CompEval-00150-of-00413.parquet,2,19,00013330.jpeg,JPEG,IdeogramV2,,LAION,test,0,Commercial,test_external_unseen_v3_additions/real/cf_external_unseen_v3_real_laion_5ff5275fcfcd34a9_00013330.jpeg.jpg,complete
cf_external_unseen_v3_real_laion_600099b30945e6de,real_laion,data/CompEval-00013-of-00413.parquet,1,22,00013241.jpeg,JPEG,MidjourneyV6_1,,LAION,test,0,Commercial,test_external_unseen_v3_additions/real/cf_external_unseen_v3_real_laion_600099b30945e6de_00013241.jpeg.jpg,complete
cf_external_unseen_v3_real_laion_6141411ac626cc71,real_laion,data/CompEval-00134-of-00413.parquet,3,22,00046768.jpeg,JPEG,FLUX-dev,,LAION,test,0,Commercial,test_external_unseen_v3_additions/real/cf_external_unseen_v3_real_laion_6141411ac626cc71_00046768.jpeg.jpg,complete
cf_external_unseen_v3_real_laion_6175b0d0cfd10472,real_laion,data/CompEval-00236-of-00413.parquet,1,11,00046810.jpeg,JPEG,IdeogramV2,,LAION,test,0,Commercial,test_external_unseen_v3_additions/real/cf_external_unseen_v3_real_laion_6175b0d0cfd10472_00046810.jpeg.jpg,complete
cf_external_unseen_v3_real_laion_61c76a3b8f0dc1c9,real_laion,data/CompEval-00213-of-00413.parquet,3,24,00030330.jpeg,JPEG,Firefly_Image2,,LAION,test,0,Commercial,test_external_unseen_v3_additions/real/cf_external_unseen_v3_real_laion_61c76a3b8f0dc1c9_00030330.jpeg.jpg,complete
cf_external_unseen_v3_real_laion_624917956cd4d026,real_laion,data/CompEval-00236-of-00413.parquet,1,20,00020984.jpeg,JPEG,IdeogramV2,,LAION,test,0,Commercial,test_external_unseen_v3_additions/real/cf_external_unseen_v3_real_laion_624917956cd4d026_00020984.jpeg.jpg,complete
cf_external_unseen_v3_real_laion_629caeb95e3b34ea,real_laion,data/CompEval-00178-of-00413.parquet,3,6,00048611.jpeg,JPEG,Firefly_Image2,,LAION,test,0,Commercial,test_external_unseen_v3_additions/real/cf_external_unseen_v3_real_laion_629caeb95e3b34ea_00048611.jpeg.jpg,complete
cf_external_unseen_v3_real_laion_631375d2f45d7f09,real_laion,data/CompEval-00134-of-00413.parquet,3,21,00048472.jpeg,JPEG,FLUX-dev,,LAION,test,0,Commercial,test_external_unseen_v3_additions/real/cf_external_unseen_v3_real_laion_631375d2f45d7f09_00048472.jpeg.jpg,complete
cf_external_unseen_v3_real_laion_63d9fbb94c2a1163,real_laion,data/CompEval-00190-of-00413.parquet,2,20,00050995.jpeg,JPEG,FLUX-schnell,,LAION,test,0,Commercial,test_external_unseen_v3_additions/real/cf_external_unseen_v3_real_laion_63d9fbb94c2a1163_00050995.jpeg.jpg,complete
cf_external_unseen_v3_real_laion_65ac8836f108e2cb,real_laion,data/CompEval-00150-of-00413.parquet,2,21,00023805.jpeg,JPEG,IdeogramV2,,LAION,test,0,Commercial,test_external_unseen_v3_additions/real/cf_external_unseen_v3_real_laion_65ac8836f108e2cb_00023805.jpeg.jpg,complete
cf_external_unseen_v3_real_laion_65d71e01cbe99957,real_laion,data/CompEval-00134-of-00413.parquet,3,13,00048775.jpeg,JPEG,FLUX-dev,,LAION,test,0,Commercial,test_external_unseen_v3_additions/real/cf_external_unseen_v3_real_laion_65d71e01cbe99957_00048775.jpeg.jpg,complete
cf_external_unseen_v3_real_laion_6607c10b17e07ced,real_laion,data/CompEval-00178-of-00413.parquet,3,8,00048911.jpeg,JPEG,Firefly_Image2,,LAION,test,0,Commercial,test_external_unseen_v3_additions/real/cf_external_unseen_v3_real_laion_6607c10b17e07ced_00048911.jpeg.jpg,complete
cf_external_unseen_v3_real_laion_660d39e31b30ecd5,real_laion,data/CompEval-00280-of-00413.parquet,3,5,00031840.jpeg,JPEG,MidjourneyV6_1,,LAION,test,0,Commercial,test_external_unseen_v3_additions/real/cf_external_unseen_v3_real_laion_660d39e31b30ecd5_00031840.jpeg.jpg,complete
cf_external_unseen_v3_real_laion_673d2dace8065ff4,real_laion,data/CompEval-00213-of-00413.parquet,3,5,00005070.jpeg,JPEG,Firefly_Image2,,LAION,test,0,Commercial,test_external_unseen_v3_additions/real/cf_external_unseen_v3_real_laion_673d2dace8065ff4_00005070.jpeg.jpg,complete
cf_external_unseen_v3_real_laion_686f36806af8a940,real_laion,data/CompEval-00236-of-00413.parquet,1,2,00011850.jpeg,JPEG,IdeogramV2,,LAION,test,0,Commercial,test_external_unseen_v3_additions/real/cf_external_unseen_v3_real_laion_686f36806af8a940_00011850.jpeg.jpg,complete
cf_external_unseen_v3_real_laion_6aa3c16a9130127d,real_laion,data/CompEval-00013-of-00413.parquet,1,11,00029230.jpeg,JPEG,MidjourneyV6_1,,LAION,test,0,Commercial,test_external_unseen_v3_additions/real/cf_external_unseen_v3_real_laion_6aa3c16a9130127d_00029230.jpeg.jpg,complete
cf_external_unseen_v3_real_laion_6ace96bbfd8eb02c,real_laion,data/CompEval-00280-of-00413.parquet,3,19,00031040.jpeg,JPEG,MidjourneyV6_1,,LAION,test,0,Commercial,test_external_unseen_v3_additions/real/cf_external_unseen_v3_real_laion_6ace96bbfd8eb02c_00031040.jpeg.jpg,complete
cf_external_unseen_v3_real_laion_6e5eaf970e245371,real_laion,data/CompEval-00134-of-00413.parquet,3,4,00000940.jpeg,JPEG,FLUX-dev,,LAION,test,0,Commercial,test_external_unseen_v3_additions/real/cf_external_unseen_v3_real_laion_6e5eaf970e245371_00000940.jpeg.jpg,complete
cf_external_unseen_v3_real_laion_6e7fb7e8390b16ad,real_laion,data/CompEval-00280-of-00413.parquet,3,4,00031489.jpeg,JPEG,MidjourneyV6_1,,LAION,test,0,Commercial,test_external_unseen_v3_additions/real/cf_external_unseen_v3_real_laion_6e7fb7e8390b16ad_00031489.jpeg.jpg,complete
cf_external_unseen_v3_real_laion_6e965b4d3237e26f,real_laion,data/CompEval-00178-of-00413.parquet,3,5,00048240.jpeg,JPEG,Firefly_Image2,,LAION,test,0,Commercial,test_external_unseen_v3_additions/real/cf_external_unseen_v3_real_laion_6e965b4d3237e26f_00048240.jpeg.jpg,complete
cf_external_unseen_v3_real_laion_6eaf4a130f9b565f,real_laion,data/CompEval-00190-of-00413.parquet,2,2,00036739.jpeg,JPEG,FLUX-schnell,,LAION,test,0,Commercial,test_external_unseen_v3_additions/real/cf_external_unseen_v3_real_laion_6eaf4a130f9b565f_00036739.jpeg.jpg,complete
cf_external_unseen_v3_real_laion_6f3e963fb1378f6e,real_laion,data/CompEval-00213-of-00413.parquet,3,15,00047801.jpeg,JPEG,Firefly_Image2,,LAION,test,0,Commercial,test_external_unseen_v3_additions/real/cf_external_unseen_v3_real_laion_6f3e963fb1378f6e_00047801.jpeg.jpg,complete
cf_external_unseen_v3_real_laion_70344a6a7a1caae1,real_laion,data/CompEval-00150-of-00413.parquet,2,12,00023366.jpeg,JPEG,IdeogramV2,,LAION,test,0,Commercial,test_external_unseen_v3_additions/real/cf_external_unseen_v3_real_laion_70344a6a7a1caae1_00023366.jpeg.jpg,complete
cf_external_unseen_v3_real_laion_716437bfa1d8edae,real_laion,data/CompEval-00134-of-00413.parquet,3,9,00048581.jpeg,JPEG,FLUX-dev,,LAION,test,0,Commercial,test_external_unseen_v3_additions/real/cf_external_unseen_v3_real_laion_716437bfa1d8edae_00048581.jpeg.jpg,complete
cf_external_unseen_v3_real_laion_71fee90f63a7295c,real_laion,data/CompEval-00013-of-00413.parquet,1,21,00028814.jpeg,JPEG,MidjourneyV6_1,,LAION,test,0,Commercial,test_external_unseen_v3_additions/real/cf_external_unseen_v3_real_laion_71fee90f63a7295c_00028814.jpeg.jpg,complete
cf_external_unseen_v3_real_laion_7474e110f8ee433b,real_laion,data/CompEval-00038-of-00413.parquet,2,20,00024144.jpeg,JPEG,Firefly_Image2,,LAION,test,0,Commercial,test_external_unseen_v3_additions/real/cf_external_unseen_v3_real_laion_7474e110f8ee433b_00024144.jpeg.jpg,complete
cf_external_unseen_v3_real_laion_765ca508b531518f,real_laion,data/CompEval-00280-of-00413.parquet,3,13,00031337.jpeg,JPEG,MidjourneyV6_1,,LAION,test,0,Commercial,test_external_unseen_v3_additions/real/cf_external_unseen_v3_real_laion_765ca508b531518f_00031337.jpeg.jpg,complete
cf_external_unseen_v3_real_laion_773c0a12fc3cc26e,real_laion,data/CompEval-00213-of-00413.parquet,3,6,00021832.jpeg,JPEG,Firefly_Image2,,LAION,test,0,Commercial,test_external_unseen_v3_additions/real/cf_external_unseen_v3_real_laion_773c0a12fc3cc26e_00021832.jpeg.jpg,complete
cf_external_unseen_v3_real_laion_7a8c11578a4669b3,real_laion,data/CompEval-00280-of-00413.parquet,3,0,00031869.jpeg,JPEG,MidjourneyV6_1,,LAION,test,0,Commercial,test_external_unseen_v3_additions/real/cf_external_unseen_v3_real_laion_7a8c11578a4669b3_00031869.jpeg.jpg,complete
cf_external_unseen_v3_real_laion_7b483d5dc2a1657a,real_laion,data/CompEval-00178-of-00413.parquet,3,0,00048323.jpeg,JPEG,Firefly_Image2,,LAION,test,0,Commercial,test_external_unseen_v3_additions/real/cf_external_unseen_v3_real_laion_7b483d5dc2a1657a_00048323.jpeg.jpg,complete
cf_external_unseen_v3_real_laion_7c1ab440421125ce,real_laion,data/CompEval-00150-of-00413.parquet,2,16,00050460.jpeg,JPEG,IdeogramV2,,LAION,test,0,Commercial,test_external_unseen_v3_additions/real/cf_external_unseen_v3_real_laion_7c1ab440421125ce_00050460.jpeg.jpg,complete
cf_external_unseen_v3_real_laion_7d2bedfe51b70362,real_laion,data/CompEval-00038-of-00413.parquet,2,11,00024773.jpeg,JPEG,Firefly_Image2,,LAION,test,0,Commercial,test_external_unseen_v3_additions/real/cf_external_unseen_v3_real_laion_7d2bedfe51b70362_00024773.jpeg.jpg,complete
cf_external_unseen_v3_real_laion_7e8a8be36a7979d6,real_laion,data/CompEval-00134-of-00413.parquet,3,19,00048653.jpeg,JPEG,FLUX-dev,,LAION,test,0,Commercial,test_external_unseen_v3_additions/real/cf_external_unseen_v3_real_laion_7e8a8be36a7979d6_00048653.jpeg.jpg,complete
cf_external_unseen_v3_real_laion_7f039f5499bd8e8a,real_laion,data/CompEval-00365-of-00413.parquet,4,6,00033201.jpeg,JPEG,MidjourneyV5_2,,LAION,test,0,Commercial,test_external_unseen_v3_additions/real/cf_external_unseen_v3_real_laion_7f039f5499bd8e8a_00033201.jpeg.jpg,complete
cf_external_unseen_v3_real_laion_7f2933c2f2cff1d9,real_laion,data/CompEval-00178-of-00413.parquet,3,3,00048820.jpeg,JPEG,Firefly_Image2,,LAION,test,0,Commercial,test_external_unseen_v3_additions/real/cf_external_unseen_v3_real_laion_7f2933c2f2cff1d9_00048820.jpeg.jpg,complete
cf_external_unseen_v3_real_laion_7f2f0839353833f8,real_laion,data/CompEval-00038-of-00413.parquet,2,19,00024687.jpeg,JPEG,Firefly_Image2,,LAION,test,0,Commercial,test_external_unseen_v3_additions/real/cf_external_unseen_v3_real_laion_7f2f0839353833f8_00024687.jpeg.jpg,complete
cf_external_unseen_v3_real_laion_7f61f22adf160e39,real_laion,data/CompEval-00134-of-00413.parquet,3,17,00048959.jpeg,JPEG,FLUX-dev,,LAION,test,0,Commercial,test_external_unseen_v3_additions/real/cf_external_unseen_v3_real_laion_7f61f22adf160e39_00048959.jpeg.jpg,complete
cf_external_unseen_v3_real_laion_7f788686fdc86cd4,real_laion,data/CompEval-00038-of-00413.parquet,2,18,00024046.jpeg,JPEG,Firefly_Image2,,LAION,test,0,Commercial,test_external_unseen_v3_additions/real/cf_external_unseen_v3_real_laion_7f788686fdc86cd4_00024046.jpeg.jpg,complete
cf_external_unseen_v3_real_laion_7f8b983f9cad3ae8,real_laion,data/CompEval-00038-of-00413.parquet,2,24,00024869.jpeg,JPEG,Firefly_Image2,,LAION,test,0,Commercial,test_external_unseen_v3_additions/real/cf_external_unseen_v3_real_laion_7f8b983f9cad3ae8_00024869.jpeg.jpg,complete
cf_external_unseen_v3_real_laion_7fdbb35d32285f64,real_laion,data/CompEval-00190-of-00413.parquet,2,17,00021336.jpeg,JPEG,FLUX-schnell,,LAION,test,0,Commercial,test_external_unseen_v3_additions/real/cf_external_unseen_v3_real_laion_7fdbb35d32285f64_00021336.jpeg.jpg,complete
cf_external_unseen_v3_real_laion_804286d6ac623e0c,real_laion,data/CompEval-00213-of-00413.parquet,3,1,00010489.jpeg,JPEG,Firefly_Image2,,LAION,test,0,Commercial,test_external_unseen_v3_additions/real/cf_external_unseen_v3_real_laion_804286d6ac623e0c_00010489.jpeg.jpg,complete
cf_external_unseen_v3_real_laion_8178268dc87d7308,real_laion,data/CompEval-00013-of-00413.parquet,1,17,00008439.jpeg,JPEG,MidjourneyV6_1,,LAION,test,0,Commercial,test_external_unseen_v3_additions/real/cf_external_unseen_v3_real_laion_8178268dc87d7308_00008439.jpeg.jpg,complete
cf_external_unseen_v3_real_laion_820d829f2a1949fd,real_laion,data/CompEval-00280-of-00413.parquet,3,12,00031195.jpeg,JPEG,MidjourneyV6_1,,LAION,test,0,Commercial,test_external_unseen_v3_additions/real/cf_external_unseen_v3_real_laion_820d829f2a1949fd_00031195.jpeg.jpg,complete
cf_external_unseen_v3_real_laion_82945a62045a3590,real_laion,data/CompEval-00365-of-00413.parquet,4,11,00033535.jpeg,JPEG,MidjourneyV5_2,,LAION,test,0,Commercial,test_external_unseen_v3_additions/real/cf_external_unseen_v3_real_laion_82945a62045a3590_00033535.jpeg.jpg,complete
cf_external_unseen_v3_real_laion_82cccf13fa429f0f,real_laion,data/CompEval-00013-of-00413.parquet,1,9,00040302.jpeg,JPEG,MidjourneyV6_1,,LAION,test,0,Commercial,test_external_unseen_v3_additions/real/cf_external_unseen_v3_real_laion_82cccf13fa429f0f_00040302.jpeg.jpg,complete
cf_external_unseen_v3_real_laion_8397d65e8be21d94,real_laion,data/CompEval-00038-of-00413.parquet,2,21,00024825.jpeg,JPEG,Firefly_Image2,,LAION,test,0,Commercial,test_external_unseen_v3_additions/real/cf_external_unseen_v3_real_laion_8397d65e8be21d94_00024825.jpeg.jpg,complete
cf_external_unseen_v3_real_laion_83f416f0463dcab4,real_laion,data/CompEval-00038-of-00413.parquet,2,8,00024361.jpeg,JPEG,Firefly_Image2,,LAION,test,0,Commercial,test_external_unseen_v3_additions/real/cf_external_unseen_v3_real_laion_83f416f0463dcab4_00024361.jpeg.jpg,complete
cf_external_unseen_v3_real_laion_854c7bf175a5fd59,real_laion,data/CompEval-00178-of-00413.parquet,3,16,00048965.jpeg,JPEG,Firefly_Image2,,LAION,test,0,Commercial,test_external_unseen_v3_additions/real/cf_external_unseen_v3_real_laion_854c7bf175a5fd59_00048965.jpeg.jpg,complete
cf_external_unseen_v3_real_laion_863f9b74b9620e95,real_laion,data/CompEval-00150-of-00413.parquet,2,5,00055914.jpeg,JPEG,IdeogramV2,,LAION,test,0,Commercial,test_external_unseen_v3_additions/real/cf_external_unseen_v3_real_laion_863f9b74b9620e95_00055914.jpeg.jpg,complete
cf_external_unseen_v3_real_laion_876db01ae489f374,real_laion,data/CompEval-00134-of-00413.parquet,3,20,00048661.jpeg,JPEG,FLUX-dev,,LAION,test,0,Commercial,test_external_unseen_v3_additions/real/cf_external_unseen_v3_real_laion_876db01ae489f374_00048661.jpeg.jpg,complete
cf_external_unseen_v3_real_laion_8aaf0cf8f201c0c7,real_laion,data/CompEval-00150-of-00413.parquet,2,0,00004802.jpeg,JPEG,IdeogramV2,,LAION,test,0,Commercial,test_external_unseen_v3_additions/real/cf_external_unseen_v3_real_laion_8aaf0cf8f201c0c7_00004802.jpeg.jpg,complete
cf_external_unseen_v3_real_laion_8badbeff2acb2997,real_laion,data/CompEval-00038-of-00413.parquet,2,3,00024070.jpeg,JPEG,Firefly_Image2,,LAION,test,0,Commercial,test_external_unseen_v3_additions/real/cf_external_unseen_v3_real_laion_8badbeff2acb2997_00024070.jpeg.jpg,complete
cf_external_unseen_v3_real_laion_8be038b83a8886aa,real_laion,data/CompEval-00013-of-00413.parquet,1,12,00057910.jpeg,JPEG,MidjourneyV6_1,,LAION,test,0,Commercial,test_external_unseen_v3_additions/real/cf_external_unseen_v3_real_laion_8be038b83a8886aa_00057910.jpeg.jpg,complete
cf_external_unseen_v3_real_laion_8c0865784d4b6524,real_laion,data/CompEval-00038-of-00413.parquet,2,0,00024668.jpeg,JPEG,Firefly_Image2,,LAION,test,0,Commercial,test_external_unseen_v3_additions/real/cf_external_unseen_v3_real_laion_8c0865784d4b6524_00024668.jpeg.jpg,complete
cf_external_unseen_v3_real_laion_8c642241594a3698,real_laion,data/CompEval-00178-of-00413.parquet,3,10,00048924.jpeg,JPEG,Firefly_Image2,,LAION,test,0,Commercial,test_external_unseen_v3_additions/real/cf_external_unseen_v3_real_laion_8c642241594a3698_00048924.jpeg.jpg,complete
cf_external_unseen_v3_real_laion_8c8acee69891ec11,real_laion,data/CompEval-00365-of-00413.parquet,4,24,00033016.jpeg,JPEG,MidjourneyV5_2,,LAION,test,0,Commercial,test_external_unseen_v3_additions/real/cf_external_unseen_v3_real_laion_8c8acee69891ec11_00033016.jpeg.jpg,complete
cf_external_unseen_v3_real_laion_8db56ae3984e5c35,real_laion,data/CompEval-00134-of-00413.parquet,3,1,00003730.jpeg,JPEG,FLUX-dev,,LAION,test,0,Commercial,test_external_unseen_v3_additions/real/cf_external_unseen_v3_real_laion_8db56ae3984e5c35_00003730.jpeg.jpg,complete
cf_external_unseen_v3_real_laion_8dcc86fc5dc03cca,real_laion,data/CompEval-00038-of-00413.parquet,2,14,00024049.jpeg,JPEG,Firefly_Image2,,LAION,test,0,Commercial,test_external_unseen_v3_additions/real/cf_external_unseen_v3_real_laion_8dcc86fc5dc03cca_00024049.jpeg.jpg,complete
cf_external_unseen_v3_real_laion_8df2da93de8b8eed,real_laion,data/CompEval-00365-of-00413.parquet,4,3,00033119.jpeg,JPEG,MidjourneyV5_2,,LAION,test,0,Commercial,test_external_unseen_v3_additions/real/cf_external_unseen_v3_real_laion_8df2da93de8b8eed_00033119.jpeg.jpg,complete
cf_external_unseen_v3_real_laion_8e86c2ed22821074,real_laion,data/CompEval-00013-of-00413.parquet,1,2,00033187.jpeg,JPEG,MidjourneyV6_1,,LAION,test,0,Commercial,test_external_unseen_v3_additions/real/cf_external_unseen_v3_real_laion_8e86c2ed22821074_00033187.jpeg.jpg,complete
cf_external_unseen_v3_real_laion_8e944b082aaace8c,real_laion,data/CompEval-00013-of-00413.parquet,1,4,00017733.jpeg,JPEG,MidjourneyV6_1,,LAION,test,0,Commercial,test_external_unseen_v3_additions/real/cf_external_unseen_v3_real_laion_8e944b082aaace8c_00017733.jpeg.jpg,complete
cf_external_unseen_v3_real_laion_8e9e539966a00d37,real_laion,data/CompEval-00150-of-00413.parquet,2,13,00003215.jpeg,JPEG,IdeogramV2,,LAION,test,0,Commercial,test_external_unseen_v3_additions/real/cf_external_unseen_v3_real_laion_8e9e539966a00d37_00003215.jpeg.jpg,complete
cf_external_unseen_v3_real_laion_9187f16bf68595d3,real_laion,data/CompEval-00134-of-00413.parquet,3,23,00046310.jpeg,JPEG,FLUX-dev,,LAION,test,0,Commercial,test_external_unseen_v3_additions/real/cf_external_unseen_v3_real_laion_9187f16bf68595d3_00046310.jpeg.jpg,complete
cf_external_unseen_v3_real_laion_919cc62b92181231,real_laion,data/CompEval-00365-of-00413.parquet,4,14,00033023.jpeg,JPEG,MidjourneyV5_2,,LAION,test,0,Commercial,test_external_unseen_v3_additions/real/cf_external_unseen_v3_real_laion_919cc62b92181231_00033023.jpeg.jpg,complete
cf_external_unseen_v3_real_laion_92474918d0c781c0,real_laion,data/CompEval-00190-of-00413.parquet,2,7,00036299.jpeg,JPEG,FLUX-schnell,,LAION,test,0,Commercial,test_external_unseen_v3_additions/real/cf_external_unseen_v3_real_laion_92474918d0c781c0_00036299.jpeg.jpg,complete
cf_external_unseen_v3_real_laion_92dbcc5a1332c2d9,real_laion,data/CompEval-00236-of-00413.parquet,1,24,00047137.jpeg,JPEG,IdeogramV2,,LAION,test,0,Commercial,test_external_unseen_v3_additions/real/cf_external_unseen_v3_real_laion_92dbcc5a1332c2d9_00047137.jpeg.jpg,complete
cf_external_unseen_v3_real_laion_941cd2f687cb4603,real_laion,data/CompEval-00013-of-00413.parquet,1,20,00053231.jpeg,JPEG,MidjourneyV6_1,,LAION,test,0,Commercial,test_external_unseen_v3_additions/real/cf_external_unseen_v3_real_laion_941cd2f687cb4603_00053231.jpeg.jpg,complete
cf_external_unseen_v3_real_laion_9458ee951975c76b,real_laion,data/CompEval-00213-of-00413.parquet,3,22,00007752.jpeg,JPEG,Firefly_Image2,,LAION,test,0,Commercial,test_external_unseen_v3_additions/real/cf_external_unseen_v3_real_laion_9458ee951975c76b_00007752.jpeg.jpg,complete
cf_external_unseen_v3_real_laion_975492d2413e2dbb,real_laion,data/CompEval-00038-of-00413.parquet,2,5,00024197.jpeg,JPEG,Firefly_Image2,,LAION,test,0,Commercial,test_external_unseen_v3_additions/real/cf_external_unseen_v3_real_laion_975492d2413e2dbb_00024197.jpeg.jpg,complete
cf_external_unseen_v3_real_laion_97a8c45e19a7c0cb,real_laion,data/CompEval-00134-of-00413.parquet,3,14,00048972.png,PNG,FLUX-dev,,LAION,test,0,Commercial,test_external_unseen_v3_additions/real/cf_external_unseen_v3_real_laion_97a8c45e19a7c0cb_00048972.png.png,complete
cf_external_unseen_v3_real_laion_98c1c3e3e32365b7,real_laion,data/CompEval-00038-of-00413.parquet,2,16,00024399.jpeg,JPEG,Firefly_Image2,,LAION,test,0,Commercial,test_external_unseen_v3_additions/real/cf_external_unseen_v3_real_laion_98c1c3e3e32365b7_00024399.jpeg.jpg,complete
cf_external_unseen_v3_real_laion_995e9b0d66618659,real_laion,data/CompEval-00038-of-00413.parquet,2,2,00024577.jpeg,JPEG,Firefly_Image2,,LAION,test,0,Commercial,test_external_unseen_v3_additions/real/cf_external_unseen_v3_real_laion_995e9b0d66618659_00024577.jpeg.jpg,complete
cf_external_unseen_v3_real_laion_998ab2d81e59b6ad,real_laion,data/CompEval-00013-of-00413.parquet,1,19,00014208.jpeg,JPEG,MidjourneyV6_1,,LAION,test,0,Commercial,test_external_unseen_v3_additions/real/cf_external_unseen_v3_real_laion_998ab2d81e59b6ad_00014208.jpeg.jpg,complete
cf_external_unseen_v3_real_laion_9ba56a4896ffd282,real_laion,data/CompEval-00280-of-00413.parquet,3,14,00031938.jpeg,JPEG,MidjourneyV6_1,,LAION,test,0,Commercial,test_external_unseen_v3_additions/real/cf_external_unseen_v3_real_laion_9ba56a4896ffd282_00031938.jpeg.jpg,complete
cf_external_unseen_v3_real_laion_9f94abbc6a9e7333,real_laion,data/CompEval-00178-of-00413.parquet,3,21,00048776.jpeg,JPEG,Firefly_Image2,,LAION,test,0,Commercial,test_external_unseen_v3_additions/real/cf_external_unseen_v3_real_laion_9f94abbc6a9e7333_00048776.jpeg.jpg,complete
cf_external_unseen_v3_real_laion_a0aeb65a81690b4f,real_laion,data/CompEval-00280-of-00413.parquet,3,6,00031724.jpeg,JPEG,MidjourneyV6_1,,LAION,test,0,Commercial,test_external_unseen_v3_additions/real/cf_external_unseen_v3_real_laion_a0aeb65a81690b4f_00031724.jpeg.jpg,complete
cf_external_unseen_v3_real_laion_a0bdfd5c42281f1c,real_laion,data/CompEval-00280-of-00413.parquet,3,22,00031662.jpeg,JPEG,MidjourneyV6_1,,LAION,test,0,Commercial,test_external_unseen_v3_additions/real/cf_external_unseen_v3_real_laion_a0bdfd5c42281f1c_00031662.jpeg.jpg,complete
cf_external_unseen_v3_real_laion_a22a0f19ad9a6c8e,real_laion,data/CompEval-00365-of-00413.parquet,4,19,00033338.jpeg,JPEG,MidjourneyV5_2,,LAION,test,0,Commercial,test_external_unseen_v3_additions/real/cf_external_unseen_v3_real_laion_a22a0f19ad9a6c8e_00033338.jpeg.jpg,complete
cf_external_unseen_v3_real_laion_a2a8b081f0bae607,real_laion,data/CompEval-00190-of-00413.parquet,2,16,00021888.jpeg,JPEG,FLUX-schnell,,LAION,test,0,Commercial,test_external_unseen_v3_additions/real/cf_external_unseen_v3_real_laion_a2a8b081f0bae607_00021888.jpeg.jpg,complete
cf_external_unseen_v3_real_laion_a3e4657be819a9bd,real_laion,data/CompEval-00134-of-00413.parquet,3,16,00048521.jpeg,JPEG,FLUX-dev,,LAION,test,0,Commercial,test_external_unseen_v3_additions/real/cf_external_unseen_v3_real_laion_a3e4657be819a9bd_00048521.jpeg.jpg,complete
cf_external_unseen_v3_real_laion_a408813f41cfc357,real_laion,data/CompEval-00173-of-00413.parquet,1,21,00011559.jpeg,JPEG,Imagen3,,LAION,test,0,Commercial,test_external_unseen_v3_additions/real/cf_external_unseen_v3_real_laion_a408813f41cfc357_00011559.jpeg.jpg,complete
cf_external_unseen_v3_real_laion_a80069d5d45f336e,real_laion,data/CompEval-00365-of-00413.parquet,4,22,00033388.jpeg,JPEG,MidjourneyV5_2,,LAION,test,0,Commercial,test_external_unseen_v3_additions/real/cf_external_unseen_v3_real_laion_a80069d5d45f336e_00033388.jpeg.jpg,complete
cf_external_unseen_v3_real_laion_a826dab720ea78e4,real_laion,data/CompEval-00190-of-00413.parquet,2,19,00050704.jpeg,JPEG,FLUX-schnell,,LAION,test,0,Commercial,test_external_unseen_v3_additions/real/cf_external_unseen_v3_real_laion_a826dab720ea78e4_00050704.jpeg.jpg,complete
cf_external_unseen_v3_real_laion_ac4e0d33d0e55940,real_laion,data/CompEval-00213-of-00413.parquet,3,23,00050358.jpeg,JPEG,Firefly_Image2,,LAION,test,0,Commercial,test_external_unseen_v3_additions/real/cf_external_unseen_v3_real_laion_ac4e0d33d0e55940_00050358.jpeg.jpg,complete
cf_external_unseen_v3_real_laion_afa064ad6f99fa36,real_laion,data/CompEval-00150-of-00413.parquet,2,7,00052705.jpeg,JPEG,IdeogramV2,,LAION,test,0,Commercial,test_external_unseen_v3_additions/real/cf_external_unseen_v3_real_laion_afa064ad6f99fa36_00052705.jpeg.jpg,complete
cf_external_unseen_v3_real_laion_b19ba3f20c693676,real_laion,data/CompEval-00365-of-00413.parquet,4,20,00033491.jpeg,JPEG,MidjourneyV5_2,,LAION,test,0,Commercial,test_external_unseen_v3_additions/real/cf_external_unseen_v3_real_laion_b19ba3f20c693676_00033491.jpeg.jpg,complete
cf_external_unseen_v3_real_laion_b1ccf556b3af2e0d,real_laion,data/CompEval-00280-of-00413.parquet,3,10,00031125.jpeg,JPEG,MidjourneyV6_1,,LAION,test,0,Commercial,test_external_unseen_v3_additions/real/cf_external_unseen_v3_real_laion_b1ccf556b3af2e0d_00031125.jpeg.jpg,complete
cf_external_unseen_v3_real_laion_b23ad383018ce9c1,real_laion,data/CompEval-00190-of-00413.parquet,2,10,00031679.jpeg,JPEG,FLUX-schnell,,LAION,test,0,Commercial,test_external_unseen_v3_additions/real/cf_external_unseen_v3_real_laion_b23ad383018ce9c1_00031679.jpeg.jpg,complete
cf_external_unseen_v3_real_laion_b4886bf4f5809346,real_laion,data/CompEval-00150-of-00413.parquet,2,20,00036645.jpeg,JPEG,IdeogramV2,,LAION,test,0,Commercial,test_external_unseen_v3_additions/real/cf_external_unseen_v3_real_laion_b4886bf4f5809346_00036645.jpeg.jpg,complete
cf_external_unseen_v3_real_laion_b48d828644aea5e8,real_laion,data/CompEval-00365-of-00413.parquet,4,12,00033157.jpeg,JPEG,MidjourneyV5_2,,LAION,test,0,Commercial,test_external_unseen_v3_additions/real/cf_external_unseen_v3_real_laion_b48d828644aea5e8_00033157.jpeg.jpg,complete
cf_external_unseen_v3_real_laion_b4959cec8b404287,real_laion,data/CompEval-00292-of-00413.parquet,1,3,00050413.jpeg,JPEG,MidjourneyV5_2,,LAION,test,0,Commercial,test_external_unseen_v3_additions/real/cf_external_unseen_v3_real_laion_b4959cec8b404287_00050413.jpeg.jpg,complete
cf_external_unseen_v3_real_laion_b49c3415d90d106b,real_laion,data/CompEval-00150-of-00413.parquet,2,15,00037435.jpeg,JPEG,IdeogramV2,,LAION,test,0,Commercial,test_external_unseen_v3_additions/real/cf_external_unseen_v3_real_laion_b49c3415d90d106b_00037435.jpeg.jpg,complete
cf_external_unseen_v3_real_laion_b5e8e723c9378e9b,real_laion,data/CompEval-00038-of-00413.parquet,2,1,00024870.jpeg,JPEG,Firefly_Image2,,LAION,test,0,Commercial,test_external_unseen_v3_additions/real/cf_external_unseen_v3_real_laion_b5e8e723c9378e9b_00024870.jpeg.jpg,complete
cf_external_unseen_v3_real_laion_b5fbe5d913eac588,real_laion,data/CompEval-00134-of-00413.parquet,3,24,00000057.jpeg,JPEG,FLUX-dev,,LAION,test,0,Commercial,test_external_unseen_v3_additions/real/cf_external_unseen_v3_real_laion_b5fbe5d913eac588_00000057.jpeg.jpg,complete
cf_external_unseen_v3_real_laion_b89f64525b0125b9,real_laion,data/CompEval-00236-of-00413.parquet,1,5,00006051.webp,WEBP,IdeogramV2,,LAION,test,0,Commercial,test_external_unseen_v3_additions/real/cf_external_unseen_v3_real_laion_b89f64525b0125b9_00006051.webp.webp,complete
cf_external_unseen_v3_real_laion_b90f70d5863bcdc3,real_laion,data/CompEval-00190-of-00413.parquet,2,5,00018848.jpeg,JPEG,FLUX-schnell,,LAION,test,0,Commercial,test_external_unseen_v3_additions/real/cf_external_unseen_v3_real_laion_b90f70d5863bcdc3_00018848.jpeg.jpg,complete
cf_external_unseen_v3_real_laion_b9346c4bf964ec7e,real_laion,data/CompEval-00236-of-00413.parquet,1,6,00019126.webp,WEBP,IdeogramV2,,LAION,test,0,Commercial,test_external_unseen_v3_additions/real/cf_external_unseen_v3_real_laion_b9346c4bf964ec7e_00019126.webp.webp,complete
cf_external_unseen_v3_real_laion_bb331de55f3888ec,real_laion,data/CompEval-00365-of-00413.parquet,4,16,00033396.jpeg,JPEG,MidjourneyV5_2,,LAION,test,0,Commercial,test_external_unseen_v3_additions/real/cf_external_unseen_v3_real_laion_bb331de55f3888ec_00033396.jpeg.jpg,complete
cf_external_unseen_v3_real_laion_bc425fa772f9f25f,real_laion,data/CompEval-00013-of-00413.parquet,1,8,00027277.png,PNG,MidjourneyV6_1,,LAION,test,0,Commercial,test_external_unseen_v3_additions/real/cf_external_unseen_v3_real_laion_bc425fa772f9f25f_00027277.png.png,complete
cf_external_unseen_v3_real_laion_bc42c699ffb9c199,real_laion,data/CompEval-00236-of-00413.parquet,1,10,00009361.jpeg,JPEG,IdeogramV2,,LAION,test,0,Commercial,test_external_unseen_v3_additions/real/cf_external_unseen_v3_real_laion_bc42c699ffb9c199_00009361.jpeg.jpg,complete
cf_external_unseen_v3_real_laion_bf26bff88a0ae3d6,real_laion,data/CompEval-00013-of-00413.parquet,1,24,00040108.jpeg,JPEG,MidjourneyV6_1,,LAION,test,0,Commercial,test_external_unseen_v3_additions/real/cf_external_unseen_v3_real_laion_bf26bff88a0ae3d6_00040108.jpeg.jpg,complete
cf_external_unseen_v3_real_laion_bfc6595b99f75974,real_laion,data/CompEval-00038-of-00413.parquet,2,7,00024715.jpeg,JPEG,Firefly_Image2,,LAION,test,0,Commercial,test_external_unseen_v3_additions/real/cf_external_unseen_v3_real_laion_bfc6595b99f75974_00024715.jpeg.jpg,complete
cf_external_unseen_v3_real_laion_c10cc79be230c27b,real_laion,data/CompEval-00213-of-00413.parquet,3,7,00018520.png,PNG,Firefly_Image2,,LAION,test,0,Commercial,test_external_unseen_v3_additions/real/cf_external_unseen_v3_real_laion_c10cc79be230c27b_00018520.png.png,complete
cf_external_unseen_v3_real_laion_c241ad76c0bf6516,real_laion,data/CompEval-00013-of-00413.parquet,1,3,00020203.jpeg,JPEG,MidjourneyV6_1,,LAION,test,0,Commercial,test_external_unseen_v3_additions/real/cf_external_unseen_v3_real_laion_c241ad76c0bf6516_00020203.jpeg.jpg,complete
cf_external_unseen_v3_real_laion_c3a514053a8992a8,real_laion,data/CompEval-00236-of-00413.parquet,1,4,00033089.jpeg,JPEG,IdeogramV2,,LAION,test,0,Commercial,test_external_unseen_v3_additions/real/cf_external_unseen_v3_real_laion_c3a514053a8992a8_00033089.jpeg.jpg,complete
cf_external_unseen_v3_real_laion_c3b6ec016916f2d9,real_laion,data/CompEval-00178-of-00413.parquet,3,23,00048356.jpeg,JPEG,Firefly_Image2,,LAION,test,0,Commercial,test_external_unseen_v3_additions/real/cf_external_unseen_v3_real_laion_c3b6ec016916f2d9_00048356.jpeg.jpg,complete
cf_external_unseen_v3_real_laion_c447ed025b2d7dac,real_laion,data/CompEval-00150-of-00413.parquet,2,14,00020490.jpeg,JPEG,IdeogramV2,,LAION,test,0,Commercial,test_external_unseen_v3_additions/real/cf_external_unseen_v3_real_laion_c447ed025b2d7dac_00020490.jpeg.jpg,complete
cf_external_unseen_v3_real_laion_c44d49079dbf3900,real_laion,data/CompEval-00190-of-00413.parquet,2,0,00036530.png,PNG,FLUX-schnell,,LAION,test,0,Commercial,test_external_unseen_v3_additions/real/cf_external_unseen_v3_real_laion_c44d49079dbf3900_00036530.png.png,complete
cf_external_unseen_v3_real_laion_c5242a2f43b9ba2d,real_laion,data/CompEval-00150-of-00413.parquet,2,2,00000312.jpeg,JPEG,IdeogramV2,,LAION,test,0,Commercial,test_external_unseen_v3_additions/real/cf_external_unseen_v3_real_laion_c5242a2f43b9ba2d_00000312.jpeg.jpg,complete
cf_external_unseen_v3_real_laion_c5be85c640ef9aea,real_laion,data/CompEval-00190-of-00413.parquet,2,8,00009069.jpeg,JPEG,FLUX-schnell,,LAION,test,0,Commercial,test_external_unseen_v3_additions/real/cf_external_unseen_v3_real_laion_c5be85c640ef9aea_00009069.jpeg.jpg,complete
cf_external_unseen_v3_real_laion_c6184c176c8d549d,real_laion,data/CompEval-00178-of-00413.parquet,3,19,00048420.jpeg,JPEG,Firefly_Image2,,LAION,test,0,Commercial,test_external_unseen_v3_additions/real/cf_external_unseen_v3_real_laion_c6184c176c8d549d_00048420.jpeg.jpg,complete
cf_external_unseen_v3_real_laion_c697713841daf401,real_laion,data/CompEval-00280-of-00413.parquet,3,20,00031853.jpeg,JPEG,MidjourneyV6_1,,LAION,test,0,Commercial,test_external_unseen_v3_additions/real/cf_external_unseen_v3_real_laion_c697713841daf401_00031853.jpeg.jpg,complete
cf_external_unseen_v3_real_laion_c6cc8fe1ab04566a,real_laion,data/CompEval-00236-of-00413.parquet,1,21,00010831.jpeg,JPEG,IdeogramV2,,LAION,test,0,Commercial,test_external_unseen_v3_additions/real/cf_external_unseen_v3_real_laion_c6cc8fe1ab04566a_00010831.jpeg.jpg,complete
cf_external_unseen_v3_real_laion_c8c41f825e738c80,real_laion,data/CompEval-00013-of-00413.parquet,1,5,00059732.jpeg,JPEG,MidjourneyV6_1,,LAION,test,0,Commercial,test_external_unseen_v3_additions/real/cf_external_unseen_v3_real_laion_c8c41f825e738c80_00059732.jpeg.jpg,complete
cf_external_unseen_v3_real_laion_c9f682b129728eeb,real_laion,data/CompEval-00365-of-00413.parquet,4,1,00033800.jpeg,JPEG,MidjourneyV5_2,,LAION,test,0,Commercial,test_external_unseen_v3_additions/real/cf_external_unseen_v3_real_laion_c9f682b129728eeb_00033800.jpeg.jpg,complete
cf_external_unseen_v3_real_laion_ca36dcf0eb7ba1f1,real_laion,data/CompEval-00213-of-00413.parquet,3,11,00055948.jpeg,JPEG,Firefly_Image2,,LAION,test,0,Commercial,test_external_unseen_v3_additions/real/cf_external_unseen_v3_real_laion_ca36dcf0eb7ba1f1_00055948.jpeg.jpg,complete
cf_external_unseen_v3_real_laion_cd21f061abcdca7f,real_laion,data/CompEval-00190-of-00413.parquet,2,13,00021913.jpeg,JPEG,FLUX-schnell,,LAION,test,0,Commercial,test_external_unseen_v3_additions/real/cf_external_unseen_v3_real_laion_cd21f061abcdca7f_00021913.jpeg.jpg,complete
cf_external_unseen_v3_real_laion_cea01f722d178e02,real_laion,data/CompEval-00036-of-00413.parquet,0,13,00024497.jpeg,JPEG,Firefly_Image2,,LAION,test,0,Commercial,test_external_unseen_v3_additions/real/cf_external_unseen_v3_real_laion_cea01f722d178e02_00024497.jpeg.jpg,complete
cf_external_unseen_v3_real_laion_cf8275035494123c,real_laion,data/CompEval-00013-of-00413.parquet,1,18,00020360.jpeg,JPEG,MidjourneyV6_1,,LAION,test,0,Commercial,test_external_unseen_v3_additions/real/cf_external_unseen_v3_real_laion_cf8275035494123c_00020360.jpeg.jpg,complete
cf_external_unseen_v3_real_laion_d0461d4729faa1ec,real_laion,data/CompEval-00013-of-00413.parquet,1,6,00035021.jpeg,JPEG,MidjourneyV6_1,,LAION,test,0,Commercial,test_external_unseen_v3_additions/real/cf_external_unseen_v3_real_laion_d0461d4729faa1ec_00035021.jpeg.jpg,complete
cf_external_unseen_v3_real_laion_d30fead59c9793d3,real_laion,data/CompEval-00365-of-00413.parquet,4,2,00033859.jpeg,JPEG,MidjourneyV5_2,,LAION,test,0,Commercial,test_external_unseen_v3_additions/real/cf_external_unseen_v3_real_laion_d30fead59c9793d3_00033859.jpeg.jpg,complete
cf_external_unseen_v3_real_laion_d4696f3f5c16677c,real_laion,data/CompEval-00038-of-00413.parquet,2,12,00024422.png,PNG,Firefly_Image2,,LAION,test,0,Commercial,test_external_unseen_v3_additions/real/cf_external_unseen_v3_real_laion_d4696f3f5c16677c_00024422.png.png,complete
cf_external_unseen_v3_real_laion_d5216b4f102b22f1,real_laion,data/CompEval-00213-of-00413.parquet,3,13,00014548.jpeg,JPEG,Firefly_Image2,,LAION,test,0,Commercial,test_external_unseen_v3_additions/real/cf_external_unseen_v3_real_laion_d5216b4f102b22f1_00014548.jpeg.jpg,complete
cf_external_unseen_v3_real_laion_d533261a6581b245,real_laion,data/CompEval-00236-of-00413.parquet,1,13,00012717.jpeg,JPEG,IdeogramV2,,LAION,test,0,Commercial,test_external_unseen_v3_additions/real/cf_external_unseen_v3_real_laion_d533261a6581b245_00012717.jpeg.jpg,complete
cf_external_unseen_v3_real_laion_d71b4c8ef766de66,real_laion,data/CompEval-00236-of-00413.parquet,1,3,00029333.jpeg,JPEG,IdeogramV2,,LAION,test,0,Commercial,test_external_unseen_v3_additions/real/cf_external_unseen_v3_real_laion_d71b4c8ef766de66_00029333.jpeg.jpg,complete
cf_external_unseen_v3_real_laion_d884cbd1c5edf1d2,real_laion,data/CompEval-00190-of-00413.parquet,2,6,00018272.webp,WEBP,FLUX-schnell,,LAION,test,0,Commercial,test_external_unseen_v3_additions/real/cf_external_unseen_v3_real_laion_d884cbd1c5edf1d2_00018272.webp.webp,complete
cf_external_unseen_v3_real_laion_d89396c9a4fc9cc2,real_laion,data/CompEval-00213-of-00413.parquet,3,10,00015035.jpeg,JPEG,Firefly_Image2,,LAION,test,0,Commercial,test_external_unseen_v3_additions/real/cf_external_unseen_v3_real_laion_d89396c9a4fc9cc2_00015035.jpeg.jpg,complete
cf_external_unseen_v3_real_laion_d9db0a7301d7d2aa,real_laion,data/CompEval-00236-of-00413.parquet,1,22,00015011.jpeg,JPEG,IdeogramV2,,LAION,test,0,Commercial,test_external_unseen_v3_additions/real/cf_external_unseen_v3_real_laion_d9db0a7301d7d2aa_00015011.jpeg.jpg,complete
cf_external_unseen_v3_real_laion_db634c5d30f22504,real_laion,data/CompEval-00213-of-00413.parquet,3,8,00019025.jpeg,JPEG,Firefly_Image2,,LAION,test,0,Commercial,test_external_unseen_v3_additions/real/cf_external_unseen_v3_real_laion_db634c5d30f22504_00019025.jpeg.jpg,complete
cf_external_unseen_v3_real_laion_dcd5bc44bc5f4808,real_laion,data/CompEval-00150-of-00413.parquet,2,4,00035374.jpeg,JPEG,IdeogramV2,,LAION,test,0,Commercial,test_external_unseen_v3_additions/real/cf_external_unseen_v3_real_laion_dcd5bc44bc5f4808_00035374.jpeg.jpg,complete
cf_external_unseen_v3_real_laion_dd54f65dd7f094e7,real_laion,data/CompEval-00134-of-00413.parquet,3,6,00000747.jpeg,JPEG,FLUX-dev,,LAION,test,0,Commercial,test_external_unseen_v3_additions/real/cf_external_unseen_v3_real_laion_dd54f65dd7f094e7_00000747.jpeg.jpg,complete
cf_external_unseen_v3_real_laion_ddcc22ac7ad40238,real_laion,data/CompEval-00213-of-00413.parquet,3,21,00043580.jpeg,JPEG,Firefly_Image2,,LAION,test,0,Commercial,test_external_unseen_v3_additions/real/cf_external_unseen_v3_real_laion_ddcc22ac7ad40238_00043580.jpeg.jpg,complete
cf_external_unseen_v3_real_laion_dfee101061f36f2c,real_laion,data/CompEval-00038-of-00413.parquet,2,23,00024333.jpeg,JPEG,Firefly_Image2,,LAION,test,0,Commercial,test_external_unseen_v3_additions/real/cf_external_unseen_v3_real_laion_dfee101061f36f2c_00024333.jpeg.jpg,complete
cf_external_unseen_v3_real_laion_e04bf112c99bc2d4,real_laion,data/CompEval-00178-of-00413.parquet,3,18,00048201.jpeg,JPEG,Firefly_Image2,,LAION,test,0,Commercial,test_external_unseen_v3_additions/real/cf_external_unseen_v3_real_laion_e04bf112c99bc2d4_00048201.jpeg.jpg,complete
cf_external_unseen_v3_real_laion_e21a66d669121986,real_laion,data/CompEval-00236-of-00413.parquet,1,18,00009162.jpeg,JPEG,IdeogramV2,,LAION,test,0,Commercial,test_external_unseen_v3_additions/real/cf_external_unseen_v3_real_laion_e21a66d669121986_00009162.jpeg.jpg,complete
cf_external_unseen_v3_real_laion_e44e8238693d2ce9,real_laion,data/CompEval-00134-of-00413.parquet,3,8,00048886.jpeg,JPEG,FLUX-dev,,LAION,test,0,Commercial,test_external_unseen_v3_additions/real/cf_external_unseen_v3_real_laion_e44e8238693d2ce9_00048886.jpeg.jpg,complete
cf_external_unseen_v3_real_laion_e477fd8bb6ad52b1,real_laion,data/CompEval-00150-of-00413.parquet,2,9,00008395.jpeg,JPEG,IdeogramV2,,LAION,test,0,Commercial,test_external_unseen_v3_additions/real/cf_external_unseen_v3_real_laion_e477fd8bb6ad52b1_00008395.jpeg.jpg,complete
cf_external_unseen_v3_real_laion_e750fc7121fd8654,real_laion,data/CompEval-00013-of-00413.parquet,1,15,00057887.jpeg,JPEG,MidjourneyV6_1,,LAION,test,0,Commercial,test_external_unseen_v3_additions/real/cf_external_unseen_v3_real_laion_e750fc7121fd8654_00057887.jpeg.jpg,complete
cf_external_unseen_v3_real_laion_e8f70b2c7624e0ad,real_laion,data/CompEval-00365-of-00413.parquet,4,8,00033232.jpeg,JPEG,MidjourneyV5_2,,LAION,test,0,Commercial,test_external_unseen_v3_additions/real/cf_external_unseen_v3_real_laion_e8f70b2c7624e0ad_00033232.jpeg.jpg,complete
cf_external_unseen_v3_real_laion_e9f8f0b8a1109552,real_laion,data/CompEval-00213-of-00413.parquet,3,12,00044663.jpeg,JPEG,Firefly_Image2,,LAION,test,0,Commercial,test_external_unseen_v3_additions/real/cf_external_unseen_v3_real_laion_e9f8f0b8a1109552_00044663.jpeg.jpg,complete
cf_external_unseen_v3_real_laion_ea34b14bc39d991f,real_laion,data/CompEval-00013-of-00413.parquet,1,7,00052994.jpeg,JPEG,MidjourneyV6_1,,LAION,test,0,Commercial,test_external_unseen_v3_additions/real/cf_external_unseen_v3_real_laion_ea34b14bc39d991f_00052994.jpeg.jpg,complete
cf_external_unseen_v3_real_laion_eb378a800ac58597,real_laion,data/CompEval-00190-of-00413.parquet,2,23,00050651.jpeg,JPEG,FLUX-schnell,,LAION,test,0,Commercial,test_external_unseen_v3_additions/real/cf_external_unseen_v3_real_laion_eb378a800ac58597_00050651.jpeg.jpg,complete
cf_external_unseen_v3_real_laion_eb6f77b408bd01bc,real_laion,data/CompEval-00365-of-00413.parquet,4,4,00033487.jpeg,JPEG,MidjourneyV5_2,,LAION,test,0,Commercial,test_external_unseen_v3_additions/real/cf_external_unseen_v3_real_laion_eb6f77b408bd01bc_00033487.jpeg.jpg,complete
cf_external_unseen_v3_real_laion_ec58d7e3cc5b44b7,real_laion,data/CompEval-00178-of-00413.parquet,3,2,00048864.jpeg,JPEG,Firefly_Image2,,LAION,test,0,Commercial,test_external_unseen_v3_additions/real/cf_external_unseen_v3_real_laion_ec58d7e3cc5b44b7_00048864.jpeg.jpg,complete
cf_external_unseen_v3_real_laion_edd31d5a6ee291ef,real_laion,data/CompEval-00013-of-00413.parquet,1,13,00022993.jpeg,JPEG,MidjourneyV6_1,,LAION,test,0,Commercial,test_external_unseen_v3_additions/real/cf_external_unseen_v3_real_laion_edd31d5a6ee291ef_00022993.jpeg.jpg,complete
cf_external_unseen_v3_real_laion_ef450fde0cbeded0,real_laion,data/CompEval-00236-of-00413.parquet,1,0,00025743.jpeg,JPEG,IdeogramV2,,LAION,test,0,Commercial,test_external_unseen_v3_additions/real/cf_external_unseen_v3_real_laion_ef450fde0cbeded0_00025743.jpeg.jpg,complete
cf_external_unseen_v3_real_laion_efbd4713843159e1,real_laion,data/CompEval-00365-of-00413.parquet,4,13,00033243.jpeg,JPEG,MidjourneyV5_2,,LAION,test,0,Commercial,test_external_unseen_v3_additions/real/cf_external_unseen_v3_real_laion_efbd4713843159e1_00033243.jpeg.jpg,complete
cf_external_unseen_v3_real_laion_efeab5a690bd9cd1,real_laion,data/CompEval-00178-of-00413.parquet,3,14,00048417.jpeg,JPEG,Firefly_Image2,,LAION,test,0,Commercial,test_external_unseen_v3_additions/real/cf_external_unseen_v3_real_laion_efeab5a690bd9cd1_00048417.jpeg.jpg,complete
cf_external_unseen_v3_real_laion_f39e4a64bd4fb0cc,real_laion,data/CompEval-00280-of-00413.parquet,3,1,00031812.jpeg,JPEG,MidjourneyV6_1,,LAION,test,0,Commercial,test_external_unseen_v3_additions/real/cf_external_unseen_v3_real_laion_f39e4a64bd4fb0cc_00031812.jpeg.jpg,complete
cf_external_unseen_v3_real_laion_f39f3e28a310573b,real_laion,data/CompEval-00038-of-00413.parquet,2,4,00024810.jpeg,JPEG,Firefly_Image2,,LAION,test,0,Commercial,test_external_unseen_v3_additions/real/cf_external_unseen_v3_real_laion_f39f3e28a310573b_00024810.jpeg.jpg,complete
cf_external_unseen_v3_real_laion_f4ef7103b0db9e0c,real_laion,data/CompEval-00134-of-00413.parquet,3,15,00048158.jpeg,JPEG,FLUX-dev,,LAION,test,0,Commercial,test_external_unseen_v3_additions/real/cf_external_unseen_v3_real_laion_f4ef7103b0db9e0c_00048158.jpeg.jpg,complete
cf_external_unseen_v3_real_laion_f912fd3d7a612282,real_laion,data/CompEval-00190-of-00413.parquet,2,22,00050113.jpeg,JPEG,FLUX-schnell,,LAION,test,0,Commercial,test_external_unseen_v3_additions/real/cf_external_unseen_v3_real_laion_f912fd3d7a612282_00050113.jpeg.jpg,complete
cf_external_unseen_v3_real_laion_fb94c066c949b016,real_laion,data/CompEval-00365-of-00413.parquet,4,9,00033380.jpeg,JPEG,MidjourneyV5_2,,LAION,test,0,Commercial,test_external_unseen_v3_additions/real/cf_external_unseen_v3_real_laion_fb94c066c949b016_00033380.jpeg.jpg,complete
cf_external_unseen_v3_real_laion_fcd2e616b3fe2bf1,real_laion,data/CompEval-00190-of-00413.parquet,2,15,00021483.jpeg,JPEG,FLUX-schnell,,LAION,test,0,Commercial,test_external_unseen_v3_additions/real/cf_external_unseen_v3_real_laion_fcd2e616b3fe2bf1_00021483.jpeg.jpg,complete
cf_external_unseen_v3_real_laion_fd870e29b4e8492e,real_laion,data/CompEval-00365-of-00413.parquet,4,7,00033069.jpeg,JPEG,MidjourneyV5_2,,LAION,test,0,Commercial,test_external_unseen_v3_additions/real/cf_external_unseen_v3_real_laion_fd870e29b4e8492e_00033069.jpeg.jpg,complete
cf_external_unseen_v3_real_laion_fd96699aa961037d,real_laion,data/CompEval-00134-of-00413.parquet,3,7,00048722.jpeg,JPEG,FLUX-dev,,LAION,test,0,Commercial,test_external_unseen_v3_additions/real/cf_external_unseen_v3_real_laion_fd96699aa961037d_00048722.jpeg.jpg,complete
cf_external_unseen_v3_real_laion_fe6f6bcb4d1b1d67,real_laion,data/CompEval-00213-of-00413.parquet,3,3,00045674.jpeg,JPEG,Firefly_Image2,,LAION,test,0,Commercial,test_external_unseen_v3_additions/real/cf_external_unseen_v3_real_laion_fe6f6bcb4d1b1d67_00045674.jpeg.jpg,complete
cf_external_unseen_v3_real_laion_ff8c4f91cb1f42ec,real_laion,data/CompEval-00280-of-00413.parquet,3,3,00031442.jpeg,JPEG,MidjourneyV6_1,,LAION,test,0,Commercial,test_external_unseen_v3_additions/real/cf_external_unseen_v3_real_laion_ff8c4f91cb1f42ec_00031442.jpeg.jpg,complete
cf_external_unseen_v3_real_raise_02da26b184351440,real_raise,data/CompEval-00379-of-00413.parquet,2,15,000008062.tiff,TIFF,LCM_lora_sdxl,,RAISE,test,0,LatDiff,test_external_unseen_v3_additions/real/cf_external_unseen_v3_real_raise_02da26b184351440_000008062.tiff.tiff,complete
cf_external_unseen_v3_real_raise_06070dfd85728574,real_raise,data/CompEval-00376-of-00413.parquet,2,11,000007952.tiff,TIFF,LCM_lora_sdxl,,RAISE,test,0,LatDiff,test_external_unseen_v3_additions/real/cf_external_unseen_v3_real_raise_06070dfd85728574_000007952.tiff.tiff,complete
cf_external_unseen_v3_real_raise_06765c7e74463de2,real_raise,data/CompEval-00379-of-00413.parquet,2,21,000003983.tiff,TIFF,LCM_lora_sdxl,,RAISE,test,0,LatDiff,test_external_unseen_v3_additions/real/cf_external_unseen_v3_real_raise_06765c7e74463de2_000003983.tiff.tiff,complete
cf_external_unseen_v3_real_raise_0a2d81a70fff9c1c,real_raise,data/CompEval-00219-of-00413.parquet,0,2,000007840.tiff,TIFF,kvikontent_midjourney_v6,,RAISE,test,0,LatDiff,test_external_unseen_v3_additions/real/cf_external_unseen_v3_real_raise_0a2d81a70fff9c1c_000007840.tiff.tiff,complete
cf_external_unseen_v3_real_raise_0b9d4531b4f4659c,real_raise,data/CompEval-00254-of-00413.parquet,3,7,000006214.tiff,TIFF,stable_cascade,,RAISE,test,0,Other,test_external_unseen_v3_additions/real/cf_external_unseen_v3_real_raise_0b9d4531b4f4659c_000006214.tiff.tiff,complete
cf_external_unseen_v3_real_raise_0e641f93f368bfce,real_raise,data/CompEval-00044-of-00413.parquet,3,4,000005582.tiff,TIFF,GALIP,,RAISE,test,0,GAN,test_external_unseen_v3_additions/real/cf_external_unseen_v3_real_raise_0e641f93f368bfce_000005582.tiff.tiff,complete
cf_external_unseen_v3_real_raise_0f39ca16e94649bb,real_raise,data/CompEval-00377-of-00413.parquet,1,6,000005289.tiff,TIFF,LCM_lora_sdxl,,RAISE,test,0,LatDiff,test_external_unseen_v3_additions/real/cf_external_unseen_v3_real_raise_0f39ca16e94649bb_000005289.tiff.tiff,complete
cf_external_unseen_v3_real_raise_0f825b5f0b2ec5d2,real_raise,data/CompEval-00117-of-00413.parquet,4,2,000003135.tiff,TIFF,LCM_lora_sdv15,,RAISE,test,0,LatDiff,test_external_unseen_v3_additions/real/cf_external_unseen_v3_real_raise_0f825b5f0b2ec5d2_000003135.tiff.tiff,complete
cf_external_unseen_v3_real_raise_10716d27be189cbe,real_raise,data/CompEval-00377-of-00413.parquet,1,2,000004954.tiff,TIFF,LCM_lora_sdxl,,RAISE,test,0,LatDiff,test_external_unseen_v3_additions/real/cf_external_unseen_v3_real_raise_10716d27be189cbe_000004954.tiff.tiff,complete
cf_external_unseen_v3_real_raise_109622bd4913ee31,real_raise,data/CompEval-00044-of-00413.parquet,3,10,000006115.tiff,TIFF,GALIP,,RAISE,test,0,GAN,test_external_unseen_v3_additions/real/cf_external_unseen_v3_real_raise_109622bd4913ee31_000006115.tiff.tiff,complete
cf_external_unseen_v3_real_raise_10f97305156e9333,real_raise,data/CompEval-00063-of-00413.parquet,2,19,000000706.tiff,TIFF,LCM_lora_sdxl,,RAISE,test,0,LatDiff,test_external_unseen_v3_additions/real/cf_external_unseen_v3_real_raise_10f97305156e9333_000000706.tiff.tiff,complete
cf_external_unseen_v3_real_raise_10fd68da5dad8690,real_raise,data/CompEval-00164-of-00413.parquet,0,2,000004273.tiff,TIFF,kandinsky_2_2,,RAISE,test,0,LatDiff,test_external_unseen_v3_additions/real/cf_external_unseen_v3_real_raise_10fd68da5dad8690_000004273.tiff.tiff,complete
cf_external_unseen_v3_real_raise_115bbbd75efb6bfa,real_raise,data/CompEval-00219-of-00413.parquet,0,17,000000051.tiff,TIFF,kvikontent_midjourney_v6,,RAISE,test,0,LatDiff,test_external_unseen_v3_additions/real/cf_external_unseen_v3_real_raise_115bbbd75efb6bfa_000000051.tiff.tiff,complete
cf_external_unseen_v3_real_raise_120f609976966662,real_raise,data/CompEval-00377-of-00413.parquet,1,5,000007940.tiff,TIFF,LCM_lora_sdxl,,RAISE,test,0,LatDiff,test_external_unseen_v3_additions/real/cf_external_unseen_v3_real_raise_120f609976966662_000007940.tiff.tiff,complete
cf_external_unseen_v3_real_raise_123bfccaa406307e,real_raise,data/CompEval-00044-of-00413.parquet,3,17,000006104.tiff,TIFF,GALIP,,RAISE,test,0,GAN,test_external_unseen_v3_additions/real/cf_external_unseen_v3_real_raise_123bfccaa406307e_000006104.tiff.tiff,complete
cf_external_unseen_v3_real_raise_13e1f3318324b73e,real_raise,data/CompEval-00377-of-00413.parquet,1,10,000006708.tiff,TIFF,LCM_lora_sdxl,,RAISE,test,0,LatDiff,test_external_unseen_v3_additions/real/cf_external_unseen_v3_real_raise_13e1f3318324b73e_000006708.tiff.tiff,complete
cf_external_unseen_v3_real_raise_143ead306506666e,real_raise,data/CompEval-00254-of-00413.parquet,3,18,000004518.tiff,TIFF,stable_cascade,,RAISE,test,0,Other,test_external_unseen_v3_additions/real/cf_external_unseen_v3_real_raise_143ead306506666e_000004518.tiff.tiff,complete
cf_external_unseen_v3_real_raise_151f15639f7fa288,real_raise,data/CompEval-00319-of-00413.parquet,4,24,000006101.tiff,TIFF,DeciDiffusionV2,,RAISE,test,0,LatDiff,test_external_unseen_v3_additions/real/cf_external_unseen_v3_real_raise_151f15639f7fa288_000006101.tiff.tiff,complete
cf_external_unseen_v3_real_raise_152a15cb52c63e27,real_raise,data/CompEval-00219-of-00413.parquet,0,8,000002001.tiff,TIFF,kvikontent_midjourney_v6,,RAISE,test,0,LatDiff,test_external_unseen_v3_additions/real/cf_external_unseen_v3_real_raise_152a15cb52c63e27_000002001.tiff.tiff,complete
cf_external_unseen_v3_real_raise_158ca026f644707e,real_raise,data/CompEval-00164-of-00413.parquet,0,7,000006063.tiff,TIFF,kandinsky_2_2,,RAISE,test,0,LatDiff,test_external_unseen_v3_additions/real/cf_external_unseen_v3_real_raise_158ca026f644707e_000006063.tiff.tiff,complete
cf_external_unseen_v3_real_raise_15b74ac273d277e4,real_raise,data/CompEval-00063-of-00413.parquet,2,1,000006320.tiff,TIFF,LCM_lora_sdxl,,RAISE,test,0,LatDiff,test_external_unseen_v3_additions/real/cf_external_unseen_v3_real_raise_15b74ac273d277e4_000006320.tiff.tiff,complete
cf_external_unseen_v3_real_raise_162bbc1a5544cc11,real_raise,data/CompEval-00376-of-00413.parquet,2,4,000000915.tiff,TIFF,LCM_lora_sdxl,,RAISE,test,0,LatDiff,test_external_unseen_v3_additions/real/cf_external_unseen_v3_real_raise_162bbc1a5544cc11_000000915.tiff.tiff,complete
cf_external_unseen_v3_real_raise_17738cc3b1f40e04,real_raise,data/CompEval-00319-of-00413.parquet,4,15,000006611.tiff,TIFF,DeciDiffusionV2,,RAISE,test,0,LatDiff,test_external_unseen_v3_additions/real/cf_external_unseen_v3_real_raise_17738cc3b1f40e04_000006611.tiff.tiff,complete
cf_external_unseen_v3_real_raise_18e72ad6ab1d8a17,real_raise,data/CompEval-00319-of-00413.parquet,4,5,000005058.tiff,TIFF,DeciDiffusionV2,,RAISE,test,0,LatDiff,test_external_unseen_v3_additions/real/cf_external_unseen_v3_real_raise_18e72ad6ab1d8a17_000005058.tiff.tiff,complete
cf_external_unseen_v3_real_raise_19237c38540b7a37,real_raise,data/CompEval-00044-of-00413.parquet,3,22,000003331.tiff,TIFF,GALIP,,RAISE,test,0,GAN,test_external_unseen_v3_additions/real/cf_external_unseen_v3_real_raise_19237c38540b7a37_000003331.tiff.tiff,complete
cf_external_unseen_v3_real_raise_1976034043eeec6c,real_raise,data/CompEval-00219-of-00413.parquet,0,22,000007098.tiff,TIFF,kvikontent_midjourney_v6,,RAISE,test,0,LatDiff,test_external_unseen_v3_additions/real/cf_external_unseen_v3_real_raise_1976034043eeec6c_000007098.tiff.tiff,complete
cf_external_unseen_v3_real_raise_1badfc4e1df3edc0,real_raise,data/CompEval-00044-of-00413.parquet,3,21,000006886.tiff,TIFF,GALIP,,RAISE,test,0,GAN,test_external_unseen_v3_additions/real/cf_external_unseen_v3_real_raise_1badfc4e1df3edc0_000006886.tiff.tiff,complete
cf_external_unseen_v3_real_raise_1c5cf51dc0459b35,real_raise,data/CompEval-00319-of-00413.parquet,4,11,000002391.tiff,TIFF,DeciDiffusionV2,,RAISE,test,0,LatDiff,test_external_unseen_v3_additions/real/cf_external_unseen_v3_real_raise_1c5cf51dc0459b35_000002391.tiff.tiff,complete
cf_external_unseen_v3_real_raise_1c7ac350f0311c90,real_raise,data/CompEval-00319-of-00413.parquet,4,1,000006660.tiff,TIFF,DeciDiffusionV2,,RAISE,test,0,LatDiff,test_external_unseen_v3_additions/real/cf_external_unseen_v3_real_raise_1c7ac350f0311c90_000006660.tiff.tiff,complete
cf_external_unseen_v3_real_raise_1d28bd5cfae117c6,real_raise,data/CompEval-00254-of-00413.parquet,3,0,000002945.tiff,TIFF,stable_cascade,,RAISE,test,0,Other,test_external_unseen_v3_additions/real/cf_external_unseen_v3_real_raise_1d28bd5cfae117c6_000002945.tiff.tiff,complete
cf_external_unseen_v3_real_raise_1ea39ee25c04332c,real_raise,data/CompEval-00254-of-00413.parquet,3,22,000000601.tiff,TIFF,stable_cascade,,RAISE,test,0,Other,test_external_unseen_v3_additions/real/cf_external_unseen_v3_real_raise_1ea39ee25c04332c_000000601.tiff.tiff,complete
cf_external_unseen_v3_real_raise_21f72c705e00bccc,real_raise,data/CompEval-00117-of-00413.parquet,4,24,000005433.tiff,TIFF,LCM_lora_sdv15,,RAISE,test,0,LatDiff,test_external_unseen_v3_additions/real/cf_external_unseen_v3_real_raise_21f72c705e00bccc_000005433.tiff.tiff,complete
cf_external_unseen_v3_real_raise_24e656156dbecd91,real_raise,data/CompEval-00376-of-00413.parquet,2,5,000007969.tiff,TIFF,LCM_lora_sdxl,,RAISE,test,0,LatDiff,test_external_unseen_v3_additions/real/cf_external_unseen_v3_real_raise_24e656156dbecd91_000007969.tiff.tiff,complete
cf_external_unseen_v3_real_raise_28a7bf9efe1aa558,real_raise,data/CompEval-00379-of-00413.parquet,2,13,000001174.tiff,TIFF,LCM_lora_sdxl,,RAISE,test,0,LatDiff,test_external_unseen_v3_additions/real/cf_external_unseen_v3_real_raise_28a7bf9efe1aa558_000001174.tiff.tiff,complete
cf_external_unseen_v3_real_raise_2b89785da2d23efb,real_raise,data/CompEval-00063-of-00413.parquet,2,17,000002197.tiff,TIFF,LCM_lora_sdxl,,RAISE,test,0,LatDiff,test_external_unseen_v3_additions/real/cf_external_unseen_v3_real_raise_2b89785da2d23efb_000002197.tiff.tiff,complete
cf_external_unseen_v3_real_raise_2d0b1bef62bb1478,real_raise,data/CompEval-00377-of-00413.parquet,1,24,000005718.tiff,TIFF,LCM_lora_sdxl,,RAISE,test,0,LatDiff,test_external_unseen_v3_additions/real/cf_external_unseen_v3_real_raise_2d0b1bef62bb1478_000005718.tiff.tiff,complete
cf_external_unseen_v3_real_raise_2d12ba2fc0c69579,real_raise,data/CompEval-00319-of-00413.parquet,4,8,000000268.tiff,TIFF,DeciDiffusionV2,,RAISE,test,0,LatDiff,test_external_unseen_v3_additions/real/cf_external_unseen_v3_real_raise_2d12ba2fc0c69579_000000268.tiff.tiff,complete
cf_external_unseen_v3_real_raise_2e0a2b2bfdc92d64,real_raise,data/CompEval-00164-of-00413.parquet,0,9,000005329.tiff,TIFF,kandinsky_2_2,,RAISE,test,0,LatDiff,test_external_unseen_v3_additions/real/cf_external_unseen_v3_real_raise_2e0a2b2bfdc92d64_000005329.tiff.tiff,complete
cf_external_unseen_v3_real_raise_2f35bccc64300b93,real_raise,data/CompEval-00254-of-00413.parquet,3,2,000002954.tiff,TIFF,stable_cascade,,RAISE,test,0,Other,test_external_unseen_v3_additions/real/cf_external_unseen_v3_real_raise_2f35bccc64300b93_000002954.tiff.tiff,complete
cf_external_unseen_v3_real_raise_32385773b08622e8,real_raise,data/CompEval-00376-of-00413.parquet,2,8,000007834.tiff,TIFF,LCM_lora_sdxl,,RAISE,test,0,LatDiff,test_external_unseen_v3_additions/real/cf_external_unseen_v3_real_raise_32385773b08622e8_000007834.tiff.tiff,complete
cf_external_unseen_v3_real_raise_34cead4209e96f85,real_raise,data/CompEval-00063-of-00413.parquet,2,14,000005849.tiff,TIFF,LCM_lora_sdxl,,RAISE,test,0,LatDiff,test_external_unseen_v3_additions/real/cf_external_unseen_v3_real_raise_34cead4209e96f85_000005849.tiff.tiff,complete
cf_external_unseen_v3_real_raise_362e8e184f2980b3,real_raise,data/CompEval-00164-of-00413.parquet,0,12,000004557.tiff,TIFF,kandinsky_2_2,,RAISE,test,0,LatDiff,test_external_unseen_v3_additions/real/cf_external_unseen_v3_real_raise_362e8e184f2980b3_000004557.tiff.tiff,complete
cf_external_unseen_v3_real_raise_36ff3a646e337951,real_raise,data/CompEval-00117-of-00413.parquet,4,0,000000106.tiff,TIFF,LCM_lora_sdv15,,RAISE,test,0,LatDiff,test_external_unseen_v3_additions/real/cf_external_unseen_v3_real_raise_36ff3a646e337951_000000106.tiff.tiff,complete
cf_external_unseen_v3_real_raise_3894dc38d07e9636,real_raise,data/CompEval-00164-of-00413.parquet,0,19,000005510.tiff,TIFF,kandinsky_2_2,,RAISE,test,0,LatDiff,test_external_unseen_v3_additions/real/cf_external_unseen_v3_real_raise_3894dc38d07e9636_000005510.tiff.tiff,complete
cf_external_unseen_v3_real_raise_3a8a860eecc63234,real_raise,data/CompEval-00379-of-00413.parquet,2,7,000007865.tiff,TIFF,LCM_lora_sdxl,,RAISE,test,0,LatDiff,test_external_unseen_v3_additions/real/cf_external_unseen_v3_real_raise_3a8a860eecc63234_000007865.tiff.tiff,complete
cf_external_unseen_v3_real_raise_3dfe1dbb8fc46f74,real_raise,data/CompEval-00254-of-00413.parquet,3,17,000003780.tiff,TIFF,stable_cascade,,RAISE,test,0,Other,test_external_unseen_v3_additions/real/cf_external_unseen_v3_real_raise_3dfe1dbb8fc46f74_000003780.tiff.tiff,complete
cf_external_unseen_v3_real_raise_3e47943596b3913b,real_raise,data/CompEval-00219-of-00413.parquet,0,10,000004142.tiff,TIFF,kvikontent_midjourney_v6,,RAISE,test,0,LatDiff,test_external_unseen_v3_additions/real/cf_external_unseen_v3_real_raise_3e47943596b3913b_000004142.tiff.tiff,complete
cf_external_unseen_v3_real_raise_3f5a474032c70465,real_raise,data/CompEval-00219-of-00413.parquet,0,7,000003679.tiff,TIFF,kvikontent_midjourney_v6,,RAISE,test,0,LatDiff,test_external_unseen_v3_additions/real/cf_external_unseen_v3_real_raise_3f5a474032c70465_000003679.tiff.tiff,complete
cf_external_unseen_v3_real_raise_3fa7305989e3309c,real_raise,data/CompEval-00219-of-00413.parquet,0,19,000001830.tiff,TIFF,kvikontent_midjourney_v6,,RAISE,test,0,LatDiff,test_external_unseen_v3_additions/real/cf_external_unseen_v3_real_raise_3fa7305989e3309c_000001830.tiff.tiff,complete
cf_external_unseen_v3_real_raise_3fac570166710632,real_raise,data/CompEval-00219-of-00413.parquet,0,4,000001436.tiff,TIFF,kvikontent_midjourney_v6,,RAISE,test,0,LatDiff,test_external_unseen_v3_additions/real/cf_external_unseen_v3_real_raise_3fac570166710632_000001436.tiff.tiff,complete
cf_external_unseen_v3_real_raise_410073d7491a9f0a,real_raise,data/CompEval-00319-of-00413.parquet,4,20,000002715.tiff,TIFF,DeciDiffusionV2,,RAISE,test,0,LatDiff,test_external_unseen_v3_additions/real/cf_external_unseen_v3_real_raise_410073d7491a9f0a_000002715.tiff.tiff,complete
cf_external_unseen_v3_real_raise_41ec789ee7832d2c,real_raise,data/CompEval-00219-of-00413.parquet,0,18,000003459.tiff,TIFF,kvikontent_midjourney_v6,,RAISE,test,0,LatDiff,test_external_unseen_v3_additions/real/cf_external_unseen_v3_real_raise_41ec789ee7832d2c_000003459.tiff.tiff,complete
cf_external_unseen_v3_real_raise_420c7e46045fb404,real_raise,data/CompEval-00376-of-00413.parquet,2,24,000001184.tiff,TIFF,LCM_lora_sdxl,,RAISE,test,0,LatDiff,test_external_unseen_v3_additions/real/cf_external_unseen_v3_real_raise_420c7e46045fb404_000001184.tiff.tiff,complete
cf_external_unseen_v3_real_raise_4363089e57e2bd53,real_raise,data/CompEval-00044-of-00413.parquet,3,20,000000823.tiff,TIFF,GALIP,,RAISE,test,0,GAN,test_external_unseen_v3_additions/real/cf_external_unseen_v3_real_raise_4363089e57e2bd53_000000823.tiff.tiff,complete
cf_external_unseen_v3_real_raise_43df72739583b154,real_raise,data/CompEval-00254-of-00413.parquet,3,23,000003650.tiff,TIFF,stable_cascade,,RAISE,test,0,Other,test_external_unseen_v3_additions/real/cf_external_unseen_v3_real_raise_43df72739583b154_000003650.tiff.tiff,complete
cf_external_unseen_v3_real_raise_449b1f6cf0e79c99,real_raise,data/CompEval-00377-of-00413.parquet,1,4,000004876.tiff,TIFF,LCM_lora_sdxl,,RAISE,test,0,LatDiff,test_external_unseen_v3_additions/real/cf_external_unseen_v3_real_raise_449b1f6cf0e79c99_000004876.tiff.tiff,complete
cf_external_unseen_v3_real_raise_46f48c875a625e80,real_raise,data/CompEval-00164-of-00413.parquet,0,11,000000729.tiff,TIFF,kandinsky_2_2,,RAISE,test,0,LatDiff,test_external_unseen_v3_additions/real/cf_external_unseen_v3_real_raise_46f48c875a625e80_000000729.tiff.tiff,complete
cf_external_unseen_v3_real_raise_47390cb4f03bf61b,real_raise,data/CompEval-00219-of-00413.parquet,0,16,000003349.tiff,TIFF,kvikontent_midjourney_v6,,RAISE,test,0,LatDiff,test_external_unseen_v3_additions/real/cf_external_unseen_v3_real_raise_47390cb4f03bf61b_000003349.tiff.tiff,complete
cf_external_unseen_v3_real_raise_48046d4f204dd104,real_raise,data/CompEval-00377-of-00413.parquet,1,19,000001514.tiff,TIFF,LCM_lora_sdxl,,RAISE,test,0,LatDiff,test_external_unseen_v3_additions/real/cf_external_unseen_v3_real_raise_48046d4f204dd104_000001514.tiff.tiff,complete
cf_external_unseen_v3_real_raise_48f195e42b1ec8cb,real_raise,data/CompEval-00379-of-00413.parquet,2,16,000001574.tiff,TIFF,LCM_lora_sdxl,,RAISE,test,0,LatDiff,test_external_unseen_v3_additions/real/cf_external_unseen_v3_real_raise_48f195e42b1ec8cb_000001574.tiff.tiff,complete
cf_external_unseen_v3_real_raise_48fe73b02f2a9af3,real_raise,data/CompEval-00219-of-00413.parquet,0,14,000007288.tiff,TIFF,kvikontent_midjourney_v6,,RAISE,test,0,LatDiff,test_external_unseen_v3_additions/real/cf_external_unseen_v3_real_raise_48fe73b02f2a9af3_000007288.tiff.tiff,complete
cf_external_unseen_v3_real_raise_4b20d96b59f754b6,real_raise,data/CompEval-00319-of-00413.parquet,4,17,000004863.tiff,TIFF,DeciDiffusionV2,,RAISE,test,0,LatDiff,test_external_unseen_v3_additions/real/cf_external_unseen_v3_real_raise_4b20d96b59f754b6_000004863.tiff.tiff,complete
cf_external_unseen_v3_real_raise_4b54a6b28c6fa50e,real_raise,data/CompEval-00063-of-00413.parquet,2,21,000003357.tiff,TIFF,LCM_lora_sdxl,,RAISE,test,0,LatDiff,test_external_unseen_v3_additions/real/cf_external_unseen_v3_real_raise_4b54a6b28c6fa50e_000003357.tiff.tiff,complete
cf_external_unseen_v3_real_raise_4c8c3eb0f475fb00,real_raise,data/CompEval-00377-of-00413.parquet,1,23,000002957.tiff,TIFF,LCM_lora_sdxl,,RAISE,test,0,LatDiff,test_external_unseen_v3_additions/real/cf_external_unseen_v3_real_raise_4c8c3eb0f475fb00_000002957.tiff.tiff,complete
cf_external_unseen_v3_real_raise_4cf6a1aec45ed402,real_raise,data/CompEval-00377-of-00413.parquet,1,22,000005091.tiff,TIFF,LCM_lora_sdxl,,RAISE,test,0,LatDiff,test_external_unseen_v3_additions/real/cf_external_unseen_v3_real_raise_4cf6a1aec45ed402_000005091.tiff.tiff,complete
cf_external_unseen_v3_real_raise_4d64cb0d6b3c2cb2,real_raise,data/CompEval-00376-of-00413.parquet,2,14,000000198.tiff,TIFF,LCM_lora_sdxl,,RAISE,test,0,LatDiff,test_external_unseen_v3_additions/real/cf_external_unseen_v3_real_raise_4d64cb0d6b3c2cb2_000000198.tiff.tiff,complete
cf_external_unseen_v3_real_raise_53645988d1bab3d9,real_raise,data/CompEval-00219-of-00413.parquet,0,9,000001865.tiff,TIFF,kvikontent_midjourney_v6,,RAISE,test,0,LatDiff,test_external_unseen_v3_additions/real/cf_external_unseen_v3_real_raise_53645988d1bab3d9_000001865.tiff.tiff,complete
cf_external_unseen_v3_real_raise_54657f2ae6b5f78e,real_raise,data/CompEval-00044-of-00413.parquet,3,0,000001016.tiff,TIFF,GALIP,,RAISE,test,0,GAN,test_external_unseen_v3_additions/real/cf_external_unseen_v3_real_raise_54657f2ae6b5f78e_000001016.tiff.tiff,complete
cf_external_unseen_v3_real_raise_553549321775bfe0,real_raise,data/CompEval-00117-of-00413.parquet,4,16,000001578.tiff,TIFF,LCM_lora_sdv15,,RAISE,test,0,LatDiff,test_external_unseen_v3_additions/real/cf_external_unseen_v3_real_raise_553549321775bfe0_000001578.tiff.tiff,complete
cf_external_unseen_v3_real_raise_55640a7b2a8f3151,real_raise,data/CompEval-00376-of-00413.parquet,2,17,000004056.tiff,TIFF,LCM_lora_sdxl,,RAISE,test,0,LatDiff,test_external_unseen_v3_additions/real/cf_external_unseen_v3_real_raise_55640a7b2a8f3151_000004056.tiff.tiff,complete
cf_external_unseen_v3_real_raise_55a3f83209f6e04d,real_raise,data/CompEval-00319-of-00413.parquet,4,23,000003919.tiff,TIFF,DeciDiffusionV2,,RAISE,test,0,LatDiff,test_external_unseen_v3_additions/real/cf_external_unseen_v3_real_raise_55a3f83209f6e04d_000003919.tiff.tiff,complete
cf_external_unseen_v3_real_raise_5878d23d07d7e7e6,real_raise,data/CompEval-00254-of-00413.parquet,3,11,000006236.tiff,TIFF,stable_cascade,,RAISE,test,0,Other,test_external_unseen_v3_additions/real/cf_external_unseen_v3_real_raise_5878d23d07d7e7e6_000006236.tiff.tiff,complete
cf_external_unseen_v3_real_raise_5c3901262a83829a,real_raise,data/CompEval-00063-of-00413.parquet,2,3,000004563.tiff,TIFF,LCM_lora_sdxl,,RAISE,test,0,LatDiff,test_external_unseen_v3_additions/real/cf_external_unseen_v3_real_raise_5c3901262a83829a_000004563.tiff.tiff,complete
cf_external_unseen_v3_real_raise_5e9f496f816a2f42,real_raise,data/CompEval-00376-of-00413.parquet,2,15,000002218.tiff,TIFF,LCM_lora_sdxl,,RAISE,test,0,LatDiff,test_external_unseen_v3_additions/real/cf_external_unseen_v3_real_raise_5e9f496f816a2f42_000002218.tiff.tiff,complete
cf_external_unseen_v3_real_raise_5f52a689aed59619,real_raise,data/CompEval-00377-of-00413.parquet,1,9,000000134.tiff,TIFF,LCM_lora_sdxl,,RAISE,test,0,LatDiff,test_external_unseen_v3_additions/real/cf_external_unseen_v3_real_raise_5f52a689aed59619_000000134.tiff.tiff,complete
cf_external_unseen_v3_real_raise_5fdcdaf0c22a0096,real_raise,data/CompEval-00254-of-00413.parquet,3,14,000003559.tiff,TIFF,stable_cascade,,RAISE,test,0,Other,test_external_unseen_v3_additions/real/cf_external_unseen_v3_real_raise_5fdcdaf0c22a0096_000003559.tiff.tiff,complete
cf_external_unseen_v3_real_raise_601f677841271787,real_raise,data/CompEval-00117-of-00413.parquet,4,13,000001429.tiff,TIFF,LCM_lora_sdv15,,RAISE,test,0,LatDiff,test_external_unseen_v3_additions/real/cf_external_unseen_v3_real_raise_601f677841271787_000001429.tiff.tiff,complete
cf_external_unseen_v3_real_raise_61528c7619f58927,real_raise,data/CompEval-00254-of-00413.parquet,3,10,000003002.tiff,TIFF,stable_cascade,,RAISE,test,0,Other,test_external_unseen_v3_additions/real/cf_external_unseen_v3_real_raise_61528c7619f58927_000003002.tiff.tiff,complete
cf_external_unseen_v3_real_raise_61558bc992b2ef69,real_raise,data/CompEval-00219-of-00413.parquet,0,13,000002038.tiff,TIFF,kvikontent_midjourney_v6,,RAISE,test,0,LatDiff,test_external_unseen_v3_additions/real/cf_external_unseen_v3_real_raise_61558bc992b2ef69_000002038.tiff.tiff,complete
cf_external_unseen_v3_real_raise_6175841fc1fe3341,real_raise,data/CompEval-00377-of-00413.parquet,1,7,000000099.tiff,TIFF,LCM_lora_sdxl,,RAISE,test,0,LatDiff,test_external_unseen_v3_additions/real/cf_external_unseen_v3_real_raise_6175841fc1fe3341_000000099.tiff.tiff,complete
cf_external_unseen_v3_real_raise_6190debfdc43f492,real_raise,data/CompEval-00377-of-00413.parquet,1,1,000004207.tiff,TIFF,LCM_lora_sdxl,,RAISE,test,0,LatDiff,test_external_unseen_v3_additions/real/cf_external_unseen_v3_real_raise_6190debfdc43f492_000004207.tiff.tiff,complete
cf_external_unseen_v3_real_raise_6224a559448fd2d3,real_raise,data/CompEval-00117-of-00413.parquet,4,19,000000319.tiff,TIFF,LCM_lora_sdv15,,RAISE,test,0,LatDiff,test_external_unseen_v3_additions/real/cf_external_unseen_v3_real_raise_6224a559448fd2d3_000000319.tiff.tiff,complete
cf_external_unseen_v3_real_raise_626cbc43a87bae22,real_raise,data/CompEval-00044-of-00413.parquet,3,23,000001431.tiff,TIFF,GALIP,,RAISE,test,0,GAN,test_external_unseen_v3_additions/real/cf_external_unseen_v3_real_raise_626cbc43a87bae22_000001431.tiff.tiff,complete
cf_external_unseen_v3_real_raise_62d6fd5a78354d96,real_raise,data/CompEval-00044-of-00413.parquet,3,1,000000528.tiff,TIFF,GALIP,,RAISE,test,0,GAN,test_external_unseen_v3_additions/real/cf_external_unseen_v3_real_raise_62d6fd5a78354d96_000000528.tiff.tiff,complete
cf_external_unseen_v3_real_raise_65b4734ac80a9686,real_raise,data/CompEval-00044-of-00413.parquet,3,3,000003683.tiff,TIFF,GALIP,,RAISE,test,0,GAN,test_external_unseen_v3_additions/real/cf_external_unseen_v3_real_raise_65b4734ac80a9686_000003683.tiff.tiff,complete
cf_external_unseen_v3_real_raise_65eff85a0d429e3d,real_raise,data/CompEval-00044-of-00413.parquet,3,19,000007370.tiff,TIFF,GALIP,,RAISE,test,0,GAN,test_external_unseen_v3_additions/real/cf_external_unseen_v3_real_raise_65eff85a0d429e3d_000007370.tiff.tiff,complete
cf_external_unseen_v3_real_raise_67c48f709942f48c,real_raise,data/CompEval-00063-of-00413.parquet,2,5,000003837.tiff,TIFF,LCM_lora_sdxl,,RAISE,test,0,LatDiff,test_external_unseen_v3_additions/real/cf_external_unseen_v3_real_raise_67c48f709942f48c_000003837.tiff.tiff,complete
cf_external_unseen_v3_real_raise_69fafaf542a3a934,real_raise,data/CompEval-00377-of-00413.parquet,1,13,000007108.tiff,TIFF,LCM_lora_sdxl,,RAISE,test,0,LatDiff,test_external_unseen_v3_additions/real/cf_external_unseen_v3_real_raise_69fafaf542a3a934_000007108.tiff.tiff,complete
cf_external_unseen_v3_real_raise_6a483f24ebaff25f,real_raise,data/CompEval-00044-of-00413.parquet,3,13,000007546.tiff,TIFF,GALIP,,RAISE,test,0,GAN,test_external_unseen_v3_additions/real/cf_external_unseen_v3_real_raise_6a483f24ebaff25f_000007546.tiff.tiff,complete
cf_external_unseen_v3_real_raise_6a507943a423f564,real_raise,data/CompEval-00117-of-00413.parquet,4,10,000004545.tiff,TIFF,LCM_lora_sdv15,,RAISE,test,0,LatDiff,test_external_unseen_v3_additions/real/cf_external_unseen_v3_real_raise_6a507943a423f564_000004545.tiff.tiff,complete
cf_external_unseen_v3_real_raise_6acc3ab274aa95de,real_raise,data/CompEval-00319-of-00413.parquet,4,4,000002075.tiff,TIFF,DeciDiffusionV2,,RAISE,test,0,LatDiff,test_external_unseen_v3_additions/real/cf_external_unseen_v3_real_raise_6acc3ab274aa95de_000002075.tiff.tiff,complete
cf_external_unseen_v3_real_raise_6c412f0c66043ec5,real_raise,data/CompEval-00319-of-00413.parquet,4,3,000006465.tiff,TIFF,DeciDiffusionV2,,RAISE,test,0,LatDiff,test_external_unseen_v3_additions/real/cf_external_unseen_v3_real_raise_6c412f0c66043ec5_000006465.tiff.tiff,complete
cf_external_unseen_v3_real_raise_6c97a0230ab3f51e,real_raise,data/CompEval-00063-of-00413.parquet,2,6,000002636.tiff,TIFF,LCM_lora_sdxl,,RAISE,test,0,LatDiff,test_external_unseen_v3_additions/real/cf_external_unseen_v3_real_raise_6c97a0230ab3f51e_000002636.tiff.tiff,complete
cf_external_unseen_v3_real_raise_6d3ac7f57f844cd3,real_raise,data/CompEval-00379-of-00413.parquet,2,19,000005435.tiff,TIFF,LCM_lora_sdxl,,RAISE,test,0,LatDiff,test_external_unseen_v3_additions/real/cf_external_unseen_v3_real_raise_6d3ac7f57f844cd3_000005435.tiff.tiff,complete
cf_external_unseen_v3_real_raise_6f12e5a28267416c,real_raise,data/CompEval-00063-of-00413.parquet,2,2,000005593.tiff,TIFF,LCM_lora_sdxl,,RAISE,test,0,LatDiff,test_external_unseen_v3_additions/real/cf_external_unseen_v3_real_raise_6f12e5a28267416c_000005593.tiff.tiff,complete
cf_external_unseen_v3_real_raise_704746001fe20c0a,real_raise,data/CompEval-00063-of-00413.parquet,2,0,000006961.tiff,TIFF,LCM_lora_sdxl,,RAISE,test,0,LatDiff,test_external_unseen_v3_additions/real/cf_external_unseen_v3_real_raise_704746001fe20c0a_000006961.tiff.tiff,complete
cf_external_unseen_v3_real_raise_70ecaec43b9eea69,real_raise,data/CompEval-00376-of-00413.parquet,2,18,000000211.tiff,TIFF,LCM_lora_sdxl,,RAISE,test,0,LatDiff,test_external_unseen_v3_additions/real/cf_external_unseen_v3_real_raise_70ecaec43b9eea69_000000211.tiff.tiff,complete
cf_external_unseen_v3_real_raise_718f6130176fc621,real_raise,data/CompEval-00376-of-00413.parquet,2,3,000003980.tiff,TIFF,LCM_lora_sdxl,,RAISE,test,0,LatDiff,test_external_unseen_v3_additions/real/cf_external_unseen_v3_real_raise_718f6130176fc621_000003980.tiff.tiff,complete
cf_external_unseen_v3_real_raise_71b19da2d03339bb,real_raise,data/CompEval-00164-of-00413.parquet,0,6,000004821.tiff,TIFF,kandinsky_2_2,,RAISE,test,0,LatDiff,test_external_unseen_v3_additions/real/cf_external_unseen_v3_real_raise_71b19da2d03339bb_000004821.tiff.tiff,complete
cf_external_unseen_v3_real_raise_7239a1121b76bdae,real_raise,data/CompEval-00377-of-00413.parquet,1,0,000002817.tiff,TIFF,LCM_lora_sdxl,,RAISE,test,0,LatDiff,test_external_unseen_v3_additions/real/cf_external_unseen_v3_real_raise_7239a1121b76bdae_000002817.tiff.tiff,complete
cf_external_unseen_v3_real_raise_772bee1bf22fe336,real_raise,data/CompEval-00219-of-00413.parquet,0,12,000005191.tiff,TIFF,kvikontent_midjourney_v6,,RAISE,test,0,LatDiff,test_external_unseen_v3_additions/real/cf_external_unseen_v3_real_raise_772bee1bf22fe336_000005191.tiff.tiff,complete
cf_external_unseen_v3_real_raise_783b4cc48df35a9c,real_raise,data/CompEval-00254-of-00413.parquet,3,13,000003852.tiff,TIFF,stable_cascade,,RAISE,test,0,Other,test_external_unseen_v3_additions/real/cf_external_unseen_v3_real_raise_783b4cc48df35a9c_000003852.tiff.tiff,complete
cf_external_unseen_v3_real_raise_787309244f0c54c8,real_raise,data/CompEval-00254-of-00413.parquet,3,21,000002737.tiff,TIFF,stable_cascade,,RAISE,test,0,Other,test_external_unseen_v3_additions/real/cf_external_unseen_v3_real_raise_787309244f0c54c8_000002737.tiff.tiff,complete
cf_external_unseen_v3_real_raise_79982dc37f48d4d8,real_raise,data/CompEval-00254-of-00413.parquet,3,4,000004296.tiff,TIFF,stable_cascade,,RAISE,test,0,Other,test_external_unseen_v3_additions/real/cf_external_unseen_v3_real_raise_79982dc37f48d4d8_000004296.tiff.tiff,complete
cf_external_unseen_v3_real_raise_7a5d10b8d2c57808,real_raise,data/CompEval-00117-of-00413.parquet,4,11,000007286.tiff,TIFF,LCM_lora_sdv15,,RAISE,test,0,LatDiff,test_external_unseen_v3_additions/real/cf_external_unseen_v3_real_raise_7a5d10b8d2c57808_000007286.tiff.tiff,complete
cf_external_unseen_v3_real_raise_7b6f26a6497124f8,real_raise,data/CompEval-00379-of-00413.parquet,2,5,000004020.tiff,TIFF,LCM_lora_sdxl,,RAISE,test,0,LatDiff,test_external_unseen_v3_additions/real/cf_external_unseen_v3_real_raise_7b6f26a6497124f8_000004020.tiff.tiff,complete
cf_external_unseen_v3_real_raise_7c29081b549ca584,real_raise,data/CompEval-00319-of-00413.parquet,4,14,000007824.tiff,TIFF,DeciDiffusionV2,,RAISE,test,0,LatDiff,test_external_unseen_v3_additions/real/cf_external_unseen_v3_real_raise_7c29081b549ca584_000007824.tiff.tiff,complete
cf_external_unseen_v3_real_raise_7c9b043ef5f0efc0,real_raise,data/CompEval-00063-of-00413.parquet,2,23,000006161.tiff,TIFF,LCM_lora_sdxl,,RAISE,test,0,LatDiff,test_external_unseen_v3_additions/real/cf_external_unseen_v3_real_raise_7c9b043ef5f0efc0_000006161.tiff.tiff,complete
cf_external_unseen_v3_real_raise_7cae9cd10ef20da6,real_raise,data/CompEval-00117-of-00413.parquet,4,12,000003075.tiff,TIFF,LCM_lora_sdv15,,RAISE,test,0,LatDiff,test_external_unseen_v3_additions/real/cf_external_unseen_v3_real_raise_7cae9cd10ef20da6_000003075.tiff.tiff,complete
cf_external_unseen_v3_real_raise_7d630619d190e10a,real_raise,data/CompEval-00117-of-00413.parquet,4,22,000005864.tiff,TIFF,LCM_lora_sdv15,,RAISE,test,0,LatDiff,test_external_unseen_v3_additions/real/cf_external_unseen_v3_real_raise_7d630619d190e10a_000005864.tiff.tiff,complete
cf_external_unseen_v3_real_raise_7d84f7fd62f2b13a,real_raise,data/CompEval-00377-of-00413.parquet,1,14,000000009.tiff,TIFF,LCM_lora_sdxl,,RAISE,test,0,LatDiff,test_external_unseen_v3_additions/real/cf_external_unseen_v3_real_raise_7d84f7fd62f2b13a_000000009.tiff.tiff,complete
cf_external_unseen_v3_real_raise_7e48813cb3fa4c9c,real_raise,data/CompEval-00219-of-00413.parquet,0,15,000000135.tiff,TIFF,kvikontent_midjourney_v6,,RAISE,test,0,LatDiff,test_external_unseen_v3_additions/real/cf_external_unseen_v3_real_raise_7e48813cb3fa4c9c_000000135.tiff.tiff,complete
cf_external_unseen_v3_real_raise_7eb0e1a6202f3e47,real_raise,data/CompEval-00379-of-00413.parquet,2,18,000003369.tiff,TIFF,LCM_lora_sdxl,,RAISE,test,0,LatDiff,test_external_unseen_v3_additions/real/cf_external_unseen_v3_real_raise_7eb0e1a6202f3e47_000003369.tiff.tiff,complete
cf_external_unseen_v3_real_raise_7f5277c272ea7186,real_raise,data/CompEval-00376-of-00413.parquet,2,9,000003137.tiff,TIFF,LCM_lora_sdxl,,RAISE,test,0,LatDiff,test_external_unseen_v3_additions/real/cf_external_unseen_v3_real_raise_7f5277c272ea7186_000003137.tiff.tiff,complete
cf_external_unseen_v3_real_raise_81303c9bb92be842,real_raise,data/CompEval-00063-of-00413.parquet,2,7,000006380.tiff,TIFF,LCM_lora_sdxl,,RAISE,test,0,LatDiff,test_external_unseen_v3_additions/real/cf_external_unseen_v3_real_raise_81303c9bb92be842_000006380.tiff.tiff,complete
cf_external_unseen_v3_real_raise_817426d316c166fa,real_raise,data/CompEval-00063-of-00413.parquet,2,22,000006162.tiff,TIFF,LCM_lora_sdxl,,RAISE,test,0,LatDiff,test_external_unseen_v3_additions/real/cf_external_unseen_v3_real_raise_817426d316c166fa_000006162.tiff.tiff,complete
cf_external_unseen_v3_real_raise_81d867340a911850,real_raise,data/CompEval-00254-of-00413.parquet,3,5,000004851.tiff,TIFF,stable_cascade,,RAISE,test,0,Other,test_external_unseen_v3_additions/real/cf_external_unseen_v3_real_raise_81d867340a911850_000004851.tiff.tiff,complete
cf_external_unseen_v3_real_raise_8415c7a8ec3ac15c,real_raise,data/CompEval-00319-of-00413.parquet,4,7,000006808.tiff,TIFF,DeciDiffusionV2,,RAISE,test,0,LatDiff,test_external_unseen_v3_additions/real/cf_external_unseen_v3_real_raise_8415c7a8ec3ac15c_000006808.tiff.tiff,complete
cf_external_unseen_v3_real_raise_84417660b999313a,real_raise,data/CompEval-00219-of-00413.parquet,0,20,000002223.tiff,TIFF,kvikontent_midjourney_v6,,RAISE,test,0,LatDiff,test_external_unseen_v3_additions/real/cf_external_unseen_v3_real_raise_84417660b999313a_000002223.tiff.tiff,complete
cf_external_unseen_v3_real_raise_85fae8a8a67f9f77,real_raise,data/CompEval-00219-of-00413.parquet,0,24,000003672.tiff,TIFF,kvikontent_midjourney_v6,,RAISE,test,0,LatDiff,test_external_unseen_v3_additions/real/cf_external_unseen_v3_real_raise_85fae8a8a67f9f77_000003672.tiff.tiff,complete
cf_external_unseen_v3_real_raise_8a63670d0ac841ba,real_raise,data/CompEval-00044-of-00413.parquet,3,16,000000470.tiff,TIFF,GALIP,,RAISE,test,0,GAN,test_external_unseen_v3_additions/real/cf_external_unseen_v3_real_raise_8a63670d0ac841ba_000000470.tiff.tiff,complete
cf_external_unseen_v3_real_raise_8c9d45286f5a5c07,real_raise,data/CompEval-00319-of-00413.parquet,4,2,000007475.tiff,TIFF,DeciDiffusionV2,,RAISE,test,0,LatDiff,test_external_unseen_v3_additions/real/cf_external_unseen_v3_real_raise_8c9d45286f5a5c07_000007475.tiff.tiff,complete
cf_external_unseen_v3_real_raise_8d4a24ead5603ec2,real_raise,data/CompEval-00117-of-00413.parquet,4,23,000000175.tiff,TIFF,LCM_lora_sdv15,,RAISE,test,0,LatDiff,test_external_unseen_v3_additions/real/cf_external_unseen_v3_real_raise_8d4a24ead5603ec2_000000175.tiff.tiff,complete
cf_external_unseen_v3_real_raise_91b7cc2d0aedb11b,real_raise,data/CompEval-00044-of-00413.parquet,3,12,000000014.tiff,TIFF,GALIP,,RAISE,test,0,GAN,test_external_unseen_v3_additions/real/cf_external_unseen_v3_real_raise_91b7cc2d0aedb11b_000000014.tiff.tiff,complete
cf_external_unseen_v3_real_raise_93f1ecf93c54529b,real_raise,data/CompEval-00377-of-00413.parquet,1,16,000003228.tiff,TIFF,LCM_lora_sdxl,,RAISE,test,0,LatDiff,test_external_unseen_v3_additions/real/cf_external_unseen_v3_real_raise_93f1ecf93c54529b_000003228.tiff.tiff,complete
cf_external_unseen_v3_real_raise_947f55969ff2cb8d,real_raise,data/CompEval-00319-of-00413.parquet,4,12,000003686.tiff,TIFF,DeciDiffusionV2,,RAISE,test,0,LatDiff,test_external_unseen_v3_additions/real/cf_external_unseen_v3_real_raise_947f55969ff2cb8d_000003686.tiff.tiff,complete
cf_external_unseen_v3_real_raise_94f8a67b46fa21ea,real_raise,data/CompEval-00044-of-00413.parquet,3,15,000002367.tiff,TIFF,GALIP,,RAISE,test,0,GAN,test_external_unseen_v3_additions/real/cf_external_unseen_v3_real_raise_94f8a67b46fa21ea_000002367.tiff.tiff,complete
cf_external_unseen_v3_real_raise_96d76182f7f7bf76,real_raise,data/CompEval-00376-of-00413.parquet,2,0,000005395.tiff,TIFF,LCM_lora_sdxl,,RAISE,test,0,LatDiff,test_external_unseen_v3_additions/real/cf_external_unseen_v3_real_raise_96d76182f7f7bf76_000005395.tiff.tiff,complete
cf_external_unseen_v3_real_raise_9949cf19c01a463c,real_raise,data/CompEval-00376-of-00413.parquet,2,2,000007637.tiff,TIFF,LCM_lora_sdxl,,RAISE,test,0,LatDiff,test_external_unseen_v3_additions/real/cf_external_unseen_v3_real_raise_9949cf19c01a463c_000007637.tiff.tiff,complete
cf_external_unseen_v3_real_raise_9b3dd3b1c7241ed7,real_raise,data/CompEval-00319-of-00413.parquet,4,0,000001275.tiff,TIFF,DeciDiffusionV2,,RAISE,test,0,LatDiff,test_external_unseen_v3_additions/real/cf_external_unseen_v3_real_raise_9b3dd3b1c7241ed7_000001275.tiff.tiff,complete
cf_external_unseen_v3_real_raise_9b5cc869708bb80d,real_raise,data/CompEval-00063-of-00413.parquet,2,15,000003287.tiff,TIFF,LCM_lora_sdxl,,RAISE,test,0,LatDiff,test_external_unseen_v3_additions/real/cf_external_unseen_v3_real_raise_9b5cc869708bb80d_000003287.tiff.tiff,complete
cf_external_unseen_v3_real_raise_9c29b09100c4456e,real_raise,data/CompEval-00319-of-00413.parquet,4,13,000004158.tiff,TIFF,DeciDiffusionV2,,RAISE,test,0,LatDiff,test_external_unseen_v3_additions/real/cf_external_unseen_v3_real_raise_9c29b09100c4456e_000004158.tiff.tiff,complete
cf_external_unseen_v3_real_raise_9ce2aa86b3a24f36,real_raise,data/CompEval-00164-of-00413.parquet,0,22,000007127.tiff,TIFF,kandinsky_2_2,,RAISE,test,0,LatDiff,test_external_unseen_v3_additions/real/cf_external_unseen_v3_real_raise_9ce2aa86b3a24f36_000007127.tiff.tiff,complete
cf_external_unseen_v3_real_raise_9e073674fa0c891f,real_raise,data/CompEval-00063-of-00413.parquet,2,20,000001683.tiff,TIFF,LCM_lora_sdxl,,RAISE,test,0,LatDiff,test_external_unseen_v3_additions/real/cf_external_unseen_v3_real_raise_9e073674fa0c891f_000001683.tiff.tiff,complete
cf_external_unseen_v3_real_raise_a0766855f5167502,real_raise,data/CompEval-00376-of-00413.parquet,2,1,000005475.tiff,TIFF,LCM_lora_sdxl,,RAISE,test,0,LatDiff,test_external_unseen_v3_additions/real/cf_external_unseen_v3_real_raise_a0766855f5167502_000005475.tiff.tiff,complete
cf_external_unseen_v3_real_raise_a0b81af163bf98d3,real_raise,data/CompEval-00376-of-00413.parquet,2,20,000003155.tiff,TIFF,LCM_lora_sdxl,,RAISE,test,0,LatDiff,test_external_unseen_v3_additions/real/cf_external_unseen_v3_real_raise_a0b81af163bf98d3_000003155.tiff.tiff,complete
cf_external_unseen_v3_real_raise_a1744c120b2e56eb,real_raise,data/CompEval-00254-of-00413.parquet,3,8,000005931.tiff,TIFF,stable_cascade,,RAISE,test,0,Other,test_external_unseen_v3_additions/real/cf_external_unseen_v3_real_raise_a1744c120b2e56eb_000005931.tiff.tiff,complete
cf_external_unseen_v3_real_raise_a17a65aefb18645b,real_raise,data/CompEval-00379-of-00413.parquet,2,24,000002797.tiff,TIFF,LCM_lora_sdxl,,RAISE,test,0,LatDiff,test_external_unseen_v3_additions/real/cf_external_unseen_v3_real_raise_a17a65aefb18645b_000002797.tiff.tiff,complete
cf_external_unseen_v3_real_raise_a1bbe1df5866bfe5,real_raise,data/CompEval-00219-of-00413.parquet,0,1,000005139.tiff,TIFF,kvikontent_midjourney_v6,,RAISE,test,0,LatDiff,test_external_unseen_v3_additions/real/cf_external_unseen_v3_real_raise_a1bbe1df5866bfe5_000005139.tiff.tiff,complete
cf_external_unseen_v3_real_raise_a2bc34966084cdf8,real_raise,data/CompEval-00219-of-00413.parquet,0,11,000000954.tiff,TIFF,kvikontent_midjourney_v6,,RAISE,test,0,LatDiff,test_external_unseen_v3_additions/real/cf_external_unseen_v3_real_raise_a2bc34966084cdf8_000000954.tiff.tiff,complete
cf_external_unseen_v3_real_raise_a330bb452abdd0c6,real_raise,data/CompEval-00379-of-00413.parquet,2,2,000002278.tiff,TIFF,LCM_lora_sdxl,,RAISE,test,0,LatDiff,test_external_unseen_v3_additions/real/cf_external_unseen_v3_real_raise_a330bb452abdd0c6_000002278.tiff.tiff,complete
cf_external_unseen_v3_real_raise_a38ce7ee678fca1a,real_raise,data/CompEval-00319-of-00413.parquet,4,9,000005695.tiff,TIFF,DeciDiffusionV2,,RAISE,test,0,LatDiff,test_external_unseen_v3_additions/real/cf_external_unseen_v3_real_raise_a38ce7ee678fca1a_000005695.tiff.tiff,complete
cf_external_unseen_v3_real_raise_a419f6137f01d45a,real_raise,data/CompEval-00164-of-00413.parquet,0,23,000005814.tiff,TIFF,kandinsky_2_2,,RAISE,test,0,LatDiff,test_external_unseen_v3_additions/real/cf_external_unseen_v3_real_raise_a419f6137f01d45a_000005814.tiff.tiff,complete
cf_external_unseen_v3_real_raise_a42482c3c0f4b4b2,real_raise,data/CompEval-00164-of-00413.parquet,0,1,000000158.tiff,TIFF,kandinsky_2_2,,RAISE,test,0,LatDiff,test_external_unseen_v3_additions/real/cf_external_unseen_v3_real_raise_a42482c3c0f4b4b2_000000158.tiff.tiff,complete
cf_external_unseen_v3_real_raise_a46a94d7cc7c288e,real_raise,data/CompEval-00254-of-00413.parquet,3,3,000000417.tiff,TIFF,stable_cascade,,RAISE,test,0,Other,test_external_unseen_v3_additions/real/cf_external_unseen_v3_real_raise_a46a94d7cc7c288e_000000417.tiff.tiff,complete
cf_external_unseen_v3_real_raise_a4faa289ec4697e0,real_raise,data/CompEval-00379-of-00413.parquet,2,14,000003598.tiff,TIFF,LCM_lora_sdxl,,RAISE,test,0,LatDiff,test_external_unseen_v3_additions/real/cf_external_unseen_v3_real_raise_a4faa289ec4697e0_000003598.tiff.tiff,complete
cf_external_unseen_v3_real_raise_a5b25ac3428fdb7e,real_raise,data/CompEval-00164-of-00413.parquet,0,17,000005533.tiff,TIFF,kandinsky_2_2,,RAISE,test,0,LatDiff,test_external_unseen_v3_additions/real/cf_external_unseen_v3_real_raise_a5b25ac3428fdb7e_000005533.tiff.tiff,complete
cf_external_unseen_v3_real_raise_a8055de9612a0b36,real_raise,data/CompEval-00376-of-00413.parquet,2,10,000005061.tiff,TIFF,LCM_lora_sdxl,,RAISE,test,0,LatDiff,test_external_unseen_v3_additions/real/cf_external_unseen_v3_real_raise_a8055de9612a0b36_000005061.tiff.tiff,complete
cf_external_unseen_v3_real_raise_a9148d60d18b51a4,real_raise,data/CompEval-00219-of-00413.parquet,0,3,000003922.tiff,TIFF,kvikontent_midjourney_v6,,RAISE,test,0,LatDiff,test_external_unseen_v3_additions/real/cf_external_unseen_v3_real_raise_a9148d60d18b51a4_000003922.tiff.tiff,complete
cf_external_unseen_v3_real_raise_aacda17ebbcd312d,real_raise,data/CompEval-00044-of-00413.parquet,3,5,000007610.tiff,TIFF,GALIP,,RAISE,test,0,GAN,test_external_unseen_v3_additions/real/cf_external_unseen_v3_real_raise_aacda17ebbcd312d_000007610.tiff.tiff,complete
cf_external_unseen_v3_real_raise_abbabad5a32895bd,real_raise,data/CompEval-00377-of-00413.parquet,1,20,000006491.tiff,TIFF,LCM_lora_sdxl,,RAISE,test,0,LatDiff,test_external_unseen_v3_additions/real/cf_external_unseen_v3_real_raise_abbabad5a32895bd_000006491.tiff.tiff,complete
cf_external_unseen_v3_real_raise_abd4bf65d3149b76,real_raise,data/CompEval-00164-of-00413.parquet,0,13,000006979.tiff,TIFF,kandinsky_2_2,,RAISE,test,0,LatDiff,test_external_unseen_v3_additions/real/cf_external_unseen_v3_real_raise_abd4bf65d3149b76_000006979.tiff.tiff,complete
cf_external_unseen_v3_real_raise_acea45d113626be7,real_raise,data/CompEval-00377-of-00413.parquet,1,11,000000118.tiff,TIFF,LCM_lora_sdxl,,RAISE,test,0,LatDiff,test_external_unseen_v3_additions/real/cf_external_unseen_v3_real_raise_acea45d113626be7_000000118.tiff.tiff,complete
cf_external_unseen_v3_real_raise_ad42a1fe83e4de2d,real_raise,data/CompEval-00164-of-00413.parquet,0,0,000005378.tiff,TIFF,kandinsky_2_2,,RAISE,test,0,LatDiff,test_external_unseen_v3_additions/real/cf_external_unseen_v3_real_raise_ad42a1fe83e4de2d_000005378.tiff.tiff,complete
cf_external_unseen_v3_real_raise_add9df3a4fa51658,real_raise,data/CompEval-00319-of-00413.parquet,4,10,000005076.tiff,TIFF,DeciDiffusionV2,,RAISE,test,0,LatDiff,test_external_unseen_v3_additions/real/cf_external_unseen_v3_real_raise_add9df3a4fa51658_000005076.tiff.tiff,complete
cf_external_unseen_v3_real_raise_b217787e75d10a96,real_raise,data/CompEval-00044-of-00413.parquet,3,11,000006345.tiff,TIFF,GALIP,,RAISE,test,0,GAN,test_external_unseen_v3_additions/real/cf_external_unseen_v3_real_raise_b217787e75d10a96_000006345.tiff.tiff,complete
cf_external_unseen_v3_real_raise_b21ecf03a54da2f8,real_raise,data/CompEval-00164-of-00413.parquet,0,8,000008128.tiff,TIFF,kandinsky_2_2,,RAISE,test,0,LatDiff,test_external_unseen_v3_additions/real/cf_external_unseen_v3_real_raise_b21ecf03a54da2f8_000008128.tiff.tiff,complete
cf_external_unseen_v3_real_raise_b48dd4a4aef2531f,real_raise,data/CompEval-00117-of-00413.parquet,4,9,000007185.tiff,TIFF,LCM_lora_sdv15,,RAISE,test,0,LatDiff,test_external_unseen_v3_additions/real/cf_external_unseen_v3_real_raise_b48dd4a4aef2531f_000007185.tiff.tiff,complete
cf_external_unseen_v3_real_raise_b4df15a3c49f72c4,real_raise,data/CompEval-00319-of-00413.parquet,4,22,000003931.tiff,TIFF,DeciDiffusionV2,,RAISE,test,0,LatDiff,test_external_unseen_v3_additions/real/cf_external_unseen_v3_real_raise_b4df15a3c49f72c4_000003931.tiff.tiff,complete
cf_external_unseen_v3_real_raise_b4efba1c155093c7,real_raise,data/CompEval-00379-of-00413.parquet,2,23,000005920.tiff,TIFF,LCM_lora_sdxl,,RAISE,test,0,LatDiff,test_external_unseen_v3_additions/real/cf_external_unseen_v3_real_raise_b4efba1c155093c7_000005920.tiff.tiff,complete
cf_external_unseen_v3_real_raise_b516b2f6e44c3916,real_raise,data/CompEval-00319-of-00413.parquet,4,21,000005347.tiff,TIFF,DeciDiffusionV2,,RAISE,test,0,LatDiff,test_external_unseen_v3_additions/real/cf_external_unseen_v3_real_raise_b516b2f6e44c3916_000005347.tiff.tiff,complete
cf_external_unseen_v3_real_raise_b5bf70a9be065850,real_raise,data/CompEval-00379-of-00413.parquet,2,17,000007437.tiff,TIFF,LCM_lora_sdxl,,RAISE,test,0,LatDiff,test_external_unseen_v3_additions/real/cf_external_unseen_v3_real_raise_b5bf70a9be065850_000007437.tiff.tiff,complete
cf_external_unseen_v3_real_raise_b5ec2346033a81b3,real_raise,data/CompEval-00377-of-00413.parquet,1,3,000008081.tiff,TIFF,LCM_lora_sdxl,,RAISE,test,0,LatDiff,test_external_unseen_v3_additions/real/cf_external_unseen_v3_real_raise_b5ec2346033a81b3_000008081.tiff.tiff,complete
cf_external_unseen_v3_real_raise_b80fc5151c79da88,real_raise,data/CompEval-00376-of-00413.parquet,2,13,000000440.tiff,TIFF,LCM_lora_sdxl,,RAISE,test,0,LatDiff,test_external_unseen_v3_additions/real/cf_external_unseen_v3_real_raise_b80fc5151c79da88_000000440.tiff.tiff,complete
cf_external_unseen_v3_real_raise_bb4efe991c9c7c13,real_raise,data/CompEval-00164-of-00413.parquet,0,24,000006973.tiff,TIFF,kandinsky_2_2,,RAISE,test,0,LatDiff,test_external_unseen_v3_additions/real/cf_external_unseen_v3_real_raise_bb4efe991c9c7c13_000006973.tiff.tiff,complete
cf_external_unseen_v3_real_raise_bd018fe2aa0d2c41,real_raise,data/CompEval-00164-of-00413.parquet,0,16,000003899.tiff,TIFF,kandinsky_2_2,,RAISE,test,0,LatDiff,test_external_unseen_v3_additions/real/cf_external_unseen_v3_real_raise_bd018fe2aa0d2c41_000003899.tiff.tiff,complete
cf_external_unseen_v3_real_raise_bd7eb2638f549c6c,real_raise,data/CompEval-00319-of-00413.parquet,4,16,000007832.tiff,TIFF,DeciDiffusionV2,,RAISE,test,0,LatDiff,test_external_unseen_v3_additions/real/cf_external_unseen_v3_real_raise_bd7eb2638f549c6c_000007832.tiff.tiff,complete
cf_external_unseen_v3_real_raise_be0e8cd0768c38db,real_raise,data/CompEval-00117-of-00413.parquet,4,18,000005907.tiff,TIFF,LCM_lora_sdv15,,RAISE,test,0,LatDiff,test_external_unseen_v3_additions/real/cf_external_unseen_v3_real_raise_be0e8cd0768c38db_000005907.tiff.tiff,complete
cf_external_unseen_v3_real_raise_c17ce430ec446669,real_raise,data/CompEval-00117-of-00413.parquet,4,3,000003927.tiff,TIFF,LCM_lora_sdv15,,RAISE,test,0,LatDiff,test_external_unseen_v3_additions/real/cf_external_unseen_v3_real_raise_c17ce430ec446669_000003927.tiff.tiff,complete
cf_external_unseen_v3_real_raise_c2085f416c5221ba,real_raise,data/CompEval-00117-of-00413.parquet,4,6,000002915.tiff,TIFF,LCM_lora_sdv15,,RAISE,test,0,LatDiff,test_external_unseen_v3_additions/real/cf_external_unseen_v3_real_raise_c2085f416c5221ba_000002915.tiff.tiff,complete
cf_external_unseen_v3_real_raise_c2a9251640cb10a1,real_raise,data/CompEval-00254-of-00413.parquet,3,12,000001681.tiff,TIFF,stable_cascade,,RAISE,test,0,Other,test_external_unseen_v3_additions/real/cf_external_unseen_v3_real_raise_c2a9251640cb10a1_000001681.tiff.tiff,complete
cf_external_unseen_v3_real_raise_c385a914d65119b0,real_raise,data/CompEval-00379-of-00413.parquet,2,0,000003904.tiff,TIFF,LCM_lora_sdxl,,RAISE,test,0,LatDiff,test_external_unseen_v3_additions/real/cf_external_unseen_v3_real_raise_c385a914d65119b0_000003904.tiff.tiff,complete
cf_external_unseen_v3_real_raise_c3bf91d1d7d319a7,real_raise,data/CompEval-00377-of-00413.parquet,1,21,000006295.tiff,TIFF,LCM_lora_sdxl,,RAISE,test,0,LatDiff,test_external_unseen_v3_additions/real/cf_external_unseen_v3_real_raise_c3bf91d1d7d319a7_000006295.tiff.tiff,complete
cf_external_unseen_v3_real_raise_c418ee41f1d4c99d,real_raise,data/CompEval-00379-of-00413.parquet,2,3,000001531.tiff,TIFF,LCM_lora_sdxl,,RAISE,test,0,LatDiff,test_external_unseen_v3_additions/real/cf_external_unseen_v3_real_raise_c418ee41f1d4c99d_000001531.tiff.tiff,complete
cf_external_unseen_v3_real_raise_c47ee528599e0acf,real_raise,data/CompEval-00254-of-00413.parquet,3,19,000001625.tiff,TIFF,stable_cascade,,RAISE,test,0,Other,test_external_unseen_v3_additions/real/cf_external_unseen_v3_real_raise_c47ee528599e0acf_000001625.tiff.tiff,complete
cf_external_unseen_v3_real_raise_c76d5446ac19eaa3,real_raise,data/CompEval-00254-of-00413.parquet,3,16,000005415.tiff,TIFF,stable_cascade,,RAISE,test,0,Other,test_external_unseen_v3_additions/real/cf_external_unseen_v3_real_raise_c76d5446ac19eaa3_000005415.tiff.tiff,complete
cf_external_unseen_v3_real_raise_c8487314bd98cbca,real_raise,data/CompEval-00117-of-00413.parquet,4,1,000006136.tiff,TIFF,LCM_lora_sdv15,,RAISE,test,0,LatDiff,test_external_unseen_v3_additions/real/cf_external_unseen_v3_real_raise_c8487314bd98cbca_000006136.tiff.tiff,complete
cf_external_unseen_v3_real_raise_c84ab7f4e8a0c8dc,real_raise,data/CompEval-00219-of-00413.parquet,0,23,000004823.tiff,TIFF,kvikontent_midjourney_v6,,RAISE,test,0,LatDiff,test_external_unseen_v3_additions/real/cf_external_unseen_v3_real_raise_c84ab7f4e8a0c8dc_000004823.tiff.tiff,complete
cf_external_unseen_v3_real_raise_c8bae671d786bd60,real_raise,data/CompEval-00377-of-00413.parquet,1,8,000004986.tiff,TIFF,LCM_lora_sdxl,,RAISE,test,0,LatDiff,test_external_unseen_v3_additions/real/cf_external_unseen_v3_real_raise_c8bae671d786bd60_000004986.tiff.tiff,complete
cf_external_unseen_v3_real_raise_ca11621b76ff84ba,real_raise,data/CompEval-00377-of-00413.parquet,1,18,000002049.tiff,TIFF,LCM_lora_sdxl,,RAISE,test,0,LatDiff,test_external_unseen_v3_additions/real/cf_external_unseen_v3_real_raise_ca11621b76ff84ba_000002049.tiff.tiff,complete
cf_external_unseen_v3_real_raise_cb31083ea9f3c9ab,real_raise,data/CompEval-00063-of-00413.parquet,2,16,000006475.tiff,TIFF,LCM_lora_sdxl,,RAISE,test,0,LatDiff,test_external_unseen_v3_additions/real/cf_external_unseen_v3_real_raise_cb31083ea9f3c9ab_000006475.tiff.tiff,complete
cf_external_unseen_v3_real_raise_cbe563a7440ecc64,real_raise,data/CompEval-00063-of-00413.parquet,2,10,000001941.tiff,TIFF,LCM_lora_sdxl,,RAISE,test,0,LatDiff,test_external_unseen_v3_additions/real/cf_external_unseen_v3_real_raise_cbe563a7440ecc64_000001941.tiff.tiff,complete
cf_external_unseen_v3_real_raise_cc430590e653af3c,real_raise,data/CompEval-00379-of-00413.parquet,2,10,000001589.tiff,TIFF,LCM_lora_sdxl,,RAISE,test,0,LatDiff,test_external_unseen_v3_additions/real/cf_external_unseen_v3_real_raise_cc430590e653af3c_000001589.tiff.tiff,complete
cf_external_unseen_v3_real_raise_cff3b3add1d164aa,real_raise,data/CompEval-00164-of-00413.parquet,0,20,000002154.tiff,TIFF,kandinsky_2_2,,RAISE,test,0,LatDiff,test_external_unseen_v3_additions/real/cf_external_unseen_v3_real_raise_cff3b3add1d164aa_000002154.tiff.tiff,complete
cf_external_unseen_v3_real_raise_d1089cb46f003c12,real_raise,data/CompEval-00379-of-00413.parquet,2,12,000004283.tiff,TIFF,LCM_lora_sdxl,,RAISE,test,0,LatDiff,test_external_unseen_v3_additions/real/cf_external_unseen_v3_real_raise_d1089cb46f003c12_000004283.tiff.tiff,complete
cf_external_unseen_v3_real_raise_d1445ee00e3a198d,real_raise,data/CompEval-00063-of-00413.parquet,2,8,000004809.tiff,TIFF,LCM_lora_sdxl,,RAISE,test,0,LatDiff,test_external_unseen_v3_additions/real/cf_external_unseen_v3_real_raise_d1445ee00e3a198d_000004809.tiff.tiff,complete
cf_external_unseen_v3_real_raise_d220540b3ddde6a6,real_raise,data/CompEval-00377-of-00413.parquet,1,17,000001085.tiff,TIFF,LCM_lora_sdxl,,RAISE,test,0,LatDiff,test_external_unseen_v3_additions/real/cf_external_unseen_v3_real_raise_d220540b3ddde6a6_000001085.tiff.tiff,complete
cf_external_unseen_v3_real_raise_d27704ffe1ec778f,real_raise,data/CompEval-00376-of-00413.parquet,2,6,000007590.tiff,TIFF,LCM_lora_sdxl,,RAISE,test,0,LatDiff,test_external_unseen_v3_additions/real/cf_external_unseen_v3_real_raise_d27704ffe1ec778f_000007590.tiff.tiff,complete
cf_external_unseen_v3_real_raise_d2e0e1b0e5788f2d,real_raise,data/CompEval-00164-of-00413.parquet,0,15,000000683.tiff,TIFF,kandinsky_2_2,,RAISE,test,0,LatDiff,test_external_unseen_v3_additions/real/cf_external_unseen_v3_real_raise_d2e0e1b0e5788f2d_000000683.tiff.tiff,complete
cf_external_unseen_v3_real_raise_d4a9bef0bacd1818,real_raise,data/CompEval-00063-of-00413.parquet,2,9,000001695.tiff,TIFF,LCM_lora_sdxl,,RAISE,test,0,LatDiff,test_external_unseen_v3_additions/real/cf_external_unseen_v3_real_raise_d4a9bef0bacd1818_000001695.tiff.tiff,complete
cf_external_unseen_v3_real_raise_d58bbfac714f5aed,real_raise,data/CompEval-00219-of-00413.parquet,0,0,000001867.tiff,TIFF,kvikontent_midjourney_v6,,RAISE,test,0,LatDiff,test_external_unseen_v3_additions/real/cf_external_unseen_v3_real_raise_d58bbfac714f5aed_000001867.tiff.tiff,complete
cf_external_unseen_v3_real_raise_d7f5d645b5a9e37e,real_raise,data/CompEval-00319-of-00413.parquet,4,6,000003802.tiff,TIFF,DeciDiffusionV2,,RAISE,test,0,LatDiff,test_external_unseen_v3_additions/real/cf_external_unseen_v3_real_raise_d7f5d645b5a9e37e_000003802.tiff.tiff,complete
cf_external_unseen_v3_real_raise_d928e1c0efba0856,real_raise,data/CompEval-00376-of-00413.parquet,2,16,000005264.tiff,TIFF,LCM_lora_sdxl,,RAISE,test,0,LatDiff,test_external_unseen_v3_additions/real/cf_external_unseen_v3_real_raise_d928e1c0efba0856_000005264.tiff.tiff,complete
cf_external_unseen_v3_real_raise_daf60c03667f35ec,real_raise,data/CompEval-00063-of-00413.parquet,2,12,000006873.tiff,TIFF,LCM_lora_sdxl,,RAISE,test,0,LatDiff,test_external_unseen_v3_additions/real/cf_external_unseen_v3_real_raise_daf60c03667f35ec_000006873.tiff.tiff,complete
cf_external_unseen_v3_real_raise_dd13abfd86dfc519,real_raise,data/CompEval-00376-of-00413.parquet,2,7,000001005.tiff,TIFF,LCM_lora_sdxl,,RAISE,test,0,LatDiff,test_external_unseen_v3_additions/real/cf_external_unseen_v3_real_raise_dd13abfd86dfc519_000001005.tiff.tiff,complete
cf_external_unseen_v3_real_raise_dd504919f5d01401,real_raise,data/CompEval-00379-of-00413.parquet,2,1,000002911.tiff,TIFF,LCM_lora_sdxl,,RAISE,test,0,LatDiff,test_external_unseen_v3_additions/real/cf_external_unseen_v3_real_raise_dd504919f5d01401_000002911.tiff.tiff,complete
cf_external_unseen_v3_real_raise_ddb810a5b50702a3,real_raise,data/CompEval-00376-of-00413.parquet,2,23,000001358.tiff,TIFF,LCM_lora_sdxl,,RAISE,test,0,LatDiff,test_external_unseen_v3_additions/real/cf_external_unseen_v3_real_raise_ddb810a5b50702a3_000001358.tiff.tiff,complete
cf_external_unseen_v3_real_raise_de2c2d43c2dfccc3,real_raise,data/CompEval-00063-of-00413.parquet,2,13,000004401.tiff,TIFF,LCM_lora_sdxl,,RAISE,test,0,LatDiff,test_external_unseen_v3_additions/real/cf_external_unseen_v3_real_raise_de2c2d43c2dfccc3_000004401.tiff.tiff,complete
cf_external_unseen_v3_real_raise_dfc03e0d512f8909,real_raise,data/CompEval-00044-of-00413.parquet,3,18,000000017.tiff,TIFF,GALIP,,RAISE,test,0,GAN,test_external_unseen_v3_additions/real/cf_external_unseen_v3_real_raise_dfc03e0d512f8909_000000017.tiff.tiff,complete
cf_external_unseen_v3_real_raise_dfc9e6ab04312abb,real_raise,data/CompEval-00063-of-00413.parquet,2,24,000007349.tiff,TIFF,LCM_lora_sdxl,,RAISE,test,0,LatDiff,test_external_unseen_v3_additions/real/cf_external_unseen_v3_real_raise_dfc9e6ab04312abb_000007349.tiff.tiff,complete
cf_external_unseen_v3_real_raise_e2146d1724bc799b,real_raise,data/CompEval-00063-of-00413.parquet,2,11,000005073.tiff,TIFF,LCM_lora_sdxl,,RAISE,test,0,LatDiff,test_external_unseen_v3_additions/real/cf_external_unseen_v3_real_raise_e2146d1724bc799b_000005073.tiff.tiff,complete
cf_external_unseen_v3_real_raise_e225a3ee46ded21d,real_raise,data/CompEval-00044-of-00413.parquet,3,24,000001075.tiff,TIFF,GALIP,,RAISE,test,0,GAN,test_external_unseen_v3_additions/real/cf_external_unseen_v3_real_raise_e225a3ee46ded21d_000001075.tiff.tiff,complete
cf_external_unseen_v3_real_raise_e2b51ff2cdda705b,real_raise,data/CompEval-00379-of-00413.parquet,2,20,000005947.tiff,TIFF,LCM_lora_sdxl,,RAISE,test,0,LatDiff,test_external_unseen_v3_additions/real/cf_external_unseen_v3_real_raise_e2b51ff2cdda705b_000005947.tiff.tiff,complete
cf_external_unseen_v3_real_raise_e45a803f60b8a675,real_raise,data/CompEval-00319-of-00413.parquet,4,19,000000501.tiff,TIFF,DeciDiffusionV2,,RAISE,test,0,LatDiff,test_external_unseen_v3_additions/real/cf_external_unseen_v3_real_raise_e45a803f60b8a675_000000501.tiff.tiff,complete
cf_external_unseen_v3_real_raise_e4e129bda9f8feb1,real_raise,data/CompEval-00164-of-00413.parquet,0,14,000006378.tiff,TIFF,kandinsky_2_2,,RAISE,test,0,LatDiff,test_external_unseen_v3_additions/real/cf_external_unseen_v3_real_raise_e4e129bda9f8feb1_000006378.tiff.tiff,complete
cf_external_unseen_v3_real_raise_e5395aab6f7506bd,real_raise,data/CompEval-00044-of-00413.parquet,3,8,000003434.tiff,TIFF,GALIP,,RAISE,test,0,GAN,test_external_unseen_v3_additions/real/cf_external_unseen_v3_real_raise_e5395aab6f7506bd_000003434.tiff.tiff,complete
cf_external_unseen_v3_real_raise_e5663379aa39157a,real_raise,data/CompEval-00376-of-00413.parquet,2,19,000004607.tiff,TIFF,LCM_lora_sdxl,,RAISE,test,0,LatDiff,test_external_unseen_v3_additions/real/cf_external_unseen_v3_real_raise_e5663379aa39157a_000004607.tiff.tiff,complete
cf_external_unseen_v3_real_raise_e57d13dfc9206dcc,real_raise,data/CompEval-00164-of-00413.parquet,0,21,000005959.tiff,TIFF,kandinsky_2_2,,RAISE,test,0,LatDiff,test_external_unseen_v3_additions/real/cf_external_unseen_v3_real_raise_e57d13dfc9206dcc_000005959.tiff.tiff,complete
cf_external_unseen_v3_real_raise_e597bdf53cb437e8,real_raise,data/CompEval-00254-of-00413.parquet,3,15,000002371.tiff,TIFF,stable_cascade,,RAISE,test,0,Other,test_external_unseen_v3_additions/real/cf_external_unseen_v3_real_raise_e597bdf53cb437e8_000002371.tiff.tiff,complete
cf_external_unseen_v3_real_raise_e5dd22cd03cd7c6f,real_raise,data/CompEval-00254-of-00413.parquet,3,6,000000168.tiff,TIFF,stable_cascade,,RAISE,test,0,Other,test_external_unseen_v3_additions/real/cf_external_unseen_v3_real_raise_e5dd22cd03cd7c6f_000000168.tiff.tiff,complete
cf_external_unseen_v3_real_raise_e69ba49388d2a187,real_raise,data/CompEval-00379-of-00413.parquet,2,8,000002123.tiff,TIFF,LCM_lora_sdxl,,RAISE,test,0,LatDiff,test_external_unseen_v3_additions/real/cf_external_unseen_v3_real_raise_e69ba49388d2a187_000002123.tiff.tiff,complete
cf_external_unseen_v3_real_raise_e73ecf6a09782bb6,real_raise,data/CompEval-00164-of-00413.parquet,0,5,000001541.tiff,TIFF,kandinsky_2_2,,RAISE,test,0,LatDiff,test_external_unseen_v3_additions/real/cf_external_unseen_v3_real_raise_e73ecf6a09782bb6_000001541.tiff.tiff,complete
cf_external_unseen_v3_real_raise_e77e6c2e37d0df77,real_raise,data/CompEval-00117-of-00413.parquet,4,14,000001116.tiff,TIFF,LCM_lora_sdv15,,RAISE,test,0,LatDiff,test_external_unseen_v3_additions/real/cf_external_unseen_v3_real_raise_e77e6c2e37d0df77_000001116.tiff.tiff,complete
cf_external_unseen_v3_real_raise_e845ee96915b5dd8,real_raise,data/CompEval-00044-of-00413.parquet,3,6,000000513.tiff,TIFF,GALIP,,RAISE,test,0,GAN,test_external_unseen_v3_additions/real/cf_external_unseen_v3_real_raise_e845ee96915b5dd8_000000513.tiff.tiff,complete
cf_external_unseen_v3_real_raise_e902ec880009a917,real_raise,data/CompEval-00219-of-00413.parquet,0,5,000002621.tiff,TIFF,kvikontent_midjourney_v6,,RAISE,test,0,LatDiff,test_external_unseen_v3_additions/real/cf_external_unseen_v3_real_raise_e902ec880009a917_000002621.tiff.tiff,complete
cf_external_unseen_v3_real_raise_ea124878490f275b,real_raise,data/CompEval-00219-of-00413.parquet,0,21,000005156.tiff,TIFF,kvikontent_midjourney_v6,,RAISE,test,0,LatDiff,test_external_unseen_v3_additions/real/cf_external_unseen_v3_real_raise_ea124878490f275b_000005156.tiff.tiff,complete
cf_external_unseen_v3_real_raise_ec4f85a89df76077,real_raise,data/CompEval-00044-of-00413.parquet,3,14,000007659.tiff,TIFF,GALIP,,RAISE,test,0,GAN,test_external_unseen_v3_additions/real/cf_external_unseen_v3_real_raise_ec4f85a89df76077_000007659.tiff.tiff,complete
cf_external_unseen_v3_real_raise_ec8c66f4363c62ba,real_raise,data/CompEval-00219-of-00413.parquet,0,6,000000324.tiff,TIFF,kvikontent_midjourney_v6,,RAISE,test,0,LatDiff,test_external_unseen_v3_additions/real/cf_external_unseen_v3_real_raise_ec8c66f4363c62ba_000000324.tiff.tiff,complete
cf_external_unseen_v3_real_raise_ed990b7604cbd1db,real_raise,data/CompEval-00379-of-00413.parquet,2,6,000007644.tiff,TIFF,LCM_lora_sdxl,,RAISE,test,0,LatDiff,test_external_unseen_v3_additions/real/cf_external_unseen_v3_real_raise_ed990b7604cbd1db_000007644.tiff.tiff,complete
cf_external_unseen_v3_real_raise_edb34d6024f2879b,real_raise,data/CompEval-00379-of-00413.parquet,2,22,000004000.tiff,TIFF,LCM_lora_sdxl,,RAISE,test,0,LatDiff,test_external_unseen_v3_additions/real/cf_external_unseen_v3_real_raise_edb34d6024f2879b_000004000.tiff.tiff,complete
cf_external_unseen_v3_real_raise_eeddda3240629f82,real_raise,data/CompEval-00063-of-00413.parquet,2,4,000006776.tiff,TIFF,LCM_lora_sdxl,,RAISE,test,0,LatDiff,test_external_unseen_v3_additions/real/cf_external_unseen_v3_real_raise_eeddda3240629f82_000006776.tiff.tiff,complete
cf_external_unseen_v3_real_raise_efa7980a08963fc8,real_raise,data/CompEval-00117-of-00413.parquet,4,5,000007619.tiff,TIFF,LCM_lora_sdv15,,RAISE,test,0,LatDiff,test_external_unseen_v3_additions/real/cf_external_unseen_v3_real_raise_efa7980a08963fc8_000007619.tiff.tiff,complete
cf_external_unseen_v3_real_raise_efdb79bd9022ef5b,real_raise,data/CompEval-00254-of-00413.parquet,3,9,000003857.tiff,TIFF,stable_cascade,,RAISE,test,0,Other,test_external_unseen_v3_additions/real/cf_external_unseen_v3_real_raise_efdb79bd9022ef5b_000003857.tiff.tiff,complete
cf_external_unseen_v3_real_raise_f04a6b7a43724d7a,real_raise,data/CompEval-00044-of-00413.parquet,3,9,000007497.tiff,TIFF,GALIP,,RAISE,test,0,GAN,test_external_unseen_v3_additions/real/cf_external_unseen_v3_real_raise_f04a6b7a43724d7a_000007497.tiff.tiff,complete
cf_external_unseen_v3_real_raise_f0c744a9d914144c,real_raise,data/CompEval-00117-of-00413.parquet,4,4,000003215.tiff,TIFF,LCM_lora_sdv15,,RAISE,test,0,LatDiff,test_external_unseen_v3_additions/real/cf_external_unseen_v3_real_raise_f0c744a9d914144c_000003215.tiff.tiff,complete
cf_external_unseen_v3_real_raise_f10b7a8e4ca99b1c,real_raise,data/CompEval-00164-of-00413.parquet,0,4,000003591.tiff,TIFF,kandinsky_2_2,,RAISE,test,0,LatDiff,test_external_unseen_v3_additions/real/cf_external_unseen_v3_real_raise_f10b7a8e4ca99b1c_000003591.tiff.tiff,complete
cf_external_unseen_v3_real_raise_f1575197f82f00f1,real_raise,data/CompEval-00044-of-00413.parquet,3,7,000000486.tiff,TIFF,GALIP,,RAISE,test,0,GAN,test_external_unseen_v3_additions/real/cf_external_unseen_v3_real_raise_f1575197f82f00f1_000000486.tiff.tiff,complete
cf_external_unseen_v3_real_raise_f1fdf33337fa86a5,real_raise,data/CompEval-00377-of-00413.parquet,1,15,000005506.tiff,TIFF,LCM_lora_sdxl,,RAISE,test,0,LatDiff,test_external_unseen_v3_additions/real/cf_external_unseen_v3_real_raise_f1fdf33337fa86a5_000005506.tiff.tiff,complete
cf_external_unseen_v3_real_raise_f3878da038fe38ac,real_raise,data/CompEval-00254-of-00413.parquet,3,1,000001190.tiff,TIFF,stable_cascade,,RAISE,test,0,Other,test_external_unseen_v3_additions/real/cf_external_unseen_v3_real_raise_f3878da038fe38ac_000001190.tiff.tiff,complete
cf_external_unseen_v3_real_raise_f3a0887f64f777eb,real_raise,data/CompEval-00164-of-00413.parquet,0,10,000002414.tiff,TIFF,kandinsky_2_2,,RAISE,test,0,LatDiff,test_external_unseen_v3_additions/real/cf_external_unseen_v3_real_raise_f3a0887f64f777eb_000002414.tiff.tiff,complete
cf_external_unseen_v3_real_raise_f3a9dab749a8e4cd,real_raise,data/CompEval-00376-of-00413.parquet,2,22,000002724.tiff,TIFF,LCM_lora_sdxl,,RAISE,test,0,LatDiff,test_external_unseen_v3_additions/real/cf_external_unseen_v3_real_raise_f3a9dab749a8e4cd_000002724.tiff.tiff,complete
cf_external_unseen_v3_real_raise_f3ec8934653f8d6c,real_raise,data/CompEval-00117-of-00413.parquet,4,7,000000880.tiff,TIFF,LCM_lora_sdv15,,RAISE,test,0,LatDiff,test_external_unseen_v3_additions/real/cf_external_unseen_v3_real_raise_f3ec8934653f8d6c_000000880.tiff.tiff,complete
cf_external_unseen_v3_real_raise_f4b9ea5b0d3f6bd4,real_raise,data/CompEval-00117-of-00413.parquet,4,15,000007650.tiff,TIFF,LCM_lora_sdv15,,RAISE,test,0,LatDiff,test_external_unseen_v3_additions/real/cf_external_unseen_v3_real_raise_f4b9ea5b0d3f6bd4_000007650.tiff.tiff,complete
cf_external_unseen_v3_real_raise_f4c8838c520d094b,real_raise,data/CompEval-00063-of-00413.parquet,2,18,000006418.tiff,TIFF,LCM_lora_sdxl,,RAISE,test,0,LatDiff,test_external_unseen_v3_additions/real/cf_external_unseen_v3_real_raise_f4c8838c520d094b_000006418.tiff.tiff,complete
cf_external_unseen_v3_real_raise_f5e45cfca97bb99a,real_raise,data/CompEval-00117-of-00413.parquet,4,8,000007274.tiff,TIFF,LCM_lora_sdv15,,RAISE,test,0,LatDiff,test_external_unseen_v3_additions/real/cf_external_unseen_v3_real_raise_f5e45cfca97bb99a_000007274.tiff.tiff,complete
cf_external_unseen_v3_real_raise_f5f98934341daec4,real_raise,data/CompEval-00044-of-00413.parquet,3,2,000005298.tiff,TIFF,GALIP,,RAISE,test,0,GAN,test_external_unseen_v3_additions/real/cf_external_unseen_v3_real_raise_f5f98934341daec4_000005298.tiff.tiff,complete
cf_external_unseen_v3_real_raise_f67358b293fa8782,real_raise,data/CompEval-00379-of-00413.parquet,2,9,000004080.tiff,TIFF,LCM_lora_sdxl,,RAISE,test,0,LatDiff,test_external_unseen_v3_additions/real/cf_external_unseen_v3_real_raise_f67358b293fa8782_000004080.tiff.tiff,complete
cf_external_unseen_v3_real_raise_f6e7c1603b6d9ebc,real_raise,data/CompEval-00117-of-00413.parquet,4,20,000003132.tiff,TIFF,LCM_lora_sdv15,,RAISE,test,0,LatDiff,test_external_unseen_v3_additions/real/cf_external_unseen_v3_real_raise_f6e7c1603b6d9ebc_000003132.tiff.tiff,complete
cf_external_unseen_v3_real_raise_f6f5cc4e42ba47ad,real_raise,data/CompEval-00376-of-00413.parquet,2,12,000002416.tiff,TIFF,LCM_lora_sdxl,,RAISE,test,0,LatDiff,test_external_unseen_v3_additions/real/cf_external_unseen_v3_real_raise_f6f5cc4e42ba47ad_000002416.tiff.tiff,complete
cf_external_unseen_v3_real_raise_f7d317fbfb055ecf,real_raise,data/CompEval-00164-of-00413.parquet,0,18,000007792.tiff,TIFF,kandinsky_2_2,,RAISE,test,0,LatDiff,test_external_unseen_v3_additions/real/cf_external_unseen_v3_real_raise_f7d317fbfb055ecf_000007792.tiff.tiff,complete
cf_external_unseen_v3_real_raise_f8dacd6836e6e3fd,real_raise,data/CompEval-00254-of-00413.parquet,3,24,000000456.tiff,TIFF,stable_cascade,,RAISE,test,0,Other,test_external_unseen_v3_additions/real/cf_external_unseen_v3_real_raise_f8dacd6836e6e3fd_000000456.tiff.tiff,complete
cf_external_unseen_v3_real_raise_faabd6ef1a9b374f,real_raise,data/CompEval-00319-of-00413.parquet,4,18,000005017.tiff,TIFF,DeciDiffusionV2,,RAISE,test,0,LatDiff,test_external_unseen_v3_additions/real/cf_external_unseen_v3_real_raise_faabd6ef1a9b374f_000005017.tiff.tiff,complete
cf_external_unseen_v3_real_raise_fc41bc4eaf702800,real_raise,data/CompEval-00164-of-00413.parquet,0,3,000003719.tiff,TIFF,kandinsky_2_2,,RAISE,test,0,LatDiff,test_external_unseen_v3_additions/real/cf_external_unseen_v3_real_raise_fc41bc4eaf702800_000003719.tiff.tiff,complete
cf_external_unseen_v3_real_raise_fc9d09e658af6dbe,real_raise,data/CompEval-00379-of-00413.parquet,2,11,000005850.tiff,TIFF,LCM_lora_sdxl,,RAISE,test,0,LatDiff,test_external_unseen_v3_additions/real/cf_external_unseen_v3_real_raise_fc9d09e658af6dbe_000005850.tiff.tiff,complete
cf_external_unseen_v3_real_raise_fcaecc7b092cad94,real_raise,data/CompEval-00117-of-00413.parquet,4,21,000003281.tiff,TIFF,LCM_lora_sdv15,,RAISE,test,0,LatDiff,test_external_unseen_v3_additions/real/cf_external_unseen_v3_real_raise_fcaecc7b092cad94_000003281.tiff.tiff,complete
cf_external_unseen_v3_real_raise_fcce0457a8748f64,real_raise,data/CompEval-00379-of-00413.parquet,2,4,000005341.tiff,TIFF,LCM_lora_sdxl,,RAISE,test,0,LatDiff,test_external_unseen_v3_additions/real/cf_external_unseen_v3_real_raise_fcce0457a8748f64_000005341.tiff.tiff,complete
cf_external_unseen_v3_real_raise_fcdc436d096a1b1a,real_raise,data/CompEval-00376-of-00413.parquet,2,21,000005261.tiff,TIFF,LCM_lora_sdxl,,RAISE,test,0,LatDiff,test_external_unseen_v3_additions/real/cf_external_unseen_v3_real_raise_fcdc436d096a1b1a_000005261.tiff.tiff,complete
cf_external_unseen_v3_real_raise_fd125752204140ac,real_raise,data/CompEval-00254-of-00413.parquet,3,20,000005322.tiff,TIFF,stable_cascade,,RAISE,test,0,Other,test_external_unseen_v3_additions/real/cf_external_unseen_v3_real_raise_fd125752204140ac_000005322.tiff.tiff,complete
cf_external_unseen_v3_real_raise_fd7e981411192d37,real_raise,data/CompEval-00117-of-00413.parquet,4,17,000000226.tiff,TIFF,LCM_lora_sdv15,,RAISE,test,0,LatDiff,test_external_unseen_v3_additions/real/cf_external_unseen_v3_real_raise_fd7e981411192d37_000000226.tiff.tiff,complete
cf_external_unseen_v3_real_raise_fd893367692bfc94,real_raise,data/CompEval-00165-of-00413.parquet,0,16,000000336.tiff,TIFF,kandinsky_2_2,,RAISE,test,0,LatDiff,test_external_unseen_v3_additions/real/cf_external_unseen_v3_real_raise_fd893367692bfc94_000000336.tiff.tiff,complete
